,set1,set2,set3,set4,set5,set6,set7,set8,set9,set10,set11,set12,set13
set1,"chromosome, centromeric region (GO:0000775, 1.02E-05)
mitotic spindle (GO:0072686, 3.81E-04)
condensed chromosome (GO:0000793, 5.26E-04)
nuclear chromosome (GO:0000228, 1.41E-03)
cohesin complex (GO:0008278, 1.52E-03)
spindle pole (GO:0000922, 4.85E-03)
serine/threonine protein kinase complex (GO:1902554, 5.74E-03)
phagophore assembly site (GO:0000407, 7.63E-03)","chromosome, centromeric region (GO:0000775, 3.94E-06)
mitotic spindle (GO:0072686, 1.81E-04)
nuclear chromosome (GO:0000228, 7.89E-04)
condensed chromosome (GO:0000793, 8.73E-04)
cohesin complex (GO:0008278, 1.09E-03)
spindle pole (GO:0000922, 2.64E-03)
phagophore assembly site (GO:0000407, 5.27E-03)","mitotic spindle (GO:0072686, 1.08E-04)
chromosome, centromeric region (GO:0000775, 3.20E-04)
nuclear chromosome (GO:0000228, 5.25E-04)
cohesin complex (GO:0008278, 1.07E-03)
serine/threonine protein kinase complex (GO:1902554, 2.36E-03)
phagophore assembly site (GO:0000407, 4.07E-03)
protein kinase complex (GO:1902911, 4.71E-03)
condensed chromosome (GO:0000793, 7.46E-03)
spindle pole (GO:0000922, 8.11E-03)","mitotic spindle (GO:0072686, 1.10E-04)
chromosome, centromeric region (GO:0000775, 3.01E-04)
nuclear chromosome (GO:0000228, 4.79E-04)
cohesin complex (GO:0008278, 1.05E-03)
serine/threonine protein kinase complex (GO:1902554, 2.34E-03)
phagophore assembly site (GO:0000407, 4.22E-03)
protein kinase complex (GO:1902911, 4.76E-03)
condensed chromosome (GO:0000793, 6.94E-03)
spindle pole (GO:0000922, 7.61E-03)","chromosome, centromeric region (GO:0000775, 4.19E-05)
condensed chromosome (GO:0000793, 4.54E-04)
mitotic spindle (GO:0072686, 1.45E-03)
cohesin complex (GO:0008278, 1.52E-03)
spindle pole (GO:0000922, 4.45E-03)
nuclear chromosome (GO:0000228, 4.86E-03)
serine/threonine protein kinase complex (GO:1902554, 5.21E-03)
phagophore assembly site (GO:0000407, 7.35E-03)","nuclear chromosome (GO:0000228, 8.98E-04)
mitotic spindle (GO:0072686, 1.13E-03)
serine/threonine protein kinase complex (GO:1902554, 1.16E-03)
protein kinase complex (GO:1902911, 2.59E-03)
phagophore assembly site (GO:0000407, 2.85E-03)
chromosome, centromeric region (GO:0000775, 7.51E-03)
intraciliary transport particle (GO:0030990, 8.30E-03)","chromosome, centromeric region (GO:0000775, 8.98E-06)
mitotic spindle (GO:0072686, 3.67E-04)
condensed chromosome (GO:0000793, 5.02E-04)
nuclear chromosome (GO:0000228, 1.39E-03)
cohesin complex (GO:0008278, 1.50E-03)
spindle pole (GO:0000922, 4.71E-03)
serine/threonine protein kinase complex (GO:1902554, 5.59E-03)
phagophore assembly site (GO:0000407, 7.50E-03)","mitotic spindle (GO:0072686, 1.10E-04)
chromosome, centromeric region (GO:0000775, 3.01E-04)
nuclear chromosome (GO:0000228, 4.79E-04)
cohesin complex (GO:0008278, 1.05E-03)
serine/threonine protein kinase complex (GO:1902554, 2.34E-03)
phagophore assembly site (GO:0000407, 4.22E-03)
protein kinase complex (GO:1902911, 4.76E-03)
condensed chromosome (GO:0000793, 6.94E-03)
spindle pole (GO:0000922, 7.61E-03)","chromosome, centromeric region (GO:0000775, 8.46E-06)
mitotic spindle (GO:0072686, 3.52E-04)
condensed chromosome (GO:0000793, 5.02E-04)
nuclear chromosome (GO:0000228, 1.33E-03)
cohesin complex (GO:0008278, 1.48E-03)
spindle pole (GO:0000922, 4.56E-03)
serine/threonine protein kinase complex (GO:1902554, 5.44E-03)
phagophore assembly site (GO:0000407, 7.37E-03)","chromosome, centromeric region (GO:0000775, 1.36E-04)
nuclear chromosome (GO:0000228, 1.00E-03)
condensed chromosome (GO:0000793, 1.11E-03)
cohesin complex (GO:0008278, 1.28E-03)
spindle pole (GO:0000922, 2.87E-03)
mitotic spindle (GO:0072686, 3.77E-03)","chromosome, centromeric region (GO:0000775, 6.75E-06)
mitotic spindle (GO:0072686, 2.86E-04)
condensed chromosome (GO:0000793, 3.58E-04)
nuclear chromosome (GO:0000228, 1.11E-03)
cohesin complex (GO:0008278, 1.43E-03)
spindle pole (GO:0000922, 3.72E-03)
phagophore assembly site (GO:0000407, 6.70E-03)","intraciliary transport particle (GO:0030990, 4.05E-03)","chromosome, centromeric region (GO:0000775, 8.98E-06)
mitotic spindle (GO:0072686, 3.67E-04)
condensed chromosome (GO:0000793, 5.02E-04)
nuclear chromosome (GO:0000228, 1.39E-03)
cohesin complex (GO:0008278, 1.50E-03)
spindle pole (GO:0000922, 4.71E-03)
serine/threonine protein kinase complex (GO:1902554, 5.59E-03)
phagophore assembly site (GO:0000407, 7.50E-03)"
set2,"chromosome, centromeric region (GO:0000775, 1.02E-05)
mitotic spindle (GO:0072686, 3.81E-04)
condensed chromosome (GO:0000793, 5.26E-04)
nuclear chromosome (GO:0000228, 1.41E-03)
cohesin complex (GO:0008278, 1.52E-03)
spindle pole (GO:0000922, 4.85E-03)
serine/threonine protein kinase complex (GO:1902554, 5.74E-03)
phagophore assembly site (GO:0000407, 7.63E-03)","chromosome, centromeric region (GO:0000775, 3.94E-06)
mitotic spindle (GO:0072686, 1.81E-04)
nuclear chromosome (GO:0000228, 7.89E-04)
condensed chromosome (GO:0000793, 8.73E-04)
cohesin complex (GO:0008278, 1.09E-03)
spindle pole (GO:0000922, 2.64E-03)
phagophore assembly site (GO:0000407, 5.27E-03)","mitotic spindle (GO:0072686, 1.08E-04)
chromosome, centromeric region (GO:0000775, 3.20E-04)
nuclear chromosome (GO:0000228, 5.25E-04)
cohesin complex (GO:0008278, 1.07E-03)
serine/threonine protein kinase complex (GO:1902554, 2.36E-03)
phagophore assembly site (GO:0000407, 4.07E-03)
protein kinase complex (GO:1902911, 4.71E-03)
condensed chromosome (GO:0000793, 7.46E-03)
spindle pole (GO:0000922, 8.11E-03)","mitotic spindle (GO:0072686, 1.10E-04)
chromosome, centromeric region (GO:0000775, 3.01E-04)
nuclear chromosome (GO:0000228, 4.79E-04)
cohesin complex (GO:0008278, 1.05E-03)
serine/threonine protein kinase complex (GO:1902554, 2.34E-03)
phagophore assembly site (GO:0000407, 4.22E-03)
protein kinase complex (GO:1902911, 4.76E-03)
condensed chromosome (GO:0000793, 6.94E-03)
spindle pole (GO:0000922, 7.61E-03)","chromosome, centromeric region (GO:0000775, 4.19E-05)
condensed chromosome (GO:0000793, 4.54E-04)
mitotic spindle (GO:0072686, 1.45E-03)
cohesin complex (GO:0008278, 1.52E-03)
spindle pole (GO:0000922, 4.45E-03)
nuclear chromosome (GO:0000228, 4.86E-03)
serine/threonine protein kinase complex (GO:1902554, 5.21E-03)
phagophore assembly site (GO:0000407, 7.35E-03)","nuclear chromosome (GO:0000228, 8.98E-04)
mitotic spindle (GO:0072686, 1.13E-03)
serine/threonine protein kinase complex (GO:1902554, 1.16E-03)
protein kinase complex (GO:1902911, 2.59E-03)
phagophore assembly site (GO:0000407, 2.85E-03)
chromosome, centromeric region (GO:0000775, 7.51E-03)
intraciliary transport particle (GO:0030990, 8.30E-03)","chromosome, centromeric region (GO:0000775, 8.98E-06)
mitotic spindle (GO:0072686, 3.67E-04)
condensed chromosome (GO:0000793, 5.02E-04)
nuclear chromosome (GO:0000228, 1.39E-03)
cohesin complex (GO:0008278, 1.50E-03)
spindle pole (GO:0000922, 4.71E-03)
serine/threonine protein kinase complex (GO:1902554, 5.59E-03)
phagophore assembly site (GO:0000407, 7.50E-03)","mitotic spindle (GO:0072686, 1.10E-04)
chromosome, centromeric region (GO:0000775, 3.01E-04)
nuclear chromosome (GO:0000228, 4.79E-04)
cohesin complex (GO:0008278, 1.05E-03)
serine/threonine protein kinase complex (GO:1902554, 2.34E-03)
phagophore assembly site (GO:0000407, 4.22E-03)
protein kinase complex (GO:1902911, 4.76E-03)
condensed chromosome (GO:0000793, 6.94E-03)
spindle pole (GO:0000922, 7.61E-03)","chromosome, centromeric region (GO:0000775, 8.46E-06)
mitotic spindle (GO:0072686, 3.52E-04)
condensed chromosome (GO:0000793, 5.02E-04)
nuclear chromosome (GO:0000228, 1.33E-03)
cohesin complex (GO:0008278, 1.48E-03)
spindle pole (GO:0000922, 4.56E-03)
serine/threonine protein kinase complex (GO:1902554, 5.44E-03)
phagophore assembly site (GO:0000407, 7.37E-03)","chromosome, centromeric region (GO:0000775, 1.36E-04)
nuclear chromosome (GO:0000228, 1.00E-03)
condensed chromosome (GO:0000793, 1.11E-03)
cohesin complex (GO:0008278, 1.28E-03)
spindle pole (GO:0000922, 2.87E-03)
mitotic spindle (GO:0072686, 3.77E-03)","chromosome, centromeric region (GO:0000775, 6.75E-06)
mitotic spindle (GO:0072686, 2.86E-04)
condensed chromosome (GO:0000793, 3.58E-04)
nuclear chromosome (GO:0000228, 1.11E-03)
cohesin complex (GO:0008278, 1.43E-03)
spindle pole (GO:0000922, 3.72E-03)
phagophore assembly site (GO:0000407, 6.70E-03)","intraciliary transport particle (GO:0030990, 4.05E-03)","chromosome, centromeric region (GO:0000775, 8.98E-06)
mitotic spindle (GO:0072686, 3.67E-04)
condensed chromosome (GO:0000793, 5.02E-04)
nuclear chromosome (GO:0000228, 1.39E-03)
cohesin complex (GO:0008278, 1.50E-03)
spindle pole (GO:0000922, 4.71E-03)
serine/threonine protein kinase complex (GO:1902554, 5.59E-03)
phagophore assembly site (GO:0000407, 7.50E-03)"
set3,"chromosomal region (GO:0098687, 9.21E-07)
chromosome, centromeric region (GO:0000775, 1.02E-05)
mitotic spindle (GO:0072686, 3.81E-04)
condensed chromosome (GO:0000793, 5.26E-04)
nuclear chromosome (GO:0000228, 1.41E-03)
Rpd3L-Expanded complex (GO:0070210, 1.41E-03)
Set3 complex (GO:0034967, 1.41E-03)
cohesin complex (GO:0008278, 1.52E-03)
spindle pole (GO:0000922, 4.85E-03)
serine/threonine protein kinase complex (GO:1902554, 5.74E-03)
phagophore assembly site (GO:0000407, 7.63E-03)","chromosomal region (GO:0098687, 1.44E-06)
chromosome, centromeric region (GO:0000775, 3.94E-06)
mitotic spindle (GO:0072686, 1.81E-04)
nuclear chromosome (GO:0000228, 7.89E-04)
condensed chromosome (GO:0000793, 8.73E-04)
Rpd3L-Expanded complex (GO:0070210, 1.09E-03)
Set3 complex (GO:0034967, 1.09E-03)
cohesin complex (GO:0008278, 1.09E-03)
spindle pole (GO:0000922, 2.64E-03)
phagophore assembly site (GO:0000407, 5.27E-03)
histone deacetylase complex (GO:0000118, 8.46E-03)","chromosomal region (GO:0098687, 5.95E-05)
mitotic spindle (GO:0072686, 1.08E-04)
chromosome, centromeric region (GO:0000775, 3.20E-04)
nuclear chromosome (GO:0000228, 5.25E-04)
Rpd3L-Expanded complex (GO:0070210, 1.07E-03)
cohesin complex (GO:0008278, 1.07E-03)
Set3 complex (GO:0034967, 1.07E-03)
serine/threonine protein kinase complex (GO:1902554, 2.36E-03)
phagophore assembly site (GO:0000407, 4.07E-03)
protein kinase complex (GO:1902911, 4.71E-03)
histone deacetylase complex (GO:0000118, 6.07E-03)
condensed chromosome (GO:0000793, 7.46E-03)
spindle pole (GO:0000922, 8.11E-03)","chromosomal region (GO:0098687, 5.20E-05)
mitotic spindle (GO:0072686, 1.10E-04)
chromosome, centromeric region (GO:0000775, 3.01E-04)
nuclear chromosome (GO:0000228, 4.79E-04)
Rpd3L-Expanded complex (GO:0070210, 1.05E-03)
cohesin complex (GO:0008278, 1.05E-03)
Set3 complex (GO:0034967, 1.05E-03)
serine/threonine protein kinase complex (GO:1902554, 2.34E-03)
phagophore assembly site (GO:0000407, 4.22E-03)
protein kinase complex (GO:1902911, 4.76E-03)
histone deacetylase complex (GO:0000118, 6.23E-03)
condensed chromosome (GO:0000793, 6.94E-03)
spindle pole (GO:0000922, 7.61E-03)","chromosomal region (GO:0098687, 3.21E-06)
chromosome, centromeric region (GO:0000775, 4.19E-05)
condensed chromosome (GO:0000793, 4.54E-04)
mitotic spindle (GO:0072686, 1.45E-03)
cohesin complex (GO:0008278, 1.52E-03)
spindle pole (GO:0000922, 4.45E-03)
nuclear chromosome (GO:0000228, 4.86E-03)
serine/threonine protein kinase complex (GO:1902554, 5.21E-03)
phagophore assembly site (GO:0000407, 7.35E-03)","chromosomal region (GO:0098687, 8.98E-04)
Rpd3L-Expanded complex (GO:0070210, 8.98E-04)
nuclear chromosome (GO:0000228, 8.98E-04)
Set3 complex (GO:0034967, 8.98E-04)
mitotic spindle (GO:0072686, 1.13E-03)
serine/threonine protein kinase complex (GO:1902554, 1.16E-03)
protein kinase complex (GO:1902911, 2.59E-03)
phagophore assembly site (GO:0000407, 2.85E-03)
chromosome, centromeric region (GO:0000775, 7.51E-03)
intraciliary transport particle (GO:0030990, 8.30E-03)","chromosomal region (GO:0098687, 8.55E-07)
chromosome, centromeric region (GO:0000775, 8.98E-06)
mitotic spindle (GO:0072686, 3.67E-04)
condensed chromosome (GO:0000793, 5.02E-04)
nuclear chromosome (GO:0000228, 1.39E-03)
Rpd3L-Expanded complex (GO:0070210, 1.39E-03)
Set3 complex (GO:0034967, 1.39E-03)
cohesin complex (GO:0008278, 1.50E-03)
spindle pole (GO:0000922, 4.71E-03)
serine/threonine protein kinase complex (GO:1902554, 5.59E-03)
phagophore assembly site (GO:0000407, 7.50E-03)","chromosomal region (GO:0098687, 5.20E-05)
mitotic spindle (GO:0072686, 1.10E-04)
chromosome, centromeric region (GO:0000775, 3.01E-04)
nuclear chromosome (GO:0000228, 4.79E-04)
Rpd3L-Expanded complex (GO:0070210, 1.05E-03)
cohesin complex (GO:0008278, 1.05E-03)
Set3 complex (GO:0034967, 1.05E-03)
serine/threonine protein kinase complex (GO:1902554, 2.34E-03)
phagophore assembly site (GO:0000407, 4.22E-03)
protein kinase complex (GO:1902911, 4.76E-03)
histone deacetylase complex (GO:0000118, 6.23E-03)
condensed chromosome (GO:0000793, 6.94E-03)
spindle pole (GO:0000922, 7.61E-03)","chromosomal region (GO:0098687, 8.19E-07)
chromosome, centromeric region (GO:0000775, 8.46E-06)
mitotic spindle (GO:0072686, 3.52E-04)
condensed chromosome (GO:0000793, 5.02E-04)
nuclear chromosome (GO:0000228, 1.33E-03)
Rpd3L-Expanded complex (GO:0070210, 1.38E-03)
Set3 complex (GO:0034967, 1.38E-03)
cohesin complex (GO:0008278, 1.48E-03)
spindle pole (GO:0000922, 4.56E-03)
serine/threonine protein kinase complex (GO:1902554, 5.44E-03)
phagophore assembly site (GO:0000407, 7.37E-03)","chromosomal region (GO:0098687, 7.49E-06)
chromosome, centromeric region (GO:0000775, 1.36E-04)
nuclear chromosome (GO:0000228, 1.00E-03)
condensed chromosome (GO:0000793, 1.11E-03)
Rpd3L-Expanded complex (GO:0070210, 1.28E-03)
Set3 complex (GO:0034967, 1.28E-03)
cohesin complex (GO:0008278, 1.28E-03)
spindle pole (GO:0000922, 2.87E-03)
mitotic spindle (GO:0072686, 3.77E-03)
histone deacetylase complex (GO:0000118, 9.11E-03)","chromosomal region (GO:0098687, 5.43E-07)
chromosome, centromeric region (GO:0000775, 6.75E-06)
mitotic spindle (GO:0072686, 2.86E-04)
condensed chromosome (GO:0000793, 3.58E-04)
nuclear chromosome (GO:0000228, 1.11E-03)
Set3 complex (GO:0034967, 1.37E-03)
Rpd3L-Expanded complex (GO:0070210, 1.37E-03)
cohesin complex (GO:0008278, 1.43E-03)
spindle pole (GO:0000922, 3.72E-03)
phagophore assembly site (GO:0000407, 6.70E-03)","intraciliary transport particle (GO:0030990, 4.05E-03)","chromosomal region (GO:0098687, 8.55E-07)
chromosome, centromeric region (GO:0000775, 8.98E-06)
mitotic spindle (GO:0072686, 3.67E-04)
condensed chromosome (GO:0000793, 5.02E-04)
nuclear chromosome (GO:0000228, 1.39E-03)
Rpd3L-Expanded complex (GO:0070210, 1.39E-03)
Set3 complex (GO:0034967, 1.39E-03)
cohesin complex (GO:0008278, 1.50E-03)
spindle pole (GO:0000922, 4.71E-03)
serine/threonine protein kinase complex (GO:1902554, 5.59E-03)
phagophore assembly site (GO:0000407, 7.50E-03)"
set4,"chromosomal region (GO:0098687, 9.21E-07)
chromosome, centromeric region (GO:0000775, 1.02E-05)
mitotic spindle (GO:0072686, 3.81E-04)
condensed chromosome (GO:0000793, 5.26E-04)
nuclear chromosome (GO:0000228, 1.41E-03)
cohesin complex (GO:0008278, 1.52E-03)
spindle pole (GO:0000922, 4.85E-03)
serine/threonine protein kinase complex (GO:1902554, 5.74E-03)
phagophore assembly site (GO:0000407, 7.63E-03)","chromosomal region (GO:0098687, 1.44E-06)
chromosome, centromeric region (GO:0000775, 3.94E-06)
mitotic spindle (GO:0072686, 1.81E-04)
nuclear chromosome (GO:0000228, 7.89E-04)
condensed chromosome (GO:0000793, 8.73E-04)
cohesin complex (GO:0008278, 1.09E-03)
spindle pole (GO:0000922, 2.64E-03)
phagophore assembly site (GO:0000407, 5.27E-03)","chromosomal region (GO:0098687, 5.95E-05)
mitotic spindle (GO:0072686, 1.08E-04)
chromosome, centromeric region (GO:0000775, 3.20E-04)
nuclear chromosome (GO:0000228, 5.25E-04)
cohesin complex (GO:0008278, 1.07E-03)
serine/threonine protein kinase complex (GO:1902554, 2.36E-03)
phagophore assembly site (GO:0000407, 4.07E-03)
protein kinase complex (GO:1902911, 4.71E-03)
condensed chromosome (GO:0000793, 7.46E-03)
spindle pole (GO:0000922, 8.11E-03)","chromosomal region (GO:0098687, 5.20E-05)
mitotic spindle (GO:0072686, 1.10E-04)
chromosome, centromeric region (GO:0000775, 3.01E-04)
nuclear chromosome (GO:0000228, 4.79E-04)
cohesin complex (GO:0008278, 1.05E-03)
serine/threonine protein kinase complex (GO:1902554, 2.34E-03)
phagophore assembly site (GO:0000407, 4.22E-03)
protein kinase complex (GO:1902911, 4.76E-03)
condensed chromosome (GO:0000793, 6.94E-03)
spindle pole (GO:0000922, 7.61E-03)","chromosomal region (GO:0098687, 3.21E-06)
chromosome, centromeric region (GO:0000775, 4.19E-05)
condensed chromosome (GO:0000793, 4.54E-04)
mitotic spindle (GO:0072686, 1.45E-03)
cohesin complex (GO:0008278, 1.52E-03)
spindle pole (GO:0000922, 4.45E-03)
nuclear chromosome (GO:0000228, 4.86E-03)
serine/threonine protein kinase complex (GO:1902554, 5.21E-03)
phagophore assembly site (GO:0000407, 7.35E-03)","chromosomal region (GO:0098687, 8.98E-04)
nuclear chromosome (GO:0000228, 8.98E-04)
mitotic spindle (GO:0072686, 1.13E-03)
serine/threonine protein kinase complex (GO:1902554, 1.16E-03)
protein kinase complex (GO:1902911, 2.59E-03)
phagophore assembly site (GO:0000407, 2.85E-03)
chromosome, centromeric region (GO:0000775, 7.51E-03)","chromosomal region (GO:0098687, 8.55E-07)
chromosome, centromeric region (GO:0000775, 8.98E-06)
mitotic spindle (GO:0072686, 3.67E-04)
condensed chromosome (GO:0000793, 5.02E-04)
nuclear chromosome (GO:0000228, 1.39E-03)
cohesin complex (GO:0008278, 1.50E-03)
spindle pole (GO:0000922, 4.71E-03)
serine/threonine protein kinase complex (GO:1902554, 5.59E-03)
phagophore assembly site (GO:0000407, 7.50E-03)","chromosomal region (GO:0098687, 5.20E-05)
mitotic spindle (GO:0072686, 1.10E-04)
chromosome, centromeric region (GO:0000775, 3.01E-04)
nuclear chromosome (GO:0000228, 4.79E-04)
cohesin complex (GO:0008278, 1.05E-03)
serine/threonine protein kinase complex (GO:1902554, 2.34E-03)
phagophore assembly site (GO:0000407, 4.22E-03)
protein kinase complex (GO:1902911, 4.76E-03)
condensed chromosome (GO:0000793, 6.94E-03)
spindle pole (GO:0000922, 7.61E-03)","chromosomal region (GO:0098687, 8.19E-07)
chromosome, centromeric region (GO:0000775, 8.46E-06)
mitotic spindle (GO:0072686, 3.52E-04)
condensed chromosome (GO:0000793, 5.02E-04)
nuclear chromosome (GO:0000228, 1.33E-03)
cohesin complex (GO:0008278, 1.48E-03)
spindle pole (GO:0000922, 4.56E-03)
serine/threonine protein kinase complex (GO:1902554, 5.44E-03)
phagophore assembly site (GO:0000407, 7.37E-03)","chromosomal region (GO:0098687, 7.49E-06)
chromosome, centromeric region (GO:0000775, 1.36E-04)
nuclear chromosome (GO:0000228, 1.00E-03)
condensed chromosome (GO:0000793, 1.11E-03)
cohesin complex (GO:0008278, 1.28E-03)
spindle pole (GO:0000922, 2.87E-03)
mitotic spindle (GO:0072686, 3.77E-03)","chromosomal region (GO:0098687, 5.43E-07)
chromosome, centromeric region (GO:0000775, 6.75E-06)
mitotic spindle (GO:0072686, 2.86E-04)
condensed chromosome (GO:0000793, 3.58E-04)
nuclear chromosome (GO:0000228, 1.11E-03)
cohesin complex (GO:0008278, 1.43E-03)
spindle pole (GO:0000922, 3.72E-03)
phagophore assembly site (GO:0000407, 6.70E-03)",,"chromosomal region (GO:0098687, 8.55E-07)
chromosome, centromeric region (GO:0000775, 8.98E-06)
mitotic spindle (GO:0072686, 3.67E-04)
condensed chromosome (GO:0000793, 5.02E-04)
nuclear chromosome (GO:0000228, 1.39E-03)
cohesin complex (GO:0008278, 1.50E-03)
spindle pole (GO:0000922, 4.71E-03)
serine/threonine protein kinase complex (GO:1902554, 5.59E-03)
phagophore assembly site (GO:0000407, 7.50E-03)"
set5,"chromosomal region (GO:0098687, 9.21E-07)
chromosome, centromeric region (GO:0000775, 1.02E-05)
mitotic spindle (GO:0072686, 3.81E-04)
condensed chromosome (GO:0000793, 5.26E-04)
spindle (GO:0005819, 6.24E-04)
nuclear chromosome (GO:0000228, 1.41E-03)
ooplasm (GO:1990917, 1.41E-03)
Rpd3L-Expanded complex (GO:0070210, 1.41E-03)
Set3 complex (GO:0034967, 1.41E-03)
cohesin complex (GO:0008278, 1.52E-03)
spindle pole (GO:0000922, 4.85E-03)
serine/threonine protein kinase complex (GO:1902554, 5.74E-03)
phagophore assembly site (GO:0000407, 7.63E-03)","chromosomal region (GO:0098687, 1.44E-06)
chromosome, centromeric region (GO:0000775, 3.94E-06)
mitotic spindle (GO:0072686, 1.81E-04)
nuclear chromosome (GO:0000228, 7.89E-04)
spindle (GO:0005819, 7.89E-04)
condensed chromosome (GO:0000793, 8.73E-04)
ooplasm (GO:1990917, 1.09E-03)
Rpd3L-Expanded complex (GO:0070210, 1.09E-03)
Set3 complex (GO:0034967, 1.09E-03)
cohesin complex (GO:0008278, 1.09E-03)
spindle pole (GO:0000922, 2.64E-03)
phagophore assembly site (GO:0000407, 5.27E-03)
histone deacetylase complex (GO:0000118, 8.46E-03)","chromosomal region (GO:0098687, 5.95E-05)
mitotic spindle (GO:0072686, 1.08E-04)
chromosome, centromeric region (GO:0000775, 3.20E-04)
nuclear chromosome (GO:0000228, 5.25E-04)
ooplasm (GO:1990917, 1.07E-03)
Rpd3L-Expanded complex (GO:0070210, 1.07E-03)
cohesin complex (GO:0008278, 1.07E-03)
Set3 complex (GO:0034967, 1.07E-03)
spindle (GO:0005819, 1.43E-03)
serine/threonine protein kinase complex (GO:1902554, 2.36E-03)
phagophore assembly site (GO:0000407, 4.07E-03)
protein kinase complex (GO:1902911, 4.71E-03)
histone deacetylase complex (GO:0000118, 6.07E-03)
condensed chromosome (GO:0000793, 7.46E-03)
spindle pole (GO:0000922, 8.11E-03)","chromosomal region (GO:0098687, 5.20E-05)
mitotic spindle (GO:0072686, 1.10E-04)
chromosome, centromeric region (GO:0000775, 3.01E-04)
nuclear chromosome (GO:0000228, 4.79E-04)
ooplasm (GO:1990917, 1.05E-03)
Rpd3L-Expanded complex (GO:0070210, 1.05E-03)
cohesin complex (GO:0008278, 1.05E-03)
Set3 complex (GO:0034967, 1.05E-03)
spindle (GO:0005819, 1.28E-03)
serine/threonine protein kinase complex (GO:1902554, 2.34E-03)
phagophore assembly site (GO:0000407, 4.22E-03)
protein kinase complex (GO:1902911, 4.76E-03)
histone deacetylase complex (GO:0000118, 6.23E-03)
condensed chromosome (GO:0000793, 6.94E-03)
spindle pole (GO:0000922, 7.61E-03)","chromosomal region (GO:0098687, 3.21E-06)
chromosome, centromeric region (GO:0000775, 4.19E-05)
condensed chromosome (GO:0000793, 4.54E-04)
mitotic spindle (GO:0072686, 1.45E-03)
spindle (GO:0005819, 1.45E-03)
ooplasm (GO:1990917, 1.45E-03)
cohesin complex (GO:0008278, 1.52E-03)
spindle pole (GO:0000922, 4.45E-03)
nuclear chromosome (GO:0000228, 4.86E-03)
serine/threonine protein kinase complex (GO:1902554, 5.21E-03)
phagophore assembly site (GO:0000407, 7.35E-03)","chromosomal region (GO:0098687, 8.98E-04)
Rpd3L-Expanded complex (GO:0070210, 8.98E-04)
nuclear chromosome (GO:0000228, 8.98E-04)
Set3 complex (GO:0034967, 8.98E-04)
ooplasm (GO:1990917, 8.98E-04)
mitotic spindle (GO:0072686, 1.13E-03)
serine/threonine protein kinase complex (GO:1902554, 1.16E-03)
protein kinase complex (GO:1902911, 2.59E-03)
phagophore assembly site (GO:0000407, 2.85E-03)
spindle (GO:0005819, 4.88E-03)
chromosome, centromeric region (GO:0000775, 7.51E-03)
intraciliary transport particle (GO:0030990, 8.30E-03)","chromosomal region (GO:0098687, 8.55E-07)
chromosome, centromeric region (GO:0000775, 8.98E-06)
mitotic spindle (GO:0072686, 3.67E-04)
condensed chromosome (GO:0000793, 5.02E-04)
spindle (GO:0005819, 5.91E-04)
nuclear chromosome (GO:0000228, 1.39E-03)
ooplasm (GO:1990917, 1.39E-03)
Rpd3L-Expanded complex (GO:0070210, 1.39E-03)
Set3 complex (GO:0034967, 1.39E-03)
cohesin complex (GO:0008278, 1.50E-03)
spindle pole (GO:0000922, 4.71E-03)
serine/threonine protein kinase complex (GO:1902554, 5.59E-03)
phagophore assembly site (GO:0000407, 7.50E-03)","chromosomal region (GO:0098687, 5.20E-05)
mitotic spindle (GO:0072686, 1.10E-04)
chromosome, centromeric region (GO:0000775, 3.01E-04)
nuclear chromosome (GO:0000228, 4.79E-04)
ooplasm (GO:1990917, 1.05E-03)
Rpd3L-Expanded complex (GO:0070210, 1.05E-03)
cohesin complex (GO:0008278, 1.05E-03)
Set3 complex (GO:0034967, 1.05E-03)
spindle (GO:0005819, 1.28E-03)
serine/threonine protein kinase complex (GO:1902554, 2.34E-03)
phagophore assembly site (GO:0000407, 4.22E-03)
protein kinase complex (GO:1902911, 4.76E-03)
histone deacetylase complex (GO:0000118, 6.23E-03)
condensed chromosome (GO:0000793, 6.94E-03)
spindle pole (GO:0000922, 7.61E-03)","chromosomal region (GO:0098687, 8.19E-07)
chromosome, centromeric region (GO:0000775, 8.46E-06)
mitotic spindle (GO:0072686, 3.52E-04)
condensed chromosome (GO:0000793, 5.02E-04)
spindle (GO:0005819, 5.60E-04)
nuclear chromosome (GO:0000228, 1.33E-03)
ooplasm (GO:1990917, 1.38E-03)
Rpd3L-Expanded complex (GO:0070210, 1.38E-03)
Set3 complex (GO:0034967, 1.38E-03)
cohesin complex (GO:0008278, 1.48E-03)
spindle pole (GO:0000922, 4.56E-03)
serine/threonine protein kinase complex (GO:1902554, 5.44E-03)
phagophore assembly site (GO:0000407, 7.37E-03)","chromosomal region (GO:0098687, 7.49E-06)
chromosome, centromeric region (GO:0000775, 1.36E-04)
nuclear chromosome (GO:0000228, 1.00E-03)
condensed chromosome (GO:0000793, 1.11E-03)
Rpd3L-Expanded complex (GO:0070210, 1.28E-03)
ooplasm (GO:1990917, 1.28E-03)
Set3 complex (GO:0034967, 1.28E-03)
cohesin complex (GO:0008278, 1.28E-03)
spindle (GO:0005819, 2.66E-03)
spindle pole (GO:0000922, 2.87E-03)
mitotic spindle (GO:0072686, 3.77E-03)
histone deacetylase complex (GO:0000118, 9.11E-03)","chromosomal region (GO:0098687, 5.43E-07)
chromosome, centromeric region (GO:0000775, 6.75E-06)
mitotic spindle (GO:0072686, 2.86E-04)
condensed chromosome (GO:0000793, 3.58E-04)
spindle (GO:0005819, 3.97E-04)
nuclear chromosome (GO:0000228, 1.11E-03)
ooplasm (GO:1990917, 1.37E-03)
Set3 complex (GO:0034967, 1.37E-03)
Rpd3L-Expanded complex (GO:0070210, 1.37E-03)
cohesin complex (GO:0008278, 1.43E-03)
spindle pole (GO:0000922, 3.72E-03)
phagophore assembly site (GO:0000407, 6.70E-03)","ooplasm (GO:1990917, 9.54E-04)
intraciliary transport particle (GO:0030990, 4.05E-03)","chromosomal region (GO:0098687, 8.55E-07)
chromosome, centromeric region (GO:0000775, 8.98E-06)
mitotic spindle (GO:0072686, 3.67E-04)
condensed chromosome (GO:0000793, 5.02E-04)
spindle (GO:0005819, 5.91E-04)
nuclear chromosome (GO:0000228, 1.39E-03)
ooplasm (GO:1990917, 1.39E-03)
Rpd3L-Expanded complex (GO:0070210, 1.39E-03)
Set3 complex (GO:0034967, 1.39E-03)
cohesin complex (GO:0008278, 1.50E-03)
spindle pole (GO:0000922, 4.71E-03)
serine/threonine protein kinase complex (GO:1902554, 5.59E-03)
phagophore assembly site (GO:0000407, 7.50E-03)"
set6,"nucleoplasm (GO:0005654, 8.49E-09)
chromosomal region (GO:0098687, 9.21E-07)
chromosome (GO:0005694, 2.45E-06)
chromosome, centromeric region (GO:0000775, 1.02E-05)
nuclear lumen (GO:0031981, 1.14E-05)
nuclear body (GO:0016604, 7.54E-05)
mitotic spindle (GO:0072686, 3.81E-04)
nuclear speck (GO:0016607, 4.38E-04)
condensed chromosome (GO:0000793, 5.26E-04)
spindle (GO:0005819, 6.24E-04)
membrane-enclosed lumen (GO:0031974, 9.81E-04)
organelle lumen (GO:0043233, 9.81E-04)
intracellular organelle lumen (GO:0070013, 9.81E-04)
catalytic complex (GO:1902494, 1.03E-03)
cilium (GO:0005929, 1.33E-03)
nuclear chromosome (GO:0000228, 1.41E-03)
ooplasm (GO:1990917, 1.41E-03)
Rpd3L-Expanded complex (GO:0070210, 1.41E-03)
Set3 complex (GO:0034967, 1.41E-03)
centriole (GO:0005814, 2.52E-03)
spindle pole (GO:0000922, 4.85E-03)
serine/threonine protein kinase complex (GO:1902554, 5.74E-03)
phagophore assembly site (GO:0000407, 7.63E-03)
Golgi apparatus (GO:0005794, 8.98E-03)","nucleoplasm (GO:0005654, 1.03E-08)
chromosomal region (GO:0098687, 1.44E-06)
chromosome (GO:0005694, 3.94E-06)
chromosome, centromeric region (GO:0000775, 3.94E-06)
nuclear lumen (GO:0031981, 8.13E-06)
nuclear body (GO:0016604, 1.77E-04)
mitotic spindle (GO:0072686, 1.81E-04)
nuclear speck (GO:0016607, 6.50E-04)
nuclear chromosome (GO:0000228, 7.89E-04)
spindle (GO:0005819, 7.89E-04)
membrane-enclosed lumen (GO:0031974, 7.89E-04)
intracellular organelle lumen (GO:0070013, 7.89E-04)
organelle lumen (GO:0043233, 7.89E-04)
condensed chromosome (GO:0000793, 8.73E-04)
cilium (GO:0005929, 1.09E-03)
ooplasm (GO:1990917, 1.09E-03)
Rpd3L-Expanded complex (GO:0070210, 1.09E-03)
Set3 complex (GO:0034967, 1.09E-03)
centriole (GO:0005814, 1.36E-03)
spindle pole (GO:0000922, 2.64E-03)
catalytic complex (GO:1902494, 4.00E-03)
phagophore assembly site (GO:0000407, 5.27E-03)
histone deacetylase complex (GO:0000118, 8.46E-03)
Golgi apparatus (GO:0005794, 9.98E-03)","nucleoplasm (GO:0005654, 1.33E-08)
chromosome (GO:0005694, 3.91E-05)
chromosomal region (GO:0098687, 5.95E-05)
nuclear lumen (GO:0031981, 5.99E-05)
nuclear body (GO:0016604, 6.12E-05)
mitotic spindle (GO:0072686, 1.08E-04)
chromosome, centromeric region (GO:0000775, 3.20E-04)
catalytic complex (GO:1902494, 3.59E-04)
nuclear chromosome (GO:0000228, 5.25E-04)
cilium (GO:0005929, 6.30E-04)
nuclear speck (GO:0016607, 1.07E-03)
centriole (GO:0005814, 1.07E-03)
ooplasm (GO:1990917, 1.07E-03)
Rpd3L-Expanded complex (GO:0070210, 1.07E-03)
Set3 complex (GO:0034967, 1.07E-03)
spindle (GO:0005819, 1.43E-03)
Golgi apparatus (GO:0005794, 1.82E-03)
intracellular protein-containing complex (GO:0140535, 2.23E-03)
serine/threonine protein kinase complex (GO:1902554, 2.36E-03)
organelle lumen (GO:0043233, 3.90E-03)
membrane-enclosed lumen (GO:0031974, 3.90E-03)
intracellular organelle lumen (GO:0070013, 3.90E-03)
phagophore assembly site (GO:0000407, 4.07E-03)
protein kinase complex (GO:1902911, 4.71E-03)
histone deacetylase complex (GO:0000118, 6.07E-03)
condensed chromosome (GO:0000793, 7.46E-03)
transferase complex (GO:1990234, 7.61E-03)
spindle pole (GO:0000922, 8.11E-03)","nucleoplasm (GO:0005654, 5.61E-08)
chromosome (GO:0005694, 2.90E-05)
chromosomal region (GO:0098687, 5.20E-05)
mitotic spindle (GO:0072686, 1.10E-04)
nuclear lumen (GO:0031981, 1.51E-04)
nuclear body (GO:0016604, 1.66E-04)
chromosome, centromeric region (GO:0000775, 3.01E-04)
catalytic complex (GO:1902494, 3.01E-04)
nuclear chromosome (GO:0000228, 4.79E-04)
cilium (GO:0005929, 5.43E-04)
nuclear speck (GO:0016607, 1.04E-03)
centriole (GO:0005814, 1.05E-03)
ooplasm (GO:1990917, 1.05E-03)
Rpd3L-Expanded complex (GO:0070210, 1.05E-03)
Set3 complex (GO:0034967, 1.05E-03)
spindle (GO:0005819, 1.28E-03)
Golgi apparatus (GO:0005794, 1.55E-03)
intracellular protein-containing complex (GO:0140535, 2.04E-03)
serine/threonine protein kinase complex (GO:1902554, 2.34E-03)
phagophore assembly site (GO:0000407, 4.22E-03)
protein kinase complex (GO:1902911, 4.76E-03)
histone deacetylase complex (GO:0000118, 6.23E-03)
condensed chromosome (GO:0000793, 6.94E-03)
membrane-enclosed lumen (GO:0031974, 6.94E-03)
intracellular organelle lumen (GO:0070013, 6.94E-03)
organelle lumen (GO:0043233, 6.94E-03)
transferase complex (GO:1990234, 6.94E-03)
spindle pole (GO:0000922, 7.61E-03)","nucleoplasm (GO:0005654, 1.17E-08)
chromosomal region (GO:0098687, 3.21E-06)
chromosome (GO:0005694, 7.92E-06)
nuclear lumen (GO:0031981, 1.35E-05)
chromosome, centromeric region (GO:0000775, 4.19E-05)
nuclear body (GO:0016604, 4.74E-05)
nuclear speck (GO:0016607, 3.45E-04)
condensed chromosome (GO:0000793, 4.54E-04)
cilium (GO:0005929, 1.12E-03)
mitotic spindle (GO:0072686, 1.45E-03)
catalytic complex (GO:1902494, 1.45E-03)
spindle (GO:0005819, 1.45E-03)
organelle lumen (GO:0043233, 1.45E-03)
intracellular organelle lumen (GO:0070013, 1.45E-03)
ooplasm (GO:1990917, 1.45E-03)
membrane-enclosed lumen (GO:0031974, 1.45E-03)
spindle pole (GO:0000922, 4.45E-03)
nuclear chromosome (GO:0000228, 4.86E-03)
serine/threonine protein kinase complex (GO:1902554, 5.21E-03)
phagophore assembly site (GO:0000407, 7.35E-03)","nucleoplasm (GO:0005654, 4.45E-08)
nuclear lumen (GO:0031981, 8.99E-05)
cilium (GO:0005929, 1.50E-04)
chromosome (GO:0005694, 1.83E-04)
nuclear body (GO:0016604, 2.70E-04)
nuclear speck (GO:0016607, 3.49E-04)
catalytic complex (GO:1902494, 4.21E-04)
centriole (GO:0005814, 5.38E-04)
chromosomal region (GO:0098687, 8.98E-04)
Rpd3L-Expanded complex (GO:0070210, 8.98E-04)
nuclear chromosome (GO:0000228, 8.98E-04)
Set3 complex (GO:0034967, 8.98E-04)
ooplasm (GO:1990917, 8.98E-04)
mitotic spindle (GO:0072686, 1.13E-03)
Golgi apparatus (GO:0005794, 1.13E-03)
serine/threonine protein kinase complex (GO:1902554, 1.16E-03)
protein kinase complex (GO:1902911, 2.59E-03)
membrane-enclosed lumen (GO:0031974, 2.85E-03)
organelle lumen (GO:0043233, 2.85E-03)
phagophore assembly site (GO:0000407, 2.85E-03)
intracellular organelle lumen (GO:0070013, 2.85E-03)
transferase complex (GO:1990234, 4.85E-03)
spindle (GO:0005819, 4.88E-03)
intracellular protein-containing complex (GO:0140535, 7.47E-03)
chromosome, centromeric region (GO:0000775, 7.51E-03)
intraciliary transport particle (GO:0030990, 8.30E-03)","nucleoplasm (GO:0005654, 6.50E-09)
chromosomal region (GO:0098687, 8.55E-07)
chromosome (GO:0005694, 2.12E-06)
chromosome, centromeric region (GO:0000775, 8.98E-06)
nuclear lumen (GO:0031981, 8.98E-06)
nuclear body (GO:0016604, 6.93E-05)
mitotic spindle (GO:0072686, 3.67E-04)
nuclear speck (GO:0016607, 4.15E-04)
condensed chromosome (GO:0000793, 5.02E-04)
spindle (GO:0005819, 5.91E-04)
membrane-enclosed lumen (GO:0031974, 7.96E-04)
organelle lumen (GO:0043233, 7.96E-04)
intracellular organelle lumen (GO:0070013, 7.96E-04)
catalytic complex (GO:1902494, 9.36E-04)
cilium (GO:0005929, 1.25E-03)
nuclear chromosome (GO:0000228, 1.39E-03)
ooplasm (GO:1990917, 1.39E-03)
Rpd3L-Expanded complex (GO:0070210, 1.39E-03)
Set3 complex (GO:0034967, 1.39E-03)
centriole (GO:0005814, 2.57E-03)
spindle pole (GO:0000922, 4.71E-03)
serine/threonine protein kinase complex (GO:1902554, 5.59E-03)
phagophore assembly site (GO:0000407, 7.50E-03)
Golgi apparatus (GO:0005794, 8.32E-03)","nucleoplasm (GO:0005654, 5.61E-08)
chromosome (GO:0005694, 2.90E-05)
chromosomal region (GO:0098687, 5.20E-05)
mitotic spindle (GO:0072686, 1.10E-04)
nuclear lumen (GO:0031981, 1.51E-04)
nuclear body (GO:0016604, 1.66E-04)
chromosome, centromeric region (GO:0000775, 3.01E-04)
catalytic complex (GO:1902494, 3.01E-04)
nuclear chromosome (GO:0000228, 4.79E-04)
cilium (GO:0005929, 5.43E-04)
nuclear speck (GO:0016607, 1.04E-03)
centriole (GO:0005814, 1.05E-03)
ooplasm (GO:1990917, 1.05E-03)
Rpd3L-Expanded complex (GO:0070210, 1.05E-03)
Set3 complex (GO:0034967, 1.05E-03)
spindle (GO:0005819, 1.28E-03)
Golgi apparatus (GO:0005794, 1.55E-03)
intracellular protein-containing complex (GO:0140535, 2.04E-03)
serine/threonine protein kinase complex (GO:1902554, 2.34E-03)
phagophore assembly site (GO:0000407, 4.22E-03)
protein kinase complex (GO:1902911, 4.76E-03)
histone deacetylase complex (GO:0000118, 6.23E-03)
condensed chromosome (GO:0000793, 6.94E-03)
membrane-enclosed lumen (GO:0031974, 6.94E-03)
intracellular organelle lumen (GO:0070013, 6.94E-03)
organelle lumen (GO:0043233, 6.94E-03)
transferase complex (GO:1990234, 6.94E-03)
spindle pole (GO:0000922, 7.61E-03)","nucleoplasm (GO:0005654, 4.97E-09)
chromosomal region (GO:0098687, 8.19E-07)
chromosome (GO:0005694, 1.84E-06)
nuclear lumen (GO:0031981, 7.65E-06)
chromosome, centromeric region (GO:0000775, 8.46E-06)
nuclear body (GO:0016604, 6.37E-05)
mitotic spindle (GO:0072686, 3.52E-04)
nuclear speck (GO:0016607, 3.93E-04)
condensed chromosome (GO:0000793, 5.02E-04)
spindle (GO:0005819, 5.60E-04)
membrane-enclosed lumen (GO:0031974, 6.44E-04)
organelle lumen (GO:0043233, 6.44E-04)
intracellular organelle lumen (GO:0070013, 6.44E-04)
catalytic complex (GO:1902494, 8.51E-04)
cilium (GO:0005929, 1.17E-03)
nuclear chromosome (GO:0000228, 1.33E-03)
ooplasm (GO:1990917, 1.38E-03)
Rpd3L-Expanded complex (GO:0070210, 1.38E-03)
Set3 complex (GO:0034967, 1.38E-03)
centriole (GO:0005814, 2.50E-03)
spindle pole (GO:0000922, 4.56E-03)
serine/threonine protein kinase complex (GO:1902554, 5.44E-03)
phagophore assembly site (GO:0000407, 7.37E-03)
Golgi apparatus (GO:0005794, 7.70E-03)","nucleoplasm (GO:0005654, 3.31E-08)
chromosome (GO:0005694, 5.67E-06)
chromosomal region (GO:0098687, 7.49E-06)
nuclear lumen (GO:0031981, 2.52E-05)
chromosome, centromeric region (GO:0000775, 1.36E-04)
nuclear body (GO:0016604, 1.91E-04)
cilium (GO:0005929, 6.01E-04)
nuclear chromosome (GO:0000228, 1.00E-03)
condensed chromosome (GO:0000793, 1.11E-03)
intracellular organelle lumen (GO:0070013, 1.11E-03)
membrane-enclosed lumen (GO:0031974, 1.11E-03)
organelle lumen (GO:0043233, 1.11E-03)
Rpd3L-Expanded complex (GO:0070210, 1.28E-03)
ooplasm (GO:1990917, 1.28E-03)
Set3 complex (GO:0034967, 1.28E-03)
centriole (GO:0005814, 1.66E-03)
nuclear speck (GO:0016607, 1.88E-03)
catalytic complex (GO:1902494, 2.28E-03)
Golgi apparatus (GO:0005794, 2.66E-03)
spindle (GO:0005819, 2.66E-03)
spindle pole (GO:0000922, 2.87E-03)
mitotic spindle (GO:0072686, 3.77E-03)
histone deacetylase complex (GO:0000118, 9.11E-03)","nucleoplasm (GO:0005654, 6.81E-09)
chromosomal region (GO:0098687, 5.43E-07)
chromosome (GO:0005694, 5.83E-06)
chromosome, centromeric region (GO:0000775, 6.75E-06)
nuclear lumen (GO:0031981, 7.73E-06)
nuclear body (GO:0016604, 3.96E-05)
mitotic spindle (GO:0072686, 2.86E-04)
nuclear speck (GO:0016607, 2.91E-04)
condensed chromosome (GO:0000793, 3.58E-04)
spindle (GO:0005819, 3.97E-04)
membrane-enclosed lumen (GO:0031974, 5.70E-04)
organelle lumen (GO:0043233, 5.70E-04)
intracellular organelle lumen (GO:0070013, 5.70E-04)
nuclear chromosome (GO:0000228, 1.11E-03)
ooplasm (GO:1990917, 1.37E-03)
Set3 complex (GO:0034967, 1.37E-03)
Rpd3L-Expanded complex (GO:0070210, 1.37E-03)
centriole (GO:0005814, 1.98E-03)
cilium (GO:0005929, 1.98E-03)
catalytic complex (GO:1902494, 1.98E-03)
spindle pole (GO:0000922, 3.72E-03)
phagophore assembly site (GO:0000407, 6.70E-03)","ooplasm (GO:1990917, 9.54E-04)
cilium (GO:0005929, 1.94E-03)
intraciliary transport particle (GO:0030990, 4.05E-03)
nucleoplasm (GO:0005654, 8.50E-03)","nucleoplasm (GO:0005654, 6.50E-09)
chromosomal region (GO:0098687, 8.55E-07)
chromosome (GO:0005694, 5.41E-06)
chromosome, centromeric region (GO:0000775, 8.98E-06)
nuclear lumen (GO:0031981, 8.98E-06)
nuclear body (GO:0016604, 6.93E-05)
mitotic spindle (GO:0072686, 3.67E-04)
nuclear speck (GO:0016607, 4.15E-04)
condensed chromosome (GO:0000793, 5.02E-04)
spindle (GO:0005819, 5.91E-04)
membrane-enclosed lumen (GO:0031974, 7.96E-04)
organelle lumen (GO:0043233, 7.96E-04)
intracellular organelle lumen (GO:0070013, 7.96E-04)
catalytic complex (GO:1902494, 9.36E-04)
cilium (GO:0005929, 1.25E-03)
nuclear chromosome (GO:0000228, 1.39E-03)
ooplasm (GO:1990917, 1.39E-03)
Rpd3L-Expanded complex (GO:0070210, 1.39E-03)
Set3 complex (GO:0034967, 1.39E-03)
centriole (GO:0005814, 2.57E-03)
spindle pole (GO:0000922, 4.71E-03)
serine/threonine protein kinase complex (GO:1902554, 5.59E-03)
phagophore assembly site (GO:0000407, 7.50E-03)
Golgi apparatus (GO:0005794, 8.32E-03)"
set7,"chromosomal region (GO:0098687, 9.21E-07)
chromosome, centromeric region (GO:0000775, 1.02E-05)
mitotic spindle (GO:0072686, 3.81E-04)
condensed chromosome (GO:0000793, 5.26E-04)
nuclear chromosome (GO:0000228, 1.41E-03)
Rpd3L-Expanded complex (GO:0070210, 1.41E-03)
Set3 complex (GO:0034967, 1.41E-03)
cohesin complex (GO:0008278, 1.52E-03)
spindle pole (GO:0000922, 4.85E-03)
serine/threonine protein kinase complex (GO:1902554, 5.74E-03)
phagophore assembly site (GO:0000407, 7.63E-03)","chromosomal region (GO:0098687, 1.44E-06)
chromosome, centromeric region (GO:0000775, 3.94E-06)
mitotic spindle (GO:0072686, 1.81E-04)
nuclear chromosome (GO:0000228, 7.89E-04)
condensed chromosome (GO:0000793, 8.73E-04)
Rpd3L-Expanded complex (GO:0070210, 1.09E-03)
Set3 complex (GO:0034967, 1.09E-03)
cohesin complex (GO:0008278, 1.09E-03)
spindle pole (GO:0000922, 2.64E-03)
phagophore assembly site (GO:0000407, 5.27E-03)
histone deacetylase complex (GO:0000118, 8.46E-03)","chromosomal region (GO:0098687, 5.95E-05)
mitotic spindle (GO:0072686, 1.08E-04)
chromosome, centromeric region (GO:0000775, 3.20E-04)
nuclear chromosome (GO:0000228, 5.25E-04)
Rpd3L-Expanded complex (GO:0070210, 1.07E-03)
cohesin complex (GO:0008278, 1.07E-03)
Set3 complex (GO:0034967, 1.07E-03)
serine/threonine protein kinase complex (GO:1902554, 2.36E-03)
phagophore assembly site (GO:0000407, 4.07E-03)
protein kinase complex (GO:1902911, 4.71E-03)
histone deacetylase complex (GO:0000118, 6.07E-03)
condensed chromosome (GO:0000793, 7.46E-03)
spindle pole (GO:0000922, 8.11E-03)","chromosomal region (GO:0098687, 5.20E-05)
mitotic spindle (GO:0072686, 1.10E-04)
chromosome, centromeric region (GO:0000775, 3.01E-04)
nuclear chromosome (GO:0000228, 4.79E-04)
Rpd3L-Expanded complex (GO:0070210, 1.05E-03)
cohesin complex (GO:0008278, 1.05E-03)
Set3 complex (GO:0034967, 1.05E-03)
serine/threonine protein kinase complex (GO:1902554, 2.34E-03)
phagophore assembly site (GO:0000407, 4.22E-03)
protein kinase complex (GO:1902911, 4.76E-03)
histone deacetylase complex (GO:0000118, 6.23E-03)
condensed chromosome (GO:0000793, 6.94E-03)
spindle pole (GO:0000922, 7.61E-03)","chromosomal region (GO:0098687, 3.21E-06)
chromosome, centromeric region (GO:0000775, 4.19E-05)
condensed chromosome (GO:0000793, 4.54E-04)
mitotic spindle (GO:0072686, 1.45E-03)
cohesin complex (GO:0008278, 1.52E-03)
spindle pole (GO:0000922, 4.45E-03)
nuclear chromosome (GO:0000228, 4.86E-03)
serine/threonine protein kinase complex (GO:1902554, 5.21E-03)
phagophore assembly site (GO:0000407, 7.35E-03)","chromosomal region (GO:0098687, 8.98E-04)
Rpd3L-Expanded complex (GO:0070210, 8.98E-04)
nuclear chromosome (GO:0000228, 8.98E-04)
Set3 complex (GO:0034967, 8.98E-04)
mitotic spindle (GO:0072686, 1.13E-03)
serine/threonine protein kinase complex (GO:1902554, 1.16E-03)
protein kinase complex (GO:1902911, 2.59E-03)
phagophore assembly site (GO:0000407, 2.85E-03)
chromosome, centromeric region (GO:0000775, 7.51E-03)
intraciliary transport particle (GO:0030990, 8.30E-03)","chromosomal region (GO:0098687, 8.55E-07)
chromosome, centromeric region (GO:0000775, 8.98E-06)
mitotic spindle (GO:0072686, 3.67E-04)
condensed chromosome (GO:0000793, 5.02E-04)
nuclear chromosome (GO:0000228, 1.39E-03)
Rpd3L-Expanded complex (GO:0070210, 1.39E-03)
Set3 complex (GO:0034967, 1.39E-03)
cohesin complex (GO:0008278, 1.50E-03)
spindle pole (GO:0000922, 4.71E-03)
serine/threonine protein kinase complex (GO:1902554, 5.59E-03)
phagophore assembly site (GO:0000407, 7.50E-03)","chromosomal region (GO:0098687, 5.20E-05)
mitotic spindle (GO:0072686, 1.10E-04)
chromosome, centromeric region (GO:0000775, 3.01E-04)
nuclear chromosome (GO:0000228, 4.79E-04)
Rpd3L-Expanded complex (GO:0070210, 1.05E-03)
cohesin complex (GO:0008278, 1.05E-03)
Set3 complex (GO:0034967, 1.05E-03)
serine/threonine protein kinase complex (GO:1902554, 2.34E-03)
phagophore assembly site (GO:0000407, 4.22E-03)
protein kinase complex (GO:1902911, 4.76E-03)
histone deacetylase complex (GO:0000118, 6.23E-03)
condensed chromosome (GO:0000793, 6.94E-03)
spindle pole (GO:0000922, 7.61E-03)","chromosomal region (GO:0098687, 8.19E-07)
chromosome, centromeric region (GO:0000775, 8.46E-06)
mitotic spindle (GO:0072686, 3.52E-04)
condensed chromosome (GO:0000793, 5.02E-04)
nuclear chromosome (GO:0000228, 1.33E-03)
Rpd3L-Expanded complex (GO:0070210, 1.38E-03)
Set3 complex (GO:0034967, 1.38E-03)
cohesin complex (GO:0008278, 1.48E-03)
spindle pole (GO:0000922, 4.56E-03)
serine/threonine protein kinase complex (GO:1902554, 5.44E-03)
phagophore assembly site (GO:0000407, 7.37E-03)","chromosomal region (GO:0098687, 7.49E-06)
chromosome, centromeric region (GO:0000775, 1.36E-04)
nuclear chromosome (GO:0000228, 1.00E-03)
condensed chromosome (GO:0000793, 1.11E-03)
Rpd3L-Expanded complex (GO:0070210, 1.28E-03)
Set3 complex (GO:0034967, 1.28E-03)
cohesin complex (GO:0008278, 1.28E-03)
spindle pole (GO:0000922, 2.87E-03)
mitotic spindle (GO:0072686, 3.77E-03)
histone deacetylase complex (GO:0000118, 9.11E-03)","chromosomal region (GO:0098687, 5.43E-07)
chromosome, centromeric region (GO:0000775, 6.75E-06)
mitotic spindle (GO:0072686, 2.86E-04)
condensed chromosome (GO:0000793, 3.58E-04)
nuclear chromosome (GO:0000228, 1.11E-03)
Set3 complex (GO:0034967, 1.37E-03)
Rpd3L-Expanded complex (GO:0070210, 1.37E-03)
cohesin complex (GO:0008278, 1.43E-03)
spindle pole (GO:0000922, 3.72E-03)
phagophore assembly site (GO:0000407, 6.70E-03)","intraciliary transport particle (GO:0030990, 4.05E-03)","chromosomal region (GO:0098687, 8.55E-07)
chromosome, centromeric region (GO:0000775, 8.98E-06)
mitotic spindle (GO:0072686, 3.67E-04)
condensed chromosome (GO:0000793, 5.02E-04)
nuclear chromosome (GO:0000228, 1.39E-03)
Rpd3L-Expanded complex (GO:0070210, 1.39E-03)
Set3 complex (GO:0034967, 1.39E-03)
cohesin complex (GO:0008278, 1.50E-03)
spindle pole (GO:0000922, 4.71E-03)
serine/threonine protein kinase complex (GO:1902554, 5.59E-03)
phagophore assembly site (GO:0000407, 7.50E-03)"
set8,"chromosome, centromeric region (GO:0000775, 1.02E-05)
mitotic spindle (GO:0072686, 3.81E-04)
condensed chromosome (GO:0000793, 5.26E-04)
nuclear chromosome (GO:0000228, 1.41E-03)
cohesin complex (GO:0008278, 1.52E-03)
spindle pole (GO:0000922, 4.85E-03)
serine/threonine protein kinase complex (GO:1902554, 5.74E-03)
phagophore assembly site (GO:0000407, 7.63E-03)","chromosome, centromeric region (GO:0000775, 3.94E-06)
mitotic spindle (GO:0072686, 1.81E-04)
nuclear chromosome (GO:0000228, 7.89E-04)
condensed chromosome (GO:0000793, 8.73E-04)
cohesin complex (GO:0008278, 1.09E-03)
spindle pole (GO:0000922, 2.64E-03)
phagophore assembly site (GO:0000407, 5.27E-03)","mitotic spindle (GO:0072686, 1.08E-04)
chromosome, centromeric region (GO:0000775, 3.20E-04)
nuclear chromosome (GO:0000228, 5.25E-04)
cohesin complex (GO:0008278, 1.07E-03)
serine/threonine protein kinase complex (GO:1902554, 2.36E-03)
phagophore assembly site (GO:0000407, 4.07E-03)
protein kinase complex (GO:1902911, 4.71E-03)
condensed chromosome (GO:0000793, 7.46E-03)
spindle pole (GO:0000922, 8.11E-03)","mitotic spindle (GO:0072686, 1.10E-04)
chromosome, centromeric region (GO:0000775, 3.01E-04)
nuclear chromosome (GO:0000228, 4.79E-04)
cohesin complex (GO:0008278, 1.05E-03)
serine/threonine protein kinase complex (GO:1902554, 2.34E-03)
phagophore assembly site (GO:0000407, 4.22E-03)
protein kinase complex (GO:1902911, 4.76E-03)
condensed chromosome (GO:0000793, 6.94E-03)
spindle pole (GO:0000922, 7.61E-03)","chromosome, centromeric region (GO:0000775, 4.19E-05)
condensed chromosome (GO:0000793, 4.54E-04)
mitotic spindle (GO:0072686, 1.45E-03)
cohesin complex (GO:0008278, 1.52E-03)
spindle pole (GO:0000922, 4.45E-03)
nuclear chromosome (GO:0000228, 4.86E-03)
serine/threonine protein kinase complex (GO:1902554, 5.21E-03)
phagophore assembly site (GO:0000407, 7.35E-03)","nuclear chromosome (GO:0000228, 8.98E-04)
mitotic spindle (GO:0072686, 1.13E-03)
serine/threonine protein kinase complex (GO:1902554, 1.16E-03)
protein kinase complex (GO:1902911, 2.59E-03)
phagophore assembly site (GO:0000407, 2.85E-03)
chromosome, centromeric region (GO:0000775, 7.51E-03)
intraciliary transport particle (GO:0030990, 8.30E-03)","chromosome, centromeric region (GO:0000775, 8.98E-06)
mitotic spindle (GO:0072686, 3.67E-04)
condensed chromosome (GO:0000793, 5.02E-04)
nuclear chromosome (GO:0000228, 1.39E-03)
cohesin complex (GO:0008278, 1.50E-03)
spindle pole (GO:0000922, 4.71E-03)
serine/threonine protein kinase complex (GO:1902554, 5.59E-03)
phagophore assembly site (GO:0000407, 7.50E-03)","mitotic spindle (GO:0072686, 1.10E-04)
chromosome, centromeric region (GO:0000775, 3.01E-04)
nuclear chromosome (GO:0000228, 4.79E-04)
cohesin complex (GO:0008278, 1.05E-03)
serine/threonine protein kinase complex (GO:1902554, 2.34E-03)
phagophore assembly site (GO:0000407, 4.22E-03)
protein kinase complex (GO:1902911, 4.76E-03)
condensed chromosome (GO:0000793, 6.94E-03)
spindle pole (GO:0000922, 7.61E-03)","chromosome, centromeric region (GO:0000775, 8.46E-06)
mitotic spindle (GO:0072686, 3.52E-04)
condensed chromosome (GO:0000793, 5.02E-04)
nuclear chromosome (GO:0000228, 1.33E-03)
cohesin complex (GO:0008278, 1.48E-03)
spindle pole (GO:0000922, 4.56E-03)
serine/threonine protein kinase complex (GO:1902554, 5.44E-03)
phagophore assembly site (GO:0000407, 7.37E-03)","chromosome, centromeric region (GO:0000775, 1.36E-04)
nuclear chromosome (GO:0000228, 1.00E-03)
condensed chromosome (GO:0000793, 1.11E-03)
cohesin complex (GO:0008278, 1.28E-03)
spindle pole (GO:0000922, 2.87E-03)
mitotic spindle (GO:0072686, 3.77E-03)","chromosome, centromeric region (GO:0000775, 6.75E-06)
mitotic spindle (GO:0072686, 2.86E-04)
condensed chromosome (GO:0000793, 3.58E-04)
nuclear chromosome (GO:0000228, 1.11E-03)
cohesin complex (GO:0008278, 1.43E-03)
spindle pole (GO:0000922, 3.72E-03)
phagophore assembly site (GO:0000407, 6.70E-03)","intraciliary transport particle (GO:0030990, 4.05E-03)","chromosome, centromeric region (GO:0000775, 8.98E-06)
mitotic spindle (GO:0072686, 3.67E-04)
condensed chromosome (GO:0000793, 5.02E-04)
nuclear chromosome (GO:0000228, 1.39E-03)
cohesin complex (GO:0008278, 1.50E-03)
spindle pole (GO:0000922, 4.71E-03)
serine/threonine protein kinase complex (GO:1902554, 5.59E-03)
phagophore assembly site (GO:0000407, 7.50E-03)"
set9,"chromosomal region (GO:0098687, 9.21E-07)
chromosome, centromeric region (GO:0000775, 1.02E-05)
mitotic spindle (GO:0072686, 3.81E-04)
condensed chromosome (GO:0000793, 5.26E-04)
nuclear chromosome (GO:0000228, 1.41E-03)
cohesin complex (GO:0008278, 1.52E-03)
spindle pole (GO:0000922, 4.85E-03)
serine/threonine protein kinase complex (GO:1902554, 5.74E-03)
phagophore assembly site (GO:0000407, 7.63E-03)","chromosomal region (GO:0098687, 1.44E-06)
chromosome, centromeric region (GO:0000775, 3.94E-06)
mitotic spindle (GO:0072686, 1.81E-04)
nuclear chromosome (GO:0000228, 7.89E-04)
condensed chromosome (GO:0000793, 8.73E-04)
cohesin complex (GO:0008278, 1.09E-03)
spindle pole (GO:0000922, 2.64E-03)
phagophore assembly site (GO:0000407, 5.27E-03)","chromosomal region (GO:0098687, 5.95E-05)
mitotic spindle (GO:0072686, 1.08E-04)
chromosome, centromeric region (GO:0000775, 3.20E-04)
nuclear chromosome (GO:0000228, 5.25E-04)
cohesin complex (GO:0008278, 1.07E-03)
serine/threonine protein kinase complex (GO:1902554, 2.36E-03)
phagophore assembly site (GO:0000407, 4.07E-03)
protein kinase complex (GO:1902911, 4.71E-03)
condensed chromosome (GO:0000793, 7.46E-03)
spindle pole (GO:0000922, 8.11E-03)","chromosomal region (GO:0098687, 5.20E-05)
mitotic spindle (GO:0072686, 1.10E-04)
chromosome, centromeric region (GO:0000775, 3.01E-04)
nuclear chromosome (GO:0000228, 4.79E-04)
cohesin complex (GO:0008278, 1.05E-03)
serine/threonine protein kinase complex (GO:1902554, 2.34E-03)
phagophore assembly site (GO:0000407, 4.22E-03)
protein kinase complex (GO:1902911, 4.76E-03)
condensed chromosome (GO:0000793, 6.94E-03)
spindle pole (GO:0000922, 7.61E-03)","chromosomal region (GO:0098687, 3.21E-06)
chromosome, centromeric region (GO:0000775, 4.19E-05)
condensed chromosome (GO:0000793, 4.54E-04)
mitotic spindle (GO:0072686, 1.45E-03)
cohesin complex (GO:0008278, 1.52E-03)
spindle pole (GO:0000922, 4.45E-03)
nuclear chromosome (GO:0000228, 4.86E-03)
serine/threonine protein kinase complex (GO:1902554, 5.21E-03)
phagophore assembly site (GO:0000407, 7.35E-03)","chromosomal region (GO:0098687, 8.98E-04)
nuclear chromosome (GO:0000228, 8.98E-04)
mitotic spindle (GO:0072686, 1.13E-03)
serine/threonine protein kinase complex (GO:1902554, 1.16E-03)
protein kinase complex (GO:1902911, 2.59E-03)
phagophore assembly site (GO:0000407, 2.85E-03)
chromosome, centromeric region (GO:0000775, 7.51E-03)","chromosomal region (GO:0098687, 8.55E-07)
chromosome, centromeric region (GO:0000775, 8.98E-06)
mitotic spindle (GO:0072686, 3.67E-04)
condensed chromosome (GO:0000793, 5.02E-04)
nuclear chromosome (GO:0000228, 1.39E-03)
cohesin complex (GO:0008278, 1.50E-03)
spindle pole (GO:0000922, 4.71E-03)
serine/threonine protein kinase complex (GO:1902554, 5.59E-03)
phagophore assembly site (GO:0000407, 7.50E-03)","chromosomal region (GO:0098687, 5.20E-05)
mitotic spindle (GO:0072686, 1.10E-04)
chromosome, centromeric region (GO:0000775, 3.01E-04)
nuclear chromosome (GO:0000228, 4.79E-04)
cohesin complex (GO:0008278, 1.05E-03)
serine/threonine protein kinase complex (GO:1902554, 2.34E-03)
phagophore assembly site (GO:0000407, 4.22E-03)
protein kinase complex (GO:1902911, 4.76E-03)
condensed chromosome (GO:0000793, 6.94E-03)
spindle pole (GO:0000922, 7.61E-03)","chromosomal region (GO:0098687, 8.19E-07)
chromosome, centromeric region (GO:0000775, 8.46E-06)
mitotic spindle (GO:0072686, 3.52E-04)
condensed chromosome (GO:0000793, 5.02E-04)
nuclear chromosome (GO:0000228, 1.33E-03)
cohesin complex (GO:0008278, 1.48E-03)
spindle pole (GO:0000922, 4.56E-03)
serine/threonine protein kinase complex (GO:1902554, 5.44E-03)
phagophore assembly site (GO:0000407, 7.37E-03)","chromosomal region (GO:0098687, 7.49E-06)
chromosome, centromeric region (GO:0000775, 1.36E-04)
nuclear chromosome (GO:0000228, 1.00E-03)
condensed chromosome (GO:0000793, 1.11E-03)
cohesin complex (GO:0008278, 1.28E-03)
spindle pole (GO:0000922, 2.87E-03)
mitotic spindle (GO:0072686, 3.77E-03)","chromosomal region (GO:0098687, 5.43E-07)
chromosome, centromeric region (GO:0000775, 6.75E-06)
mitotic spindle (GO:0072686, 2.86E-04)
condensed chromosome (GO:0000793, 3.58E-04)
nuclear chromosome (GO:0000228, 1.11E-03)
cohesin complex (GO:0008278, 1.43E-03)
spindle pole (GO:0000922, 3.72E-03)
phagophore assembly site (GO:0000407, 6.70E-03)",,"chromosomal region (GO:0098687, 8.55E-07)
chromosome, centromeric region (GO:0000775, 8.98E-06)
mitotic spindle (GO:0072686, 3.67E-04)
condensed chromosome (GO:0000793, 5.02E-04)
nuclear chromosome (GO:0000228, 1.39E-03)
cohesin complex (GO:0008278, 1.50E-03)
spindle pole (GO:0000922, 4.71E-03)
serine/threonine protein kinase complex (GO:1902554, 5.59E-03)
phagophore assembly site (GO:0000407, 7.50E-03)"
set10,"chromosomal region (GO:0098687, 9.21E-07)
chromosome, centromeric region (GO:0000775, 1.02E-05)
mitotic spindle (GO:0072686, 3.81E-04)
condensed chromosome (GO:0000793, 5.26E-04)
nuclear chromosome (GO:0000228, 1.41E-03)
cohesin complex (GO:0008278, 1.52E-03)
spindle pole (GO:0000922, 4.85E-03)
serine/threonine protein kinase complex (GO:1902554, 5.74E-03)
phagophore assembly site (GO:0000407, 7.63E-03)","chromosomal region (GO:0098687, 1.44E-06)
chromosome, centromeric region (GO:0000775, 3.94E-06)
mitotic spindle (GO:0072686, 1.81E-04)
nuclear chromosome (GO:0000228, 7.89E-04)
condensed chromosome (GO:0000793, 8.73E-04)
cohesin complex (GO:0008278, 1.09E-03)
spindle pole (GO:0000922, 2.64E-03)
phagophore assembly site (GO:0000407, 5.27E-03)","chromosomal region (GO:0098687, 5.95E-05)
mitotic spindle (GO:0072686, 1.08E-04)
chromosome, centromeric region (GO:0000775, 3.20E-04)
nuclear chromosome (GO:0000228, 5.25E-04)
cohesin complex (GO:0008278, 1.07E-03)
serine/threonine protein kinase complex (GO:1902554, 2.36E-03)
phagophore assembly site (GO:0000407, 4.07E-03)
protein kinase complex (GO:1902911, 4.71E-03)
condensed chromosome (GO:0000793, 7.46E-03)
spindle pole (GO:0000922, 8.11E-03)","chromosomal region (GO:0098687, 5.20E-05)
mitotic spindle (GO:0072686, 1.10E-04)
chromosome, centromeric region (GO:0000775, 3.01E-04)
nuclear chromosome (GO:0000228, 4.79E-04)
cohesin complex (GO:0008278, 1.05E-03)
serine/threonine protein kinase complex (GO:1902554, 2.34E-03)
phagophore assembly site (GO:0000407, 4.22E-03)
protein kinase complex (GO:1902911, 4.76E-03)
condensed chromosome (GO:0000793, 6.94E-03)
spindle pole (GO:0000922, 7.61E-03)","chromosomal region (GO:0098687, 3.21E-06)
chromosome, centromeric region (GO:0000775, 4.19E-05)
condensed chromosome (GO:0000793, 4.54E-04)
mitotic spindle (GO:0072686, 1.45E-03)
cohesin complex (GO:0008278, 1.52E-03)
spindle pole (GO:0000922, 4.45E-03)
nuclear chromosome (GO:0000228, 4.86E-03)
serine/threonine protein kinase complex (GO:1902554, 5.21E-03)
phagophore assembly site (GO:0000407, 7.35E-03)","chromosomal region (GO:0098687, 8.98E-04)
nuclear chromosome (GO:0000228, 8.98E-04)
mitotic spindle (GO:0072686, 1.13E-03)
serine/threonine protein kinase complex (GO:1902554, 1.16E-03)
protein kinase complex (GO:1902911, 2.59E-03)
phagophore assembly site (GO:0000407, 2.85E-03)
chromosome, centromeric region (GO:0000775, 7.51E-03)","chromosomal region (GO:0098687, 8.55E-07)
chromosome, centromeric region (GO:0000775, 8.98E-06)
mitotic spindle (GO:0072686, 3.67E-04)
condensed chromosome (GO:0000793, 5.02E-04)
nuclear chromosome (GO:0000228, 1.39E-03)
cohesin complex (GO:0008278, 1.50E-03)
spindle pole (GO:0000922, 4.71E-03)
serine/threonine protein kinase complex (GO:1902554, 5.59E-03)
phagophore assembly site (GO:0000407, 7.50E-03)","chromosomal region (GO:0098687, 5.20E-05)
mitotic spindle (GO:0072686, 1.10E-04)
chromosome, centromeric region (GO:0000775, 3.01E-04)
nuclear chromosome (GO:0000228, 4.79E-04)
cohesin complex (GO:0008278, 1.05E-03)
serine/threonine protein kinase complex (GO:1902554, 2.34E-03)
phagophore assembly site (GO:0000407, 4.22E-03)
protein kinase complex (GO:1902911, 4.76E-03)
condensed chromosome (GO:0000793, 6.94E-03)
spindle pole (GO:0000922, 7.61E-03)","chromosomal region (GO:0098687, 8.19E-07)
chromosome, centromeric region (GO:0000775, 8.46E-06)
mitotic spindle (GO:0072686, 3.52E-04)
condensed chromosome (GO:0000793, 5.02E-04)
nuclear chromosome (GO:0000228, 1.33E-03)
cohesin complex (GO:0008278, 1.48E-03)
spindle pole (GO:0000922, 4.56E-03)
serine/threonine protein kinase complex (GO:1902554, 5.44E-03)
phagophore assembly site (GO:0000407, 7.37E-03)","chromosomal region (GO:0098687, 7.49E-06)
chromosome, centromeric region (GO:0000775, 1.36E-04)
nuclear chromosome (GO:0000228, 1.00E-03)
condensed chromosome (GO:0000793, 1.11E-03)
cohesin complex (GO:0008278, 1.28E-03)
spindle pole (GO:0000922, 2.87E-03)
mitotic spindle (GO:0072686, 3.77E-03)","chromosomal region (GO:0098687, 5.43E-07)
chromosome, centromeric region (GO:0000775, 6.75E-06)
mitotic spindle (GO:0072686, 2.86E-04)
condensed chromosome (GO:0000793, 3.58E-04)
nuclear chromosome (GO:0000228, 1.11E-03)
cohesin complex (GO:0008278, 1.43E-03)
spindle pole (GO:0000922, 3.72E-03)
phagophore assembly site (GO:0000407, 6.70E-03)",,"chromosomal region (GO:0098687, 8.55E-07)
chromosome, centromeric region (GO:0000775, 8.98E-06)
mitotic spindle (GO:0072686, 3.67E-04)
condensed chromosome (GO:0000793, 5.02E-04)
nuclear chromosome (GO:0000228, 1.39E-03)
cohesin complex (GO:0008278, 1.50E-03)
spindle pole (GO:0000922, 4.71E-03)
serine/threonine protein kinase complex (GO:1902554, 5.59E-03)
phagophore assembly site (GO:0000407, 7.50E-03)"
set11,"chromosome, centromeric region (GO:0000775, 1.02E-05)
mitotic spindle (GO:0072686, 3.81E-04)
condensed chromosome (GO:0000793, 5.26E-04)
nuclear chromosome (GO:0000228, 1.41E-03)
cohesin complex (GO:0008278, 1.52E-03)
spindle pole (GO:0000922, 4.85E-03)
serine/threonine protein kinase complex (GO:1902554, 5.74E-03)
phagophore assembly site (GO:0000407, 7.63E-03)","chromosome, centromeric region (GO:0000775, 3.94E-06)
mitotic spindle (GO:0072686, 1.81E-04)
nuclear chromosome (GO:0000228, 7.89E-04)
condensed chromosome (GO:0000793, 8.73E-04)
cohesin complex (GO:0008278, 1.09E-03)
spindle pole (GO:0000922, 2.64E-03)
phagophore assembly site (GO:0000407, 5.27E-03)","mitotic spindle (GO:0072686, 1.08E-04)
chromosome, centromeric region (GO:0000775, 3.20E-04)
nuclear chromosome (GO:0000228, 5.25E-04)
cohesin complex (GO:0008278, 1.07E-03)
serine/threonine protein kinase complex (GO:1902554, 2.36E-03)
phagophore assembly site (GO:0000407, 4.07E-03)
protein kinase complex (GO:1902911, 4.71E-03)
condensed chromosome (GO:0000793, 7.46E-03)
spindle pole (GO:0000922, 8.11E-03)","mitotic spindle (GO:0072686, 1.10E-04)
chromosome, centromeric region (GO:0000775, 3.01E-04)
nuclear chromosome (GO:0000228, 4.79E-04)
cohesin complex (GO:0008278, 1.05E-03)
serine/threonine protein kinase complex (GO:1902554, 2.34E-03)
phagophore assembly site (GO:0000407, 4.22E-03)
protein kinase complex (GO:1902911, 4.76E-03)
condensed chromosome (GO:0000793, 6.94E-03)
spindle pole (GO:0000922, 7.61E-03)","chromosome, centromeric region (GO:0000775, 4.19E-05)
condensed chromosome (GO:0000793, 4.54E-04)
mitotic spindle (GO:0072686, 1.45E-03)
cohesin complex (GO:0008278, 1.52E-03)
spindle pole (GO:0000922, 4.45E-03)
nuclear chromosome (GO:0000228, 4.86E-03)
serine/threonine protein kinase complex (GO:1902554, 5.21E-03)
phagophore assembly site (GO:0000407, 7.35E-03)","nuclear chromosome (GO:0000228, 8.98E-04)
mitotic spindle (GO:0072686, 1.13E-03)
serine/threonine protein kinase complex (GO:1902554, 1.16E-03)
protein kinase complex (GO:1902911, 2.59E-03)
phagophore assembly site (GO:0000407, 2.85E-03)
chromosome, centromeric region (GO:0000775, 7.51E-03)","chromosome, centromeric region (GO:0000775, 8.98E-06)
mitotic spindle (GO:0072686, 3.67E-04)
condensed chromosome (GO:0000793, 5.02E-04)
nuclear chromosome (GO:0000228, 1.39E-03)
cohesin complex (GO:0008278, 1.50E-03)
spindle pole (GO:0000922, 4.71E-03)
serine/threonine protein kinase complex (GO:1902554, 5.59E-03)
phagophore assembly site (GO:0000407, 7.50E-03)","mitotic spindle (GO:0072686, 1.10E-04)
chromosome, centromeric region (GO:0000775, 3.01E-04)
nuclear chromosome (GO:0000228, 4.79E-04)
cohesin complex (GO:0008278, 1.05E-03)
serine/threonine protein kinase complex (GO:1902554, 2.34E-03)
phagophore assembly site (GO:0000407, 4.22E-03)
protein kinase complex (GO:1902911, 4.76E-03)
condensed chromosome (GO:0000793, 6.94E-03)
spindle pole (GO:0000922, 7.61E-03)","chromosome, centromeric region (GO:0000775, 8.46E-06)
mitotic spindle (GO:0072686, 3.52E-04)
condensed chromosome (GO:0000793, 5.02E-04)
nuclear chromosome (GO:0000228, 1.33E-03)
cohesin complex (GO:0008278, 1.48E-03)
spindle pole (GO:0000922, 4.56E-03)
serine/threonine protein kinase complex (GO:1902554, 5.44E-03)
phagophore assembly site (GO:0000407, 7.37E-03)","chromosome, centromeric region (GO:0000775, 1.36E-04)
nuclear chromosome (GO:0000228, 1.00E-03)
condensed chromosome (GO:0000793, 1.11E-03)
cohesin complex (GO:0008278, 1.28E-03)
spindle pole (GO:0000922, 2.87E-03)
mitotic spindle (GO:0072686, 3.77E-03)","chromosome, centromeric region (GO:0000775, 6.75E-06)
mitotic spindle (GO:0072686, 2.86E-04)
condensed chromosome (GO:0000793, 3.58E-04)
nuclear chromosome (GO:0000228, 1.11E-03)
cohesin complex (GO:0008278, 1.43E-03)
spindle pole (GO:0000922, 3.72E-03)
phagophore assembly site (GO:0000407, 6.70E-03)",,"chromosome, centromeric region (GO:0000775, 8.98E-06)
mitotic spindle (GO:0072686, 3.67E-04)
condensed chromosome (GO:0000793, 5.02E-04)
nuclear chromosome (GO:0000228, 1.39E-03)
cohesin complex (GO:0008278, 1.50E-03)
spindle pole (GO:0000922, 4.71E-03)
serine/threonine protein kinase complex (GO:1902554, 5.59E-03)
phagophore assembly site (GO:0000407, 7.50E-03)"
set12,"chromosome, centromeric region (GO:0000775, 1.02E-05)
mitotic spindle (GO:0072686, 3.81E-04)
condensed chromosome (GO:0000793, 5.26E-04)
nuclear chromosome (GO:0000228, 1.41E-03)
cohesin complex (GO:0008278, 1.52E-03)
spindle pole (GO:0000922, 4.85E-03)
serine/threonine protein kinase complex (GO:1902554, 5.74E-03)
phagophore assembly site (GO:0000407, 7.63E-03)","chromosome, centromeric region (GO:0000775, 3.94E-06)
mitotic spindle (GO:0072686, 1.81E-04)
nuclear chromosome (GO:0000228, 7.89E-04)
condensed chromosome (GO:0000793, 8.73E-04)
cohesin complex (GO:0008278, 1.09E-03)
spindle pole (GO:0000922, 2.64E-03)
phagophore assembly site (GO:0000407, 5.27E-03)","mitotic spindle (GO:0072686, 1.08E-04)
chromosome, centromeric region (GO:0000775, 3.20E-04)
nuclear chromosome (GO:0000228, 5.25E-04)
cohesin complex (GO:0008278, 1.07E-03)
serine/threonine protein kinase complex (GO:1902554, 2.36E-03)
phagophore assembly site (GO:0000407, 4.07E-03)
protein kinase complex (GO:1902911, 4.71E-03)
condensed chromosome (GO:0000793, 7.46E-03)
spindle pole (GO:0000922, 8.11E-03)","mitotic spindle (GO:0072686, 1.10E-04)
chromosome, centromeric region (GO:0000775, 3.01E-04)
nuclear chromosome (GO:0000228, 4.79E-04)
cohesin complex (GO:0008278, 1.05E-03)
serine/threonine protein kinase complex (GO:1902554, 2.34E-03)
phagophore assembly site (GO:0000407, 4.22E-03)
protein kinase complex (GO:1902911, 4.76E-03)
condensed chromosome (GO:0000793, 6.94E-03)
spindle pole (GO:0000922, 7.61E-03)","chromosome, centromeric region (GO:0000775, 4.19E-05)
condensed chromosome (GO:0000793, 4.54E-04)
mitotic spindle (GO:0072686, 1.45E-03)
cohesin complex (GO:0008278, 1.52E-03)
spindle pole (GO:0000922, 4.45E-03)
nuclear chromosome (GO:0000228, 4.86E-03)
serine/threonine protein kinase complex (GO:1902554, 5.21E-03)
phagophore assembly site (GO:0000407, 7.35E-03)","nuclear chromosome (GO:0000228, 8.98E-04)
mitotic spindle (GO:0072686, 1.13E-03)
serine/threonine protein kinase complex (GO:1902554, 1.16E-03)
protein kinase complex (GO:1902911, 2.59E-03)
phagophore assembly site (GO:0000407, 2.85E-03)
chromosome, centromeric region (GO:0000775, 7.51E-03)
intraciliary transport particle (GO:0030990, 8.30E-03)","chromosome, centromeric region (GO:0000775, 8.98E-06)
mitotic spindle (GO:0072686, 3.67E-04)
condensed chromosome (GO:0000793, 5.02E-04)
nuclear chromosome (GO:0000228, 1.39E-03)
cohesin complex (GO:0008278, 1.50E-03)
spindle pole (GO:0000922, 4.71E-03)
serine/threonine protein kinase complex (GO:1902554, 5.59E-03)
phagophore assembly site (GO:0000407, 7.50E-03)","mitotic spindle (GO:0072686, 1.10E-04)
chromosome, centromeric region (GO:0000775, 3.01E-04)
nuclear chromosome (GO:0000228, 4.79E-04)
cohesin complex (GO:0008278, 1.05E-03)
serine/threonine protein kinase complex (GO:1902554, 2.34E-03)
phagophore assembly site (GO:0000407, 4.22E-03)
protein kinase complex (GO:1902911, 4.76E-03)
condensed chromosome (GO:0000793, 6.94E-03)
spindle pole (GO:0000922, 7.61E-03)","chromosome, centromeric region (GO:0000775, 8.46E-06)
mitotic spindle (GO:0072686, 3.52E-04)
condensed chromosome (GO:0000793, 5.02E-04)
nuclear chromosome (GO:0000228, 1.33E-03)
cohesin complex (GO:0008278, 1.48E-03)
spindle pole (GO:0000922, 4.56E-03)
serine/threonine protein kinase complex (GO:1902554, 5.44E-03)
phagophore assembly site (GO:0000407, 7.37E-03)","chromosome, centromeric region (GO:0000775, 1.36E-04)
nuclear chromosome (GO:0000228, 1.00E-03)
condensed chromosome (GO:0000793, 1.11E-03)
cohesin complex (GO:0008278, 1.28E-03)
spindle pole (GO:0000922, 2.87E-03)
mitotic spindle (GO:0072686, 3.77E-03)","chromosome, centromeric region (GO:0000775, 6.75E-06)
mitotic spindle (GO:0072686, 2.86E-04)
condensed chromosome (GO:0000793, 3.58E-04)
nuclear chromosome (GO:0000228, 1.11E-03)
cohesin complex (GO:0008278, 1.43E-03)
spindle pole (GO:0000922, 3.72E-03)
phagophore assembly site (GO:0000407, 6.70E-03)","intraciliary transport particle (GO:0030990, 4.05E-03)","chromosome, centromeric region (GO:0000775, 8.98E-06)
mitotic spindle (GO:0072686, 3.67E-04)
condensed chromosome (GO:0000793, 5.02E-04)
nuclear chromosome (GO:0000228, 1.39E-03)
cohesin complex (GO:0008278, 1.50E-03)
spindle pole (GO:0000922, 4.71E-03)
serine/threonine protein kinase complex (GO:1902554, 5.59E-03)
phagophore assembly site (GO:0000407, 7.50E-03)"
set13,"chromosome, centromeric region (GO:0000775, 1.02E-05)
mitotic spindle (GO:0072686, 3.81E-04)
condensed chromosome (GO:0000793, 5.26E-04)
nuclear chromosome (GO:0000228, 1.41E-03)
cohesin complex (GO:0008278, 1.52E-03)
spindle pole (GO:0000922, 4.85E-03)
serine/threonine protein kinase complex (GO:1902554, 5.74E-03)
phagophore assembly site (GO:0000407, 7.63E-03)","chromosome, centromeric region (GO:0000775, 3.94E-06)
mitotic spindle (GO:0072686, 1.81E-04)
nuclear chromosome (GO:0000228, 7.89E-04)
condensed chromosome (GO:0000793, 8.73E-04)
cohesin complex (GO:0008278, 1.09E-03)
spindle pole (GO:0000922, 2.64E-03)
phagophore assembly site (GO:0000407, 5.27E-03)","mitotic spindle (GO:0072686, 1.08E-04)
chromosome, centromeric region (GO:0000775, 3.20E-04)
nuclear chromosome (GO:0000228, 5.25E-04)
cohesin complex (GO:0008278, 1.07E-03)
serine/threonine protein kinase complex (GO:1902554, 2.36E-03)
phagophore assembly site (GO:0000407, 4.07E-03)
protein kinase complex (GO:1902911, 4.71E-03)
condensed chromosome (GO:0000793, 7.46E-03)
spindle pole (GO:0000922, 8.11E-03)","mitotic spindle (GO:0072686, 1.10E-04)
chromosome, centromeric region (GO:0000775, 3.01E-04)
nuclear chromosome (GO:0000228, 4.79E-04)
cohesin complex (GO:0008278, 1.05E-03)
serine/threonine protein kinase complex (GO:1902554, 2.34E-03)
phagophore assembly site (GO:0000407, 4.22E-03)
protein kinase complex (GO:1902911, 4.76E-03)
condensed chromosome (GO:0000793, 6.94E-03)
spindle pole (GO:0000922, 7.61E-03)","chromosome, centromeric region (GO:0000775, 4.19E-05)
condensed chromosome (GO:0000793, 4.54E-04)
mitotic spindle (GO:0072686, 1.45E-03)
cohesin complex (GO:0008278, 1.52E-03)
spindle pole (GO:0000922, 4.45E-03)
nuclear chromosome (GO:0000228, 4.86E-03)
serine/threonine protein kinase complex (GO:1902554, 5.21E-03)
phagophore assembly site (GO:0000407, 7.35E-03)","nuclear chromosome (GO:0000228, 8.98E-04)
mitotic spindle (GO:0072686, 1.13E-03)
serine/threonine protein kinase complex (GO:1902554, 1.16E-03)
protein kinase complex (GO:1902911, 2.59E-03)
phagophore assembly site (GO:0000407, 2.85E-03)
chromosome, centromeric region (GO:0000775, 7.51E-03)
intraciliary transport particle (GO:0030990, 8.30E-03)","chromosome, centromeric region (GO:0000775, 8.98E-06)
mitotic spindle (GO:0072686, 3.67E-04)
condensed chromosome (GO:0000793, 5.02E-04)
nuclear chromosome (GO:0000228, 1.39E-03)
cohesin complex (GO:0008278, 1.50E-03)
spindle pole (GO:0000922, 4.71E-03)
serine/threonine protein kinase complex (GO:1902554, 5.59E-03)
phagophore assembly site (GO:0000407, 7.50E-03)","mitotic spindle (GO:0072686, 1.10E-04)
chromosome, centromeric region (GO:0000775, 3.01E-04)
nuclear chromosome (GO:0000228, 4.79E-04)
cohesin complex (GO:0008278, 1.05E-03)
serine/threonine protein kinase complex (GO:1902554, 2.34E-03)
phagophore assembly site (GO:0000407, 4.22E-03)
protein kinase complex (GO:1902911, 4.76E-03)
condensed chromosome (GO:0000793, 6.94E-03)
spindle pole (GO:0000922, 7.61E-03)","chromosome, centromeric region (GO:0000775, 8.46E-06)
mitotic spindle (GO:0072686, 3.52E-04)
condensed chromosome (GO:0000793, 5.02E-04)
nuclear chromosome (GO:0000228, 1.33E-03)
cohesin complex (GO:0008278, 1.48E-03)
spindle pole (GO:0000922, 4.56E-03)
serine/threonine protein kinase complex (GO:1902554, 5.44E-03)
phagophore assembly site (GO:0000407, 7.37E-03)","chromosome, centromeric region (GO:0000775, 1.36E-04)
nuclear chromosome (GO:0000228, 1.00E-03)
condensed chromosome (GO:0000793, 1.11E-03)
cohesin complex (GO:0008278, 1.28E-03)
spindle pole (GO:0000922, 2.87E-03)
mitotic spindle (GO:0072686, 3.77E-03)","chromosome, centromeric region (GO:0000775, 6.75E-06)
mitotic spindle (GO:0072686, 2.86E-04)
condensed chromosome (GO:0000793, 3.58E-04)
nuclear chromosome (GO:0000228, 1.11E-03)
cohesin complex (GO:0008278, 1.43E-03)
spindle pole (GO:0000922, 3.72E-03)
phagophore assembly site (GO:0000407, 6.70E-03)","intraciliary transport particle (GO:0030990, 4.05E-03)","chromosome, centromeric region (GO:0000775, 8.98E-06)
mitotic spindle (GO:0072686, 3.67E-04)
condensed chromosome (GO:0000793, 5.02E-04)
nuclear chromosome (GO:0000228, 1.39E-03)
cohesin complex (GO:0008278, 1.50E-03)
spindle pole (GO:0000922, 4.71E-03)
serine/threonine protein kinase complex (GO:1902554, 5.59E-03)
phagophore assembly site (GO:0000407, 7.50E-03)"
set14,"chromosomal region (GO:0098687, 9.21E-07)
chromosome, centromeric region (GO:0000775, 1.02E-05)
nuclear lumen (GO:0031981, 1.14E-05)
mitotic spindle (GO:0072686, 3.81E-04)
nuclear speck (GO:0016607, 4.38E-04)
condensed chromosome (GO:0000793, 5.26E-04)
nuclear chromosome (GO:0000228, 1.41E-03)
Rpd3L-Expanded complex (GO:0070210, 1.41E-03)
Set3 complex (GO:0034967, 1.41E-03)
cohesin complex (GO:0008278, 1.52E-03)
spindle pole (GO:0000922, 4.85E-03)
serine/threonine protein kinase complex (GO:1902554, 5.74E-03)
phagophore assembly site (GO:0000407, 7.63E-03)","chromosomal region (GO:0098687, 1.44E-06)
chromosome, centromeric region (GO:0000775, 3.94E-06)
nuclear lumen (GO:0031981, 8.13E-06)
mitotic spindle (GO:0072686, 1.81E-04)
nuclear speck (GO:0016607, 6.50E-04)
nuclear chromosome (GO:0000228, 7.89E-04)
condensed chromosome (GO:0000793, 8.73E-04)
Rpd3L-Expanded complex (GO:0070210, 1.09E-03)
Set3 complex (GO:0034967, 1.09E-03)
cohesin complex (GO:0008278, 1.09E-03)
spindle pole (GO:0000922, 2.64E-03)
phagophore assembly site (GO:0000407, 5.27E-03)
histone deacetylase complex (GO:0000118, 8.46E-03)","chromosomal region (GO:0098687, 5.95E-05)
nuclear lumen (GO:0031981, 5.99E-05)
mitotic spindle (GO:0072686, 1.08E-04)
chromosome, centromeric region (GO:0000775, 3.20E-04)
nuclear chromosome (GO:0000228, 5.25E-04)
nuclear speck (GO:0016607, 1.07E-03)
Rpd3L-Expanded complex (GO:0070210, 1.07E-03)
cohesin complex (GO:0008278, 1.07E-03)
Set3 complex (GO:0034967, 1.07E-03)
serine/threonine protein kinase complex (GO:1902554, 2.36E-03)
phagophore assembly site (GO:0000407, 4.07E-03)
protein kinase complex (GO:1902911, 4.71E-03)
histone deacetylase complex (GO:0000118, 6.07E-03)
condensed chromosome (GO:0000793, 7.46E-03)
transferase complex (GO:1990234, 7.61E-03)
spindle pole (GO:0000922, 8.11E-03)","chromosomal region (GO:0098687, 5.20E-05)
mitotic spindle (GO:0072686, 1.10E-04)
nuclear lumen (GO:0031981, 1.51E-04)
chromosome, centromeric region (GO:0000775, 3.01E-04)
nuclear chromosome (GO:0000228, 4.79E-04)
nuclear speck (GO:0016607, 1.04E-03)
Rpd3L-Expanded complex (GO:0070210, 1.05E-03)
cohesin complex (GO:0008278, 1.05E-03)
Set3 complex (GO:0034967, 1.05E-03)
serine/threonine protein kinase complex (GO:1902554, 2.34E-03)
phagophore assembly site (GO:0000407, 4.22E-03)
protein kinase complex (GO:1902911, 4.76E-03)
histone deacetylase complex (GO:0000118, 6.23E-03)
condensed chromosome (GO:0000793, 6.94E-03)
transferase complex (GO:1990234, 6.94E-03)
spindle pole (GO:0000922, 7.61E-03)","chromosomal region (GO:0098687, 3.21E-06)
nuclear lumen (GO:0031981, 1.35E-05)
chromosome, centromeric region (GO:0000775, 4.19E-05)
nuclear speck (GO:0016607, 3.45E-04)
condensed chromosome (GO:0000793, 4.54E-04)
mitotic spindle (GO:0072686, 1.45E-03)
cohesin complex (GO:0008278, 1.52E-03)
spindle pole (GO:0000922, 4.45E-03)
nuclear chromosome (GO:0000228, 4.86E-03)
serine/threonine protein kinase complex (GO:1902554, 5.21E-03)
phagophore assembly site (GO:0000407, 7.35E-03)","nuclear lumen (GO:0031981, 8.99E-05)
nuclear speck (GO:0016607, 3.49E-04)
chromosomal region (GO:0098687, 8.98E-04)
Rpd3L-Expanded complex (GO:0070210, 8.98E-04)
nuclear chromosome (GO:0000228, 8.98E-04)
Set3 complex (GO:0034967, 8.98E-04)
mitotic spindle (GO:0072686, 1.13E-03)
serine/threonine protein kinase complex (GO:1902554, 1.16E-03)
protein kinase complex (GO:1902911, 2.59E-03)
phagophore assembly site (GO:0000407, 2.85E-03)
transferase complex (GO:1990234, 4.85E-03)
chromosome, centromeric region (GO:0000775, 7.51E-03)
intraciliary transport particle (GO:0030990, 8.30E-03)","chromosomal region (GO:0098687, 8.55E-07)
chromosome, centromeric region (GO:0000775, 8.98E-06)
nuclear lumen (GO:0031981, 8.98E-06)
mitotic spindle (GO:0072686, 3.67E-04)
nuclear speck (GO:0016607, 4.15E-04)
condensed chromosome (GO:0000793, 5.02E-04)
nuclear chromosome (GO:0000228, 1.39E-03)
Rpd3L-Expanded complex (GO:0070210, 1.39E-03)
Set3 complex (GO:0034967, 1.39E-03)
cohesin complex (GO:0008278, 1.50E-03)
spindle pole (GO:0000922, 4.71E-03)
serine/threonine protein kinase complex (GO:1902554, 5.59E-03)
phagophore assembly site (GO:0000407, 7.50E-03)","chromosomal region (GO:0098687, 5.20E-05)
mitotic spindle (GO:0072686, 1.10E-04)
nuclear lumen (GO:0031981, 1.51E-04)
chromosome, centromeric region (GO:0000775, 3.01E-04)
nuclear chromosome (GO:0000228, 4.79E-04)
nuclear speck (GO:0016607, 1.04E-03)
Rpd3L-Expanded complex (GO:0070210, 1.05E-03)
cohesin complex (GO:0008278, 1.05E-03)
Set3 complex (GO:0034967, 1.05E-03)
serine/threonine protein kinase complex (GO:1902554, 2.34E-03)
phagophore assembly site (GO:0000407, 4.22E-03)
protein kinase complex (GO:1902911, 4.76E-03)
histone deacetylase complex (GO:0000118, 6.23E-03)
condensed chromosome (GO:0000793, 6.94E-03)
transferase complex (GO:1990234, 6.94E-03)
spindle pole (GO:0000922, 7.61E-03)","chromosomal region (GO:0098687, 8.19E-07)
nuclear lumen (GO:0031981, 7.65E-06)
chromosome, centromeric region (GO:0000775, 8.46E-06)
mitotic spindle (GO:0072686, 3.52E-04)
nuclear speck (GO:0016607, 3.93E-04)
condensed chromosome (GO:0000793, 5.02E-04)
nuclear chromosome (GO:0000228, 1.33E-03)
Rpd3L-Expanded complex (GO:0070210, 1.38E-03)
Set3 complex (GO:0034967, 1.38E-03)
cohesin complex (GO:0008278, 1.48E-03)
spindle pole (GO:0000922, 4.56E-03)
serine/threonine protein kinase complex (GO:1902554, 5.44E-03)
phagophore assembly site (GO:0000407, 7.37E-03)","chromosomal region (GO:0098687, 7.49E-06)
nuclear lumen (GO:0031981, 2.52E-05)
chromosome, centromeric region (GO:0000775, 1.36E-04)
nuclear chromosome (GO:0000228, 1.00E-03)
condensed chromosome (GO:0000793, 1.11E-03)
Rpd3L-Expanded complex (GO:0070210, 1.28E-03)
Set3 complex (GO:0034967, 1.28E-03)
cohesin complex (GO:0008278, 1.28E-03)
nuclear speck (GO:0016607, 1.88E-03)
spindle pole (GO:0000922, 2.87E-03)
mitotic spindle (GO:0072686, 3.77E-03)
histone deacetylase complex (GO:0000118, 9.11E-03)","chromosomal region (GO:0098687, 5.43E-07)
chromosome, centromeric region (GO:0000775, 6.75E-06)
nuclear lumen (GO:0031981, 7.73E-06)
mitotic spindle (GO:0072686, 2.86E-04)
nuclear speck (GO:0016607, 2.91E-04)
condensed chromosome (GO:0000793, 3.58E-04)
nuclear chromosome (GO:0000228, 1.11E-03)
Set3 complex (GO:0034967, 1.37E-03)
Rpd3L-Expanded complex (GO:0070210, 1.37E-03)
cohesin complex (GO:0008278, 1.43E-03)
spindle pole (GO:0000922, 3.72E-03)
phagophore assembly site (GO:0000407, 6.70E-03)","intraciliary transport particle (GO:0030990, 4.05E-03)","chromosomal region (GO:0098687, 8.55E-07)
chromosome, centromeric region (GO:0000775, 8.98E-06)
nuclear lumen (GO:0031981, 8.98E-06)
mitotic spindle (GO:0072686, 3.67E-04)
nuclear speck (GO:0016607, 4.15E-04)
condensed chromosome (GO:0000793, 5.02E-04)
nuclear chromosome (GO:0000228, 1.39E-03)
Rpd3L-Expanded complex (GO:0070210, 1.39E-03)
Set3 complex (GO:0034967, 1.39E-03)
cohesin complex (GO:0008278, 1.50E-03)
spindle pole (GO:0000922, 4.71E-03)
serine/threonine protein kinase complex (GO:1902554, 5.59E-03)
phagophore assembly site (GO:0000407, 7.50E-03)"
