,set1,set2,set3,set4,set5,set6,set7,set8,set9,set10,set11,set12,set13
set1,"Cohesin complex Cornelia de Lange syndrome (WP:WP5117, 2.66E-03)","Cohesin complex Cornelia de Lange syndrome (WP:WP5117, 1.78E-03)",,,,,"Cohesin complex Cornelia de Lange syndrome (WP:WP5117, 2.54E-03)",,"Cohesin complex Cornelia de Lange syndrome (WP:WP5117, 2.54E-03)",,"Cohesin complex Cornelia de Lange syndrome (WP:WP5117, 2.18E-03)",,"Cohesin complex Cornelia de Lange syndrome (WP:WP5117, 2.52E-03)"
set2,"Cohesin complex Cornelia de Lange syndrome (WP:WP5117, 2.66E-03)","Cohesin complex Cornelia de Lange syndrome (WP:WP5117, 1.78E-03)",,,,,"Cohesin complex Cornelia de Lange syndrome (WP:WP5117, 2.54E-03)",,"Cohesin complex Cornelia de Lange syndrome (WP:WP5117, 2.54E-03)",,"Cohesin complex Cornelia de Lange syndrome (WP:WP5117, 2.18E-03)",,"Cohesin complex Cornelia de Lange syndrome (WP:WP5117, 2.52E-03)"
set3,"Cohesin complex Cornelia de Lange syndrome (WP:WP5117, 2.66E-03)","Cohesin complex Cornelia de Lange syndrome (WP:WP5117, 1.78E-03)",,,,,"Cohesin complex Cornelia de Lange syndrome (WP:WP5117, 2.54E-03)",,"Cohesin complex Cornelia de Lange syndrome (WP:WP5117, 2.54E-03)",,"Cohesin complex Cornelia de Lange syndrome (WP:WP5117, 2.18E-03)",,"Cohesin complex Cornelia de Lange syndrome (WP:WP5117, 2.52E-03)"
set4,"Cohesin complex Cornelia de Lange syndrome (WP:WP5117, 2.66E-03)","Cohesin complex Cornelia de Lange syndrome (WP:WP5117, 1.78E-03)",,,,,"Cohesin complex Cornelia de Lange syndrome (WP:WP5117, 2.54E-03)",,"Cohesin complex Cornelia de Lange syndrome (WP:WP5117, 2.54E-03)",,"Cohesin complex Cornelia de Lange syndrome (WP:WP5117, 2.18E-03)",,"Cohesin complex Cornelia de Lange syndrome (WP:WP5117, 2.52E-03)"
set5,"Cohesin complex Cornelia de Lange syndrome (WP:WP5117, 2.66E-03)","Cohesin complex Cornelia de Lange syndrome (WP:WP5117, 1.78E-03)",,,,,"Cohesin complex Cornelia de Lange syndrome (WP:WP5117, 2.54E-03)",,"Cohesin complex Cornelia de Lange syndrome (WP:WP5117, 2.54E-03)",,"Cohesin complex Cornelia de Lange syndrome (WP:WP5117, 2.18E-03)",,"Cohesin complex Cornelia de Lange syndrome (WP:WP5117, 2.52E-03)"
set6,"Cohesin complex Cornelia de Lange syndrome (WP:WP5117, 2.66E-03)","Cohesin complex Cornelia de Lange syndrome (WP:WP5117, 1.78E-03)",,,,,"Cohesin complex Cornelia de Lange syndrome (WP:WP5117, 2.54E-03)",,"Cohesin complex Cornelia de Lange syndrome (WP:WP5117, 2.54E-03)",,"Cohesin complex Cornelia de Lange syndrome (WP:WP5117, 2.18E-03)",,"Cohesin complex Cornelia de Lange syndrome (WP:WP5117, 2.52E-03)"
set7,"Cohesin complex Cornelia de Lange syndrome (WP:WP5117, 2.66E-03)","Cohesin complex Cornelia de Lange syndrome (WP:WP5117, 1.78E-03)",,,,,"Cohesin complex Cornelia de Lange syndrome (WP:WP5117, 2.54E-03)",,"Cohesin complex Cornelia de Lange syndrome (WP:WP5117, 2.54E-03)",,"Cohesin complex Cornelia de Lange syndrome (WP:WP5117, 2.18E-03)",,"Cohesin complex Cornelia de Lange syndrome (WP:WP5117, 2.52E-03)"
set8,"Cohesin complex Cornelia de Lange syndrome (WP:WP5117, 2.66E-03)","Cohesin complex Cornelia de Lange syndrome (WP:WP5117, 1.78E-03)",,,,,"Cohesin complex Cornelia de Lange syndrome (WP:WP5117, 2.54E-03)",,"Cohesin complex Cornelia de Lange syndrome (WP:WP5117, 2.54E-03)",,"Cohesin complex Cornelia de Lange syndrome (WP:WP5117, 2.18E-03)",,"Cohesin complex Cornelia de Lange syndrome (WP:WP5117, 2.52E-03)"
set9,"Cohesin complex Cornelia de Lange syndrome (WP:WP5117, 2.66E-03)","Cohesin complex Cornelia de Lange syndrome (WP:WP5117, 1.78E-03)",,,,,"Cohesin complex Cornelia de Lange syndrome (WP:WP5117, 2.54E-03)",,"Cohesin complex Cornelia de Lange syndrome (WP:WP5117, 2.54E-03)",,"Cohesin complex Cornelia de Lange syndrome (WP:WP5117, 2.18E-03)",,"Cohesin complex Cornelia de Lange syndrome (WP:WP5117, 2.52E-03)"
set10,"Cohesin complex Cornelia de Lange syndrome (WP:WP5117, 2.66E-03)","Cohesin complex Cornelia de Lange syndrome (WP:WP5117, 1.78E-03)",,,,,"Cohesin complex Cornelia de Lange syndrome (WP:WP5117, 2.54E-03)",,"Cohesin complex Cornelia de Lange syndrome (WP:WP5117, 2.54E-03)",,"Cohesin complex Cornelia de Lange syndrome (WP:WP5117, 2.18E-03)",,"Cohesin complex Cornelia de Lange syndrome (WP:WP5117, 2.52E-03)"
set11,"Cohesin complex Cornelia de Lange syndrome (WP:WP5117, 2.66E-03)","Cohesin complex Cornelia de Lange syndrome (WP:WP5117, 1.78E-03)",,,,,"Cohesin complex Cornelia de Lange syndrome (WP:WP5117, 2.54E-03)",,"Cohesin complex Cornelia de Lange syndrome (WP:WP5117, 2.54E-03)",,"Cohesin complex Cornelia de Lange syndrome (WP:WP5117, 2.18E-03)",,"Cohesin complex Cornelia de Lange syndrome (WP:WP5117, 2.52E-03)"
set12,"Cohesin complex Cornelia de Lange syndrome (WP:WP5117, 2.66E-03)","Cohesin complex Cornelia de Lange syndrome (WP:WP5117, 1.78E-03)",,,,,"Cohesin complex Cornelia de Lange syndrome (WP:WP5117, 2.54E-03)",,"Cohesin complex Cornelia de Lange syndrome (WP:WP5117, 2.54E-03)",,"Cohesin complex Cornelia de Lange syndrome (WP:WP5117, 2.18E-03)",,"Cohesin complex Cornelia de Lange syndrome (WP:WP5117, 2.52E-03)"
set13,"Cohesin complex Cornelia de Lange syndrome (WP:WP5117, 2.66E-03)","Cohesin complex Cornelia de Lange syndrome (WP:WP5117, 1.78E-03)",,,,,"Cohesin complex Cornelia de Lange syndrome (WP:WP5117, 2.54E-03)",,"Cohesin complex Cornelia de Lange syndrome (WP:WP5117, 2.54E-03)",,"Cohesin complex Cornelia de Lange syndrome (WP:WP5117, 2.18E-03)",,"Cohesin complex Cornelia de Lange syndrome (WP:WP5117, 2.52E-03)"
set14,"Cohesin complex Cornelia de Lange syndrome (WP:WP5117, 2.66E-03)","Cohesin complex Cornelia de Lange syndrome (WP:WP5117, 1.78E-03)",,,,,"Cohesin complex Cornelia de Lange syndrome (WP:WP5117, 2.54E-03)",,"Cohesin complex Cornelia de Lange syndrome (WP:WP5117, 2.54E-03)",,"Cohesin complex Cornelia de Lange syndrome (WP:WP5117, 2.18E-03)",,"Cohesin complex Cornelia de Lange syndrome (WP:WP5117, 2.52E-03)"
