,set1,set2,set3,set4,set5,set6,set7,set8,set9,set10,set11,set12,set13
set1,,,,,,,,,,,,,
set2,,,,,,,,,,,,,
set3,,,,,,,,,,,,,
set4,,,,,,,,,,,,,
set5,"Cell cycle (KEGG:04110, 6.13E-05)","Cell cycle (KEGG:04110, 2.91E-05)","Cell cycle (KEGG:04110, 7.53E-05)","Cell cycle (KEGG:04110, 6.66E-05)","Cell cycle (KEGG:04110, 3.10E-04)","Cell cycle (KEGG:04110, 8.63E-04)","Cell cycle (KEGG:04110, 5.49E-05)","Cell cycle (KEGG:04110, 7.53E-05)","Cell cycle (KEGG:04110, 4.91E-05)","Cell cycle (KEGG:04110, 1.63E-04)","Cell cycle (KEGG:04110, 4.88E-05)",,"Cell cycle (KEGG:04110, 6.13E-05)"
set6,"Cell cycle (KEGG:04110, 6.13E-05)","Cell cycle (KEGG:04110, 2.91E-05)","Cell cycle (KEGG:04110, 7.53E-05)","Cell cycle (KEGG:04110, 6.66E-05)","Cell cycle (KEGG:04110, 3.10E-04)","Cell cycle (KEGG:04110, 8.63E-04)","Cell cycle (KEGG:04110, 5.49E-05)","Cell cycle (KEGG:04110, 7.53E-05)","Cell cycle (KEGG:04110, 4.91E-05)","Cell cycle (KEGG:04110, 1.63E-04)","Cell cycle (KEGG:04110, 4.88E-05)",,"Cell cycle (KEGG:04110, 6.13E-05)"
set7,,,,,,,,,,,,,
set8,,,,,,,,,,,,,
set9,,,,,,,,,,,,,
set10,,,,,,,,,,,,,
set11,"Cell cycle (KEGG:04110, 6.13E-05)","Cell cycle (KEGG:04110, 2.91E-05)","Cell cycle (KEGG:04110, 7.53E-05)","Cell cycle (KEGG:04110, 6.66E-05)","Cell cycle (KEGG:04110, 3.10E-04)","Cell cycle (KEGG:04110, 8.63E-04)","Cell cycle (KEGG:04110, 5.49E-05)","Cell cycle (KEGG:04110, 7.53E-05)","Cell cycle (KEGG:04110, 4.91E-05)","Cell cycle (KEGG:04110, 1.63E-04)","Cell cycle (KEGG:04110, 4.88E-05)",,"Cell cycle (KEGG:04110, 6.13E-05)"
set12,,,,,,,,,,,,,
set13,,,,,,,,,,,,,
set14,,,,,,,,,,,,,
