,set1,set2,set3,set4,set5,set6,set7,set8,set9,set10,set11,set12,set13
set1,"protein serine kinase activity (GO:0106310, 8.63E-04)
protein serine/threonine kinase activity (GO:0004674, 1.89E-03)
tau-protein kinase activity (GO:0050321, 3.42E-03)
protein kinase binding (GO:0019901, 3.46E-03)
kinase activity (GO:0016301, 4.42E-03)
transferase activity, transferring phosphorus-containing groups (GO:0016772, 8.52E-03)
cohesin loader activity (GO:0061775, 9.13E-03)","protein serine kinase activity (GO:0106310, 2.47E-03)
protein serine/threonine kinase activity (GO:0004674, 3.38E-03)
tau-protein kinase activity (GO:0050321, 4.35E-03)
kinase activity (GO:0016301, 5.23E-03)
transferase activity, transferring phosphorus-containing groups (GO:0016772, 8.24E-03)
protein kinase binding (GO:0019901, 8.72E-03)
cohesin loader activity (GO:0061775, 8.72E-03)","protein serine kinase activity (GO:0106310, 2.17E-03)
tau-protein kinase activity (GO:0050321, 2.17E-03)
protein serine/threonine kinase activity (GO:0004674, 2.99E-03)
protein kinase binding (GO:0019901, 4.85E-03)
cohesin loader activity (GO:0061775, 9.09E-03)","protein serine kinase activity (GO:0106310, 2.04E-03)
tau-protein kinase activity (GO:0050321, 2.07E-03)
protein serine/threonine kinase activity (GO:0004674, 2.65E-03)
protein kinase binding (GO:0019901, 4.22E-03)
cohesin loader activity (GO:0061775, 8.06E-03)
small GTPase binding (GO:0031267, 9.60E-03)
kinase activity (GO:0016301, 9.97E-03)","protein serine kinase activity (GO:0106310, 2.56E-03)
protein serine/threonine kinase activity (GO:0004674, 4.08E-03)
protein kinase binding (GO:0019901, 4.08E-03)
kinase activity (GO:0016301, 8.21E-03)
kinase binding (GO:0019900, 8.66E-03)
cohesin loader activity (GO:0061775, 8.85E-03)","protein serine kinase activity (GO:0106310, 1.09E-03)
protein serine/threonine kinase activity (GO:0004674, 1.09E-03)
tau-protein kinase activity (GO:0050321, 1.49E-03)
kinase activity (GO:0016301, 3.28E-03)
transferase activity, transferring phosphorus-containing groups (GO:0016772, 4.39E-03)
protein kinase binding (GO:0019901, 6.96E-03)
protein kinase activity (GO:0004672, 9.18E-03)
tau protein binding (GO:0048156, 9.18E-03)","protein serine kinase activity (GO:0106310, 1.13E-03)
protein serine/threonine kinase activity (GO:0004674, 2.17E-03)
tau-protein kinase activity (GO:0050321, 3.25E-03)
protein kinase binding (GO:0019901, 3.25E-03)
kinase activity (GO:0016301, 4.15E-03)
transferase activity, transferring phosphorus-containing groups (GO:0016772, 8.81E-03)
cohesin loader activity (GO:0061775, 9.95E-03)","protein serine kinase activity (GO:0106310, 2.05E-03)
tau-protein kinase activity (GO:0050321, 2.08E-03)
protein serine/threonine kinase activity (GO:0004674, 2.66E-03)
protein kinase binding (GO:0019901, 4.24E-03)
cohesin loader activity (GO:0061775, 8.09E-03)
small GTPase binding (GO:0031267, 9.64E-03)","protein serine kinase activity (GO:0106310, 1.05E-03)
protein serine/threonine kinase activity (GO:0004674, 2.05E-03)
tau-protein kinase activity (GO:0050321, 3.07E-03)
protein kinase binding (GO:0019901, 3.07E-03)
kinase activity (GO:0016301, 3.89E-03)
transferase activity, transferring phosphorus-containing groups (GO:0016772, 8.25E-03)
cohesin loader activity (GO:0061775, 9.86E-03)","protein serine kinase activity (GO:0106310, 7.74E-04)
protein serine/threonine kinase activity (GO:0004674, 9.77E-04)
tau-protein kinase activity (GO:0050321, 4.01E-03)
kinase activity (GO:0016301, 4.75E-03)
transferase activity, transferring phosphorus-containing groups (GO:0016772, 8.49E-03)
cohesin loader activity (GO:0061775, 8.49E-03)
protein kinase binding (GO:0019901, 8.49E-03)
protein kinase activity (GO:0004672, 8.49E-03)","protein serine kinase activity (GO:0106310, 2.33E-03)
protein serine/threonine kinase activity (GO:0004674, 3.63E-03)
protein kinase binding (GO:0019901, 3.63E-03)
kinase activity (GO:0016301, 8.29E-03)
kinase binding (GO:0019900, 8.63E-03)
cohesin loader activity (GO:0061775, 9.68E-03)",,"protein serine kinase activity (GO:0106310, 8.05E-04)
protein serine/threonine kinase activity (GO:0004674, 1.78E-03)
tau-protein kinase activity (GO:0050321, 3.25E-03)
protein kinase binding (GO:0019901, 3.25E-03)
kinase activity (GO:0016301, 4.15E-03)
transferase activity, transferring phosphorus-containing groups (GO:0016772, 7.97E-03)
cohesin loader activity (GO:0061775, 9.05E-03)
kinase binding (GO:0019900, 9.90E-03)"
set2,"protein domain specific binding (GO:0019904, 8.63E-04)
protein serine kinase activity (GO:0106310, 8.63E-04)
protein serine/threonine kinase activity (GO:0004674, 1.89E-03)
tau-protein kinase activity (GO:0050321, 3.42E-03)
beta-tubulin binding (GO:0048487, 3.42E-03)
protein kinase binding (GO:0019901, 3.46E-03)
kinase activity (GO:0016301, 4.42E-03)
transferase activity, transferring phosphorus-containing groups (GO:0016772, 8.52E-03)
cohesin loader activity (GO:0061775, 9.13E-03)","protein serine kinase activity (GO:0106310, 2.47E-03)
protein serine/threonine kinase activity (GO:0004674, 3.38E-03)
protein domain specific binding (GO:0019904, 3.38E-03)
tau-protein kinase activity (GO:0050321, 4.35E-03)
kinase activity (GO:0016301, 5.23E-03)
transferase activity, transferring phosphorus-containing groups (GO:0016772, 8.24E-03)
protein kinase binding (GO:0019901, 8.72E-03)
cohesin loader activity (GO:0061775, 8.72E-03)","protein domain specific binding (GO:0019904, 5.05E-04)
protein serine kinase activity (GO:0106310, 2.17E-03)
beta-tubulin binding (GO:0048487, 2.17E-03)
tau-protein kinase activity (GO:0050321, 2.17E-03)
protein serine/threonine kinase activity (GO:0004674, 2.99E-03)
protein kinase binding (GO:0019901, 4.85E-03)
cohesin loader activity (GO:0061775, 9.09E-03)","protein domain specific binding (GO:0019904, 4.36E-04)
protein serine kinase activity (GO:0106310, 2.04E-03)
beta-tubulin binding (GO:0048487, 2.07E-03)
tau-protein kinase activity (GO:0050321, 2.07E-03)
protein serine/threonine kinase activity (GO:0004674, 2.65E-03)
protein kinase binding (GO:0019901, 4.22E-03)
cohesin loader activity (GO:0061775, 8.06E-03)
small GTPase binding (GO:0031267, 9.60E-03)
kinase activity (GO:0016301, 9.97E-03)","protein domain specific binding (GO:0019904, 2.16E-03)
protein serine kinase activity (GO:0106310, 2.56E-03)
protein serine/threonine kinase activity (GO:0004674, 4.08E-03)
beta-tubulin binding (GO:0048487, 4.08E-03)
protein kinase binding (GO:0019901, 4.08E-03)
kinase activity (GO:0016301, 8.21E-03)
kinase binding (GO:0019900, 8.66E-03)
cohesin loader activity (GO:0061775, 8.85E-03)","protein domain specific binding (GO:0019904, 4.50E-04)
protein serine kinase activity (GO:0106310, 1.09E-03)
protein serine/threonine kinase activity (GO:0004674, 1.09E-03)
tau-protein kinase activity (GO:0050321, 1.49E-03)
kinase activity (GO:0016301, 3.28E-03)
transferase activity, transferring phosphorus-containing groups (GO:0016772, 4.39E-03)
protein kinase binding (GO:0019901, 6.96E-03)
beta-tubulin binding (GO:0048487, 9.18E-03)
protein kinase activity (GO:0004672, 9.18E-03)
tau protein binding (GO:0048156, 9.18E-03)","protein domain specific binding (GO:0019904, 1.13E-03)
protein serine kinase activity (GO:0106310, 1.13E-03)
protein serine/threonine kinase activity (GO:0004674, 2.17E-03)
tau-protein kinase activity (GO:0050321, 3.25E-03)
beta-tubulin binding (GO:0048487, 3.25E-03)
protein kinase binding (GO:0019901, 3.25E-03)
kinase activity (GO:0016301, 4.15E-03)
transferase activity, transferring phosphorus-containing groups (GO:0016772, 8.81E-03)
cohesin loader activity (GO:0061775, 9.95E-03)","protein domain specific binding (GO:0019904, 4.37E-04)
protein serine kinase activity (GO:0106310, 2.05E-03)
beta-tubulin binding (GO:0048487, 2.07E-03)
tau-protein kinase activity (GO:0050321, 2.08E-03)
protein serine/threonine kinase activity (GO:0004674, 2.66E-03)
protein kinase binding (GO:0019901, 4.24E-03)
cohesin loader activity (GO:0061775, 8.09E-03)
small GTPase binding (GO:0031267, 9.64E-03)","protein domain specific binding (GO:0019904, 1.05E-03)
protein serine kinase activity (GO:0106310, 1.05E-03)
protein serine/threonine kinase activity (GO:0004674, 2.05E-03)
tau-protein kinase activity (GO:0050321, 3.07E-03)
beta-tubulin binding (GO:0048487, 3.07E-03)
protein kinase binding (GO:0019901, 3.07E-03)
kinase activity (GO:0016301, 3.89E-03)
transferase activity, transferring phosphorus-containing groups (GO:0016772, 8.25E-03)
cohesin loader activity (GO:0061775, 9.86E-03)","protein serine kinase activity (GO:0106310, 7.74E-04)
protein serine/threonine kinase activity (GO:0004674, 9.77E-04)
protein domain specific binding (GO:0019904, 2.73E-03)
tau-protein kinase activity (GO:0050321, 4.01E-03)
kinase activity (GO:0016301, 4.75E-03)
transferase activity, transferring phosphorus-containing groups (GO:0016772, 8.49E-03)
cohesin loader activity (GO:0061775, 8.49E-03)
protein kinase binding (GO:0019901, 8.49E-03)
protein kinase activity (GO:0004672, 8.49E-03)","protein domain specific binding (GO:0019904, 1.90E-03)
protein serine kinase activity (GO:0106310, 2.33E-03)
protein serine/threonine kinase activity (GO:0004674, 3.63E-03)
protein kinase binding (GO:0019901, 3.63E-03)
kinase activity (GO:0016301, 8.29E-03)
kinase binding (GO:0019900, 8.63E-03)
cohesin loader activity (GO:0061775, 9.68E-03)",,"protein domain specific binding (GO:0019904, 8.05E-04)
protein serine kinase activity (GO:0106310, 8.05E-04)
protein serine/threonine kinase activity (GO:0004674, 1.78E-03)
tau-protein kinase activity (GO:0050321, 3.25E-03)
protein kinase binding (GO:0019901, 3.25E-03)
beta-tubulin binding (GO:0048487, 3.25E-03)
kinase activity (GO:0016301, 4.15E-03)
transferase activity, transferring phosphorus-containing groups (GO:0016772, 7.97E-03)
cohesin loader activity (GO:0061775, 9.05E-03)
kinase binding (GO:0019900, 9.90E-03)"
set3,"protein serine kinase activity (GO:0106310, 8.63E-04)
protein serine/threonine kinase activity (GO:0004674, 1.89E-03)
tau-protein kinase activity (GO:0050321, 3.42E-03)
histone binding (GO:0042393, 3.42E-03)
protein kinase binding (GO:0019901, 3.46E-03)
kinase activity (GO:0016301, 4.42E-03)
transferase activity, transferring phosphorus-containing groups (GO:0016772, 8.52E-03)
cohesin loader activity (GO:0061775, 9.13E-03)","protein serine kinase activity (GO:0106310, 2.47E-03)
protein serine/threonine kinase activity (GO:0004674, 3.38E-03)
histone binding (GO:0042393, 3.38E-03)
tau-protein kinase activity (GO:0050321, 4.35E-03)
kinase activity (GO:0016301, 5.23E-03)
transferase activity, transferring phosphorus-containing groups (GO:0016772, 8.24E-03)
protein kinase binding (GO:0019901, 8.72E-03)
cohesin loader activity (GO:0061775, 8.72E-03)","protein serine kinase activity (GO:0106310, 2.17E-03)
tau-protein kinase activity (GO:0050321, 2.17E-03)
protein serine/threonine kinase activity (GO:0004674, 2.99E-03)
protein kinase binding (GO:0019901, 4.85E-03)
cohesin loader activity (GO:0061775, 9.09E-03)","protein serine kinase activity (GO:0106310, 2.04E-03)
tau-protein kinase activity (GO:0050321, 2.07E-03)
protein serine/threonine kinase activity (GO:0004674, 2.65E-03)
protein kinase binding (GO:0019901, 4.22E-03)
cohesin loader activity (GO:0061775, 8.06E-03)
small GTPase binding (GO:0031267, 9.60E-03)
kinase activity (GO:0016301, 9.97E-03)","protein serine kinase activity (GO:0106310, 2.56E-03)
protein serine/threonine kinase activity (GO:0004674, 4.08E-03)
protein kinase binding (GO:0019901, 4.08E-03)
kinase activity (GO:0016301, 8.21E-03)
kinase binding (GO:0019900, 8.66E-03)
histone binding (GO:0042393, 8.85E-03)
cohesin loader activity (GO:0061775, 8.85E-03)","protein serine kinase activity (GO:0106310, 1.09E-03)
protein serine/threonine kinase activity (GO:0004674, 1.09E-03)
tau-protein kinase activity (GO:0050321, 1.49E-03)
kinase activity (GO:0016301, 3.28E-03)
transferase activity, transferring phosphorus-containing groups (GO:0016772, 4.39E-03)
histone binding (GO:0042393, 6.75E-03)
protein kinase binding (GO:0019901, 6.96E-03)
protein kinase activity (GO:0004672, 9.18E-03)
tau protein binding (GO:0048156, 9.18E-03)","protein serine kinase activity (GO:0106310, 1.13E-03)
protein serine/threonine kinase activity (GO:0004674, 2.17E-03)
tau-protein kinase activity (GO:0050321, 3.25E-03)
protein kinase binding (GO:0019901, 3.25E-03)
histone binding (GO:0042393, 3.25E-03)
kinase activity (GO:0016301, 4.15E-03)
transferase activity, transferring phosphorus-containing groups (GO:0016772, 8.81E-03)
cohesin loader activity (GO:0061775, 9.95E-03)","protein serine kinase activity (GO:0106310, 2.05E-03)
tau-protein kinase activity (GO:0050321, 2.08E-03)
protein serine/threonine kinase activity (GO:0004674, 2.66E-03)
protein kinase binding (GO:0019901, 4.24E-03)
cohesin loader activity (GO:0061775, 8.09E-03)
small GTPase binding (GO:0031267, 9.64E-03)","protein serine kinase activity (GO:0106310, 1.05E-03)
protein serine/threonine kinase activity (GO:0004674, 2.05E-03)
tau-protein kinase activity (GO:0050321, 3.07E-03)
protein kinase binding (GO:0019901, 3.07E-03)
histone binding (GO:0042393, 3.07E-03)
kinase activity (GO:0016301, 3.89E-03)
transferase activity, transferring phosphorus-containing groups (GO:0016772, 8.25E-03)
cohesin loader activity (GO:0061775, 9.86E-03)","protein serine kinase activity (GO:0106310, 7.74E-04)
protein serine/threonine kinase activity (GO:0004674, 9.77E-04)
tau-protein kinase activity (GO:0050321, 4.01E-03)
kinase activity (GO:0016301, 4.75E-03)
histone binding (GO:0042393, 7.16E-03)
transferase activity, transferring phosphorus-containing groups (GO:0016772, 8.49E-03)
cohesin loader activity (GO:0061775, 8.49E-03)
protein kinase binding (GO:0019901, 8.49E-03)
protein kinase activity (GO:0004672, 8.49E-03)","protein serine kinase activity (GO:0106310, 2.33E-03)
protein serine/threonine kinase activity (GO:0004674, 3.63E-03)
protein kinase binding (GO:0019901, 3.63E-03)
kinase activity (GO:0016301, 8.29E-03)
kinase binding (GO:0019900, 8.63E-03)
histone binding (GO:0042393, 9.21E-03)
cohesin loader activity (GO:0061775, 9.68E-03)",,"protein serine kinase activity (GO:0106310, 8.05E-04)
protein serine/threonine kinase activity (GO:0004674, 1.78E-03)
tau-protein kinase activity (GO:0050321, 3.25E-03)
protein kinase binding (GO:0019901, 3.25E-03)
histone binding (GO:0042393, 3.25E-03)
kinase activity (GO:0016301, 4.15E-03)
transferase activity, transferring phosphorus-containing groups (GO:0016772, 7.97E-03)
cohesin loader activity (GO:0061775, 9.05E-03)
kinase binding (GO:0019900, 9.90E-03)"
set4,"protein serine kinase activity (GO:0106310, 8.63E-04)
protein serine/threonine kinase activity (GO:0004674, 1.89E-03)
tau-protein kinase activity (GO:0050321, 3.42E-03)
histone binding (GO:0042393, 3.42E-03)
protein kinase binding (GO:0019901, 3.46E-03)
kinase activity (GO:0016301, 4.42E-03)
transferase activity, transferring phosphorus-containing groups (GO:0016772, 8.52E-03)
cohesin loader activity (GO:0061775, 9.13E-03)","protein serine kinase activity (GO:0106310, 2.47E-03)
protein serine/threonine kinase activity (GO:0004674, 3.38E-03)
histone binding (GO:0042393, 3.38E-03)
tau-protein kinase activity (GO:0050321, 4.35E-03)
kinase activity (GO:0016301, 5.23E-03)
transferase activity, transferring phosphorus-containing groups (GO:0016772, 8.24E-03)
protein kinase binding (GO:0019901, 8.72E-03)
cohesin loader activity (GO:0061775, 8.72E-03)","protein serine kinase activity (GO:0106310, 2.17E-03)
tau-protein kinase activity (GO:0050321, 2.17E-03)
protein serine/threonine kinase activity (GO:0004674, 2.99E-03)
protein kinase binding (GO:0019901, 4.85E-03)
cohesin loader activity (GO:0061775, 9.09E-03)","protein serine kinase activity (GO:0106310, 2.04E-03)
tau-protein kinase activity (GO:0050321, 2.07E-03)
protein serine/threonine kinase activity (GO:0004674, 2.65E-03)
protein kinase binding (GO:0019901, 4.22E-03)
cohesin loader activity (GO:0061775, 8.06E-03)
small GTPase binding (GO:0031267, 9.60E-03)
kinase activity (GO:0016301, 9.97E-03)","protein serine kinase activity (GO:0106310, 2.56E-03)
protein serine/threonine kinase activity (GO:0004674, 4.08E-03)
protein kinase binding (GO:0019901, 4.08E-03)
kinase activity (GO:0016301, 8.21E-03)
kinase binding (GO:0019900, 8.66E-03)
histone binding (GO:0042393, 8.85E-03)
cohesin loader activity (GO:0061775, 8.85E-03)","protein serine kinase activity (GO:0106310, 1.09E-03)
protein serine/threonine kinase activity (GO:0004674, 1.09E-03)
tau-protein kinase activity (GO:0050321, 1.49E-03)
kinase activity (GO:0016301, 3.28E-03)
transferase activity, transferring phosphorus-containing groups (GO:0016772, 4.39E-03)
histone binding (GO:0042393, 6.75E-03)
protein kinase binding (GO:0019901, 6.96E-03)
protein kinase activity (GO:0004672, 9.18E-03)
tau protein binding (GO:0048156, 9.18E-03)","protein serine kinase activity (GO:0106310, 1.13E-03)
protein serine/threonine kinase activity (GO:0004674, 2.17E-03)
tau-protein kinase activity (GO:0050321, 3.25E-03)
protein kinase binding (GO:0019901, 3.25E-03)
histone binding (GO:0042393, 3.25E-03)
kinase activity (GO:0016301, 4.15E-03)
transferase activity, transferring phosphorus-containing groups (GO:0016772, 8.81E-03)
cohesin loader activity (GO:0061775, 9.95E-03)","protein serine kinase activity (GO:0106310, 2.05E-03)
tau-protein kinase activity (GO:0050321, 2.08E-03)
protein serine/threonine kinase activity (GO:0004674, 2.66E-03)
protein kinase binding (GO:0019901, 4.24E-03)
cohesin loader activity (GO:0061775, 8.09E-03)
small GTPase binding (GO:0031267, 9.64E-03)","protein serine kinase activity (GO:0106310, 1.05E-03)
protein serine/threonine kinase activity (GO:0004674, 2.05E-03)
tau-protein kinase activity (GO:0050321, 3.07E-03)
protein kinase binding (GO:0019901, 3.07E-03)
histone binding (GO:0042393, 3.07E-03)
kinase activity (GO:0016301, 3.89E-03)
transferase activity, transferring phosphorus-containing groups (GO:0016772, 8.25E-03)
cohesin loader activity (GO:0061775, 9.86E-03)","protein serine kinase activity (GO:0106310, 7.74E-04)
protein serine/threonine kinase activity (GO:0004674, 9.77E-04)
tau-protein kinase activity (GO:0050321, 4.01E-03)
kinase activity (GO:0016301, 4.75E-03)
histone binding (GO:0042393, 7.16E-03)
transferase activity, transferring phosphorus-containing groups (GO:0016772, 8.49E-03)
cohesin loader activity (GO:0061775, 8.49E-03)
protein kinase binding (GO:0019901, 8.49E-03)
protein kinase activity (GO:0004672, 8.49E-03)","protein serine kinase activity (GO:0106310, 2.33E-03)
protein serine/threonine kinase activity (GO:0004674, 3.63E-03)
protein kinase binding (GO:0019901, 3.63E-03)
kinase activity (GO:0016301, 8.29E-03)
kinase binding (GO:0019900, 8.63E-03)
histone binding (GO:0042393, 9.21E-03)
cohesin loader activity (GO:0061775, 9.68E-03)",,"protein serine kinase activity (GO:0106310, 8.05E-04)
protein serine/threonine kinase activity (GO:0004674, 1.78E-03)
tau-protein kinase activity (GO:0050321, 3.25E-03)
protein kinase binding (GO:0019901, 3.25E-03)
histone binding (GO:0042393, 3.25E-03)
kinase activity (GO:0016301, 4.15E-03)
transferase activity, transferring phosphorus-containing groups (GO:0016772, 7.97E-03)
cohesin loader activity (GO:0061775, 9.05E-03)
kinase binding (GO:0019900, 9.90E-03)"
set5,"protein domain specific binding (GO:0019904, 8.63E-04)
protein serine kinase activity (GO:0106310, 8.63E-04)
protein serine/threonine kinase activity (GO:0004674, 1.89E-03)
tau-protein kinase activity (GO:0050321, 3.42E-03)
beta-tubulin binding (GO:0048487, 3.42E-03)
histone binding (GO:0042393, 3.42E-03)
protein kinase binding (GO:0019901, 3.46E-03)
kinase activity (GO:0016301, 4.42E-03)
transferase activity, transferring phosphorus-containing groups (GO:0016772, 8.52E-03)
cohesin loader activity (GO:0061775, 9.13E-03)","protein serine kinase activity (GO:0106310, 2.47E-03)
protein serine/threonine kinase activity (GO:0004674, 3.38E-03)
protein domain specific binding (GO:0019904, 3.38E-03)
histone binding (GO:0042393, 3.38E-03)
tau-protein kinase activity (GO:0050321, 4.35E-03)
kinase activity (GO:0016301, 5.23E-03)
transferase activity, transferring phosphorus-containing groups (GO:0016772, 8.24E-03)
protein kinase binding (GO:0019901, 8.72E-03)
cohesin loader activity (GO:0061775, 8.72E-03)","protein domain specific binding (GO:0019904, 5.05E-04)
protein serine kinase activity (GO:0106310, 2.17E-03)
beta-tubulin binding (GO:0048487, 2.17E-03)
tau-protein kinase activity (GO:0050321, 2.17E-03)
protein serine/threonine kinase activity (GO:0004674, 2.99E-03)
protein kinase binding (GO:0019901, 4.85E-03)
cohesin loader activity (GO:0061775, 9.09E-03)","protein domain specific binding (GO:0019904, 4.36E-04)
protein serine kinase activity (GO:0106310, 2.04E-03)
beta-tubulin binding (GO:0048487, 2.07E-03)
tau-protein kinase activity (GO:0050321, 2.07E-03)
protein serine/threonine kinase activity (GO:0004674, 2.65E-03)
protein kinase binding (GO:0019901, 4.22E-03)
cohesin loader activity (GO:0061775, 8.06E-03)
small GTPase binding (GO:0031267, 9.60E-03)
kinase activity (GO:0016301, 9.97E-03)","protein domain specific binding (GO:0019904, 2.16E-03)
protein serine kinase activity (GO:0106310, 2.56E-03)
protein serine/threonine kinase activity (GO:0004674, 4.08E-03)
beta-tubulin binding (GO:0048487, 4.08E-03)
protein kinase binding (GO:0019901, 4.08E-03)
kinase activity (GO:0016301, 8.21E-03)
kinase binding (GO:0019900, 8.66E-03)
histone binding (GO:0042393, 8.85E-03)
cohesin loader activity (GO:0061775, 8.85E-03)","protein domain specific binding (GO:0019904, 4.50E-04)
protein serine kinase activity (GO:0106310, 1.09E-03)
protein serine/threonine kinase activity (GO:0004674, 1.09E-03)
tau-protein kinase activity (GO:0050321, 1.49E-03)
kinase activity (GO:0016301, 3.28E-03)
transferase activity, transferring phosphorus-containing groups (GO:0016772, 4.39E-03)
histone binding (GO:0042393, 6.75E-03)
protein kinase binding (GO:0019901, 6.96E-03)
beta-tubulin binding (GO:0048487, 9.18E-03)
protein kinase activity (GO:0004672, 9.18E-03)
tau protein binding (GO:0048156, 9.18E-03)","protein domain specific binding (GO:0019904, 1.13E-03)
protein serine kinase activity (GO:0106310, 1.13E-03)
protein serine/threonine kinase activity (GO:0004674, 2.17E-03)
tau-protein kinase activity (GO:0050321, 3.25E-03)
beta-tubulin binding (GO:0048487, 3.25E-03)
protein kinase binding (GO:0019901, 3.25E-03)
histone binding (GO:0042393, 3.25E-03)
kinase activity (GO:0016301, 4.15E-03)
transferase activity, transferring phosphorus-containing groups (GO:0016772, 8.81E-03)
cohesin loader activity (GO:0061775, 9.95E-03)","protein domain specific binding (GO:0019904, 4.37E-04)
protein serine kinase activity (GO:0106310, 2.05E-03)
beta-tubulin binding (GO:0048487, 2.07E-03)
tau-protein kinase activity (GO:0050321, 2.08E-03)
protein serine/threonine kinase activity (GO:0004674, 2.66E-03)
protein kinase binding (GO:0019901, 4.24E-03)
cohesin loader activity (GO:0061775, 8.09E-03)
small GTPase binding (GO:0031267, 9.64E-03)","protein domain specific binding (GO:0019904, 1.05E-03)
protein serine kinase activity (GO:0106310, 1.05E-03)
protein serine/threonine kinase activity (GO:0004674, 2.05E-03)
tau-protein kinase activity (GO:0050321, 3.07E-03)
beta-tubulin binding (GO:0048487, 3.07E-03)
protein kinase binding (GO:0019901, 3.07E-03)
histone binding (GO:0042393, 3.07E-03)
kinase activity (GO:0016301, 3.89E-03)
transferase activity, transferring phosphorus-containing groups (GO:0016772, 8.25E-03)
cohesin loader activity (GO:0061775, 9.86E-03)","protein serine kinase activity (GO:0106310, 7.74E-04)
protein serine/threonine kinase activity (GO:0004674, 9.77E-04)
protein domain specific binding (GO:0019904, 2.73E-03)
tau-protein kinase activity (GO:0050321, 4.01E-03)
kinase activity (GO:0016301, 4.75E-03)
histone binding (GO:0042393, 7.16E-03)
transferase activity, transferring phosphorus-containing groups (GO:0016772, 8.49E-03)
cohesin loader activity (GO:0061775, 8.49E-03)
protein kinase binding (GO:0019901, 8.49E-03)
protein kinase activity (GO:0004672, 8.49E-03)","protein domain specific binding (GO:0019904, 1.90E-03)
protein serine kinase activity (GO:0106310, 2.33E-03)
protein serine/threonine kinase activity (GO:0004674, 3.63E-03)
protein kinase binding (GO:0019901, 3.63E-03)
kinase activity (GO:0016301, 8.29E-03)
kinase binding (GO:0019900, 8.63E-03)
histone binding (GO:0042393, 9.21E-03)
cohesin loader activity (GO:0061775, 9.68E-03)",,"protein domain specific binding (GO:0019904, 8.05E-04)
protein serine kinase activity (GO:0106310, 8.05E-04)
protein serine/threonine kinase activity (GO:0004674, 1.78E-03)
tau-protein kinase activity (GO:0050321, 3.25E-03)
protein kinase binding (GO:0019901, 3.25E-03)
beta-tubulin binding (GO:0048487, 3.25E-03)
histone binding (GO:0042393, 3.25E-03)
kinase activity (GO:0016301, 4.15E-03)
transferase activity, transferring phosphorus-containing groups (GO:0016772, 7.97E-03)
cohesin loader activity (GO:0061775, 9.05E-03)
kinase binding (GO:0019900, 9.90E-03)"
set6,"chromatin binding (GO:0003682, 5.76E-05)
protein domain specific binding (GO:0019904, 8.63E-04)
protein serine kinase activity (GO:0106310, 8.63E-04)
protein serine/threonine kinase activity (GO:0004674, 1.89E-03)
tau-protein kinase activity (GO:0050321, 3.42E-03)
enzyme binding (GO:0019899, 3.42E-03)
ATP binding (GO:0005524, 3.42E-03)
beta-tubulin binding (GO:0048487, 3.42E-03)
histone binding (GO:0042393, 3.42E-03)
adenyl nucleotide binding (GO:0030554, 3.42E-03)
adenyl ribonucleotide binding (GO:0032559, 3.42E-03)
protein kinase binding (GO:0019901, 3.46E-03)
kinase activity (GO:0016301, 4.42E-03)
enzyme regulator activity (GO:0030234, 6.45E-03)
guanyl-nucleotide exchange factor activity (GO:0005085, 6.97E-03)
enzyme activator activity (GO:0008047, 8.13E-03)
transferase activity, transferring phosphorus-containing groups (GO:0016772, 8.52E-03)
cohesin loader activity (GO:0061775, 9.13E-03)","chromatin binding (GO:0003682, 2.24E-04)
protein serine kinase activity (GO:0106310, 2.47E-03)
protein serine/threonine kinase activity (GO:0004674, 3.38E-03)
protein domain specific binding (GO:0019904, 3.38E-03)
histone binding (GO:0042393, 3.38E-03)
tau-protein kinase activity (GO:0050321, 4.35E-03)
adenyl ribonucleotide binding (GO:0032559, 4.35E-03)
adenyl nucleotide binding (GO:0030554, 5.07E-03)
ATP binding (GO:0005524, 5.12E-03)
enzyme binding (GO:0019899, 5.23E-03)
kinase activity (GO:0016301, 5.23E-03)
catalytic activity, acting on a protein (GO:0140096, 5.28E-03)
transferase activity, transferring phosphorus-containing groups (GO:0016772, 8.24E-03)
protein kinase binding (GO:0019901, 8.72E-03)
cohesin loader activity (GO:0061775, 8.72E-03)","chromatin binding (GO:0003682, 3.00E-04)
protein domain specific binding (GO:0019904, 5.05E-04)
enzyme binding (GO:0019899, 2.03E-03)
protein serine kinase activity (GO:0106310, 2.17E-03)
beta-tubulin binding (GO:0048487, 2.17E-03)
enzyme regulator activity (GO:0030234, 2.17E-03)
tau-protein kinase activity (GO:0050321, 2.17E-03)
enzyme activator activity (GO:0008047, 2.17E-03)
protein serine/threonine kinase activity (GO:0004674, 2.99E-03)
protein kinase binding (GO:0019901, 4.85E-03)
cohesin loader activity (GO:0061775, 9.09E-03)
GTPase activator activity (GO:0005096, 9.09E-03)","chromatin binding (GO:0003682, 2.53E-04)
protein domain specific binding (GO:0019904, 4.36E-04)
enzyme binding (GO:0019899, 1.60E-03)
enzyme regulator activity (GO:0030234, 2.01E-03)
protein serine kinase activity (GO:0106310, 2.04E-03)
enzyme activator activity (GO:0008047, 2.07E-03)
beta-tubulin binding (GO:0048487, 2.07E-03)
tau-protein kinase activity (GO:0050321, 2.07E-03)
protein serine/threonine kinase activity (GO:0004674, 2.65E-03)
protein kinase binding (GO:0019901, 4.22E-03)
cohesin loader activity (GO:0061775, 8.06E-03)
GTPase activator activity (GO:0005096, 8.06E-03)
guanyl-nucleotide exchange factor activity (GO:0005085, 9.60E-03)
small GTPase binding (GO:0031267, 9.60E-03)
kinase activity (GO:0016301, 9.97E-03)","chromatin binding (GO:0003682, 3.40E-05)
protein domain specific binding (GO:0019904, 2.16E-03)
protein serine kinase activity (GO:0106310, 2.56E-03)
protein serine/threonine kinase activity (GO:0004674, 4.08E-03)
beta-tubulin binding (GO:0048487, 4.08E-03)
enzyme binding (GO:0019899, 4.08E-03)
protein kinase binding (GO:0019901, 4.08E-03)
adenyl ribonucleotide binding (GO:0032559, 4.08E-03)
adenyl nucleotide binding (GO:0030554, 4.74E-03)
ATP binding (GO:0005524, 4.74E-03)
guanyl-nucleotide exchange factor activity (GO:0005085, 6.90E-03)
enzyme activator activity (GO:0008047, 7.17E-03)
kinase activity (GO:0016301, 8.21E-03)
enzyme regulator activity (GO:0030234, 8.66E-03)
kinase binding (GO:0019900, 8.66E-03)
histone binding (GO:0042393, 8.85E-03)
cohesin loader activity (GO:0061775, 8.85E-03)","protein domain specific binding (GO:0019904, 4.50E-04)
chromatin binding (GO:0003682, 1.09E-03)
protein serine kinase activity (GO:0106310, 1.09E-03)
protein serine/threonine kinase activity (GO:0004674, 1.09E-03)
enzyme regulator activity (GO:0030234, 1.33E-03)
enzyme activator activity (GO:0008047, 1.49E-03)
tau-protein kinase activity (GO:0050321, 1.49E-03)
kinase activity (GO:0016301, 3.28E-03)
transferase activity, transferring phosphorus-containing groups (GO:0016772, 4.39E-03)
enzyme binding (GO:0019899, 6.41E-03)
histone binding (GO:0042393, 6.75E-03)
protein kinase binding (GO:0019901, 6.96E-03)
beta-tubulin binding (GO:0048487, 9.18E-03)
GTPase activator activity (GO:0005096, 9.18E-03)
protein kinase activity (GO:0004672, 9.18E-03)
beta-aspartyl-peptidase activity (GO:0008798, 9.18E-03)
asparaginase activity (GO:0004067, 9.18E-03)
tau protein binding (GO:0048156, 9.18E-03)","chromatin binding (GO:0003682, 5.31E-05)
protein domain specific binding (GO:0019904, 1.13E-03)
protein serine kinase activity (GO:0106310, 1.13E-03)
protein serine/threonine kinase activity (GO:0004674, 2.17E-03)
tau-protein kinase activity (GO:0050321, 3.25E-03)
enzyme binding (GO:0019899, 3.25E-03)
beta-tubulin binding (GO:0048487, 3.25E-03)
protein kinase binding (GO:0019901, 3.25E-03)
ATP binding (GO:0005524, 3.25E-03)
histone binding (GO:0042393, 3.25E-03)
adenyl nucleotide binding (GO:0030554, 3.25E-03)
adenyl ribonucleotide binding (GO:0032559, 3.25E-03)
kinase activity (GO:0016301, 4.15E-03)
guanyl-nucleotide exchange factor activity (GO:0005085, 7.09E-03)
transferase activity, transferring phosphorus-containing groups (GO:0016772, 8.81E-03)
cohesin loader activity (GO:0061775, 9.95E-03)","chromatin binding (GO:0003682, 2.54E-04)
protein domain specific binding (GO:0019904, 4.37E-04)
enzyme binding (GO:0019899, 1.61E-03)
enzyme regulator activity (GO:0030234, 2.02E-03)
protein serine kinase activity (GO:0106310, 2.05E-03)
enzyme activator activity (GO:0008047, 2.07E-03)
beta-tubulin binding (GO:0048487, 2.07E-03)
tau-protein kinase activity (GO:0050321, 2.08E-03)
protein serine/threonine kinase activity (GO:0004674, 2.66E-03)
protein kinase binding (GO:0019901, 4.24E-03)
cohesin loader activity (GO:0061775, 8.09E-03)
GTPase activator activity (GO:0005096, 8.09E-03)
guanyl-nucleotide exchange factor activity (GO:0005085, 9.64E-03)
small GTPase binding (GO:0031267, 9.64E-03)","chromatin binding (GO:0003682, 4.53E-05)
protein domain specific binding (GO:0019904, 1.05E-03)
protein serine kinase activity (GO:0106310, 1.05E-03)
protein serine/threonine kinase activity (GO:0004674, 2.05E-03)
tau-protein kinase activity (GO:0050321, 3.07E-03)
enzyme binding (GO:0019899, 3.07E-03)
beta-tubulin binding (GO:0048487, 3.07E-03)
protein kinase binding (GO:0019901, 3.07E-03)
ATP binding (GO:0005524, 3.07E-03)
histone binding (GO:0042393, 3.07E-03)
adenyl nucleotide binding (GO:0030554, 3.07E-03)
adenyl ribonucleotide binding (GO:0032559, 3.07E-03)
kinase activity (GO:0016301, 3.89E-03)
guanyl-nucleotide exchange factor activity (GO:0005085, 6.84E-03)
transferase activity, transferring phosphorus-containing groups (GO:0016772, 8.25E-03)
cohesin loader activity (GO:0061775, 9.86E-03)","chromatin binding (GO:0003682, 6.07E-05)
protein serine kinase activity (GO:0106310, 7.74E-04)
protein serine/threonine kinase activity (GO:0004674, 9.77E-04)
protein domain specific binding (GO:0019904, 2.73E-03)
tau-protein kinase activity (GO:0050321, 4.01E-03)
adenyl ribonucleotide binding (GO:0032559, 4.18E-03)
catalytic activity, acting on a protein (GO:0140096, 4.18E-03)
adenyl nucleotide binding (GO:0030554, 4.74E-03)
ATP binding (GO:0005524, 4.75E-03)
kinase activity (GO:0016301, 4.75E-03)
enzyme binding (GO:0019899, 4.75E-03)
enzyme regulator activity (GO:0030234, 4.75E-03)
histone binding (GO:0042393, 7.16E-03)
transferase activity, transferring phosphorus-containing groups (GO:0016772, 8.49E-03)
cohesin loader activity (GO:0061775, 8.49E-03)
protein kinase binding (GO:0019901, 8.49E-03)
protein kinase activity (GO:0004672, 8.49E-03)
enzyme activator activity (GO:0008047, 9.24E-03)","chromatin binding (GO:0003682, 2.89E-05)
protein domain specific binding (GO:0019904, 1.90E-03)
protein serine kinase activity (GO:0106310, 2.33E-03)
protein serine/threonine kinase activity (GO:0004674, 3.63E-03)
enzyme binding (GO:0019899, 3.63E-03)
protein kinase binding (GO:0019901, 3.63E-03)
adenyl ribonucleotide binding (GO:0032559, 3.63E-03)
ATP binding (GO:0005524, 4.30E-03)
adenyl nucleotide binding (GO:0030554, 4.30E-03)
guanyl-nucleotide exchange factor activity (GO:0005085, 6.91E-03)
kinase activity (GO:0016301, 8.29E-03)
enzyme regulator activity (GO:0030234, 8.63E-03)
kinase binding (GO:0019900, 8.63E-03)
histone binding (GO:0042393, 9.21E-03)
cohesin loader activity (GO:0061775, 9.68E-03)","enzyme regulator activity (GO:0030234, 3.82E-03)
enzyme activator activity (GO:0008047, 3.82E-03)","chromatin binding (GO:0003682, 5.31E-05)
protein domain specific binding (GO:0019904, 8.05E-04)
protein serine kinase activity (GO:0106310, 8.05E-04)
protein serine/threonine kinase activity (GO:0004674, 1.78E-03)
tau-protein kinase activity (GO:0050321, 3.25E-03)
enzyme binding (GO:0019899, 3.25E-03)
protein kinase binding (GO:0019901, 3.25E-03)
beta-tubulin binding (GO:0048487, 3.25E-03)
ATP binding (GO:0005524, 3.25E-03)
histone binding (GO:0042393, 3.25E-03)
adenyl ribonucleotide binding (GO:0032559, 3.25E-03)
adenyl nucleotide binding (GO:0030554, 3.25E-03)
kinase activity (GO:0016301, 4.15E-03)
enzyme regulator activity (GO:0030234, 5.96E-03)
guanyl-nucleotide exchange factor activity (GO:0005085, 6.72E-03)
enzyme activator activity (GO:0008047, 7.71E-03)
transferase activity, transferring phosphorus-containing groups (GO:0016772, 7.97E-03)
cohesin loader activity (GO:0061775, 9.05E-03)
kinase binding (GO:0019900, 9.90E-03)
catalytic activity, acting on a protein (GO:0140096, 1.00E-02)"
set7,"protein serine kinase activity (GO:0106310, 8.63E-04)
protein serine/threonine kinase activity (GO:0004674, 1.89E-03)
tau-protein kinase activity (GO:0050321, 3.42E-03)
histone binding (GO:0042393, 3.42E-03)
protein kinase binding (GO:0019901, 3.46E-03)
kinase activity (GO:0016301, 4.42E-03)
transferase activity, transferring phosphorus-containing groups (GO:0016772, 8.52E-03)
cohesin loader activity (GO:0061775, 9.13E-03)","protein serine kinase activity (GO:0106310, 2.47E-03)
protein serine/threonine kinase activity (GO:0004674, 3.38E-03)
histone binding (GO:0042393, 3.38E-03)
tau-protein kinase activity (GO:0050321, 4.35E-03)
kinase activity (GO:0016301, 5.23E-03)
transferase activity, transferring phosphorus-containing groups (GO:0016772, 8.24E-03)
protein kinase binding (GO:0019901, 8.72E-03)
cohesin loader activity (GO:0061775, 8.72E-03)","protein serine kinase activity (GO:0106310, 2.17E-03)
tau-protein kinase activity (GO:0050321, 2.17E-03)
protein serine/threonine kinase activity (GO:0004674, 2.99E-03)
protein kinase binding (GO:0019901, 4.85E-03)
cohesin loader activity (GO:0061775, 9.09E-03)","protein serine kinase activity (GO:0106310, 2.04E-03)
tau-protein kinase activity (GO:0050321, 2.07E-03)
protein serine/threonine kinase activity (GO:0004674, 2.65E-03)
protein kinase binding (GO:0019901, 4.22E-03)
cohesin loader activity (GO:0061775, 8.06E-03)
small GTPase binding (GO:0031267, 9.60E-03)
kinase activity (GO:0016301, 9.97E-03)","protein serine kinase activity (GO:0106310, 2.56E-03)
protein serine/threonine kinase activity (GO:0004674, 4.08E-03)
protein kinase binding (GO:0019901, 4.08E-03)
kinase activity (GO:0016301, 8.21E-03)
kinase binding (GO:0019900, 8.66E-03)
histone binding (GO:0042393, 8.85E-03)
cohesin loader activity (GO:0061775, 8.85E-03)","protein serine kinase activity (GO:0106310, 1.09E-03)
protein serine/threonine kinase activity (GO:0004674, 1.09E-03)
tau-protein kinase activity (GO:0050321, 1.49E-03)
kinase activity (GO:0016301, 3.28E-03)
transferase activity, transferring phosphorus-containing groups (GO:0016772, 4.39E-03)
histone binding (GO:0042393, 6.75E-03)
protein kinase binding (GO:0019901, 6.96E-03)
protein kinase activity (GO:0004672, 9.18E-03)
tau protein binding (GO:0048156, 9.18E-03)","protein serine kinase activity (GO:0106310, 1.13E-03)
protein serine/threonine kinase activity (GO:0004674, 2.17E-03)
tau-protein kinase activity (GO:0050321, 3.25E-03)
protein kinase binding (GO:0019901, 3.25E-03)
histone binding (GO:0042393, 3.25E-03)
kinase activity (GO:0016301, 4.15E-03)
transferase activity, transferring phosphorus-containing groups (GO:0016772, 8.81E-03)
cohesin loader activity (GO:0061775, 9.95E-03)","protein serine kinase activity (GO:0106310, 2.05E-03)
tau-protein kinase activity (GO:0050321, 2.08E-03)
protein serine/threonine kinase activity (GO:0004674, 2.66E-03)
protein kinase binding (GO:0019901, 4.24E-03)
cohesin loader activity (GO:0061775, 8.09E-03)
small GTPase binding (GO:0031267, 9.64E-03)","protein serine kinase activity (GO:0106310, 1.05E-03)
protein serine/threonine kinase activity (GO:0004674, 2.05E-03)
tau-protein kinase activity (GO:0050321, 3.07E-03)
protein kinase binding (GO:0019901, 3.07E-03)
histone binding (GO:0042393, 3.07E-03)
kinase activity (GO:0016301, 3.89E-03)
transferase activity, transferring phosphorus-containing groups (GO:0016772, 8.25E-03)
cohesin loader activity (GO:0061775, 9.86E-03)","protein serine kinase activity (GO:0106310, 7.74E-04)
protein serine/threonine kinase activity (GO:0004674, 9.77E-04)
tau-protein kinase activity (GO:0050321, 4.01E-03)
kinase activity (GO:0016301, 4.75E-03)
histone binding (GO:0042393, 7.16E-03)
transferase activity, transferring phosphorus-containing groups (GO:0016772, 8.49E-03)
cohesin loader activity (GO:0061775, 8.49E-03)
protein kinase binding (GO:0019901, 8.49E-03)
protein kinase activity (GO:0004672, 8.49E-03)","protein serine kinase activity (GO:0106310, 2.33E-03)
protein serine/threonine kinase activity (GO:0004674, 3.63E-03)
protein kinase binding (GO:0019901, 3.63E-03)
kinase activity (GO:0016301, 8.29E-03)
kinase binding (GO:0019900, 8.63E-03)
histone binding (GO:0042393, 9.21E-03)
cohesin loader activity (GO:0061775, 9.68E-03)",,"protein serine kinase activity (GO:0106310, 8.05E-04)
protein serine/threonine kinase activity (GO:0004674, 1.78E-03)
tau-protein kinase activity (GO:0050321, 3.25E-03)
protein kinase binding (GO:0019901, 3.25E-03)
histone binding (GO:0042393, 3.25E-03)
kinase activity (GO:0016301, 4.15E-03)
transferase activity, transferring phosphorus-containing groups (GO:0016772, 7.97E-03)
cohesin loader activity (GO:0061775, 9.05E-03)
kinase binding (GO:0019900, 9.90E-03)"
set8,"protein serine kinase activity (GO:0106310, 8.63E-04)
protein serine/threonine kinase activity (GO:0004674, 1.89E-03)
tau-protein kinase activity (GO:0050321, 3.42E-03)
protein kinase binding (GO:0019901, 3.46E-03)
kinase activity (GO:0016301, 4.42E-03)
transferase activity, transferring phosphorus-containing groups (GO:0016772, 8.52E-03)
cohesin loader activity (GO:0061775, 9.13E-03)","protein serine kinase activity (GO:0106310, 2.47E-03)
protein serine/threonine kinase activity (GO:0004674, 3.38E-03)
tau-protein kinase activity (GO:0050321, 4.35E-03)
kinase activity (GO:0016301, 5.23E-03)
transferase activity, transferring phosphorus-containing groups (GO:0016772, 8.24E-03)
protein kinase binding (GO:0019901, 8.72E-03)
cohesin loader activity (GO:0061775, 8.72E-03)","protein serine kinase activity (GO:0106310, 2.17E-03)
tau-protein kinase activity (GO:0050321, 2.17E-03)
protein serine/threonine kinase activity (GO:0004674, 2.99E-03)
protein kinase binding (GO:0019901, 4.85E-03)
cohesin loader activity (GO:0061775, 9.09E-03)","protein serine kinase activity (GO:0106310, 2.04E-03)
tau-protein kinase activity (GO:0050321, 2.07E-03)
protein serine/threonine kinase activity (GO:0004674, 2.65E-03)
protein kinase binding (GO:0019901, 4.22E-03)
cohesin loader activity (GO:0061775, 8.06E-03)
small GTPase binding (GO:0031267, 9.60E-03)
kinase activity (GO:0016301, 9.97E-03)","protein serine kinase activity (GO:0106310, 2.56E-03)
protein serine/threonine kinase activity (GO:0004674, 4.08E-03)
protein kinase binding (GO:0019901, 4.08E-03)
kinase activity (GO:0016301, 8.21E-03)
kinase binding (GO:0019900, 8.66E-03)
cohesin loader activity (GO:0061775, 8.85E-03)","protein serine kinase activity (GO:0106310, 1.09E-03)
protein serine/threonine kinase activity (GO:0004674, 1.09E-03)
tau-protein kinase activity (GO:0050321, 1.49E-03)
kinase activity (GO:0016301, 3.28E-03)
transferase activity, transferring phosphorus-containing groups (GO:0016772, 4.39E-03)
protein kinase binding (GO:0019901, 6.96E-03)
protein kinase activity (GO:0004672, 9.18E-03)
tau protein binding (GO:0048156, 9.18E-03)","protein serine kinase activity (GO:0106310, 1.13E-03)
protein serine/threonine kinase activity (GO:0004674, 2.17E-03)
tau-protein kinase activity (GO:0050321, 3.25E-03)
protein kinase binding (GO:0019901, 3.25E-03)
kinase activity (GO:0016301, 4.15E-03)
transferase activity, transferring phosphorus-containing groups (GO:0016772, 8.81E-03)
cohesin loader activity (GO:0061775, 9.95E-03)","protein serine kinase activity (GO:0106310, 2.05E-03)
tau-protein kinase activity (GO:0050321, 2.08E-03)
protein serine/threonine kinase activity (GO:0004674, 2.66E-03)
protein kinase binding (GO:0019901, 4.24E-03)
cohesin loader activity (GO:0061775, 8.09E-03)
small GTPase binding (GO:0031267, 9.64E-03)","protein serine kinase activity (GO:0106310, 1.05E-03)
protein serine/threonine kinase activity (GO:0004674, 2.05E-03)
tau-protein kinase activity (GO:0050321, 3.07E-03)
protein kinase binding (GO:0019901, 3.07E-03)
kinase activity (GO:0016301, 3.89E-03)
transferase activity, transferring phosphorus-containing groups (GO:0016772, 8.25E-03)
cohesin loader activity (GO:0061775, 9.86E-03)","protein serine kinase activity (GO:0106310, 7.74E-04)
protein serine/threonine kinase activity (GO:0004674, 9.77E-04)
tau-protein kinase activity (GO:0050321, 4.01E-03)
kinase activity (GO:0016301, 4.75E-03)
transferase activity, transferring phosphorus-containing groups (GO:0016772, 8.49E-03)
cohesin loader activity (GO:0061775, 8.49E-03)
protein kinase binding (GO:0019901, 8.49E-03)
protein kinase activity (GO:0004672, 8.49E-03)","protein serine kinase activity (GO:0106310, 2.33E-03)
protein serine/threonine kinase activity (GO:0004674, 3.63E-03)
protein kinase binding (GO:0019901, 3.63E-03)
kinase activity (GO:0016301, 8.29E-03)
kinase binding (GO:0019900, 8.63E-03)
cohesin loader activity (GO:0061775, 9.68E-03)",,"protein serine kinase activity (GO:0106310, 8.05E-04)
protein serine/threonine kinase activity (GO:0004674, 1.78E-03)
tau-protein kinase activity (GO:0050321, 3.25E-03)
protein kinase binding (GO:0019901, 3.25E-03)
kinase activity (GO:0016301, 4.15E-03)
transferase activity, transferring phosphorus-containing groups (GO:0016772, 7.97E-03)
cohesin loader activity (GO:0061775, 9.05E-03)
kinase binding (GO:0019900, 9.90E-03)"
set9,"protein serine kinase activity (GO:0106310, 8.63E-04)
protein serine/threonine kinase activity (GO:0004674, 1.89E-03)
tau-protein kinase activity (GO:0050321, 3.42E-03)
histone binding (GO:0042393, 3.42E-03)
protein kinase binding (GO:0019901, 3.46E-03)
kinase activity (GO:0016301, 4.42E-03)
transferase activity, transferring phosphorus-containing groups (GO:0016772, 8.52E-03)
cohesin loader activity (GO:0061775, 9.13E-03)","protein serine kinase activity (GO:0106310, 2.47E-03)
protein serine/threonine kinase activity (GO:0004674, 3.38E-03)
histone binding (GO:0042393, 3.38E-03)
tau-protein kinase activity (GO:0050321, 4.35E-03)
kinase activity (GO:0016301, 5.23E-03)
transferase activity, transferring phosphorus-containing groups (GO:0016772, 8.24E-03)
protein kinase binding (GO:0019901, 8.72E-03)
cohesin loader activity (GO:0061775, 8.72E-03)","protein serine kinase activity (GO:0106310, 2.17E-03)
tau-protein kinase activity (GO:0050321, 2.17E-03)
protein serine/threonine kinase activity (GO:0004674, 2.99E-03)
protein kinase binding (GO:0019901, 4.85E-03)
cohesin loader activity (GO:0061775, 9.09E-03)","protein serine kinase activity (GO:0106310, 2.04E-03)
tau-protein kinase activity (GO:0050321, 2.07E-03)
protein serine/threonine kinase activity (GO:0004674, 2.65E-03)
protein kinase binding (GO:0019901, 4.22E-03)
cohesin loader activity (GO:0061775, 8.06E-03)
small GTPase binding (GO:0031267, 9.60E-03)
kinase activity (GO:0016301, 9.97E-03)","protein serine kinase activity (GO:0106310, 2.56E-03)
protein serine/threonine kinase activity (GO:0004674, 4.08E-03)
protein kinase binding (GO:0019901, 4.08E-03)
kinase activity (GO:0016301, 8.21E-03)
kinase binding (GO:0019900, 8.66E-03)
histone binding (GO:0042393, 8.85E-03)
cohesin loader activity (GO:0061775, 8.85E-03)","protein serine kinase activity (GO:0106310, 1.09E-03)
protein serine/threonine kinase activity (GO:0004674, 1.09E-03)
tau-protein kinase activity (GO:0050321, 1.49E-03)
kinase activity (GO:0016301, 3.28E-03)
transferase activity, transferring phosphorus-containing groups (GO:0016772, 4.39E-03)
histone binding (GO:0042393, 6.75E-03)
protein kinase binding (GO:0019901, 6.96E-03)
protein kinase activity (GO:0004672, 9.18E-03)
tau protein binding (GO:0048156, 9.18E-03)","protein serine kinase activity (GO:0106310, 1.13E-03)
protein serine/threonine kinase activity (GO:0004674, 2.17E-03)
tau-protein kinase activity (GO:0050321, 3.25E-03)
protein kinase binding (GO:0019901, 3.25E-03)
histone binding (GO:0042393, 3.25E-03)
kinase activity (GO:0016301, 4.15E-03)
transferase activity, transferring phosphorus-containing groups (GO:0016772, 8.81E-03)
cohesin loader activity (GO:0061775, 9.95E-03)","protein serine kinase activity (GO:0106310, 2.05E-03)
tau-protein kinase activity (GO:0050321, 2.08E-03)
protein serine/threonine kinase activity (GO:0004674, 2.66E-03)
protein kinase binding (GO:0019901, 4.24E-03)
cohesin loader activity (GO:0061775, 8.09E-03)
small GTPase binding (GO:0031267, 9.64E-03)","protein serine kinase activity (GO:0106310, 1.05E-03)
protein serine/threonine kinase activity (GO:0004674, 2.05E-03)
tau-protein kinase activity (GO:0050321, 3.07E-03)
protein kinase binding (GO:0019901, 3.07E-03)
histone binding (GO:0042393, 3.07E-03)
kinase activity (GO:0016301, 3.89E-03)
transferase activity, transferring phosphorus-containing groups (GO:0016772, 8.25E-03)
cohesin loader activity (GO:0061775, 9.86E-03)","protein serine kinase activity (GO:0106310, 7.74E-04)
protein serine/threonine kinase activity (GO:0004674, 9.77E-04)
tau-protein kinase activity (GO:0050321, 4.01E-03)
kinase activity (GO:0016301, 4.75E-03)
histone binding (GO:0042393, 7.16E-03)
transferase activity, transferring phosphorus-containing groups (GO:0016772, 8.49E-03)
cohesin loader activity (GO:0061775, 8.49E-03)
protein kinase binding (GO:0019901, 8.49E-03)
protein kinase activity (GO:0004672, 8.49E-03)","protein serine kinase activity (GO:0106310, 2.33E-03)
protein serine/threonine kinase activity (GO:0004674, 3.63E-03)
protein kinase binding (GO:0019901, 3.63E-03)
kinase activity (GO:0016301, 8.29E-03)
kinase binding (GO:0019900, 8.63E-03)
histone binding (GO:0042393, 9.21E-03)
cohesin loader activity (GO:0061775, 9.68E-03)",,"protein serine kinase activity (GO:0106310, 8.05E-04)
protein serine/threonine kinase activity (GO:0004674, 1.78E-03)
tau-protein kinase activity (GO:0050321, 3.25E-03)
protein kinase binding (GO:0019901, 3.25E-03)
histone binding (GO:0042393, 3.25E-03)
kinase activity (GO:0016301, 4.15E-03)
transferase activity, transferring phosphorus-containing groups (GO:0016772, 7.97E-03)
cohesin loader activity (GO:0061775, 9.05E-03)
kinase binding (GO:0019900, 9.90E-03)"
set10,"protein serine kinase activity (GO:0106310, 8.63E-04)
protein serine/threonine kinase activity (GO:0004674, 1.89E-03)
tau-protein kinase activity (GO:0050321, 3.42E-03)
histone binding (GO:0042393, 3.42E-03)
protein kinase binding (GO:0019901, 3.46E-03)
kinase activity (GO:0016301, 4.42E-03)
transferase activity, transferring phosphorus-containing groups (GO:0016772, 8.52E-03)
cohesin loader activity (GO:0061775, 9.13E-03)","protein serine kinase activity (GO:0106310, 2.47E-03)
protein serine/threonine kinase activity (GO:0004674, 3.38E-03)
histone binding (GO:0042393, 3.38E-03)
tau-protein kinase activity (GO:0050321, 4.35E-03)
kinase activity (GO:0016301, 5.23E-03)
transferase activity, transferring phosphorus-containing groups (GO:0016772, 8.24E-03)
protein kinase binding (GO:0019901, 8.72E-03)
cohesin loader activity (GO:0061775, 8.72E-03)","protein serine kinase activity (GO:0106310, 2.17E-03)
tau-protein kinase activity (GO:0050321, 2.17E-03)
protein serine/threonine kinase activity (GO:0004674, 2.99E-03)
protein kinase binding (GO:0019901, 4.85E-03)
cohesin loader activity (GO:0061775, 9.09E-03)","protein serine kinase activity (GO:0106310, 2.04E-03)
tau-protein kinase activity (GO:0050321, 2.07E-03)
protein serine/threonine kinase activity (GO:0004674, 2.65E-03)
protein kinase binding (GO:0019901, 4.22E-03)
cohesin loader activity (GO:0061775, 8.06E-03)
small GTPase binding (GO:0031267, 9.60E-03)
kinase activity (GO:0016301, 9.97E-03)","protein serine kinase activity (GO:0106310, 2.56E-03)
protein serine/threonine kinase activity (GO:0004674, 4.08E-03)
protein kinase binding (GO:0019901, 4.08E-03)
kinase activity (GO:0016301, 8.21E-03)
kinase binding (GO:0019900, 8.66E-03)
histone binding (GO:0042393, 8.85E-03)
cohesin loader activity (GO:0061775, 8.85E-03)","protein serine kinase activity (GO:0106310, 1.09E-03)
protein serine/threonine kinase activity (GO:0004674, 1.09E-03)
tau-protein kinase activity (GO:0050321, 1.49E-03)
kinase activity (GO:0016301, 3.28E-03)
transferase activity, transferring phosphorus-containing groups (GO:0016772, 4.39E-03)
histone binding (GO:0042393, 6.75E-03)
protein kinase binding (GO:0019901, 6.96E-03)
protein kinase activity (GO:0004672, 9.18E-03)
tau protein binding (GO:0048156, 9.18E-03)","protein serine kinase activity (GO:0106310, 1.13E-03)
protein serine/threonine kinase activity (GO:0004674, 2.17E-03)
tau-protein kinase activity (GO:0050321, 3.25E-03)
protein kinase binding (GO:0019901, 3.25E-03)
histone binding (GO:0042393, 3.25E-03)
kinase activity (GO:0016301, 4.15E-03)
transferase activity, transferring phosphorus-containing groups (GO:0016772, 8.81E-03)
cohesin loader activity (GO:0061775, 9.95E-03)","protein serine kinase activity (GO:0106310, 2.05E-03)
tau-protein kinase activity (GO:0050321, 2.08E-03)
protein serine/threonine kinase activity (GO:0004674, 2.66E-03)
protein kinase binding (GO:0019901, 4.24E-03)
cohesin loader activity (GO:0061775, 8.09E-03)
small GTPase binding (GO:0031267, 9.64E-03)","protein serine kinase activity (GO:0106310, 1.05E-03)
protein serine/threonine kinase activity (GO:0004674, 2.05E-03)
tau-protein kinase activity (GO:0050321, 3.07E-03)
protein kinase binding (GO:0019901, 3.07E-03)
histone binding (GO:0042393, 3.07E-03)
kinase activity (GO:0016301, 3.89E-03)
transferase activity, transferring phosphorus-containing groups (GO:0016772, 8.25E-03)
cohesin loader activity (GO:0061775, 9.86E-03)","protein serine kinase activity (GO:0106310, 7.74E-04)
protein serine/threonine kinase activity (GO:0004674, 9.77E-04)
tau-protein kinase activity (GO:0050321, 4.01E-03)
kinase activity (GO:0016301, 4.75E-03)
histone binding (GO:0042393, 7.16E-03)
transferase activity, transferring phosphorus-containing groups (GO:0016772, 8.49E-03)
cohesin loader activity (GO:0061775, 8.49E-03)
protein kinase binding (GO:0019901, 8.49E-03)
protein kinase activity (GO:0004672, 8.49E-03)","protein serine kinase activity (GO:0106310, 2.33E-03)
protein serine/threonine kinase activity (GO:0004674, 3.63E-03)
protein kinase binding (GO:0019901, 3.63E-03)
kinase activity (GO:0016301, 8.29E-03)
kinase binding (GO:0019900, 8.63E-03)
histone binding (GO:0042393, 9.21E-03)
cohesin loader activity (GO:0061775, 9.68E-03)",,"protein serine kinase activity (GO:0106310, 8.05E-04)
protein serine/threonine kinase activity (GO:0004674, 1.78E-03)
tau-protein kinase activity (GO:0050321, 3.25E-03)
protein kinase binding (GO:0019901, 3.25E-03)
histone binding (GO:0042393, 3.25E-03)
kinase activity (GO:0016301, 4.15E-03)
transferase activity, transferring phosphorus-containing groups (GO:0016772, 7.97E-03)
cohesin loader activity (GO:0061775, 9.05E-03)
kinase binding (GO:0019900, 9.90E-03)"
set11,"protein serine kinase activity (GO:0106310, 8.63E-04)
protein serine/threonine kinase activity (GO:0004674, 1.89E-03)
tau-protein kinase activity (GO:0050321, 3.42E-03)
protein kinase binding (GO:0019901, 3.46E-03)
kinase activity (GO:0016301, 4.42E-03)
transferase activity, transferring phosphorus-containing groups (GO:0016772, 8.52E-03)
cohesin loader activity (GO:0061775, 9.13E-03)","protein serine kinase activity (GO:0106310, 2.47E-03)
protein serine/threonine kinase activity (GO:0004674, 3.38E-03)
tau-protein kinase activity (GO:0050321, 4.35E-03)
kinase activity (GO:0016301, 5.23E-03)
transferase activity, transferring phosphorus-containing groups (GO:0016772, 8.24E-03)
protein kinase binding (GO:0019901, 8.72E-03)
cohesin loader activity (GO:0061775, 8.72E-03)","protein serine kinase activity (GO:0106310, 2.17E-03)
tau-protein kinase activity (GO:0050321, 2.17E-03)
protein serine/threonine kinase activity (GO:0004674, 2.99E-03)
protein kinase binding (GO:0019901, 4.85E-03)
cohesin loader activity (GO:0061775, 9.09E-03)","protein serine kinase activity (GO:0106310, 2.04E-03)
tau-protein kinase activity (GO:0050321, 2.07E-03)
protein serine/threonine kinase activity (GO:0004674, 2.65E-03)
protein kinase binding (GO:0019901, 4.22E-03)
cohesin loader activity (GO:0061775, 8.06E-03)
small GTPase binding (GO:0031267, 9.60E-03)
kinase activity (GO:0016301, 9.97E-03)","protein serine kinase activity (GO:0106310, 2.56E-03)
protein serine/threonine kinase activity (GO:0004674, 4.08E-03)
protein kinase binding (GO:0019901, 4.08E-03)
kinase activity (GO:0016301, 8.21E-03)
kinase binding (GO:0019900, 8.66E-03)
cohesin loader activity (GO:0061775, 8.85E-03)","protein serine kinase activity (GO:0106310, 1.09E-03)
protein serine/threonine kinase activity (GO:0004674, 1.09E-03)
tau-protein kinase activity (GO:0050321, 1.49E-03)
kinase activity (GO:0016301, 3.28E-03)
transferase activity, transferring phosphorus-containing groups (GO:0016772, 4.39E-03)
protein kinase binding (GO:0019901, 6.96E-03)
protein kinase activity (GO:0004672, 9.18E-03)
tau protein binding (GO:0048156, 9.18E-03)","protein serine kinase activity (GO:0106310, 1.13E-03)
protein serine/threonine kinase activity (GO:0004674, 2.17E-03)
tau-protein kinase activity (GO:0050321, 3.25E-03)
protein kinase binding (GO:0019901, 3.25E-03)
kinase activity (GO:0016301, 4.15E-03)
transferase activity, transferring phosphorus-containing groups (GO:0016772, 8.81E-03)
cohesin loader activity (GO:0061775, 9.95E-03)","protein serine kinase activity (GO:0106310, 2.05E-03)
tau-protein kinase activity (GO:0050321, 2.08E-03)
protein serine/threonine kinase activity (GO:0004674, 2.66E-03)
protein kinase binding (GO:0019901, 4.24E-03)
cohesin loader activity (GO:0061775, 8.09E-03)
small GTPase binding (GO:0031267, 9.64E-03)","protein serine kinase activity (GO:0106310, 1.05E-03)
protein serine/threonine kinase activity (GO:0004674, 2.05E-03)
tau-protein kinase activity (GO:0050321, 3.07E-03)
protein kinase binding (GO:0019901, 3.07E-03)
kinase activity (GO:0016301, 3.89E-03)
transferase activity, transferring phosphorus-containing groups (GO:0016772, 8.25E-03)
cohesin loader activity (GO:0061775, 9.86E-03)","protein serine kinase activity (GO:0106310, 7.74E-04)
protein serine/threonine kinase activity (GO:0004674, 9.77E-04)
tau-protein kinase activity (GO:0050321, 4.01E-03)
kinase activity (GO:0016301, 4.75E-03)
transferase activity, transferring phosphorus-containing groups (GO:0016772, 8.49E-03)
cohesin loader activity (GO:0061775, 8.49E-03)
protein kinase binding (GO:0019901, 8.49E-03)
protein kinase activity (GO:0004672, 8.49E-03)","protein serine kinase activity (GO:0106310, 2.33E-03)
protein serine/threonine kinase activity (GO:0004674, 3.63E-03)
protein kinase binding (GO:0019901, 3.63E-03)
kinase activity (GO:0016301, 8.29E-03)
kinase binding (GO:0019900, 8.63E-03)
cohesin loader activity (GO:0061775, 9.68E-03)",,"protein serine kinase activity (GO:0106310, 8.05E-04)
protein serine/threonine kinase activity (GO:0004674, 1.78E-03)
tau-protein kinase activity (GO:0050321, 3.25E-03)
protein kinase binding (GO:0019901, 3.25E-03)
kinase activity (GO:0016301, 4.15E-03)
transferase activity, transferring phosphorus-containing groups (GO:0016772, 7.97E-03)
cohesin loader activity (GO:0061775, 9.05E-03)
kinase binding (GO:0019900, 9.90E-03)"
set12,"protein serine kinase activity (GO:0106310, 8.63E-04)
protein serine/threonine kinase activity (GO:0004674, 1.89E-03)
tau-protein kinase activity (GO:0050321, 3.42E-03)
protein kinase binding (GO:0019901, 3.46E-03)
kinase activity (GO:0016301, 4.42E-03)
transferase activity, transferring phosphorus-containing groups (GO:0016772, 8.52E-03)
cohesin loader activity (GO:0061775, 9.13E-03)","protein serine kinase activity (GO:0106310, 2.47E-03)
protein serine/threonine kinase activity (GO:0004674, 3.38E-03)
tau-protein kinase activity (GO:0050321, 4.35E-03)
kinase activity (GO:0016301, 5.23E-03)
transferase activity, transferring phosphorus-containing groups (GO:0016772, 8.24E-03)
protein kinase binding (GO:0019901, 8.72E-03)
cohesin loader activity (GO:0061775, 8.72E-03)","protein serine kinase activity (GO:0106310, 2.17E-03)
tau-protein kinase activity (GO:0050321, 2.17E-03)
protein serine/threonine kinase activity (GO:0004674, 2.99E-03)
protein kinase binding (GO:0019901, 4.85E-03)
cohesin loader activity (GO:0061775, 9.09E-03)","protein serine kinase activity (GO:0106310, 2.04E-03)
tau-protein kinase activity (GO:0050321, 2.07E-03)
protein serine/threonine kinase activity (GO:0004674, 2.65E-03)
protein kinase binding (GO:0019901, 4.22E-03)
cohesin loader activity (GO:0061775, 8.06E-03)
small GTPase binding (GO:0031267, 9.60E-03)
kinase activity (GO:0016301, 9.97E-03)","protein serine kinase activity (GO:0106310, 2.56E-03)
protein serine/threonine kinase activity (GO:0004674, 4.08E-03)
protein kinase binding (GO:0019901, 4.08E-03)
kinase activity (GO:0016301, 8.21E-03)
kinase binding (GO:0019900, 8.66E-03)
cohesin loader activity (GO:0061775, 8.85E-03)","protein serine kinase activity (GO:0106310, 1.09E-03)
protein serine/threonine kinase activity (GO:0004674, 1.09E-03)
tau-protein kinase activity (GO:0050321, 1.49E-03)
kinase activity (GO:0016301, 3.28E-03)
transferase activity, transferring phosphorus-containing groups (GO:0016772, 4.39E-03)
protein kinase binding (GO:0019901, 6.96E-03)
protein kinase activity (GO:0004672, 9.18E-03)
tau protein binding (GO:0048156, 9.18E-03)","protein serine kinase activity (GO:0106310, 1.13E-03)
protein serine/threonine kinase activity (GO:0004674, 2.17E-03)
tau-protein kinase activity (GO:0050321, 3.25E-03)
protein kinase binding (GO:0019901, 3.25E-03)
kinase activity (GO:0016301, 4.15E-03)
transferase activity, transferring phosphorus-containing groups (GO:0016772, 8.81E-03)
cohesin loader activity (GO:0061775, 9.95E-03)","protein serine kinase activity (GO:0106310, 2.05E-03)
tau-protein kinase activity (GO:0050321, 2.08E-03)
protein serine/threonine kinase activity (GO:0004674, 2.66E-03)
protein kinase binding (GO:0019901, 4.24E-03)
cohesin loader activity (GO:0061775, 8.09E-03)
small GTPase binding (GO:0031267, 9.64E-03)","protein serine kinase activity (GO:0106310, 1.05E-03)
protein serine/threonine kinase activity (GO:0004674, 2.05E-03)
tau-protein kinase activity (GO:0050321, 3.07E-03)
protein kinase binding (GO:0019901, 3.07E-03)
kinase activity (GO:0016301, 3.89E-03)
transferase activity, transferring phosphorus-containing groups (GO:0016772, 8.25E-03)
cohesin loader activity (GO:0061775, 9.86E-03)","protein serine kinase activity (GO:0106310, 7.74E-04)
protein serine/threonine kinase activity (GO:0004674, 9.77E-04)
tau-protein kinase activity (GO:0050321, 4.01E-03)
kinase activity (GO:0016301, 4.75E-03)
transferase activity, transferring phosphorus-containing groups (GO:0016772, 8.49E-03)
cohesin loader activity (GO:0061775, 8.49E-03)
protein kinase binding (GO:0019901, 8.49E-03)
protein kinase activity (GO:0004672, 8.49E-03)","protein serine kinase activity (GO:0106310, 2.33E-03)
protein serine/threonine kinase activity (GO:0004674, 3.63E-03)
protein kinase binding (GO:0019901, 3.63E-03)
kinase activity (GO:0016301, 8.29E-03)
kinase binding (GO:0019900, 8.63E-03)
cohesin loader activity (GO:0061775, 9.68E-03)",,"protein serine kinase activity (GO:0106310, 8.05E-04)
protein serine/threonine kinase activity (GO:0004674, 1.78E-03)
tau-protein kinase activity (GO:0050321, 3.25E-03)
protein kinase binding (GO:0019901, 3.25E-03)
kinase activity (GO:0016301, 4.15E-03)
transferase activity, transferring phosphorus-containing groups (GO:0016772, 7.97E-03)
cohesin loader activity (GO:0061775, 9.05E-03)
kinase binding (GO:0019900, 9.90E-03)"
set13,"protein serine kinase activity (GO:0106310, 8.63E-04)
protein serine/threonine kinase activity (GO:0004674, 1.89E-03)
tau-protein kinase activity (GO:0050321, 3.42E-03)
beta-tubulin binding (GO:0048487, 3.42E-03)
protein kinase binding (GO:0019901, 3.46E-03)
kinase activity (GO:0016301, 4.42E-03)
transferase activity, transferring phosphorus-containing groups (GO:0016772, 8.52E-03)
cohesin loader activity (GO:0061775, 9.13E-03)","protein serine kinase activity (GO:0106310, 2.47E-03)
protein serine/threonine kinase activity (GO:0004674, 3.38E-03)
tau-protein kinase activity (GO:0050321, 4.35E-03)
kinase activity (GO:0016301, 5.23E-03)
transferase activity, transferring phosphorus-containing groups (GO:0016772, 8.24E-03)
protein kinase binding (GO:0019901, 8.72E-03)
cohesin loader activity (GO:0061775, 8.72E-03)","protein serine kinase activity (GO:0106310, 2.17E-03)
beta-tubulin binding (GO:0048487, 2.17E-03)
tau-protein kinase activity (GO:0050321, 2.17E-03)
protein serine/threonine kinase activity (GO:0004674, 2.99E-03)
protein kinase binding (GO:0019901, 4.85E-03)
cohesin loader activity (GO:0061775, 9.09E-03)","protein serine kinase activity (GO:0106310, 2.04E-03)
beta-tubulin binding (GO:0048487, 2.07E-03)
tau-protein kinase activity (GO:0050321, 2.07E-03)
protein serine/threonine kinase activity (GO:0004674, 2.65E-03)
protein kinase binding (GO:0019901, 4.22E-03)
cohesin loader activity (GO:0061775, 8.06E-03)
small GTPase binding (GO:0031267, 9.60E-03)
kinase activity (GO:0016301, 9.97E-03)","protein serine kinase activity (GO:0106310, 2.56E-03)
protein serine/threonine kinase activity (GO:0004674, 4.08E-03)
beta-tubulin binding (GO:0048487, 4.08E-03)
protein kinase binding (GO:0019901, 4.08E-03)
kinase activity (GO:0016301, 8.21E-03)
kinase binding (GO:0019900, 8.66E-03)
cohesin loader activity (GO:0061775, 8.85E-03)","protein serine kinase activity (GO:0106310, 1.09E-03)
protein serine/threonine kinase activity (GO:0004674, 1.09E-03)
tau-protein kinase activity (GO:0050321, 1.49E-03)
kinase activity (GO:0016301, 3.28E-03)
transferase activity, transferring phosphorus-containing groups (GO:0016772, 4.39E-03)
protein kinase binding (GO:0019901, 6.96E-03)
beta-tubulin binding (GO:0048487, 9.18E-03)
protein kinase activity (GO:0004672, 9.18E-03)
tau protein binding (GO:0048156, 9.18E-03)","protein serine kinase activity (GO:0106310, 1.13E-03)
protein serine/threonine kinase activity (GO:0004674, 2.17E-03)
tau-protein kinase activity (GO:0050321, 3.25E-03)
beta-tubulin binding (GO:0048487, 3.25E-03)
protein kinase binding (GO:0019901, 3.25E-03)
kinase activity (GO:0016301, 4.15E-03)
transferase activity, transferring phosphorus-containing groups (GO:0016772, 8.81E-03)
cohesin loader activity (GO:0061775, 9.95E-03)","protein serine kinase activity (GO:0106310, 2.05E-03)
beta-tubulin binding (GO:0048487, 2.07E-03)
tau-protein kinase activity (GO:0050321, 2.08E-03)
protein serine/threonine kinase activity (GO:0004674, 2.66E-03)
protein kinase binding (GO:0019901, 4.24E-03)
cohesin loader activity (GO:0061775, 8.09E-03)
small GTPase binding (GO:0031267, 9.64E-03)","protein serine kinase activity (GO:0106310, 1.05E-03)
protein serine/threonine kinase activity (GO:0004674, 2.05E-03)
tau-protein kinase activity (GO:0050321, 3.07E-03)
beta-tubulin binding (GO:0048487, 3.07E-03)
protein kinase binding (GO:0019901, 3.07E-03)
kinase activity (GO:0016301, 3.89E-03)
transferase activity, transferring phosphorus-containing groups (GO:0016772, 8.25E-03)
cohesin loader activity (GO:0061775, 9.86E-03)","protein serine kinase activity (GO:0106310, 7.74E-04)
protein serine/threonine kinase activity (GO:0004674, 9.77E-04)
tau-protein kinase activity (GO:0050321, 4.01E-03)
kinase activity (GO:0016301, 4.75E-03)
transferase activity, transferring phosphorus-containing groups (GO:0016772, 8.49E-03)
cohesin loader activity (GO:0061775, 8.49E-03)
protein kinase binding (GO:0019901, 8.49E-03)
protein kinase activity (GO:0004672, 8.49E-03)","protein serine kinase activity (GO:0106310, 2.33E-03)
protein serine/threonine kinase activity (GO:0004674, 3.63E-03)
protein kinase binding (GO:0019901, 3.63E-03)
kinase activity (GO:0016301, 8.29E-03)
kinase binding (GO:0019900, 8.63E-03)
cohesin loader activity (GO:0061775, 9.68E-03)",,"protein serine kinase activity (GO:0106310, 8.05E-04)
protein serine/threonine kinase activity (GO:0004674, 1.78E-03)
tau-protein kinase activity (GO:0050321, 3.25E-03)
protein kinase binding (GO:0019901, 3.25E-03)
beta-tubulin binding (GO:0048487, 3.25E-03)
kinase activity (GO:0016301, 4.15E-03)
transferase activity, transferring phosphorus-containing groups (GO:0016772, 7.97E-03)
cohesin loader activity (GO:0061775, 9.05E-03)
kinase binding (GO:0019900, 9.90E-03)"
set14,"protein serine kinase activity (GO:0106310, 8.63E-04)
protein serine/threonine kinase activity (GO:0004674, 1.89E-03)
tau-protein kinase activity (GO:0050321, 3.42E-03)
histone binding (GO:0042393, 3.42E-03)
protein kinase binding (GO:0019901, 3.46E-03)
kinase activity (GO:0016301, 4.42E-03)
enzyme regulator activity (GO:0030234, 6.45E-03)
transferase activity, transferring phosphorus-containing groups (GO:0016772, 8.52E-03)
cohesin loader activity (GO:0061775, 9.13E-03)","protein serine kinase activity (GO:0106310, 2.47E-03)
protein serine/threonine kinase activity (GO:0004674, 3.38E-03)
histone binding (GO:0042393, 3.38E-03)
tau-protein kinase activity (GO:0050321, 4.35E-03)
kinase activity (GO:0016301, 5.23E-03)
transferase activity, transferring phosphorus-containing groups (GO:0016772, 8.24E-03)
protein kinase binding (GO:0019901, 8.72E-03)
cohesin loader activity (GO:0061775, 8.72E-03)","protein serine kinase activity (GO:0106310, 2.17E-03)
enzyme regulator activity (GO:0030234, 2.17E-03)
tau-protein kinase activity (GO:0050321, 2.17E-03)
protein serine/threonine kinase activity (GO:0004674, 2.99E-03)
protein kinase binding (GO:0019901, 4.85E-03)
cohesin loader activity (GO:0061775, 9.09E-03)
GTPase activator activity (GO:0005096, 9.09E-03)","enzyme regulator activity (GO:0030234, 2.01E-03)
protein serine kinase activity (GO:0106310, 2.04E-03)
tau-protein kinase activity (GO:0050321, 2.07E-03)
protein serine/threonine kinase activity (GO:0004674, 2.65E-03)
protein kinase binding (GO:0019901, 4.22E-03)
cohesin loader activity (GO:0061775, 8.06E-03)
GTPase activator activity (GO:0005096, 8.06E-03)
small GTPase binding (GO:0031267, 9.60E-03)
kinase activity (GO:0016301, 9.97E-03)","protein serine kinase activity (GO:0106310, 2.56E-03)
protein serine/threonine kinase activity (GO:0004674, 4.08E-03)
protein kinase binding (GO:0019901, 4.08E-03)
kinase activity (GO:0016301, 8.21E-03)
enzyme regulator activity (GO:0030234, 8.66E-03)
kinase binding (GO:0019900, 8.66E-03)
histone binding (GO:0042393, 8.85E-03)
cohesin loader activity (GO:0061775, 8.85E-03)","protein serine kinase activity (GO:0106310, 1.09E-03)
protein serine/threonine kinase activity (GO:0004674, 1.09E-03)
enzyme regulator activity (GO:0030234, 1.33E-03)
tau-protein kinase activity (GO:0050321, 1.49E-03)
kinase activity (GO:0016301, 3.28E-03)
transferase activity, transferring phosphorus-containing groups (GO:0016772, 4.39E-03)
histone binding (GO:0042393, 6.75E-03)
protein kinase binding (GO:0019901, 6.96E-03)
GTPase activator activity (GO:0005096, 9.18E-03)
protein kinase activity (GO:0004672, 9.18E-03)
tau protein binding (GO:0048156, 9.18E-03)","protein serine kinase activity (GO:0106310, 1.13E-03)
protein serine/threonine kinase activity (GO:0004674, 2.17E-03)
tau-protein kinase activity (GO:0050321, 3.25E-03)
protein kinase binding (GO:0019901, 3.25E-03)
histone binding (GO:0042393, 3.25E-03)
kinase activity (GO:0016301, 4.15E-03)
transferase activity, transferring phosphorus-containing groups (GO:0016772, 8.81E-03)
cohesin loader activity (GO:0061775, 9.95E-03)","enzyme regulator activity (GO:0030234, 2.02E-03)
protein serine kinase activity (GO:0106310, 2.05E-03)
tau-protein kinase activity (GO:0050321, 2.08E-03)
protein serine/threonine kinase activity (GO:0004674, 2.66E-03)
protein kinase binding (GO:0019901, 4.24E-03)
cohesin loader activity (GO:0061775, 8.09E-03)
GTPase activator activity (GO:0005096, 8.09E-03)
small GTPase binding (GO:0031267, 9.64E-03)","protein serine kinase activity (GO:0106310, 1.05E-03)
protein serine/threonine kinase activity (GO:0004674, 2.05E-03)
tau-protein kinase activity (GO:0050321, 3.07E-03)
protein kinase binding (GO:0019901, 3.07E-03)
histone binding (GO:0042393, 3.07E-03)
kinase activity (GO:0016301, 3.89E-03)
transferase activity, transferring phosphorus-containing groups (GO:0016772, 8.25E-03)
cohesin loader activity (GO:0061775, 9.86E-03)","protein serine kinase activity (GO:0106310, 7.74E-04)
protein serine/threonine kinase activity (GO:0004674, 9.77E-04)
tau-protein kinase activity (GO:0050321, 4.01E-03)
kinase activity (GO:0016301, 4.75E-03)
enzyme regulator activity (GO:0030234, 4.75E-03)
histone binding (GO:0042393, 7.16E-03)
transferase activity, transferring phosphorus-containing groups (GO:0016772, 8.49E-03)
cohesin loader activity (GO:0061775, 8.49E-03)
protein kinase binding (GO:0019901, 8.49E-03)
protein kinase activity (GO:0004672, 8.49E-03)","protein serine kinase activity (GO:0106310, 2.33E-03)
protein serine/threonine kinase activity (GO:0004674, 3.63E-03)
protein kinase binding (GO:0019901, 3.63E-03)
kinase activity (GO:0016301, 8.29E-03)
enzyme regulator activity (GO:0030234, 8.63E-03)
kinase binding (GO:0019900, 8.63E-03)
histone binding (GO:0042393, 9.21E-03)
cohesin loader activity (GO:0061775, 9.68E-03)","enzyme regulator activity (GO:0030234, 3.82E-03)","protein serine kinase activity (GO:0106310, 8.05E-04)
protein serine/threonine kinase activity (GO:0004674, 1.78E-03)
tau-protein kinase activity (GO:0050321, 3.25E-03)
protein kinase binding (GO:0019901, 3.25E-03)
histone binding (GO:0042393, 3.25E-03)
kinase activity (GO:0016301, 4.15E-03)
enzyme regulator activity (GO:0030234, 5.96E-03)
transferase activity, transferring phosphorus-containing groups (GO:0016772, 7.97E-03)
cohesin loader activity (GO:0061775, 9.05E-03)
kinase binding (GO:0019900, 9.90E-03)"
