,set1,set2,set3,set4,set5,set6,set7,set8,set9,set10,set11,set12,set13
set1,"Cohesin Loading onto Chromatin (REAC:R-HSA-2470946, 3.90E-07)
Mitotic Telophase/Cytokinesis (REAC:R-HSA-68884, 1.55E-06)
Establishment of Sister Chromatid Cohesion (REAC:R-HSA-2468052, 2.45E-05)
Cell Cycle, Mitotic (REAC:R-HSA-69278, 3.39E-04)
Mitotic Prometaphase (REAC:R-HSA-68877, 6.46E-04)
Cell Cycle (REAC:R-HSA-1640170, 1.66E-03)
Resolution of Sister Chromatid Cohesion (REAC:R-HSA-2500257, 1.66E-03)
S Phase (REAC:R-HSA-69242, 2.15E-03)
Separation of Sister Chromatids (REAC:R-HSA-2467813, 6.80E-03)","Cohesin Loading onto Chromatin (REAC:R-HSA-2470946, 2.20E-07)
Mitotic Telophase/Cytokinesis (REAC:R-HSA-68884, 8.74E-07)
Establishment of Sister Chromatid Cohesion (REAC:R-HSA-2468052, 1.49E-05)
Cell Cycle, Mitotic (REAC:R-HSA-69278, 8.73E-05)
Mitotic Prometaphase (REAC:R-HSA-68877, 2.64E-04)
Cell Cycle (REAC:R-HSA-1640170, 4.85E-04)
Resolution of Sister Chromatid Cohesion (REAC:R-HSA-2500257, 8.09E-04)
S Phase (REAC:R-HSA-69242, 1.00E-03)
Separation of Sister Chromatids (REAC:R-HSA-2467813, 3.22E-03)","Cohesin Loading onto Chromatin (REAC:R-HSA-2470946, 1.82E-05)
Mitotic Telophase/Cytokinesis (REAC:R-HSA-68884, 4.53E-05)
Establishment of Sister Chromatid Cohesion (REAC:R-HSA-2468052, 5.93E-04)
Cell Cycle, Mitotic (REAC:R-HSA-69278, 5.93E-04)
Cell Cycle (REAC:R-HSA-1640170, 2.27E-03)
Mitotic Prometaphase (REAC:R-HSA-68877, 4.30E-03)
S Phase (REAC:R-HSA-69242, 4.30E-03)","Cohesin Loading onto Chromatin (REAC:R-HSA-2470946, 1.82E-05)
Mitotic Telophase/Cytokinesis (REAC:R-HSA-68884, 4.53E-05)
Establishment of Sister Chromatid Cohesion (REAC:R-HSA-2468052, 5.93E-04)
Cell Cycle, Mitotic (REAC:R-HSA-69278, 5.93E-04)
Cell Cycle (REAC:R-HSA-1640170, 2.27E-03)
Mitotic Prometaphase (REAC:R-HSA-68877, 4.30E-03)
S Phase (REAC:R-HSA-69242, 4.30E-03)","Cohesin Loading onto Chromatin (REAC:R-HSA-2470946, 3.25E-05)
Mitotic Telophase/Cytokinesis (REAC:R-HSA-68884, 8.08E-05)
Cell Cycle, Mitotic (REAC:R-HSA-69278, 9.05E-04)
Establishment of Sister Chromatid Cohesion (REAC:R-HSA-2468052, 9.45E-04)
Mitotic Prometaphase (REAC:R-HSA-68877, 2.53E-03)
Cell Cycle (REAC:R-HSA-1640170, 3.15E-03)
Resolution of Sister Chromatid Cohesion (REAC:R-HSA-2500257, 8.60E-03)
S Phase (REAC:R-HSA-69242, 9.15E-03)","Cohesin Loading onto Chromatin (REAC:R-HSA-2470946, 8.02E-04)
Mitotic Telophase/Cytokinesis (REAC:R-HSA-68884, 1.34E-03)
Cell Cycle, Mitotic (REAC:R-HSA-69278, 5.72E-03)","Cohesin Loading onto Chromatin (REAC:R-HSA-2470946, 3.72E-07)
Mitotic Telophase/Cytokinesis (REAC:R-HSA-68884, 1.48E-06)
Establishment of Sister Chromatid Cohesion (REAC:R-HSA-2468052, 2.36E-05)
Cell Cycle, Mitotic (REAC:R-HSA-69278, 2.98E-04)
Mitotic Prometaphase (REAC:R-HSA-68877, 5.95E-04)
Cell Cycle (REAC:R-HSA-1640170, 1.56E-03)
Resolution of Sister Chromatid Cohesion (REAC:R-HSA-2500257, 1.56E-03)
S Phase (REAC:R-HSA-69242, 2.01E-03)
Separation of Sister Chromatids (REAC:R-HSA-2467813, 6.37E-03)","Cohesin Loading onto Chromatin (REAC:R-HSA-2470946, 1.82E-05)
Mitotic Telophase/Cytokinesis (REAC:R-HSA-68884, 4.53E-05)
Establishment of Sister Chromatid Cohesion (REAC:R-HSA-2468052, 5.93E-04)
Cell Cycle, Mitotic (REAC:R-HSA-69278, 5.93E-04)
Cell Cycle (REAC:R-HSA-1640170, 2.27E-03)
Mitotic Prometaphase (REAC:R-HSA-68877, 4.30E-03)
S Phase (REAC:R-HSA-69242, 4.30E-03)","Cohesin Loading onto Chromatin (REAC:R-HSA-2470946, 3.54E-07)
Mitotic Telophase/Cytokinesis (REAC:R-HSA-68884, 1.40E-06)
Establishment of Sister Chromatid Cohesion (REAC:R-HSA-2468052, 2.26E-05)
Cell Cycle, Mitotic (REAC:R-HSA-69278, 2.60E-04)
Mitotic Prometaphase (REAC:R-HSA-68877, 5.47E-04)
Cell Cycle (REAC:R-HSA-1640170, 1.42E-03)
Resolution of Sister Chromatid Cohesion (REAC:R-HSA-2500257, 1.46E-03)
S Phase (REAC:R-HSA-69242, 1.87E-03)
Separation of Sister Chromatids (REAC:R-HSA-2467813, 5.94E-03)","Cohesin Loading onto Chromatin (REAC:R-HSA-2470946, 2.53E-05)
Mitotic Telophase/Cytokinesis (REAC:R-HSA-68884, 6.28E-05)
Establishment of Sister Chromatid Cohesion (REAC:R-HSA-2468052, 1.03E-03)
Cell Cycle, Mitotic (REAC:R-HSA-69278, 1.22E-03)
Cell Cycle (REAC:R-HSA-1640170, 5.79E-03)
Mitotic Prometaphase (REAC:R-HSA-68877, 6.21E-03)
Resolution of Sister Chromatid Cohesion (REAC:R-HSA-2500257, 6.21E-03)
S Phase (REAC:R-HSA-69242, 6.21E-03)
Organelle biogenesis and maintenance (REAC:R-HSA-1852241, 6.50E-03)","Cohesin Loading onto Chromatin (REAC:R-HSA-2470946, 3.54E-07)
Mitotic Telophase/Cytokinesis (REAC:R-HSA-68884, 1.40E-06)
Establishment of Sister Chromatid Cohesion (REAC:R-HSA-2468052, 2.26E-05)
Cell Cycle, Mitotic (REAC:R-HSA-69278, 1.00E-03)
Mitotic Prometaphase (REAC:R-HSA-68877, 2.68E-03)
S Phase (REAC:R-HSA-69242, 2.68E-03)
Cell Cycle (REAC:R-HSA-1640170, 3.96E-03)
Resolution of Sister Chromatid Cohesion (REAC:R-HSA-2500257, 9.05E-03)",,"Cohesin Loading onto Chromatin (REAC:R-HSA-2470946, 3.90E-07)
Mitotic Telophase/Cytokinesis (REAC:R-HSA-68884, 1.55E-06)
Establishment of Sister Chromatid Cohesion (REAC:R-HSA-2468052, 2.45E-05)
Cell Cycle, Mitotic (REAC:R-HSA-69278, 3.39E-04)
Mitotic Prometaphase (REAC:R-HSA-68877, 6.46E-04)
Cell Cycle (REAC:R-HSA-1640170, 1.66E-03)
Resolution of Sister Chromatid Cohesion (REAC:R-HSA-2500257, 1.66E-03)
S Phase (REAC:R-HSA-69242, 2.15E-03)
Separation of Sister Chromatids (REAC:R-HSA-2467813, 6.80E-03)"
set2,"Cohesin Loading onto Chromatin (REAC:R-HSA-2470946, 3.90E-07)
Mitotic Telophase/Cytokinesis (REAC:R-HSA-68884, 1.55E-06)
Establishment of Sister Chromatid Cohesion (REAC:R-HSA-2468052, 2.45E-05)
Cell Cycle, Mitotic (REAC:R-HSA-69278, 3.39E-04)
Mitotic Prometaphase (REAC:R-HSA-68877, 6.46E-04)
Cell Cycle (REAC:R-HSA-1640170, 1.66E-03)
Resolution of Sister Chromatid Cohesion (REAC:R-HSA-2500257, 1.66E-03)
S Phase (REAC:R-HSA-69242, 2.15E-03)
Separation of Sister Chromatids (REAC:R-HSA-2467813, 6.80E-03)","Cohesin Loading onto Chromatin (REAC:R-HSA-2470946, 2.20E-07)
Mitotic Telophase/Cytokinesis (REAC:R-HSA-68884, 8.74E-07)
Establishment of Sister Chromatid Cohesion (REAC:R-HSA-2468052, 1.49E-05)
Cell Cycle, Mitotic (REAC:R-HSA-69278, 8.73E-05)
Mitotic Prometaphase (REAC:R-HSA-68877, 2.64E-04)
Cell Cycle (REAC:R-HSA-1640170, 4.85E-04)
Resolution of Sister Chromatid Cohesion (REAC:R-HSA-2500257, 8.09E-04)
S Phase (REAC:R-HSA-69242, 1.00E-03)
Separation of Sister Chromatids (REAC:R-HSA-2467813, 3.22E-03)","Cohesin Loading onto Chromatin (REAC:R-HSA-2470946, 1.82E-05)
Mitotic Telophase/Cytokinesis (REAC:R-HSA-68884, 4.53E-05)
Establishment of Sister Chromatid Cohesion (REAC:R-HSA-2468052, 5.93E-04)
Cell Cycle, Mitotic (REAC:R-HSA-69278, 5.93E-04)
Cell Cycle (REAC:R-HSA-1640170, 2.27E-03)
Mitotic Prometaphase (REAC:R-HSA-68877, 4.30E-03)
S Phase (REAC:R-HSA-69242, 4.30E-03)","Cohesin Loading onto Chromatin (REAC:R-HSA-2470946, 1.82E-05)
Mitotic Telophase/Cytokinesis (REAC:R-HSA-68884, 4.53E-05)
Establishment of Sister Chromatid Cohesion (REAC:R-HSA-2468052, 5.93E-04)
Cell Cycle, Mitotic (REAC:R-HSA-69278, 5.93E-04)
Cell Cycle (REAC:R-HSA-1640170, 2.27E-03)
Mitotic Prometaphase (REAC:R-HSA-68877, 4.30E-03)
S Phase (REAC:R-HSA-69242, 4.30E-03)","Cohesin Loading onto Chromatin (REAC:R-HSA-2470946, 3.25E-05)
Mitotic Telophase/Cytokinesis (REAC:R-HSA-68884, 8.08E-05)
Cell Cycle, Mitotic (REAC:R-HSA-69278, 9.05E-04)
Establishment of Sister Chromatid Cohesion (REAC:R-HSA-2468052, 9.45E-04)
Mitotic Prometaphase (REAC:R-HSA-68877, 2.53E-03)
Cell Cycle (REAC:R-HSA-1640170, 3.15E-03)
Resolution of Sister Chromatid Cohesion (REAC:R-HSA-2500257, 8.60E-03)
S Phase (REAC:R-HSA-69242, 9.15E-03)","Cohesin Loading onto Chromatin (REAC:R-HSA-2470946, 8.02E-04)
Mitotic Telophase/Cytokinesis (REAC:R-HSA-68884, 1.34E-03)
Cell Cycle, Mitotic (REAC:R-HSA-69278, 5.72E-03)","Cohesin Loading onto Chromatin (REAC:R-HSA-2470946, 3.72E-07)
Mitotic Telophase/Cytokinesis (REAC:R-HSA-68884, 1.48E-06)
Establishment of Sister Chromatid Cohesion (REAC:R-HSA-2468052, 2.36E-05)
Cell Cycle, Mitotic (REAC:R-HSA-69278, 2.98E-04)
Mitotic Prometaphase (REAC:R-HSA-68877, 5.95E-04)
Cell Cycle (REAC:R-HSA-1640170, 1.56E-03)
Resolution of Sister Chromatid Cohesion (REAC:R-HSA-2500257, 1.56E-03)
S Phase (REAC:R-HSA-69242, 2.01E-03)
Separation of Sister Chromatids (REAC:R-HSA-2467813, 6.37E-03)","Cohesin Loading onto Chromatin (REAC:R-HSA-2470946, 1.82E-05)
Mitotic Telophase/Cytokinesis (REAC:R-HSA-68884, 4.53E-05)
Establishment of Sister Chromatid Cohesion (REAC:R-HSA-2468052, 5.93E-04)
Cell Cycle, Mitotic (REAC:R-HSA-69278, 5.93E-04)
Cell Cycle (REAC:R-HSA-1640170, 2.27E-03)
Mitotic Prometaphase (REAC:R-HSA-68877, 4.30E-03)
S Phase (REAC:R-HSA-69242, 4.30E-03)","Cohesin Loading onto Chromatin (REAC:R-HSA-2470946, 3.54E-07)
Mitotic Telophase/Cytokinesis (REAC:R-HSA-68884, 1.40E-06)
Establishment of Sister Chromatid Cohesion (REAC:R-HSA-2468052, 2.26E-05)
Cell Cycle, Mitotic (REAC:R-HSA-69278, 2.60E-04)
Mitotic Prometaphase (REAC:R-HSA-68877, 5.47E-04)
Cell Cycle (REAC:R-HSA-1640170, 1.42E-03)
Resolution of Sister Chromatid Cohesion (REAC:R-HSA-2500257, 1.46E-03)
S Phase (REAC:R-HSA-69242, 1.87E-03)
Separation of Sister Chromatids (REAC:R-HSA-2467813, 5.94E-03)","Cohesin Loading onto Chromatin (REAC:R-HSA-2470946, 2.53E-05)
Mitotic Telophase/Cytokinesis (REAC:R-HSA-68884, 6.28E-05)
Establishment of Sister Chromatid Cohesion (REAC:R-HSA-2468052, 1.03E-03)
Cell Cycle, Mitotic (REAC:R-HSA-69278, 1.22E-03)
Cell Cycle (REAC:R-HSA-1640170, 5.79E-03)
Mitotic Prometaphase (REAC:R-HSA-68877, 6.21E-03)
Resolution of Sister Chromatid Cohesion (REAC:R-HSA-2500257, 6.21E-03)
S Phase (REAC:R-HSA-69242, 6.21E-03)
Organelle biogenesis and maintenance (REAC:R-HSA-1852241, 6.50E-03)","Cohesin Loading onto Chromatin (REAC:R-HSA-2470946, 3.54E-07)
Mitotic Telophase/Cytokinesis (REAC:R-HSA-68884, 1.40E-06)
Establishment of Sister Chromatid Cohesion (REAC:R-HSA-2468052, 2.26E-05)
Cell Cycle, Mitotic (REAC:R-HSA-69278, 1.00E-03)
Mitotic Prometaphase (REAC:R-HSA-68877, 2.68E-03)
S Phase (REAC:R-HSA-69242, 2.68E-03)
Cell Cycle (REAC:R-HSA-1640170, 3.96E-03)
Resolution of Sister Chromatid Cohesion (REAC:R-HSA-2500257, 9.05E-03)",,"Cohesin Loading onto Chromatin (REAC:R-HSA-2470946, 3.90E-07)
Mitotic Telophase/Cytokinesis (REAC:R-HSA-68884, 1.55E-06)
Establishment of Sister Chromatid Cohesion (REAC:R-HSA-2468052, 2.45E-05)
Cell Cycle, Mitotic (REAC:R-HSA-69278, 3.39E-04)
Mitotic Prometaphase (REAC:R-HSA-68877, 6.46E-04)
Cell Cycle (REAC:R-HSA-1640170, 1.66E-03)
Resolution of Sister Chromatid Cohesion (REAC:R-HSA-2500257, 1.66E-03)
S Phase (REAC:R-HSA-69242, 2.15E-03)
Separation of Sister Chromatids (REAC:R-HSA-2467813, 6.80E-03)"
set3,"Cohesin Loading onto Chromatin (REAC:R-HSA-2470946, 3.90E-07)
Mitotic Telophase/Cytokinesis (REAC:R-HSA-68884, 1.55E-06)
Establishment of Sister Chromatid Cohesion (REAC:R-HSA-2468052, 2.45E-05)
Cell Cycle, Mitotic (REAC:R-HSA-69278, 3.39E-04)
Mitotic Prometaphase (REAC:R-HSA-68877, 6.46E-04)
Cell Cycle (REAC:R-HSA-1640170, 1.66E-03)
Resolution of Sister Chromatid Cohesion (REAC:R-HSA-2500257, 1.66E-03)
S Phase (REAC:R-HSA-69242, 2.15E-03)
Separation of Sister Chromatids (REAC:R-HSA-2467813, 6.80E-03)","Cohesin Loading onto Chromatin (REAC:R-HSA-2470946, 2.20E-07)
Mitotic Telophase/Cytokinesis (REAC:R-HSA-68884, 8.74E-07)
Establishment of Sister Chromatid Cohesion (REAC:R-HSA-2468052, 1.49E-05)
Cell Cycle, Mitotic (REAC:R-HSA-69278, 8.73E-05)
Mitotic Prometaphase (REAC:R-HSA-68877, 2.64E-04)
Cell Cycle (REAC:R-HSA-1640170, 4.85E-04)
Resolution of Sister Chromatid Cohesion (REAC:R-HSA-2500257, 8.09E-04)
S Phase (REAC:R-HSA-69242, 1.00E-03)
Separation of Sister Chromatids (REAC:R-HSA-2467813, 3.22E-03)","Cohesin Loading onto Chromatin (REAC:R-HSA-2470946, 1.82E-05)
Mitotic Telophase/Cytokinesis (REAC:R-HSA-68884, 4.53E-05)
Establishment of Sister Chromatid Cohesion (REAC:R-HSA-2468052, 5.93E-04)
Cell Cycle, Mitotic (REAC:R-HSA-69278, 5.93E-04)
Cell Cycle (REAC:R-HSA-1640170, 2.27E-03)
Mitotic Prometaphase (REAC:R-HSA-68877, 4.30E-03)
S Phase (REAC:R-HSA-69242, 4.30E-03)","Cohesin Loading onto Chromatin (REAC:R-HSA-2470946, 1.82E-05)
Mitotic Telophase/Cytokinesis (REAC:R-HSA-68884, 4.53E-05)
Establishment of Sister Chromatid Cohesion (REAC:R-HSA-2468052, 5.93E-04)
Cell Cycle, Mitotic (REAC:R-HSA-69278, 5.93E-04)
Cell Cycle (REAC:R-HSA-1640170, 2.27E-03)
Mitotic Prometaphase (REAC:R-HSA-68877, 4.30E-03)
S Phase (REAC:R-HSA-69242, 4.30E-03)","Cohesin Loading onto Chromatin (REAC:R-HSA-2470946, 3.25E-05)
Mitotic Telophase/Cytokinesis (REAC:R-HSA-68884, 8.08E-05)
Cell Cycle, Mitotic (REAC:R-HSA-69278, 9.05E-04)
Establishment of Sister Chromatid Cohesion (REAC:R-HSA-2468052, 9.45E-04)
Mitotic Prometaphase (REAC:R-HSA-68877, 2.53E-03)
Cell Cycle (REAC:R-HSA-1640170, 3.15E-03)
Resolution of Sister Chromatid Cohesion (REAC:R-HSA-2500257, 8.60E-03)
S Phase (REAC:R-HSA-69242, 9.15E-03)","Cohesin Loading onto Chromatin (REAC:R-HSA-2470946, 8.02E-04)
Mitotic Telophase/Cytokinesis (REAC:R-HSA-68884, 1.34E-03)
Cell Cycle, Mitotic (REAC:R-HSA-69278, 5.72E-03)","Cohesin Loading onto Chromatin (REAC:R-HSA-2470946, 3.72E-07)
Mitotic Telophase/Cytokinesis (REAC:R-HSA-68884, 1.48E-06)
Establishment of Sister Chromatid Cohesion (REAC:R-HSA-2468052, 2.36E-05)
Cell Cycle, Mitotic (REAC:R-HSA-69278, 2.98E-04)
Mitotic Prometaphase (REAC:R-HSA-68877, 5.95E-04)
Cell Cycle (REAC:R-HSA-1640170, 1.56E-03)
Resolution of Sister Chromatid Cohesion (REAC:R-HSA-2500257, 1.56E-03)
S Phase (REAC:R-HSA-69242, 2.01E-03)
Separation of Sister Chromatids (REAC:R-HSA-2467813, 6.37E-03)","Cohesin Loading onto Chromatin (REAC:R-HSA-2470946, 1.82E-05)
Mitotic Telophase/Cytokinesis (REAC:R-HSA-68884, 4.53E-05)
Establishment of Sister Chromatid Cohesion (REAC:R-HSA-2468052, 5.93E-04)
Cell Cycle, Mitotic (REAC:R-HSA-69278, 5.93E-04)
Cell Cycle (REAC:R-HSA-1640170, 2.27E-03)
Mitotic Prometaphase (REAC:R-HSA-68877, 4.30E-03)
S Phase (REAC:R-HSA-69242, 4.30E-03)","Cohesin Loading onto Chromatin (REAC:R-HSA-2470946, 3.54E-07)
Mitotic Telophase/Cytokinesis (REAC:R-HSA-68884, 1.40E-06)
Establishment of Sister Chromatid Cohesion (REAC:R-HSA-2468052, 2.26E-05)
Cell Cycle, Mitotic (REAC:R-HSA-69278, 2.60E-04)
Mitotic Prometaphase (REAC:R-HSA-68877, 5.47E-04)
Cell Cycle (REAC:R-HSA-1640170, 1.42E-03)
Resolution of Sister Chromatid Cohesion (REAC:R-HSA-2500257, 1.46E-03)
S Phase (REAC:R-HSA-69242, 1.87E-03)
Separation of Sister Chromatids (REAC:R-HSA-2467813, 5.94E-03)","Cohesin Loading onto Chromatin (REAC:R-HSA-2470946, 2.53E-05)
Mitotic Telophase/Cytokinesis (REAC:R-HSA-68884, 6.28E-05)
Establishment of Sister Chromatid Cohesion (REAC:R-HSA-2468052, 1.03E-03)
Cell Cycle, Mitotic (REAC:R-HSA-69278, 1.22E-03)
Cell Cycle (REAC:R-HSA-1640170, 5.79E-03)
Mitotic Prometaphase (REAC:R-HSA-68877, 6.21E-03)
Resolution of Sister Chromatid Cohesion (REAC:R-HSA-2500257, 6.21E-03)
S Phase (REAC:R-HSA-69242, 6.21E-03)
Organelle biogenesis and maintenance (REAC:R-HSA-1852241, 6.50E-03)","Cohesin Loading onto Chromatin (REAC:R-HSA-2470946, 3.54E-07)
Mitotic Telophase/Cytokinesis (REAC:R-HSA-68884, 1.40E-06)
Establishment of Sister Chromatid Cohesion (REAC:R-HSA-2468052, 2.26E-05)
Cell Cycle, Mitotic (REAC:R-HSA-69278, 1.00E-03)
Mitotic Prometaphase (REAC:R-HSA-68877, 2.68E-03)
S Phase (REAC:R-HSA-69242, 2.68E-03)
Cell Cycle (REAC:R-HSA-1640170, 3.96E-03)
Resolution of Sister Chromatid Cohesion (REAC:R-HSA-2500257, 9.05E-03)",,"Cohesin Loading onto Chromatin (REAC:R-HSA-2470946, 3.90E-07)
Mitotic Telophase/Cytokinesis (REAC:R-HSA-68884, 1.55E-06)
Establishment of Sister Chromatid Cohesion (REAC:R-HSA-2468052, 2.45E-05)
Cell Cycle, Mitotic (REAC:R-HSA-69278, 3.39E-04)
Mitotic Prometaphase (REAC:R-HSA-68877, 6.46E-04)
Cell Cycle (REAC:R-HSA-1640170, 1.66E-03)
Resolution of Sister Chromatid Cohesion (REAC:R-HSA-2500257, 1.66E-03)
S Phase (REAC:R-HSA-69242, 2.15E-03)
Separation of Sister Chromatids (REAC:R-HSA-2467813, 6.80E-03)"
set4,"Cohesin Loading onto Chromatin (REAC:R-HSA-2470946, 3.90E-07)
Mitotic Telophase/Cytokinesis (REAC:R-HSA-68884, 1.55E-06)
Establishment of Sister Chromatid Cohesion (REAC:R-HSA-2468052, 2.45E-05)
Cell Cycle, Mitotic (REAC:R-HSA-69278, 3.39E-04)
Mitotic Prometaphase (REAC:R-HSA-68877, 6.46E-04)
Cell Cycle (REAC:R-HSA-1640170, 1.66E-03)
Resolution of Sister Chromatid Cohesion (REAC:R-HSA-2500257, 1.66E-03)
S Phase (REAC:R-HSA-69242, 2.15E-03)
Separation of Sister Chromatids (REAC:R-HSA-2467813, 6.80E-03)","Cohesin Loading onto Chromatin (REAC:R-HSA-2470946, 2.20E-07)
Mitotic Telophase/Cytokinesis (REAC:R-HSA-68884, 8.74E-07)
Establishment of Sister Chromatid Cohesion (REAC:R-HSA-2468052, 1.49E-05)
Cell Cycle, Mitotic (REAC:R-HSA-69278, 8.73E-05)
Mitotic Prometaphase (REAC:R-HSA-68877, 2.64E-04)
Cell Cycle (REAC:R-HSA-1640170, 4.85E-04)
Resolution of Sister Chromatid Cohesion (REAC:R-HSA-2500257, 8.09E-04)
S Phase (REAC:R-HSA-69242, 1.00E-03)
Separation of Sister Chromatids (REAC:R-HSA-2467813, 3.22E-03)","Cohesin Loading onto Chromatin (REAC:R-HSA-2470946, 1.82E-05)
Mitotic Telophase/Cytokinesis (REAC:R-HSA-68884, 4.53E-05)
Establishment of Sister Chromatid Cohesion (REAC:R-HSA-2468052, 5.93E-04)
Cell Cycle, Mitotic (REAC:R-HSA-69278, 5.93E-04)
Cell Cycle (REAC:R-HSA-1640170, 2.27E-03)
Mitotic Prometaphase (REAC:R-HSA-68877, 4.30E-03)
S Phase (REAC:R-HSA-69242, 4.30E-03)","Cohesin Loading onto Chromatin (REAC:R-HSA-2470946, 1.82E-05)
Mitotic Telophase/Cytokinesis (REAC:R-HSA-68884, 4.53E-05)
Establishment of Sister Chromatid Cohesion (REAC:R-HSA-2468052, 5.93E-04)
Cell Cycle, Mitotic (REAC:R-HSA-69278, 5.93E-04)
Cell Cycle (REAC:R-HSA-1640170, 2.27E-03)
Mitotic Prometaphase (REAC:R-HSA-68877, 4.30E-03)
S Phase (REAC:R-HSA-69242, 4.30E-03)","Cohesin Loading onto Chromatin (REAC:R-HSA-2470946, 3.25E-05)
Mitotic Telophase/Cytokinesis (REAC:R-HSA-68884, 8.08E-05)
Cell Cycle, Mitotic (REAC:R-HSA-69278, 9.05E-04)
Establishment of Sister Chromatid Cohesion (REAC:R-HSA-2468052, 9.45E-04)
Mitotic Prometaphase (REAC:R-HSA-68877, 2.53E-03)
Cell Cycle (REAC:R-HSA-1640170, 3.15E-03)
Resolution of Sister Chromatid Cohesion (REAC:R-HSA-2500257, 8.60E-03)
S Phase (REAC:R-HSA-69242, 9.15E-03)","Cohesin Loading onto Chromatin (REAC:R-HSA-2470946, 8.02E-04)
Mitotic Telophase/Cytokinesis (REAC:R-HSA-68884, 1.34E-03)
Cell Cycle, Mitotic (REAC:R-HSA-69278, 5.72E-03)","Cohesin Loading onto Chromatin (REAC:R-HSA-2470946, 3.72E-07)
Mitotic Telophase/Cytokinesis (REAC:R-HSA-68884, 1.48E-06)
Establishment of Sister Chromatid Cohesion (REAC:R-HSA-2468052, 2.36E-05)
Cell Cycle, Mitotic (REAC:R-HSA-69278, 2.98E-04)
Mitotic Prometaphase (REAC:R-HSA-68877, 5.95E-04)
Cell Cycle (REAC:R-HSA-1640170, 1.56E-03)
Resolution of Sister Chromatid Cohesion (REAC:R-HSA-2500257, 1.56E-03)
S Phase (REAC:R-HSA-69242, 2.01E-03)
Separation of Sister Chromatids (REAC:R-HSA-2467813, 6.37E-03)","Cohesin Loading onto Chromatin (REAC:R-HSA-2470946, 1.82E-05)
Mitotic Telophase/Cytokinesis (REAC:R-HSA-68884, 4.53E-05)
Establishment of Sister Chromatid Cohesion (REAC:R-HSA-2468052, 5.93E-04)
Cell Cycle, Mitotic (REAC:R-HSA-69278, 5.93E-04)
Cell Cycle (REAC:R-HSA-1640170, 2.27E-03)
Mitotic Prometaphase (REAC:R-HSA-68877, 4.30E-03)
S Phase (REAC:R-HSA-69242, 4.30E-03)","Cohesin Loading onto Chromatin (REAC:R-HSA-2470946, 3.54E-07)
Mitotic Telophase/Cytokinesis (REAC:R-HSA-68884, 1.40E-06)
Establishment of Sister Chromatid Cohesion (REAC:R-HSA-2468052, 2.26E-05)
Cell Cycle, Mitotic (REAC:R-HSA-69278, 2.60E-04)
Mitotic Prometaphase (REAC:R-HSA-68877, 5.47E-04)
Cell Cycle (REAC:R-HSA-1640170, 1.42E-03)
Resolution of Sister Chromatid Cohesion (REAC:R-HSA-2500257, 1.46E-03)
S Phase (REAC:R-HSA-69242, 1.87E-03)
Separation of Sister Chromatids (REAC:R-HSA-2467813, 5.94E-03)","Cohesin Loading onto Chromatin (REAC:R-HSA-2470946, 2.53E-05)
Mitotic Telophase/Cytokinesis (REAC:R-HSA-68884, 6.28E-05)
Establishment of Sister Chromatid Cohesion (REAC:R-HSA-2468052, 1.03E-03)
Cell Cycle, Mitotic (REAC:R-HSA-69278, 1.22E-03)
Cell Cycle (REAC:R-HSA-1640170, 5.79E-03)
Mitotic Prometaphase (REAC:R-HSA-68877, 6.21E-03)
Resolution of Sister Chromatid Cohesion (REAC:R-HSA-2500257, 6.21E-03)
S Phase (REAC:R-HSA-69242, 6.21E-03)
Organelle biogenesis and maintenance (REAC:R-HSA-1852241, 6.50E-03)","Cohesin Loading onto Chromatin (REAC:R-HSA-2470946, 3.54E-07)
Mitotic Telophase/Cytokinesis (REAC:R-HSA-68884, 1.40E-06)
Establishment of Sister Chromatid Cohesion (REAC:R-HSA-2468052, 2.26E-05)
Cell Cycle, Mitotic (REAC:R-HSA-69278, 1.00E-03)
Mitotic Prometaphase (REAC:R-HSA-68877, 2.68E-03)
S Phase (REAC:R-HSA-69242, 2.68E-03)
Cell Cycle (REAC:R-HSA-1640170, 3.96E-03)
Resolution of Sister Chromatid Cohesion (REAC:R-HSA-2500257, 9.05E-03)",,"Cohesin Loading onto Chromatin (REAC:R-HSA-2470946, 3.90E-07)
Mitotic Telophase/Cytokinesis (REAC:R-HSA-68884, 1.55E-06)
Establishment of Sister Chromatid Cohesion (REAC:R-HSA-2468052, 2.45E-05)
Cell Cycle, Mitotic (REAC:R-HSA-69278, 3.39E-04)
Mitotic Prometaphase (REAC:R-HSA-68877, 6.46E-04)
Cell Cycle (REAC:R-HSA-1640170, 1.66E-03)
Resolution of Sister Chromatid Cohesion (REAC:R-HSA-2500257, 1.66E-03)
S Phase (REAC:R-HSA-69242, 2.15E-03)
Separation of Sister Chromatids (REAC:R-HSA-2467813, 6.80E-03)"
set5,"Cohesin Loading onto Chromatin (REAC:R-HSA-2470946, 3.90E-07)
Mitotic Telophase/Cytokinesis (REAC:R-HSA-68884, 1.55E-06)
Establishment of Sister Chromatid Cohesion (REAC:R-HSA-2468052, 2.45E-05)
Cell Cycle, Mitotic (REAC:R-HSA-69278, 3.39E-04)
Mitotic Prometaphase (REAC:R-HSA-68877, 6.46E-04)
Cell Cycle (REAC:R-HSA-1640170, 1.66E-03)
Resolution of Sister Chromatid Cohesion (REAC:R-HSA-2500257, 1.66E-03)
S Phase (REAC:R-HSA-69242, 2.15E-03)
Separation of Sister Chromatids (REAC:R-HSA-2467813, 6.80E-03)","Cohesin Loading onto Chromatin (REAC:R-HSA-2470946, 2.20E-07)
Mitotic Telophase/Cytokinesis (REAC:R-HSA-68884, 8.74E-07)
Establishment of Sister Chromatid Cohesion (REAC:R-HSA-2468052, 1.49E-05)
Cell Cycle, Mitotic (REAC:R-HSA-69278, 8.73E-05)
Mitotic Prometaphase (REAC:R-HSA-68877, 2.64E-04)
Cell Cycle (REAC:R-HSA-1640170, 4.85E-04)
Resolution of Sister Chromatid Cohesion (REAC:R-HSA-2500257, 8.09E-04)
S Phase (REAC:R-HSA-69242, 1.00E-03)
Separation of Sister Chromatids (REAC:R-HSA-2467813, 3.22E-03)","Cohesin Loading onto Chromatin (REAC:R-HSA-2470946, 1.82E-05)
Mitotic Telophase/Cytokinesis (REAC:R-HSA-68884, 4.53E-05)
Establishment of Sister Chromatid Cohesion (REAC:R-HSA-2468052, 5.93E-04)
Cell Cycle, Mitotic (REAC:R-HSA-69278, 5.93E-04)
Cell Cycle (REAC:R-HSA-1640170, 2.27E-03)
Mitotic Prometaphase (REAC:R-HSA-68877, 4.30E-03)
S Phase (REAC:R-HSA-69242, 4.30E-03)","Cohesin Loading onto Chromatin (REAC:R-HSA-2470946, 1.82E-05)
Mitotic Telophase/Cytokinesis (REAC:R-HSA-68884, 4.53E-05)
Establishment of Sister Chromatid Cohesion (REAC:R-HSA-2468052, 5.93E-04)
Cell Cycle, Mitotic (REAC:R-HSA-69278, 5.93E-04)
Cell Cycle (REAC:R-HSA-1640170, 2.27E-03)
Mitotic Prometaphase (REAC:R-HSA-68877, 4.30E-03)
S Phase (REAC:R-HSA-69242, 4.30E-03)","Cohesin Loading onto Chromatin (REAC:R-HSA-2470946, 3.25E-05)
Mitotic Telophase/Cytokinesis (REAC:R-HSA-68884, 8.08E-05)
Cell Cycle, Mitotic (REAC:R-HSA-69278, 9.05E-04)
Establishment of Sister Chromatid Cohesion (REAC:R-HSA-2468052, 9.45E-04)
Mitotic Prometaphase (REAC:R-HSA-68877, 2.53E-03)
Cell Cycle (REAC:R-HSA-1640170, 3.15E-03)
Resolution of Sister Chromatid Cohesion (REAC:R-HSA-2500257, 8.60E-03)
S Phase (REAC:R-HSA-69242, 9.15E-03)","Cohesin Loading onto Chromatin (REAC:R-HSA-2470946, 8.02E-04)
Mitotic Telophase/Cytokinesis (REAC:R-HSA-68884, 1.34E-03)
Cell Cycle, Mitotic (REAC:R-HSA-69278, 5.72E-03)","Cohesin Loading onto Chromatin (REAC:R-HSA-2470946, 3.72E-07)
Mitotic Telophase/Cytokinesis (REAC:R-HSA-68884, 1.48E-06)
Establishment of Sister Chromatid Cohesion (REAC:R-HSA-2468052, 2.36E-05)
Cell Cycle, Mitotic (REAC:R-HSA-69278, 2.98E-04)
Mitotic Prometaphase (REAC:R-HSA-68877, 5.95E-04)
Cell Cycle (REAC:R-HSA-1640170, 1.56E-03)
Resolution of Sister Chromatid Cohesion (REAC:R-HSA-2500257, 1.56E-03)
S Phase (REAC:R-HSA-69242, 2.01E-03)
Separation of Sister Chromatids (REAC:R-HSA-2467813, 6.37E-03)","Cohesin Loading onto Chromatin (REAC:R-HSA-2470946, 1.82E-05)
Mitotic Telophase/Cytokinesis (REAC:R-HSA-68884, 4.53E-05)
Establishment of Sister Chromatid Cohesion (REAC:R-HSA-2468052, 5.93E-04)
Cell Cycle, Mitotic (REAC:R-HSA-69278, 5.93E-04)
Cell Cycle (REAC:R-HSA-1640170, 2.27E-03)
Mitotic Prometaphase (REAC:R-HSA-68877, 4.30E-03)
S Phase (REAC:R-HSA-69242, 4.30E-03)","Cohesin Loading onto Chromatin (REAC:R-HSA-2470946, 3.54E-07)
Mitotic Telophase/Cytokinesis (REAC:R-HSA-68884, 1.40E-06)
Establishment of Sister Chromatid Cohesion (REAC:R-HSA-2468052, 2.26E-05)
Cell Cycle, Mitotic (REAC:R-HSA-69278, 2.60E-04)
Mitotic Prometaphase (REAC:R-HSA-68877, 5.47E-04)
Cell Cycle (REAC:R-HSA-1640170, 1.42E-03)
Resolution of Sister Chromatid Cohesion (REAC:R-HSA-2500257, 1.46E-03)
S Phase (REAC:R-HSA-69242, 1.87E-03)
Separation of Sister Chromatids (REAC:R-HSA-2467813, 5.94E-03)","Cohesin Loading onto Chromatin (REAC:R-HSA-2470946, 2.53E-05)
Mitotic Telophase/Cytokinesis (REAC:R-HSA-68884, 6.28E-05)
Establishment of Sister Chromatid Cohesion (REAC:R-HSA-2468052, 1.03E-03)
Cell Cycle, Mitotic (REAC:R-HSA-69278, 1.22E-03)
Cell Cycle (REAC:R-HSA-1640170, 5.79E-03)
Mitotic Prometaphase (REAC:R-HSA-68877, 6.21E-03)
Resolution of Sister Chromatid Cohesion (REAC:R-HSA-2500257, 6.21E-03)
S Phase (REAC:R-HSA-69242, 6.21E-03)
Organelle biogenesis and maintenance (REAC:R-HSA-1852241, 6.50E-03)","Cohesin Loading onto Chromatin (REAC:R-HSA-2470946, 3.54E-07)
Mitotic Telophase/Cytokinesis (REAC:R-HSA-68884, 1.40E-06)
Establishment of Sister Chromatid Cohesion (REAC:R-HSA-2468052, 2.26E-05)
Cell Cycle, Mitotic (REAC:R-HSA-69278, 1.00E-03)
Mitotic Prometaphase (REAC:R-HSA-68877, 2.68E-03)
S Phase (REAC:R-HSA-69242, 2.68E-03)
Cell Cycle (REAC:R-HSA-1640170, 3.96E-03)
Resolution of Sister Chromatid Cohesion (REAC:R-HSA-2500257, 9.05E-03)",,"Cohesin Loading onto Chromatin (REAC:R-HSA-2470946, 3.90E-07)
Mitotic Telophase/Cytokinesis (REAC:R-HSA-68884, 1.55E-06)
Establishment of Sister Chromatid Cohesion (REAC:R-HSA-2468052, 2.45E-05)
Cell Cycle, Mitotic (REAC:R-HSA-69278, 3.39E-04)
Mitotic Prometaphase (REAC:R-HSA-68877, 6.46E-04)
Cell Cycle (REAC:R-HSA-1640170, 1.66E-03)
Resolution of Sister Chromatid Cohesion (REAC:R-HSA-2500257, 1.66E-03)
S Phase (REAC:R-HSA-69242, 2.15E-03)
Separation of Sister Chromatids (REAC:R-HSA-2467813, 6.80E-03)"
set6,"Cohesin Loading onto Chromatin (REAC:R-HSA-2470946, 3.90E-07)
Mitotic Telophase/Cytokinesis (REAC:R-HSA-68884, 1.55E-06)
Establishment of Sister Chromatid Cohesion (REAC:R-HSA-2468052, 2.45E-05)
Cell Cycle, Mitotic (REAC:R-HSA-69278, 3.39E-04)
Mitotic Prometaphase (REAC:R-HSA-68877, 6.46E-04)
Cell Cycle (REAC:R-HSA-1640170, 1.66E-03)
Resolution of Sister Chromatid Cohesion (REAC:R-HSA-2500257, 1.66E-03)
S Phase (REAC:R-HSA-69242, 2.15E-03)
Separation of Sister Chromatids (REAC:R-HSA-2467813, 6.80E-03)","Cohesin Loading onto Chromatin (REAC:R-HSA-2470946, 2.20E-07)
Mitotic Telophase/Cytokinesis (REAC:R-HSA-68884, 8.74E-07)
Establishment of Sister Chromatid Cohesion (REAC:R-HSA-2468052, 1.49E-05)
Cell Cycle, Mitotic (REAC:R-HSA-69278, 8.73E-05)
Mitotic Prometaphase (REAC:R-HSA-68877, 2.64E-04)
Cell Cycle (REAC:R-HSA-1640170, 4.85E-04)
Resolution of Sister Chromatid Cohesion (REAC:R-HSA-2500257, 8.09E-04)
S Phase (REAC:R-HSA-69242, 1.00E-03)
Separation of Sister Chromatids (REAC:R-HSA-2467813, 3.22E-03)","Cohesin Loading onto Chromatin (REAC:R-HSA-2470946, 1.82E-05)
Mitotic Telophase/Cytokinesis (REAC:R-HSA-68884, 4.53E-05)
Establishment of Sister Chromatid Cohesion (REAC:R-HSA-2468052, 5.93E-04)
Cell Cycle, Mitotic (REAC:R-HSA-69278, 5.93E-04)
Cell Cycle (REAC:R-HSA-1640170, 2.27E-03)
Mitotic Prometaphase (REAC:R-HSA-68877, 4.30E-03)
S Phase (REAC:R-HSA-69242, 4.30E-03)","Cohesin Loading onto Chromatin (REAC:R-HSA-2470946, 1.82E-05)
Mitotic Telophase/Cytokinesis (REAC:R-HSA-68884, 4.53E-05)
Establishment of Sister Chromatid Cohesion (REAC:R-HSA-2468052, 5.93E-04)
Cell Cycle, Mitotic (REAC:R-HSA-69278, 5.93E-04)
Cell Cycle (REAC:R-HSA-1640170, 2.27E-03)
Mitotic Prometaphase (REAC:R-HSA-68877, 4.30E-03)
S Phase (REAC:R-HSA-69242, 4.30E-03)","Cohesin Loading onto Chromatin (REAC:R-HSA-2470946, 3.25E-05)
Mitotic Telophase/Cytokinesis (REAC:R-HSA-68884, 8.08E-05)
Cell Cycle, Mitotic (REAC:R-HSA-69278, 9.05E-04)
Establishment of Sister Chromatid Cohesion (REAC:R-HSA-2468052, 9.45E-04)
Mitotic Prometaphase (REAC:R-HSA-68877, 2.53E-03)
Cell Cycle (REAC:R-HSA-1640170, 3.15E-03)
Resolution of Sister Chromatid Cohesion (REAC:R-HSA-2500257, 8.60E-03)
S Phase (REAC:R-HSA-69242, 9.15E-03)","Cohesin Loading onto Chromatin (REAC:R-HSA-2470946, 8.02E-04)
Mitotic Telophase/Cytokinesis (REAC:R-HSA-68884, 1.34E-03)
Cell Cycle, Mitotic (REAC:R-HSA-69278, 5.72E-03)","Cohesin Loading onto Chromatin (REAC:R-HSA-2470946, 3.72E-07)
Mitotic Telophase/Cytokinesis (REAC:R-HSA-68884, 1.48E-06)
Establishment of Sister Chromatid Cohesion (REAC:R-HSA-2468052, 2.36E-05)
Cell Cycle, Mitotic (REAC:R-HSA-69278, 2.98E-04)
Mitotic Prometaphase (REAC:R-HSA-68877, 5.95E-04)
Cell Cycle (REAC:R-HSA-1640170, 1.56E-03)
Resolution of Sister Chromatid Cohesion (REAC:R-HSA-2500257, 1.56E-03)
S Phase (REAC:R-HSA-69242, 2.01E-03)
Separation of Sister Chromatids (REAC:R-HSA-2467813, 6.37E-03)","Cohesin Loading onto Chromatin (REAC:R-HSA-2470946, 1.82E-05)
Mitotic Telophase/Cytokinesis (REAC:R-HSA-68884, 4.53E-05)
Establishment of Sister Chromatid Cohesion (REAC:R-HSA-2468052, 5.93E-04)
Cell Cycle, Mitotic (REAC:R-HSA-69278, 5.93E-04)
Cell Cycle (REAC:R-HSA-1640170, 2.27E-03)
Mitotic Prometaphase (REAC:R-HSA-68877, 4.30E-03)
S Phase (REAC:R-HSA-69242, 4.30E-03)","Cohesin Loading onto Chromatin (REAC:R-HSA-2470946, 3.54E-07)
Mitotic Telophase/Cytokinesis (REAC:R-HSA-68884, 1.40E-06)
Establishment of Sister Chromatid Cohesion (REAC:R-HSA-2468052, 2.26E-05)
Cell Cycle, Mitotic (REAC:R-HSA-69278, 2.60E-04)
Mitotic Prometaphase (REAC:R-HSA-68877, 5.47E-04)
Cell Cycle (REAC:R-HSA-1640170, 1.42E-03)
Resolution of Sister Chromatid Cohesion (REAC:R-HSA-2500257, 1.46E-03)
S Phase (REAC:R-HSA-69242, 1.87E-03)
Separation of Sister Chromatids (REAC:R-HSA-2467813, 5.94E-03)","Cohesin Loading onto Chromatin (REAC:R-HSA-2470946, 2.53E-05)
Mitotic Telophase/Cytokinesis (REAC:R-HSA-68884, 6.28E-05)
Establishment of Sister Chromatid Cohesion (REAC:R-HSA-2468052, 1.03E-03)
Cell Cycle, Mitotic (REAC:R-HSA-69278, 1.22E-03)
Cell Cycle (REAC:R-HSA-1640170, 5.79E-03)
Mitotic Prometaphase (REAC:R-HSA-68877, 6.21E-03)
Resolution of Sister Chromatid Cohesion (REAC:R-HSA-2500257, 6.21E-03)
S Phase (REAC:R-HSA-69242, 6.21E-03)
Organelle biogenesis and maintenance (REAC:R-HSA-1852241, 6.50E-03)","Cohesin Loading onto Chromatin (REAC:R-HSA-2470946, 3.54E-07)
Mitotic Telophase/Cytokinesis (REAC:R-HSA-68884, 1.40E-06)
Establishment of Sister Chromatid Cohesion (REAC:R-HSA-2468052, 2.26E-05)
Cell Cycle, Mitotic (REAC:R-HSA-69278, 1.00E-03)
Mitotic Prometaphase (REAC:R-HSA-68877, 2.68E-03)
S Phase (REAC:R-HSA-69242, 2.68E-03)
Cell Cycle (REAC:R-HSA-1640170, 3.96E-03)
Resolution of Sister Chromatid Cohesion (REAC:R-HSA-2500257, 9.05E-03)",,"Cohesin Loading onto Chromatin (REAC:R-HSA-2470946, 3.90E-07)
Mitotic Telophase/Cytokinesis (REAC:R-HSA-68884, 1.55E-06)
Establishment of Sister Chromatid Cohesion (REAC:R-HSA-2468052, 2.45E-05)
Cell Cycle, Mitotic (REAC:R-HSA-69278, 3.39E-04)
Mitotic Prometaphase (REAC:R-HSA-68877, 6.46E-04)
Cell Cycle (REAC:R-HSA-1640170, 1.66E-03)
Resolution of Sister Chromatid Cohesion (REAC:R-HSA-2500257, 1.66E-03)
S Phase (REAC:R-HSA-69242, 2.15E-03)
Separation of Sister Chromatids (REAC:R-HSA-2467813, 6.80E-03)"
set7,"Cohesin Loading onto Chromatin (REAC:R-HSA-2470946, 3.90E-07)
Mitotic Telophase/Cytokinesis (REAC:R-HSA-68884, 1.55E-06)
Establishment of Sister Chromatid Cohesion (REAC:R-HSA-2468052, 2.45E-05)
Cell Cycle, Mitotic (REAC:R-HSA-69278, 3.39E-04)
Mitotic Prometaphase (REAC:R-HSA-68877, 6.46E-04)
Cell Cycle (REAC:R-HSA-1640170, 1.66E-03)
Resolution of Sister Chromatid Cohesion (REAC:R-HSA-2500257, 1.66E-03)
S Phase (REAC:R-HSA-69242, 2.15E-03)
Separation of Sister Chromatids (REAC:R-HSA-2467813, 6.80E-03)","Cohesin Loading onto Chromatin (REAC:R-HSA-2470946, 2.20E-07)
Mitotic Telophase/Cytokinesis (REAC:R-HSA-68884, 8.74E-07)
Establishment of Sister Chromatid Cohesion (REAC:R-HSA-2468052, 1.49E-05)
Cell Cycle, Mitotic (REAC:R-HSA-69278, 8.73E-05)
Mitotic Prometaphase (REAC:R-HSA-68877, 2.64E-04)
Cell Cycle (REAC:R-HSA-1640170, 4.85E-04)
Resolution of Sister Chromatid Cohesion (REAC:R-HSA-2500257, 8.09E-04)
S Phase (REAC:R-HSA-69242, 1.00E-03)
Separation of Sister Chromatids (REAC:R-HSA-2467813, 3.22E-03)","Cohesin Loading onto Chromatin (REAC:R-HSA-2470946, 1.82E-05)
Mitotic Telophase/Cytokinesis (REAC:R-HSA-68884, 4.53E-05)
Establishment of Sister Chromatid Cohesion (REAC:R-HSA-2468052, 5.93E-04)
Cell Cycle, Mitotic (REAC:R-HSA-69278, 5.93E-04)
Cell Cycle (REAC:R-HSA-1640170, 2.27E-03)
Mitotic Prometaphase (REAC:R-HSA-68877, 4.30E-03)
S Phase (REAC:R-HSA-69242, 4.30E-03)","Cohesin Loading onto Chromatin (REAC:R-HSA-2470946, 1.82E-05)
Mitotic Telophase/Cytokinesis (REAC:R-HSA-68884, 4.53E-05)
Establishment of Sister Chromatid Cohesion (REAC:R-HSA-2468052, 5.93E-04)
Cell Cycle, Mitotic (REAC:R-HSA-69278, 5.93E-04)
Cell Cycle (REAC:R-HSA-1640170, 2.27E-03)
Mitotic Prometaphase (REAC:R-HSA-68877, 4.30E-03)
S Phase (REAC:R-HSA-69242, 4.30E-03)","Cohesin Loading onto Chromatin (REAC:R-HSA-2470946, 3.25E-05)
Mitotic Telophase/Cytokinesis (REAC:R-HSA-68884, 8.08E-05)
Cell Cycle, Mitotic (REAC:R-HSA-69278, 9.05E-04)
Establishment of Sister Chromatid Cohesion (REAC:R-HSA-2468052, 9.45E-04)
Mitotic Prometaphase (REAC:R-HSA-68877, 2.53E-03)
Cell Cycle (REAC:R-HSA-1640170, 3.15E-03)
Resolution of Sister Chromatid Cohesion (REAC:R-HSA-2500257, 8.60E-03)
S Phase (REAC:R-HSA-69242, 9.15E-03)","Cohesin Loading onto Chromatin (REAC:R-HSA-2470946, 8.02E-04)
Mitotic Telophase/Cytokinesis (REAC:R-HSA-68884, 1.34E-03)
Cell Cycle, Mitotic (REAC:R-HSA-69278, 5.72E-03)","Cohesin Loading onto Chromatin (REAC:R-HSA-2470946, 3.72E-07)
Mitotic Telophase/Cytokinesis (REAC:R-HSA-68884, 1.48E-06)
Establishment of Sister Chromatid Cohesion (REAC:R-HSA-2468052, 2.36E-05)
Cell Cycle, Mitotic (REAC:R-HSA-69278, 2.98E-04)
Mitotic Prometaphase (REAC:R-HSA-68877, 5.95E-04)
Cell Cycle (REAC:R-HSA-1640170, 1.56E-03)
Resolution of Sister Chromatid Cohesion (REAC:R-HSA-2500257, 1.56E-03)
S Phase (REAC:R-HSA-69242, 2.01E-03)
Separation of Sister Chromatids (REAC:R-HSA-2467813, 6.37E-03)","Cohesin Loading onto Chromatin (REAC:R-HSA-2470946, 1.82E-05)
Mitotic Telophase/Cytokinesis (REAC:R-HSA-68884, 4.53E-05)
Establishment of Sister Chromatid Cohesion (REAC:R-HSA-2468052, 5.93E-04)
Cell Cycle, Mitotic (REAC:R-HSA-69278, 5.93E-04)
Cell Cycle (REAC:R-HSA-1640170, 2.27E-03)
Mitotic Prometaphase (REAC:R-HSA-68877, 4.30E-03)
S Phase (REAC:R-HSA-69242, 4.30E-03)","Cohesin Loading onto Chromatin (REAC:R-HSA-2470946, 3.54E-07)
Mitotic Telophase/Cytokinesis (REAC:R-HSA-68884, 1.40E-06)
Establishment of Sister Chromatid Cohesion (REAC:R-HSA-2468052, 2.26E-05)
Cell Cycle, Mitotic (REAC:R-HSA-69278, 2.60E-04)
Mitotic Prometaphase (REAC:R-HSA-68877, 5.47E-04)
Cell Cycle (REAC:R-HSA-1640170, 1.42E-03)
Resolution of Sister Chromatid Cohesion (REAC:R-HSA-2500257, 1.46E-03)
S Phase (REAC:R-HSA-69242, 1.87E-03)
Separation of Sister Chromatids (REAC:R-HSA-2467813, 5.94E-03)","Cohesin Loading onto Chromatin (REAC:R-HSA-2470946, 2.53E-05)
Mitotic Telophase/Cytokinesis (REAC:R-HSA-68884, 6.28E-05)
Establishment of Sister Chromatid Cohesion (REAC:R-HSA-2468052, 1.03E-03)
Cell Cycle, Mitotic (REAC:R-HSA-69278, 1.22E-03)
Cell Cycle (REAC:R-HSA-1640170, 5.79E-03)
Mitotic Prometaphase (REAC:R-HSA-68877, 6.21E-03)
Resolution of Sister Chromatid Cohesion (REAC:R-HSA-2500257, 6.21E-03)
S Phase (REAC:R-HSA-69242, 6.21E-03)
Organelle biogenesis and maintenance (REAC:R-HSA-1852241, 6.50E-03)","Cohesin Loading onto Chromatin (REAC:R-HSA-2470946, 3.54E-07)
Mitotic Telophase/Cytokinesis (REAC:R-HSA-68884, 1.40E-06)
Establishment of Sister Chromatid Cohesion (REAC:R-HSA-2468052, 2.26E-05)
Cell Cycle, Mitotic (REAC:R-HSA-69278, 1.00E-03)
Mitotic Prometaphase (REAC:R-HSA-68877, 2.68E-03)
S Phase (REAC:R-HSA-69242, 2.68E-03)
Cell Cycle (REAC:R-HSA-1640170, 3.96E-03)
Resolution of Sister Chromatid Cohesion (REAC:R-HSA-2500257, 9.05E-03)",,"Cohesin Loading onto Chromatin (REAC:R-HSA-2470946, 3.90E-07)
Mitotic Telophase/Cytokinesis (REAC:R-HSA-68884, 1.55E-06)
Establishment of Sister Chromatid Cohesion (REAC:R-HSA-2468052, 2.45E-05)
Cell Cycle, Mitotic (REAC:R-HSA-69278, 3.39E-04)
Mitotic Prometaphase (REAC:R-HSA-68877, 6.46E-04)
Cell Cycle (REAC:R-HSA-1640170, 1.66E-03)
Resolution of Sister Chromatid Cohesion (REAC:R-HSA-2500257, 1.66E-03)
S Phase (REAC:R-HSA-69242, 2.15E-03)
Separation of Sister Chromatids (REAC:R-HSA-2467813, 6.80E-03)"
set8,"Cohesin Loading onto Chromatin (REAC:R-HSA-2470946, 3.90E-07)
Mitotic Telophase/Cytokinesis (REAC:R-HSA-68884, 1.55E-06)
Establishment of Sister Chromatid Cohesion (REAC:R-HSA-2468052, 2.45E-05)
Cell Cycle, Mitotic (REAC:R-HSA-69278, 3.39E-04)
Mitotic Prometaphase (REAC:R-HSA-68877, 6.46E-04)
Cell Cycle (REAC:R-HSA-1640170, 1.66E-03)
Resolution of Sister Chromatid Cohesion (REAC:R-HSA-2500257, 1.66E-03)
S Phase (REAC:R-HSA-69242, 2.15E-03)
Separation of Sister Chromatids (REAC:R-HSA-2467813, 6.80E-03)","Cohesin Loading onto Chromatin (REAC:R-HSA-2470946, 2.20E-07)
Mitotic Telophase/Cytokinesis (REAC:R-HSA-68884, 8.74E-07)
Establishment of Sister Chromatid Cohesion (REAC:R-HSA-2468052, 1.49E-05)
Cell Cycle, Mitotic (REAC:R-HSA-69278, 8.73E-05)
Mitotic Prometaphase (REAC:R-HSA-68877, 2.64E-04)
Cell Cycle (REAC:R-HSA-1640170, 4.85E-04)
Resolution of Sister Chromatid Cohesion (REAC:R-HSA-2500257, 8.09E-04)
S Phase (REAC:R-HSA-69242, 1.00E-03)
Separation of Sister Chromatids (REAC:R-HSA-2467813, 3.22E-03)","Cohesin Loading onto Chromatin (REAC:R-HSA-2470946, 1.82E-05)
Mitotic Telophase/Cytokinesis (REAC:R-HSA-68884, 4.53E-05)
Establishment of Sister Chromatid Cohesion (REAC:R-HSA-2468052, 5.93E-04)
Cell Cycle, Mitotic (REAC:R-HSA-69278, 5.93E-04)
Cell Cycle (REAC:R-HSA-1640170, 2.27E-03)
Mitotic Prometaphase (REAC:R-HSA-68877, 4.30E-03)
S Phase (REAC:R-HSA-69242, 4.30E-03)","Cohesin Loading onto Chromatin (REAC:R-HSA-2470946, 1.82E-05)
Mitotic Telophase/Cytokinesis (REAC:R-HSA-68884, 4.53E-05)
Establishment of Sister Chromatid Cohesion (REAC:R-HSA-2468052, 5.93E-04)
Cell Cycle, Mitotic (REAC:R-HSA-69278, 5.93E-04)
Cell Cycle (REAC:R-HSA-1640170, 2.27E-03)
Mitotic Prometaphase (REAC:R-HSA-68877, 4.30E-03)
S Phase (REAC:R-HSA-69242, 4.30E-03)","Cohesin Loading onto Chromatin (REAC:R-HSA-2470946, 3.25E-05)
Mitotic Telophase/Cytokinesis (REAC:R-HSA-68884, 8.08E-05)
Cell Cycle, Mitotic (REAC:R-HSA-69278, 9.05E-04)
Establishment of Sister Chromatid Cohesion (REAC:R-HSA-2468052, 9.45E-04)
Mitotic Prometaphase (REAC:R-HSA-68877, 2.53E-03)
Cell Cycle (REAC:R-HSA-1640170, 3.15E-03)
Resolution of Sister Chromatid Cohesion (REAC:R-HSA-2500257, 8.60E-03)
S Phase (REAC:R-HSA-69242, 9.15E-03)","Cohesin Loading onto Chromatin (REAC:R-HSA-2470946, 8.02E-04)
Mitotic Telophase/Cytokinesis (REAC:R-HSA-68884, 1.34E-03)
Cell Cycle, Mitotic (REAC:R-HSA-69278, 5.72E-03)","Cohesin Loading onto Chromatin (REAC:R-HSA-2470946, 3.72E-07)
Mitotic Telophase/Cytokinesis (REAC:R-HSA-68884, 1.48E-06)
Establishment of Sister Chromatid Cohesion (REAC:R-HSA-2468052, 2.36E-05)
Cell Cycle, Mitotic (REAC:R-HSA-69278, 2.98E-04)
Mitotic Prometaphase (REAC:R-HSA-68877, 5.95E-04)
Cell Cycle (REAC:R-HSA-1640170, 1.56E-03)
Resolution of Sister Chromatid Cohesion (REAC:R-HSA-2500257, 1.56E-03)
S Phase (REAC:R-HSA-69242, 2.01E-03)
Separation of Sister Chromatids (REAC:R-HSA-2467813, 6.37E-03)","Cohesin Loading onto Chromatin (REAC:R-HSA-2470946, 1.82E-05)
Mitotic Telophase/Cytokinesis (REAC:R-HSA-68884, 4.53E-05)
Establishment of Sister Chromatid Cohesion (REAC:R-HSA-2468052, 5.93E-04)
Cell Cycle, Mitotic (REAC:R-HSA-69278, 5.93E-04)
Cell Cycle (REAC:R-HSA-1640170, 2.27E-03)
Mitotic Prometaphase (REAC:R-HSA-68877, 4.30E-03)
S Phase (REAC:R-HSA-69242, 4.30E-03)","Cohesin Loading onto Chromatin (REAC:R-HSA-2470946, 3.54E-07)
Mitotic Telophase/Cytokinesis (REAC:R-HSA-68884, 1.40E-06)
Establishment of Sister Chromatid Cohesion (REAC:R-HSA-2468052, 2.26E-05)
Cell Cycle, Mitotic (REAC:R-HSA-69278, 2.60E-04)
Mitotic Prometaphase (REAC:R-HSA-68877, 5.47E-04)
Cell Cycle (REAC:R-HSA-1640170, 1.42E-03)
Resolution of Sister Chromatid Cohesion (REAC:R-HSA-2500257, 1.46E-03)
S Phase (REAC:R-HSA-69242, 1.87E-03)
Separation of Sister Chromatids (REAC:R-HSA-2467813, 5.94E-03)","Cohesin Loading onto Chromatin (REAC:R-HSA-2470946, 2.53E-05)
Mitotic Telophase/Cytokinesis (REAC:R-HSA-68884, 6.28E-05)
Establishment of Sister Chromatid Cohesion (REAC:R-HSA-2468052, 1.03E-03)
Cell Cycle, Mitotic (REAC:R-HSA-69278, 1.22E-03)
Cell Cycle (REAC:R-HSA-1640170, 5.79E-03)
Mitotic Prometaphase (REAC:R-HSA-68877, 6.21E-03)
Resolution of Sister Chromatid Cohesion (REAC:R-HSA-2500257, 6.21E-03)
S Phase (REAC:R-HSA-69242, 6.21E-03)
Organelle biogenesis and maintenance (REAC:R-HSA-1852241, 6.50E-03)","Cohesin Loading onto Chromatin (REAC:R-HSA-2470946, 3.54E-07)
Mitotic Telophase/Cytokinesis (REAC:R-HSA-68884, 1.40E-06)
Establishment of Sister Chromatid Cohesion (REAC:R-HSA-2468052, 2.26E-05)
Cell Cycle, Mitotic (REAC:R-HSA-69278, 1.00E-03)
Mitotic Prometaphase (REAC:R-HSA-68877, 2.68E-03)
S Phase (REAC:R-HSA-69242, 2.68E-03)
Cell Cycle (REAC:R-HSA-1640170, 3.96E-03)
Resolution of Sister Chromatid Cohesion (REAC:R-HSA-2500257, 9.05E-03)",,"Cohesin Loading onto Chromatin (REAC:R-HSA-2470946, 3.90E-07)
Mitotic Telophase/Cytokinesis (REAC:R-HSA-68884, 1.55E-06)
Establishment of Sister Chromatid Cohesion (REAC:R-HSA-2468052, 2.45E-05)
Cell Cycle, Mitotic (REAC:R-HSA-69278, 3.39E-04)
Mitotic Prometaphase (REAC:R-HSA-68877, 6.46E-04)
Cell Cycle (REAC:R-HSA-1640170, 1.66E-03)
Resolution of Sister Chromatid Cohesion (REAC:R-HSA-2500257, 1.66E-03)
S Phase (REAC:R-HSA-69242, 2.15E-03)
Separation of Sister Chromatids (REAC:R-HSA-2467813, 6.80E-03)"
set9,"Cohesin Loading onto Chromatin (REAC:R-HSA-2470946, 3.90E-07)
Mitotic Telophase/Cytokinesis (REAC:R-HSA-68884, 1.55E-06)
Establishment of Sister Chromatid Cohesion (REAC:R-HSA-2468052, 2.45E-05)
Cell Cycle, Mitotic (REAC:R-HSA-69278, 3.39E-04)
Mitotic Prometaphase (REAC:R-HSA-68877, 6.46E-04)
Cell Cycle (REAC:R-HSA-1640170, 1.66E-03)
Resolution of Sister Chromatid Cohesion (REAC:R-HSA-2500257, 1.66E-03)
S Phase (REAC:R-HSA-69242, 2.15E-03)
Separation of Sister Chromatids (REAC:R-HSA-2467813, 6.80E-03)","Cohesin Loading onto Chromatin (REAC:R-HSA-2470946, 2.20E-07)
Mitotic Telophase/Cytokinesis (REAC:R-HSA-68884, 8.74E-07)
Establishment of Sister Chromatid Cohesion (REAC:R-HSA-2468052, 1.49E-05)
Cell Cycle, Mitotic (REAC:R-HSA-69278, 8.73E-05)
Mitotic Prometaphase (REAC:R-HSA-68877, 2.64E-04)
Cell Cycle (REAC:R-HSA-1640170, 4.85E-04)
Resolution of Sister Chromatid Cohesion (REAC:R-HSA-2500257, 8.09E-04)
S Phase (REAC:R-HSA-69242, 1.00E-03)
Separation of Sister Chromatids (REAC:R-HSA-2467813, 3.22E-03)","Cohesin Loading onto Chromatin (REAC:R-HSA-2470946, 1.82E-05)
Mitotic Telophase/Cytokinesis (REAC:R-HSA-68884, 4.53E-05)
Establishment of Sister Chromatid Cohesion (REAC:R-HSA-2468052, 5.93E-04)
Cell Cycle, Mitotic (REAC:R-HSA-69278, 5.93E-04)
Cell Cycle (REAC:R-HSA-1640170, 2.27E-03)
Mitotic Prometaphase (REAC:R-HSA-68877, 4.30E-03)
S Phase (REAC:R-HSA-69242, 4.30E-03)","Cohesin Loading onto Chromatin (REAC:R-HSA-2470946, 1.82E-05)
Mitotic Telophase/Cytokinesis (REAC:R-HSA-68884, 4.53E-05)
Establishment of Sister Chromatid Cohesion (REAC:R-HSA-2468052, 5.93E-04)
Cell Cycle, Mitotic (REAC:R-HSA-69278, 5.93E-04)
Cell Cycle (REAC:R-HSA-1640170, 2.27E-03)
Mitotic Prometaphase (REAC:R-HSA-68877, 4.30E-03)
S Phase (REAC:R-HSA-69242, 4.30E-03)","Cohesin Loading onto Chromatin (REAC:R-HSA-2470946, 3.25E-05)
Mitotic Telophase/Cytokinesis (REAC:R-HSA-68884, 8.08E-05)
Cell Cycle, Mitotic (REAC:R-HSA-69278, 9.05E-04)
Establishment of Sister Chromatid Cohesion (REAC:R-HSA-2468052, 9.45E-04)
Mitotic Prometaphase (REAC:R-HSA-68877, 2.53E-03)
Cell Cycle (REAC:R-HSA-1640170, 3.15E-03)
Resolution of Sister Chromatid Cohesion (REAC:R-HSA-2500257, 8.60E-03)
S Phase (REAC:R-HSA-69242, 9.15E-03)","Cohesin Loading onto Chromatin (REAC:R-HSA-2470946, 8.02E-04)
Mitotic Telophase/Cytokinesis (REAC:R-HSA-68884, 1.34E-03)
Cell Cycle, Mitotic (REAC:R-HSA-69278, 5.72E-03)","Cohesin Loading onto Chromatin (REAC:R-HSA-2470946, 3.72E-07)
Mitotic Telophase/Cytokinesis (REAC:R-HSA-68884, 1.48E-06)
Establishment of Sister Chromatid Cohesion (REAC:R-HSA-2468052, 2.36E-05)
Cell Cycle, Mitotic (REAC:R-HSA-69278, 2.98E-04)
Mitotic Prometaphase (REAC:R-HSA-68877, 5.95E-04)
Cell Cycle (REAC:R-HSA-1640170, 1.56E-03)
Resolution of Sister Chromatid Cohesion (REAC:R-HSA-2500257, 1.56E-03)
S Phase (REAC:R-HSA-69242, 2.01E-03)
Separation of Sister Chromatids (REAC:R-HSA-2467813, 6.37E-03)","Cohesin Loading onto Chromatin (REAC:R-HSA-2470946, 1.82E-05)
Mitotic Telophase/Cytokinesis (REAC:R-HSA-68884, 4.53E-05)
Establishment of Sister Chromatid Cohesion (REAC:R-HSA-2468052, 5.93E-04)
Cell Cycle, Mitotic (REAC:R-HSA-69278, 5.93E-04)
Cell Cycle (REAC:R-HSA-1640170, 2.27E-03)
Mitotic Prometaphase (REAC:R-HSA-68877, 4.30E-03)
S Phase (REAC:R-HSA-69242, 4.30E-03)","Cohesin Loading onto Chromatin (REAC:R-HSA-2470946, 3.54E-07)
Mitotic Telophase/Cytokinesis (REAC:R-HSA-68884, 1.40E-06)
Establishment of Sister Chromatid Cohesion (REAC:R-HSA-2468052, 2.26E-05)
Cell Cycle, Mitotic (REAC:R-HSA-69278, 2.60E-04)
Mitotic Prometaphase (REAC:R-HSA-68877, 5.47E-04)
Cell Cycle (REAC:R-HSA-1640170, 1.42E-03)
Resolution of Sister Chromatid Cohesion (REAC:R-HSA-2500257, 1.46E-03)
S Phase (REAC:R-HSA-69242, 1.87E-03)
Separation of Sister Chromatids (REAC:R-HSA-2467813, 5.94E-03)","Cohesin Loading onto Chromatin (REAC:R-HSA-2470946, 2.53E-05)
Mitotic Telophase/Cytokinesis (REAC:R-HSA-68884, 6.28E-05)
Establishment of Sister Chromatid Cohesion (REAC:R-HSA-2468052, 1.03E-03)
Cell Cycle, Mitotic (REAC:R-HSA-69278, 1.22E-03)
Cell Cycle (REAC:R-HSA-1640170, 5.79E-03)
Mitotic Prometaphase (REAC:R-HSA-68877, 6.21E-03)
Resolution of Sister Chromatid Cohesion (REAC:R-HSA-2500257, 6.21E-03)
S Phase (REAC:R-HSA-69242, 6.21E-03)
Organelle biogenesis and maintenance (REAC:R-HSA-1852241, 6.50E-03)","Cohesin Loading onto Chromatin (REAC:R-HSA-2470946, 3.54E-07)
Mitotic Telophase/Cytokinesis (REAC:R-HSA-68884, 1.40E-06)
Establishment of Sister Chromatid Cohesion (REAC:R-HSA-2468052, 2.26E-05)
Cell Cycle, Mitotic (REAC:R-HSA-69278, 1.00E-03)
Mitotic Prometaphase (REAC:R-HSA-68877, 2.68E-03)
S Phase (REAC:R-HSA-69242, 2.68E-03)
Cell Cycle (REAC:R-HSA-1640170, 3.96E-03)
Resolution of Sister Chromatid Cohesion (REAC:R-HSA-2500257, 9.05E-03)",,"Cohesin Loading onto Chromatin (REAC:R-HSA-2470946, 3.90E-07)
Mitotic Telophase/Cytokinesis (REAC:R-HSA-68884, 1.55E-06)
Establishment of Sister Chromatid Cohesion (REAC:R-HSA-2468052, 2.45E-05)
Cell Cycle, Mitotic (REAC:R-HSA-69278, 3.39E-04)
Mitotic Prometaphase (REAC:R-HSA-68877, 6.46E-04)
Cell Cycle (REAC:R-HSA-1640170, 1.66E-03)
Resolution of Sister Chromatid Cohesion (REAC:R-HSA-2500257, 1.66E-03)
S Phase (REAC:R-HSA-69242, 2.15E-03)
Separation of Sister Chromatids (REAC:R-HSA-2467813, 6.80E-03)"
set10,"Cohesin Loading onto Chromatin (REAC:R-HSA-2470946, 3.90E-07)
Mitotic Telophase/Cytokinesis (REAC:R-HSA-68884, 1.55E-06)
Establishment of Sister Chromatid Cohesion (REAC:R-HSA-2468052, 2.45E-05)
Cell Cycle, Mitotic (REAC:R-HSA-69278, 3.39E-04)
Mitotic Prometaphase (REAC:R-HSA-68877, 6.46E-04)
Cell Cycle (REAC:R-HSA-1640170, 1.66E-03)
Resolution of Sister Chromatid Cohesion (REAC:R-HSA-2500257, 1.66E-03)
S Phase (REAC:R-HSA-69242, 2.15E-03)
Separation of Sister Chromatids (REAC:R-HSA-2467813, 6.80E-03)","Cohesin Loading onto Chromatin (REAC:R-HSA-2470946, 2.20E-07)
Mitotic Telophase/Cytokinesis (REAC:R-HSA-68884, 8.74E-07)
Establishment of Sister Chromatid Cohesion (REAC:R-HSA-2468052, 1.49E-05)
Cell Cycle, Mitotic (REAC:R-HSA-69278, 8.73E-05)
Mitotic Prometaphase (REAC:R-HSA-68877, 2.64E-04)
Cell Cycle (REAC:R-HSA-1640170, 4.85E-04)
Resolution of Sister Chromatid Cohesion (REAC:R-HSA-2500257, 8.09E-04)
S Phase (REAC:R-HSA-69242, 1.00E-03)
Separation of Sister Chromatids (REAC:R-HSA-2467813, 3.22E-03)","Cohesin Loading onto Chromatin (REAC:R-HSA-2470946, 1.82E-05)
Mitotic Telophase/Cytokinesis (REAC:R-HSA-68884, 4.53E-05)
Establishment of Sister Chromatid Cohesion (REAC:R-HSA-2468052, 5.93E-04)
Cell Cycle, Mitotic (REAC:R-HSA-69278, 5.93E-04)
Cell Cycle (REAC:R-HSA-1640170, 2.27E-03)
Mitotic Prometaphase (REAC:R-HSA-68877, 4.30E-03)
S Phase (REAC:R-HSA-69242, 4.30E-03)","Cohesin Loading onto Chromatin (REAC:R-HSA-2470946, 1.82E-05)
Mitotic Telophase/Cytokinesis (REAC:R-HSA-68884, 4.53E-05)
Establishment of Sister Chromatid Cohesion (REAC:R-HSA-2468052, 5.93E-04)
Cell Cycle, Mitotic (REAC:R-HSA-69278, 5.93E-04)
Cell Cycle (REAC:R-HSA-1640170, 2.27E-03)
Mitotic Prometaphase (REAC:R-HSA-68877, 4.30E-03)
S Phase (REAC:R-HSA-69242, 4.30E-03)","Cohesin Loading onto Chromatin (REAC:R-HSA-2470946, 3.25E-05)
Mitotic Telophase/Cytokinesis (REAC:R-HSA-68884, 8.08E-05)
Cell Cycle, Mitotic (REAC:R-HSA-69278, 9.05E-04)
Establishment of Sister Chromatid Cohesion (REAC:R-HSA-2468052, 9.45E-04)
Mitotic Prometaphase (REAC:R-HSA-68877, 2.53E-03)
Cell Cycle (REAC:R-HSA-1640170, 3.15E-03)
Resolution of Sister Chromatid Cohesion (REAC:R-HSA-2500257, 8.60E-03)
S Phase (REAC:R-HSA-69242, 9.15E-03)","Cohesin Loading onto Chromatin (REAC:R-HSA-2470946, 8.02E-04)
Mitotic Telophase/Cytokinesis (REAC:R-HSA-68884, 1.34E-03)
Cell Cycle, Mitotic (REAC:R-HSA-69278, 5.72E-03)","Cohesin Loading onto Chromatin (REAC:R-HSA-2470946, 3.72E-07)
Mitotic Telophase/Cytokinesis (REAC:R-HSA-68884, 1.48E-06)
Establishment of Sister Chromatid Cohesion (REAC:R-HSA-2468052, 2.36E-05)
Cell Cycle, Mitotic (REAC:R-HSA-69278, 2.98E-04)
Mitotic Prometaphase (REAC:R-HSA-68877, 5.95E-04)
Cell Cycle (REAC:R-HSA-1640170, 1.56E-03)
Resolution of Sister Chromatid Cohesion (REAC:R-HSA-2500257, 1.56E-03)
S Phase (REAC:R-HSA-69242, 2.01E-03)
Separation of Sister Chromatids (REAC:R-HSA-2467813, 6.37E-03)","Cohesin Loading onto Chromatin (REAC:R-HSA-2470946, 1.82E-05)
Mitotic Telophase/Cytokinesis (REAC:R-HSA-68884, 4.53E-05)
Establishment of Sister Chromatid Cohesion (REAC:R-HSA-2468052, 5.93E-04)
Cell Cycle, Mitotic (REAC:R-HSA-69278, 5.93E-04)
Cell Cycle (REAC:R-HSA-1640170, 2.27E-03)
Mitotic Prometaphase (REAC:R-HSA-68877, 4.30E-03)
S Phase (REAC:R-HSA-69242, 4.30E-03)","Cohesin Loading onto Chromatin (REAC:R-HSA-2470946, 3.54E-07)
Mitotic Telophase/Cytokinesis (REAC:R-HSA-68884, 1.40E-06)
Establishment of Sister Chromatid Cohesion (REAC:R-HSA-2468052, 2.26E-05)
Cell Cycle, Mitotic (REAC:R-HSA-69278, 2.60E-04)
Mitotic Prometaphase (REAC:R-HSA-68877, 5.47E-04)
Cell Cycle (REAC:R-HSA-1640170, 1.42E-03)
Resolution of Sister Chromatid Cohesion (REAC:R-HSA-2500257, 1.46E-03)
S Phase (REAC:R-HSA-69242, 1.87E-03)
Separation of Sister Chromatids (REAC:R-HSA-2467813, 5.94E-03)","Cohesin Loading onto Chromatin (REAC:R-HSA-2470946, 2.53E-05)
Mitotic Telophase/Cytokinesis (REAC:R-HSA-68884, 6.28E-05)
Establishment of Sister Chromatid Cohesion (REAC:R-HSA-2468052, 1.03E-03)
Cell Cycle, Mitotic (REAC:R-HSA-69278, 1.22E-03)
Cell Cycle (REAC:R-HSA-1640170, 5.79E-03)
Mitotic Prometaphase (REAC:R-HSA-68877, 6.21E-03)
Resolution of Sister Chromatid Cohesion (REAC:R-HSA-2500257, 6.21E-03)
S Phase (REAC:R-HSA-69242, 6.21E-03)
Organelle biogenesis and maintenance (REAC:R-HSA-1852241, 6.50E-03)","Cohesin Loading onto Chromatin (REAC:R-HSA-2470946, 3.54E-07)
Mitotic Telophase/Cytokinesis (REAC:R-HSA-68884, 1.40E-06)
Establishment of Sister Chromatid Cohesion (REAC:R-HSA-2468052, 2.26E-05)
Cell Cycle, Mitotic (REAC:R-HSA-69278, 1.00E-03)
Mitotic Prometaphase (REAC:R-HSA-68877, 2.68E-03)
S Phase (REAC:R-HSA-69242, 2.68E-03)
Cell Cycle (REAC:R-HSA-1640170, 3.96E-03)
Resolution of Sister Chromatid Cohesion (REAC:R-HSA-2500257, 9.05E-03)",,"Cohesin Loading onto Chromatin (REAC:R-HSA-2470946, 3.90E-07)
Mitotic Telophase/Cytokinesis (REAC:R-HSA-68884, 1.55E-06)
Establishment of Sister Chromatid Cohesion (REAC:R-HSA-2468052, 2.45E-05)
Cell Cycle, Mitotic (REAC:R-HSA-69278, 3.39E-04)
Mitotic Prometaphase (REAC:R-HSA-68877, 6.46E-04)
Cell Cycle (REAC:R-HSA-1640170, 1.66E-03)
Resolution of Sister Chromatid Cohesion (REAC:R-HSA-2500257, 1.66E-03)
S Phase (REAC:R-HSA-69242, 2.15E-03)
Separation of Sister Chromatids (REAC:R-HSA-2467813, 6.80E-03)"
set11,"Cohesin Loading onto Chromatin (REAC:R-HSA-2470946, 3.90E-07)
Mitotic Telophase/Cytokinesis (REAC:R-HSA-68884, 1.55E-06)
Establishment of Sister Chromatid Cohesion (REAC:R-HSA-2468052, 2.45E-05)
Cell Cycle, Mitotic (REAC:R-HSA-69278, 3.39E-04)
Mitotic Prometaphase (REAC:R-HSA-68877, 6.46E-04)
Cell Cycle (REAC:R-HSA-1640170, 1.66E-03)
Resolution of Sister Chromatid Cohesion (REAC:R-HSA-2500257, 1.66E-03)
S Phase (REAC:R-HSA-69242, 2.15E-03)
Separation of Sister Chromatids (REAC:R-HSA-2467813, 6.80E-03)","Cohesin Loading onto Chromatin (REAC:R-HSA-2470946, 2.20E-07)
Mitotic Telophase/Cytokinesis (REAC:R-HSA-68884, 8.74E-07)
Establishment of Sister Chromatid Cohesion (REAC:R-HSA-2468052, 1.49E-05)
Cell Cycle, Mitotic (REAC:R-HSA-69278, 8.73E-05)
Mitotic Prometaphase (REAC:R-HSA-68877, 2.64E-04)
Cell Cycle (REAC:R-HSA-1640170, 4.85E-04)
Resolution of Sister Chromatid Cohesion (REAC:R-HSA-2500257, 8.09E-04)
S Phase (REAC:R-HSA-69242, 1.00E-03)
Separation of Sister Chromatids (REAC:R-HSA-2467813, 3.22E-03)","Cohesin Loading onto Chromatin (REAC:R-HSA-2470946, 1.82E-05)
Mitotic Telophase/Cytokinesis (REAC:R-HSA-68884, 4.53E-05)
Establishment of Sister Chromatid Cohesion (REAC:R-HSA-2468052, 5.93E-04)
Cell Cycle, Mitotic (REAC:R-HSA-69278, 5.93E-04)
Cell Cycle (REAC:R-HSA-1640170, 2.27E-03)
Mitotic Prometaphase (REAC:R-HSA-68877, 4.30E-03)
S Phase (REAC:R-HSA-69242, 4.30E-03)","Cohesin Loading onto Chromatin (REAC:R-HSA-2470946, 1.82E-05)
Mitotic Telophase/Cytokinesis (REAC:R-HSA-68884, 4.53E-05)
Establishment of Sister Chromatid Cohesion (REAC:R-HSA-2468052, 5.93E-04)
Cell Cycle, Mitotic (REAC:R-HSA-69278, 5.93E-04)
Cell Cycle (REAC:R-HSA-1640170, 2.27E-03)
Mitotic Prometaphase (REAC:R-HSA-68877, 4.30E-03)
S Phase (REAC:R-HSA-69242, 4.30E-03)","Cohesin Loading onto Chromatin (REAC:R-HSA-2470946, 3.25E-05)
Mitotic Telophase/Cytokinesis (REAC:R-HSA-68884, 8.08E-05)
Cell Cycle, Mitotic (REAC:R-HSA-69278, 9.05E-04)
Establishment of Sister Chromatid Cohesion (REAC:R-HSA-2468052, 9.45E-04)
Mitotic Prometaphase (REAC:R-HSA-68877, 2.53E-03)
Cell Cycle (REAC:R-HSA-1640170, 3.15E-03)
Resolution of Sister Chromatid Cohesion (REAC:R-HSA-2500257, 8.60E-03)
S Phase (REAC:R-HSA-69242, 9.15E-03)","Cohesin Loading onto Chromatin (REAC:R-HSA-2470946, 8.02E-04)
Mitotic Telophase/Cytokinesis (REAC:R-HSA-68884, 1.34E-03)
Cell Cycle, Mitotic (REAC:R-HSA-69278, 5.72E-03)","Cohesin Loading onto Chromatin (REAC:R-HSA-2470946, 3.72E-07)
Mitotic Telophase/Cytokinesis (REAC:R-HSA-68884, 1.48E-06)
Establishment of Sister Chromatid Cohesion (REAC:R-HSA-2468052, 2.36E-05)
Cell Cycle, Mitotic (REAC:R-HSA-69278, 2.98E-04)
Mitotic Prometaphase (REAC:R-HSA-68877, 5.95E-04)
Cell Cycle (REAC:R-HSA-1640170, 1.56E-03)
Resolution of Sister Chromatid Cohesion (REAC:R-HSA-2500257, 1.56E-03)
S Phase (REAC:R-HSA-69242, 2.01E-03)
Separation of Sister Chromatids (REAC:R-HSA-2467813, 6.37E-03)","Cohesin Loading onto Chromatin (REAC:R-HSA-2470946, 1.82E-05)
Mitotic Telophase/Cytokinesis (REAC:R-HSA-68884, 4.53E-05)
Establishment of Sister Chromatid Cohesion (REAC:R-HSA-2468052, 5.93E-04)
Cell Cycle, Mitotic (REAC:R-HSA-69278, 5.93E-04)
Cell Cycle (REAC:R-HSA-1640170, 2.27E-03)
Mitotic Prometaphase (REAC:R-HSA-68877, 4.30E-03)
S Phase (REAC:R-HSA-69242, 4.30E-03)","Cohesin Loading onto Chromatin (REAC:R-HSA-2470946, 3.54E-07)
Mitotic Telophase/Cytokinesis (REAC:R-HSA-68884, 1.40E-06)
Establishment of Sister Chromatid Cohesion (REAC:R-HSA-2468052, 2.26E-05)
Cell Cycle, Mitotic (REAC:R-HSA-69278, 2.60E-04)
Mitotic Prometaphase (REAC:R-HSA-68877, 5.47E-04)
Cell Cycle (REAC:R-HSA-1640170, 1.42E-03)
Resolution of Sister Chromatid Cohesion (REAC:R-HSA-2500257, 1.46E-03)
S Phase (REAC:R-HSA-69242, 1.87E-03)
Separation of Sister Chromatids (REAC:R-HSA-2467813, 5.94E-03)","Cohesin Loading onto Chromatin (REAC:R-HSA-2470946, 2.53E-05)
Mitotic Telophase/Cytokinesis (REAC:R-HSA-68884, 6.28E-05)
Establishment of Sister Chromatid Cohesion (REAC:R-HSA-2468052, 1.03E-03)
Cell Cycle, Mitotic (REAC:R-HSA-69278, 1.22E-03)
Cell Cycle (REAC:R-HSA-1640170, 5.79E-03)
Mitotic Prometaphase (REAC:R-HSA-68877, 6.21E-03)
Resolution of Sister Chromatid Cohesion (REAC:R-HSA-2500257, 6.21E-03)
S Phase (REAC:R-HSA-69242, 6.21E-03)
Organelle biogenesis and maintenance (REAC:R-HSA-1852241, 6.50E-03)","Cohesin Loading onto Chromatin (REAC:R-HSA-2470946, 3.54E-07)
Mitotic Telophase/Cytokinesis (REAC:R-HSA-68884, 1.40E-06)
Establishment of Sister Chromatid Cohesion (REAC:R-HSA-2468052, 2.26E-05)
Cell Cycle, Mitotic (REAC:R-HSA-69278, 1.00E-03)
Mitotic Prometaphase (REAC:R-HSA-68877, 2.68E-03)
S Phase (REAC:R-HSA-69242, 2.68E-03)
Cell Cycle (REAC:R-HSA-1640170, 3.96E-03)
Resolution of Sister Chromatid Cohesion (REAC:R-HSA-2500257, 9.05E-03)",,"Cohesin Loading onto Chromatin (REAC:R-HSA-2470946, 3.90E-07)
Mitotic Telophase/Cytokinesis (REAC:R-HSA-68884, 1.55E-06)
Establishment of Sister Chromatid Cohesion (REAC:R-HSA-2468052, 2.45E-05)
Cell Cycle, Mitotic (REAC:R-HSA-69278, 3.39E-04)
Mitotic Prometaphase (REAC:R-HSA-68877, 6.46E-04)
Cell Cycle (REAC:R-HSA-1640170, 1.66E-03)
Resolution of Sister Chromatid Cohesion (REAC:R-HSA-2500257, 1.66E-03)
S Phase (REAC:R-HSA-69242, 2.15E-03)
Separation of Sister Chromatids (REAC:R-HSA-2467813, 6.80E-03)"
set12,"Cohesin Loading onto Chromatin (REAC:R-HSA-2470946, 3.90E-07)
Mitotic Telophase/Cytokinesis (REAC:R-HSA-68884, 1.55E-06)
Establishment of Sister Chromatid Cohesion (REAC:R-HSA-2468052, 2.45E-05)
Cell Cycle, Mitotic (REAC:R-HSA-69278, 3.39E-04)
Mitotic Prometaphase (REAC:R-HSA-68877, 6.46E-04)
Cell Cycle (REAC:R-HSA-1640170, 1.66E-03)
Resolution of Sister Chromatid Cohesion (REAC:R-HSA-2500257, 1.66E-03)
S Phase (REAC:R-HSA-69242, 2.15E-03)
Separation of Sister Chromatids (REAC:R-HSA-2467813, 6.80E-03)","Cohesin Loading onto Chromatin (REAC:R-HSA-2470946, 2.20E-07)
Mitotic Telophase/Cytokinesis (REAC:R-HSA-68884, 8.74E-07)
Establishment of Sister Chromatid Cohesion (REAC:R-HSA-2468052, 1.49E-05)
Cell Cycle, Mitotic (REAC:R-HSA-69278, 8.73E-05)
Mitotic Prometaphase (REAC:R-HSA-68877, 2.64E-04)
Cell Cycle (REAC:R-HSA-1640170, 4.85E-04)
Resolution of Sister Chromatid Cohesion (REAC:R-HSA-2500257, 8.09E-04)
S Phase (REAC:R-HSA-69242, 1.00E-03)
Separation of Sister Chromatids (REAC:R-HSA-2467813, 3.22E-03)","Cohesin Loading onto Chromatin (REAC:R-HSA-2470946, 1.82E-05)
Mitotic Telophase/Cytokinesis (REAC:R-HSA-68884, 4.53E-05)
Establishment of Sister Chromatid Cohesion (REAC:R-HSA-2468052, 5.93E-04)
Cell Cycle, Mitotic (REAC:R-HSA-69278, 5.93E-04)
Cell Cycle (REAC:R-HSA-1640170, 2.27E-03)
Mitotic Prometaphase (REAC:R-HSA-68877, 4.30E-03)
S Phase (REAC:R-HSA-69242, 4.30E-03)","Cohesin Loading onto Chromatin (REAC:R-HSA-2470946, 1.82E-05)
Mitotic Telophase/Cytokinesis (REAC:R-HSA-68884, 4.53E-05)
Establishment of Sister Chromatid Cohesion (REAC:R-HSA-2468052, 5.93E-04)
Cell Cycle, Mitotic (REAC:R-HSA-69278, 5.93E-04)
Cell Cycle (REAC:R-HSA-1640170, 2.27E-03)
Mitotic Prometaphase (REAC:R-HSA-68877, 4.30E-03)
S Phase (REAC:R-HSA-69242, 4.30E-03)","Cohesin Loading onto Chromatin (REAC:R-HSA-2470946, 3.25E-05)
Mitotic Telophase/Cytokinesis (REAC:R-HSA-68884, 8.08E-05)
Cell Cycle, Mitotic (REAC:R-HSA-69278, 9.05E-04)
Establishment of Sister Chromatid Cohesion (REAC:R-HSA-2468052, 9.45E-04)
Mitotic Prometaphase (REAC:R-HSA-68877, 2.53E-03)
Cell Cycle (REAC:R-HSA-1640170, 3.15E-03)
Resolution of Sister Chromatid Cohesion (REAC:R-HSA-2500257, 8.60E-03)
S Phase (REAC:R-HSA-69242, 9.15E-03)","Cohesin Loading onto Chromatin (REAC:R-HSA-2470946, 8.02E-04)
Mitotic Telophase/Cytokinesis (REAC:R-HSA-68884, 1.34E-03)
Cell Cycle, Mitotic (REAC:R-HSA-69278, 5.72E-03)","Cohesin Loading onto Chromatin (REAC:R-HSA-2470946, 3.72E-07)
Mitotic Telophase/Cytokinesis (REAC:R-HSA-68884, 1.48E-06)
Establishment of Sister Chromatid Cohesion (REAC:R-HSA-2468052, 2.36E-05)
Cell Cycle, Mitotic (REAC:R-HSA-69278, 2.98E-04)
Mitotic Prometaphase (REAC:R-HSA-68877, 5.95E-04)
Cell Cycle (REAC:R-HSA-1640170, 1.56E-03)
Resolution of Sister Chromatid Cohesion (REAC:R-HSA-2500257, 1.56E-03)
S Phase (REAC:R-HSA-69242, 2.01E-03)
Separation of Sister Chromatids (REAC:R-HSA-2467813, 6.37E-03)","Cohesin Loading onto Chromatin (REAC:R-HSA-2470946, 1.82E-05)
Mitotic Telophase/Cytokinesis (REAC:R-HSA-68884, 4.53E-05)
Establishment of Sister Chromatid Cohesion (REAC:R-HSA-2468052, 5.93E-04)
Cell Cycle, Mitotic (REAC:R-HSA-69278, 5.93E-04)
Cell Cycle (REAC:R-HSA-1640170, 2.27E-03)
Mitotic Prometaphase (REAC:R-HSA-68877, 4.30E-03)
S Phase (REAC:R-HSA-69242, 4.30E-03)","Cohesin Loading onto Chromatin (REAC:R-HSA-2470946, 3.54E-07)
Mitotic Telophase/Cytokinesis (REAC:R-HSA-68884, 1.40E-06)
Establishment of Sister Chromatid Cohesion (REAC:R-HSA-2468052, 2.26E-05)
Cell Cycle, Mitotic (REAC:R-HSA-69278, 2.60E-04)
Mitotic Prometaphase (REAC:R-HSA-68877, 5.47E-04)
Cell Cycle (REAC:R-HSA-1640170, 1.42E-03)
Resolution of Sister Chromatid Cohesion (REAC:R-HSA-2500257, 1.46E-03)
S Phase (REAC:R-HSA-69242, 1.87E-03)
Separation of Sister Chromatids (REAC:R-HSA-2467813, 5.94E-03)","Cohesin Loading onto Chromatin (REAC:R-HSA-2470946, 2.53E-05)
Mitotic Telophase/Cytokinesis (REAC:R-HSA-68884, 6.28E-05)
Establishment of Sister Chromatid Cohesion (REAC:R-HSA-2468052, 1.03E-03)
Cell Cycle, Mitotic (REAC:R-HSA-69278, 1.22E-03)
Cell Cycle (REAC:R-HSA-1640170, 5.79E-03)
Mitotic Prometaphase (REAC:R-HSA-68877, 6.21E-03)
Resolution of Sister Chromatid Cohesion (REAC:R-HSA-2500257, 6.21E-03)
S Phase (REAC:R-HSA-69242, 6.21E-03)
Organelle biogenesis and maintenance (REAC:R-HSA-1852241, 6.50E-03)","Cohesin Loading onto Chromatin (REAC:R-HSA-2470946, 3.54E-07)
Mitotic Telophase/Cytokinesis (REAC:R-HSA-68884, 1.40E-06)
Establishment of Sister Chromatid Cohesion (REAC:R-HSA-2468052, 2.26E-05)
Cell Cycle, Mitotic (REAC:R-HSA-69278, 1.00E-03)
Mitotic Prometaphase (REAC:R-HSA-68877, 2.68E-03)
S Phase (REAC:R-HSA-69242, 2.68E-03)
Cell Cycle (REAC:R-HSA-1640170, 3.96E-03)
Resolution of Sister Chromatid Cohesion (REAC:R-HSA-2500257, 9.05E-03)",,"Cohesin Loading onto Chromatin (REAC:R-HSA-2470946, 3.90E-07)
Mitotic Telophase/Cytokinesis (REAC:R-HSA-68884, 1.55E-06)
Establishment of Sister Chromatid Cohesion (REAC:R-HSA-2468052, 2.45E-05)
Cell Cycle, Mitotic (REAC:R-HSA-69278, 3.39E-04)
Mitotic Prometaphase (REAC:R-HSA-68877, 6.46E-04)
Cell Cycle (REAC:R-HSA-1640170, 1.66E-03)
Resolution of Sister Chromatid Cohesion (REAC:R-HSA-2500257, 1.66E-03)
S Phase (REAC:R-HSA-69242, 2.15E-03)
Separation of Sister Chromatids (REAC:R-HSA-2467813, 6.80E-03)"
set13,"Cohesin Loading onto Chromatin (REAC:R-HSA-2470946, 3.90E-07)
Mitotic Telophase/Cytokinesis (REAC:R-HSA-68884, 1.55E-06)
Establishment of Sister Chromatid Cohesion (REAC:R-HSA-2468052, 2.45E-05)
Cell Cycle, Mitotic (REAC:R-HSA-69278, 3.39E-04)
Mitotic Prometaphase (REAC:R-HSA-68877, 6.46E-04)
Cell Cycle (REAC:R-HSA-1640170, 1.66E-03)
Resolution of Sister Chromatid Cohesion (REAC:R-HSA-2500257, 1.66E-03)
S Phase (REAC:R-HSA-69242, 2.15E-03)
Separation of Sister Chromatids (REAC:R-HSA-2467813, 6.80E-03)","Cohesin Loading onto Chromatin (REAC:R-HSA-2470946, 2.20E-07)
Mitotic Telophase/Cytokinesis (REAC:R-HSA-68884, 8.74E-07)
Establishment of Sister Chromatid Cohesion (REAC:R-HSA-2468052, 1.49E-05)
Cell Cycle, Mitotic (REAC:R-HSA-69278, 8.73E-05)
Mitotic Prometaphase (REAC:R-HSA-68877, 2.64E-04)
Cell Cycle (REAC:R-HSA-1640170, 4.85E-04)
Resolution of Sister Chromatid Cohesion (REAC:R-HSA-2500257, 8.09E-04)
S Phase (REAC:R-HSA-69242, 1.00E-03)
Separation of Sister Chromatids (REAC:R-HSA-2467813, 3.22E-03)","Cohesin Loading onto Chromatin (REAC:R-HSA-2470946, 1.82E-05)
Mitotic Telophase/Cytokinesis (REAC:R-HSA-68884, 4.53E-05)
Establishment of Sister Chromatid Cohesion (REAC:R-HSA-2468052, 5.93E-04)
Cell Cycle, Mitotic (REAC:R-HSA-69278, 5.93E-04)
Cell Cycle (REAC:R-HSA-1640170, 2.27E-03)
Mitotic Prometaphase (REAC:R-HSA-68877, 4.30E-03)
S Phase (REAC:R-HSA-69242, 4.30E-03)","Cohesin Loading onto Chromatin (REAC:R-HSA-2470946, 1.82E-05)
Mitotic Telophase/Cytokinesis (REAC:R-HSA-68884, 4.53E-05)
Establishment of Sister Chromatid Cohesion (REAC:R-HSA-2468052, 5.93E-04)
Cell Cycle, Mitotic (REAC:R-HSA-69278, 5.93E-04)
Cell Cycle (REAC:R-HSA-1640170, 2.27E-03)
Mitotic Prometaphase (REAC:R-HSA-68877, 4.30E-03)
S Phase (REAC:R-HSA-69242, 4.30E-03)","Cohesin Loading onto Chromatin (REAC:R-HSA-2470946, 3.25E-05)
Mitotic Telophase/Cytokinesis (REAC:R-HSA-68884, 8.08E-05)
Cell Cycle, Mitotic (REAC:R-HSA-69278, 9.05E-04)
Establishment of Sister Chromatid Cohesion (REAC:R-HSA-2468052, 9.45E-04)
Mitotic Prometaphase (REAC:R-HSA-68877, 2.53E-03)
Cell Cycle (REAC:R-HSA-1640170, 3.15E-03)
Resolution of Sister Chromatid Cohesion (REAC:R-HSA-2500257, 8.60E-03)
S Phase (REAC:R-HSA-69242, 9.15E-03)","Cohesin Loading onto Chromatin (REAC:R-HSA-2470946, 8.02E-04)
Mitotic Telophase/Cytokinesis (REAC:R-HSA-68884, 1.34E-03)
Cell Cycle, Mitotic (REAC:R-HSA-69278, 5.72E-03)","Cohesin Loading onto Chromatin (REAC:R-HSA-2470946, 3.72E-07)
Mitotic Telophase/Cytokinesis (REAC:R-HSA-68884, 1.48E-06)
Establishment of Sister Chromatid Cohesion (REAC:R-HSA-2468052, 2.36E-05)
Cell Cycle, Mitotic (REAC:R-HSA-69278, 2.98E-04)
Mitotic Prometaphase (REAC:R-HSA-68877, 5.95E-04)
Cell Cycle (REAC:R-HSA-1640170, 1.56E-03)
Resolution of Sister Chromatid Cohesion (REAC:R-HSA-2500257, 1.56E-03)
S Phase (REAC:R-HSA-69242, 2.01E-03)
Separation of Sister Chromatids (REAC:R-HSA-2467813, 6.37E-03)","Cohesin Loading onto Chromatin (REAC:R-HSA-2470946, 1.82E-05)
Mitotic Telophase/Cytokinesis (REAC:R-HSA-68884, 4.53E-05)
Establishment of Sister Chromatid Cohesion (REAC:R-HSA-2468052, 5.93E-04)
Cell Cycle, Mitotic (REAC:R-HSA-69278, 5.93E-04)
Cell Cycle (REAC:R-HSA-1640170, 2.27E-03)
Mitotic Prometaphase (REAC:R-HSA-68877, 4.30E-03)
S Phase (REAC:R-HSA-69242, 4.30E-03)","Cohesin Loading onto Chromatin (REAC:R-HSA-2470946, 3.54E-07)
Mitotic Telophase/Cytokinesis (REAC:R-HSA-68884, 1.40E-06)
Establishment of Sister Chromatid Cohesion (REAC:R-HSA-2468052, 2.26E-05)
Cell Cycle, Mitotic (REAC:R-HSA-69278, 2.60E-04)
Mitotic Prometaphase (REAC:R-HSA-68877, 5.47E-04)
Cell Cycle (REAC:R-HSA-1640170, 1.42E-03)
Resolution of Sister Chromatid Cohesion (REAC:R-HSA-2500257, 1.46E-03)
S Phase (REAC:R-HSA-69242, 1.87E-03)
Separation of Sister Chromatids (REAC:R-HSA-2467813, 5.94E-03)","Cohesin Loading onto Chromatin (REAC:R-HSA-2470946, 2.53E-05)
Mitotic Telophase/Cytokinesis (REAC:R-HSA-68884, 6.28E-05)
Establishment of Sister Chromatid Cohesion (REAC:R-HSA-2468052, 1.03E-03)
Cell Cycle, Mitotic (REAC:R-HSA-69278, 1.22E-03)
Cell Cycle (REAC:R-HSA-1640170, 5.79E-03)
Mitotic Prometaphase (REAC:R-HSA-68877, 6.21E-03)
Resolution of Sister Chromatid Cohesion (REAC:R-HSA-2500257, 6.21E-03)
S Phase (REAC:R-HSA-69242, 6.21E-03)
Organelle biogenesis and maintenance (REAC:R-HSA-1852241, 6.50E-03)","Cohesin Loading onto Chromatin (REAC:R-HSA-2470946, 3.54E-07)
Mitotic Telophase/Cytokinesis (REAC:R-HSA-68884, 1.40E-06)
Establishment of Sister Chromatid Cohesion (REAC:R-HSA-2468052, 2.26E-05)
Cell Cycle, Mitotic (REAC:R-HSA-69278, 1.00E-03)
Mitotic Prometaphase (REAC:R-HSA-68877, 2.68E-03)
S Phase (REAC:R-HSA-69242, 2.68E-03)
Cell Cycle (REAC:R-HSA-1640170, 3.96E-03)
Resolution of Sister Chromatid Cohesion (REAC:R-HSA-2500257, 9.05E-03)",,"Cohesin Loading onto Chromatin (REAC:R-HSA-2470946, 3.90E-07)
Mitotic Telophase/Cytokinesis (REAC:R-HSA-68884, 1.55E-06)
Establishment of Sister Chromatid Cohesion (REAC:R-HSA-2468052, 2.45E-05)
Cell Cycle, Mitotic (REAC:R-HSA-69278, 3.39E-04)
Mitotic Prometaphase (REAC:R-HSA-68877, 6.46E-04)
Cell Cycle (REAC:R-HSA-1640170, 1.66E-03)
Resolution of Sister Chromatid Cohesion (REAC:R-HSA-2500257, 1.66E-03)
S Phase (REAC:R-HSA-69242, 2.15E-03)
Separation of Sister Chromatids (REAC:R-HSA-2467813, 6.80E-03)"
set14,"Cohesin Loading onto Chromatin (REAC:R-HSA-2470946, 3.90E-07)
Mitotic Telophase/Cytokinesis (REAC:R-HSA-68884, 1.55E-06)
Establishment of Sister Chromatid Cohesion (REAC:R-HSA-2468052, 2.45E-05)
Cell Cycle, Mitotic (REAC:R-HSA-69278, 3.39E-04)
Mitotic Prometaphase (REAC:R-HSA-68877, 6.46E-04)
Cell Cycle (REAC:R-HSA-1640170, 1.66E-03)
Resolution of Sister Chromatid Cohesion (REAC:R-HSA-2500257, 1.66E-03)
S Phase (REAC:R-HSA-69242, 2.15E-03)
Separation of Sister Chromatids (REAC:R-HSA-2467813, 6.80E-03)","Cohesin Loading onto Chromatin (REAC:R-HSA-2470946, 2.20E-07)
Mitotic Telophase/Cytokinesis (REAC:R-HSA-68884, 8.74E-07)
Establishment of Sister Chromatid Cohesion (REAC:R-HSA-2468052, 1.49E-05)
Cell Cycle, Mitotic (REAC:R-HSA-69278, 8.73E-05)
Mitotic Prometaphase (REAC:R-HSA-68877, 2.64E-04)
Cell Cycle (REAC:R-HSA-1640170, 4.85E-04)
Resolution of Sister Chromatid Cohesion (REAC:R-HSA-2500257, 8.09E-04)
S Phase (REAC:R-HSA-69242, 1.00E-03)
Separation of Sister Chromatids (REAC:R-HSA-2467813, 3.22E-03)","Cohesin Loading onto Chromatin (REAC:R-HSA-2470946, 1.82E-05)
Mitotic Telophase/Cytokinesis (REAC:R-HSA-68884, 4.53E-05)
Establishment of Sister Chromatid Cohesion (REAC:R-HSA-2468052, 5.93E-04)
Cell Cycle, Mitotic (REAC:R-HSA-69278, 5.93E-04)
Cell Cycle (REAC:R-HSA-1640170, 2.27E-03)
Mitotic Prometaphase (REAC:R-HSA-68877, 4.30E-03)
S Phase (REAC:R-HSA-69242, 4.30E-03)","Cohesin Loading onto Chromatin (REAC:R-HSA-2470946, 1.82E-05)
Mitotic Telophase/Cytokinesis (REAC:R-HSA-68884, 4.53E-05)
Establishment of Sister Chromatid Cohesion (REAC:R-HSA-2468052, 5.93E-04)
Cell Cycle, Mitotic (REAC:R-HSA-69278, 5.93E-04)
Cell Cycle (REAC:R-HSA-1640170, 2.27E-03)
Mitotic Prometaphase (REAC:R-HSA-68877, 4.30E-03)
S Phase (REAC:R-HSA-69242, 4.30E-03)","Cohesin Loading onto Chromatin (REAC:R-HSA-2470946, 3.25E-05)
Mitotic Telophase/Cytokinesis (REAC:R-HSA-68884, 8.08E-05)
Cell Cycle, Mitotic (REAC:R-HSA-69278, 9.05E-04)
Establishment of Sister Chromatid Cohesion (REAC:R-HSA-2468052, 9.45E-04)
Mitotic Prometaphase (REAC:R-HSA-68877, 2.53E-03)
Cell Cycle (REAC:R-HSA-1640170, 3.15E-03)
Resolution of Sister Chromatid Cohesion (REAC:R-HSA-2500257, 8.60E-03)
S Phase (REAC:R-HSA-69242, 9.15E-03)","Cohesin Loading onto Chromatin (REAC:R-HSA-2470946, 8.02E-04)
Mitotic Telophase/Cytokinesis (REAC:R-HSA-68884, 1.34E-03)
Cell Cycle, Mitotic (REAC:R-HSA-69278, 5.72E-03)","Cohesin Loading onto Chromatin (REAC:R-HSA-2470946, 3.72E-07)
Mitotic Telophase/Cytokinesis (REAC:R-HSA-68884, 1.48E-06)
Establishment of Sister Chromatid Cohesion (REAC:R-HSA-2468052, 2.36E-05)
Cell Cycle, Mitotic (REAC:R-HSA-69278, 2.98E-04)
Mitotic Prometaphase (REAC:R-HSA-68877, 5.95E-04)
Cell Cycle (REAC:R-HSA-1640170, 1.56E-03)
Resolution of Sister Chromatid Cohesion (REAC:R-HSA-2500257, 1.56E-03)
S Phase (REAC:R-HSA-69242, 2.01E-03)
Separation of Sister Chromatids (REAC:R-HSA-2467813, 6.37E-03)","Cohesin Loading onto Chromatin (REAC:R-HSA-2470946, 1.82E-05)
Mitotic Telophase/Cytokinesis (REAC:R-HSA-68884, 4.53E-05)
Establishment of Sister Chromatid Cohesion (REAC:R-HSA-2468052, 5.93E-04)
Cell Cycle, Mitotic (REAC:R-HSA-69278, 5.93E-04)
Cell Cycle (REAC:R-HSA-1640170, 2.27E-03)
Mitotic Prometaphase (REAC:R-HSA-68877, 4.30E-03)
S Phase (REAC:R-HSA-69242, 4.30E-03)","Cohesin Loading onto Chromatin (REAC:R-HSA-2470946, 3.54E-07)
Mitotic Telophase/Cytokinesis (REAC:R-HSA-68884, 1.40E-06)
Establishment of Sister Chromatid Cohesion (REAC:R-HSA-2468052, 2.26E-05)
Cell Cycle, Mitotic (REAC:R-HSA-69278, 2.60E-04)
Mitotic Prometaphase (REAC:R-HSA-68877, 5.47E-04)
Cell Cycle (REAC:R-HSA-1640170, 1.42E-03)
Resolution of Sister Chromatid Cohesion (REAC:R-HSA-2500257, 1.46E-03)
S Phase (REAC:R-HSA-69242, 1.87E-03)
Separation of Sister Chromatids (REAC:R-HSA-2467813, 5.94E-03)","Cohesin Loading onto Chromatin (REAC:R-HSA-2470946, 2.53E-05)
Mitotic Telophase/Cytokinesis (REAC:R-HSA-68884, 6.28E-05)
Establishment of Sister Chromatid Cohesion (REAC:R-HSA-2468052, 1.03E-03)
Cell Cycle, Mitotic (REAC:R-HSA-69278, 1.22E-03)
Cell Cycle (REAC:R-HSA-1640170, 5.79E-03)
Mitotic Prometaphase (REAC:R-HSA-68877, 6.21E-03)
Resolution of Sister Chromatid Cohesion (REAC:R-HSA-2500257, 6.21E-03)
S Phase (REAC:R-HSA-69242, 6.21E-03)
Organelle biogenesis and maintenance (REAC:R-HSA-1852241, 6.50E-03)","Cohesin Loading onto Chromatin (REAC:R-HSA-2470946, 3.54E-07)
Mitotic Telophase/Cytokinesis (REAC:R-HSA-68884, 1.40E-06)
Establishment of Sister Chromatid Cohesion (REAC:R-HSA-2468052, 2.26E-05)
Cell Cycle, Mitotic (REAC:R-HSA-69278, 1.00E-03)
Mitotic Prometaphase (REAC:R-HSA-68877, 2.68E-03)
S Phase (REAC:R-HSA-69242, 2.68E-03)
Cell Cycle (REAC:R-HSA-1640170, 3.96E-03)
Resolution of Sister Chromatid Cohesion (REAC:R-HSA-2500257, 9.05E-03)",,"Cohesin Loading onto Chromatin (REAC:R-HSA-2470946, 3.90E-07)
Mitotic Telophase/Cytokinesis (REAC:R-HSA-68884, 1.55E-06)
Establishment of Sister Chromatid Cohesion (REAC:R-HSA-2468052, 2.45E-05)
Cell Cycle, Mitotic (REAC:R-HSA-69278, 3.39E-04)
Mitotic Prometaphase (REAC:R-HSA-68877, 6.46E-04)
Cell Cycle (REAC:R-HSA-1640170, 1.66E-03)
Resolution of Sister Chromatid Cohesion (REAC:R-HSA-2500257, 1.66E-03)
S Phase (REAC:R-HSA-69242, 2.15E-03)
Separation of Sister Chromatids (REAC:R-HSA-2467813, 6.80E-03)"
