,set1,set2,set3,set4,set5,set6,set7,set8,set9,set10,set11,set12,set13
set1,,,,,,,,,,,,,
set2,,,,,,,,,,,,,
set3,,,,,,,,,,,,,
set4,,,,,,,,,,,,,
set5,"mRNA processing (WP:WP310, 6.39E-03)","mRNA processing (WP:WP310, 6.39E-03)","mRNA processing (WP:WP310, 6.39E-03)","mRNA processing (WP:WP310, 6.39E-03)","mRNA processing (WP:WP310, 6.39E-03)","mRNA processing (WP:WP310, 6.39E-03)","mRNA processing (WP:WP310, 6.39E-03)","mRNA processing (WP:WP310, 6.39E-03)","mRNA processing (WP:WP310, 6.39E-03)","mRNA processing (WP:WP310, 6.39E-03)","mRNA processing (WP:WP310, 6.39E-03)","mRNA processing (WP:WP310, 6.39E-03)","mRNA processing (WP:WP310, 6.39E-03)"
set6,,,,,,,,,,,,,
set7,,,,,,,,,,,,,
set8,,,,,,,,,,,,,
set9,,,,,,,,,,,,,
set10,,,,,,,,,,,,,
set11,,,,,,,,,,,,,
set12,,,,,,,,,,,,,
set13,,,,,,,,,,,,,
set14,,,,,,,,,,,,,
