,set1,set2,set3,set4,set5,set6,set7,set8,set9,set10,set11,set12,set13
set1,"Ubiquitin mediated proteolysis (KEGG:04120, 3.62E-03)","Ubiquitin mediated proteolysis (KEGG:04120, 3.62E-03)","Ubiquitin mediated proteolysis (KEGG:04120, 3.62E-03)","Ubiquitin mediated proteolysis (KEGG:04120, 3.62E-03)","Ubiquitin mediated proteolysis (KEGG:04120, 3.62E-03)","Ubiquitin mediated proteolysis (KEGG:04120, 3.62E-03)","Ubiquitin mediated proteolysis (KEGG:04120, 3.62E-03)","Ubiquitin mediated proteolysis (KEGG:04120, 3.62E-03)","Ubiquitin mediated proteolysis (KEGG:04120, 3.62E-03)","Ubiquitin mediated proteolysis (KEGG:04120, 3.62E-03)","Ubiquitin mediated proteolysis (KEGG:04120, 3.62E-03)","Ubiquitin mediated proteolysis (KEGG:04120, 3.62E-03)
Cell cycle (KEGG:04110, 3.62E-03)","Ubiquitin mediated proteolysis (KEGG:04120, 3.62E-03)"
set2,"Ubiquitin mediated proteolysis (KEGG:04120, 3.91E-03)","Ubiquitin mediated proteolysis (KEGG:04120, 3.91E-03)","Ubiquitin mediated proteolysis (KEGG:04120, 3.91E-03)","Ubiquitin mediated proteolysis (KEGG:04120, 3.91E-03)","Ubiquitin mediated proteolysis (KEGG:04120, 3.91E-03)","Ubiquitin mediated proteolysis (KEGG:04120, 3.91E-03)","Ubiquitin mediated proteolysis (KEGG:04120, 3.91E-03)","Ubiquitin mediated proteolysis (KEGG:04120, 3.91E-03)","Ubiquitin mediated proteolysis (KEGG:04120, 3.91E-03)","Ubiquitin mediated proteolysis (KEGG:04120, 3.91E-03)","Ubiquitin mediated proteolysis (KEGG:04120, 3.91E-03)","Ubiquitin mediated proteolysis (KEGG:04120, 3.91E-03)
Cell cycle (KEGG:04110, 3.91E-03)","Ubiquitin mediated proteolysis (KEGG:04120, 3.91E-03)"
set3,"Ubiquitin mediated proteolysis (KEGG:04120, 3.05E-03)","Ubiquitin mediated proteolysis (KEGG:04120, 3.05E-03)","Ubiquitin mediated proteolysis (KEGG:04120, 3.05E-03)","Ubiquitin mediated proteolysis (KEGG:04120, 3.05E-03)","Ubiquitin mediated proteolysis (KEGG:04120, 3.05E-03)","Ubiquitin mediated proteolysis (KEGG:04120, 3.05E-03)","Ubiquitin mediated proteolysis (KEGG:04120, 3.05E-03)","Ubiquitin mediated proteolysis (KEGG:04120, 3.05E-03)","Ubiquitin mediated proteolysis (KEGG:04120, 3.05E-03)","Ubiquitin mediated proteolysis (KEGG:04120, 3.05E-03)","Ubiquitin mediated proteolysis (KEGG:04120, 3.05E-03)","Ubiquitin mediated proteolysis (KEGG:04120, 3.05E-03)
Cell cycle (KEGG:04110, 3.05E-03)","Ubiquitin mediated proteolysis (KEGG:04120, 3.05E-03)"
set4,"Ubiquitin mediated proteolysis (KEGG:04120, 3.05E-03)","Ubiquitin mediated proteolysis (KEGG:04120, 3.05E-03)","Ubiquitin mediated proteolysis (KEGG:04120, 3.05E-03)","Ubiquitin mediated proteolysis (KEGG:04120, 3.05E-03)","Ubiquitin mediated proteolysis (KEGG:04120, 3.05E-03)","Ubiquitin mediated proteolysis (KEGG:04120, 3.05E-03)","Ubiquitin mediated proteolysis (KEGG:04120, 3.05E-03)","Ubiquitin mediated proteolysis (KEGG:04120, 3.05E-03)","Ubiquitin mediated proteolysis (KEGG:04120, 3.05E-03)","Ubiquitin mediated proteolysis (KEGG:04120, 3.05E-03)","Ubiquitin mediated proteolysis (KEGG:04120, 3.05E-03)","Ubiquitin mediated proteolysis (KEGG:04120, 3.05E-03)
Cell cycle (KEGG:04110, 3.05E-03)","Ubiquitin mediated proteolysis (KEGG:04120, 3.05E-03)"
set5,,,,,,,,,,,,,
set6,,,,,,,,,,,,,
set7,"Ubiquitin mediated proteolysis (KEGG:04120, 3.05E-03)","Ubiquitin mediated proteolysis (KEGG:04120, 3.05E-03)","Ubiquitin mediated proteolysis (KEGG:04120, 3.05E-03)","Ubiquitin mediated proteolysis (KEGG:04120, 3.05E-03)","Ubiquitin mediated proteolysis (KEGG:04120, 3.05E-03)","Ubiquitin mediated proteolysis (KEGG:04120, 3.05E-03)","Ubiquitin mediated proteolysis (KEGG:04120, 3.05E-03)","Ubiquitin mediated proteolysis (KEGG:04120, 3.05E-03)","Ubiquitin mediated proteolysis (KEGG:04120, 3.05E-03)","Ubiquitin mediated proteolysis (KEGG:04120, 3.05E-03)","Ubiquitin mediated proteolysis (KEGG:04120, 3.05E-03)","Ubiquitin mediated proteolysis (KEGG:04120, 3.05E-03)
Cell cycle (KEGG:04110, 3.05E-03)","Ubiquitin mediated proteolysis (KEGG:04120, 3.05E-03)"
set8,"Ubiquitin mediated proteolysis (KEGG:04120, 3.32E-03)","Ubiquitin mediated proteolysis (KEGG:04120, 3.32E-03)","Ubiquitin mediated proteolysis (KEGG:04120, 3.32E-03)","Ubiquitin mediated proteolysis (KEGG:04120, 3.32E-03)","Ubiquitin mediated proteolysis (KEGG:04120, 3.32E-03)","Ubiquitin mediated proteolysis (KEGG:04120, 3.32E-03)","Ubiquitin mediated proteolysis (KEGG:04120, 3.32E-03)","Ubiquitin mediated proteolysis (KEGG:04120, 3.32E-03)","Ubiquitin mediated proteolysis (KEGG:04120, 3.32E-03)","Ubiquitin mediated proteolysis (KEGG:04120, 3.32E-03)","Ubiquitin mediated proteolysis (KEGG:04120, 3.32E-03)","Ubiquitin mediated proteolysis (KEGG:04120, 3.32E-03)
Cell cycle (KEGG:04110, 3.32E-03)","Ubiquitin mediated proteolysis (KEGG:04120, 3.32E-03)"
set9,"Ubiquitin mediated proteolysis (KEGG:04120, 3.62E-03)","Ubiquitin mediated proteolysis (KEGG:04120, 3.62E-03)","Ubiquitin mediated proteolysis (KEGG:04120, 3.62E-03)","Ubiquitin mediated proteolysis (KEGG:04120, 3.62E-03)","Ubiquitin mediated proteolysis (KEGG:04120, 3.62E-03)","Ubiquitin mediated proteolysis (KEGG:04120, 3.62E-03)","Ubiquitin mediated proteolysis (KEGG:04120, 3.62E-03)","Ubiquitin mediated proteolysis (KEGG:04120, 3.62E-03)","Ubiquitin mediated proteolysis (KEGG:04120, 3.62E-03)","Ubiquitin mediated proteolysis (KEGG:04120, 3.62E-03)","Ubiquitin mediated proteolysis (KEGG:04120, 3.62E-03)","Ubiquitin mediated proteolysis (KEGG:04120, 3.62E-03)
Cell cycle (KEGG:04110, 3.62E-03)","Ubiquitin mediated proteolysis (KEGG:04120, 3.62E-03)"
set10,"Ubiquitin mediated proteolysis (KEGG:04120, 3.32E-03)","Ubiquitin mediated proteolysis (KEGG:04120, 3.32E-03)","Ubiquitin mediated proteolysis (KEGG:04120, 3.32E-03)","Ubiquitin mediated proteolysis (KEGG:04120, 3.32E-03)","Ubiquitin mediated proteolysis (KEGG:04120, 3.32E-03)","Ubiquitin mediated proteolysis (KEGG:04120, 3.32E-03)","Ubiquitin mediated proteolysis (KEGG:04120, 3.32E-03)","Ubiquitin mediated proteolysis (KEGG:04120, 3.32E-03)","Ubiquitin mediated proteolysis (KEGG:04120, 3.32E-03)","Ubiquitin mediated proteolysis (KEGG:04120, 3.32E-03)","Ubiquitin mediated proteolysis (KEGG:04120, 3.32E-03)","Ubiquitin mediated proteolysis (KEGG:04120, 3.32E-03)
Cell cycle (KEGG:04110, 3.32E-03)","Ubiquitin mediated proteolysis (KEGG:04120, 3.32E-03)"
set11,"Ubiquitin mediated proteolysis (KEGG:04120, 3.33E-03)","Ubiquitin mediated proteolysis (KEGG:04120, 3.33E-03)","Ubiquitin mediated proteolysis (KEGG:04120, 3.33E-03)","Ubiquitin mediated proteolysis (KEGG:04120, 3.33E-03)","Ubiquitin mediated proteolysis (KEGG:04120, 3.33E-03)","Ubiquitin mediated proteolysis (KEGG:04120, 3.33E-03)","Ubiquitin mediated proteolysis (KEGG:04120, 3.33E-03)","Ubiquitin mediated proteolysis (KEGG:04120, 3.33E-03)","Ubiquitin mediated proteolysis (KEGG:04120, 3.33E-03)","Ubiquitin mediated proteolysis (KEGG:04120, 3.33E-03)","Ubiquitin mediated proteolysis (KEGG:04120, 3.33E-03)","Ubiquitin mediated proteolysis (KEGG:04120, 3.33E-03)","Ubiquitin mediated proteolysis (KEGG:04120, 3.33E-03)"
set12,"Ubiquitin mediated proteolysis (KEGG:04120, 3.62E-03)","Ubiquitin mediated proteolysis (KEGG:04120, 3.62E-03)","Ubiquitin mediated proteolysis (KEGG:04120, 3.62E-03)","Ubiquitin mediated proteolysis (KEGG:04120, 3.62E-03)","Ubiquitin mediated proteolysis (KEGG:04120, 3.62E-03)","Ubiquitin mediated proteolysis (KEGG:04120, 3.62E-03)","Ubiquitin mediated proteolysis (KEGG:04120, 3.62E-03)","Ubiquitin mediated proteolysis (KEGG:04120, 3.62E-03)","Ubiquitin mediated proteolysis (KEGG:04120, 3.62E-03)","Ubiquitin mediated proteolysis (KEGG:04120, 3.62E-03)","Ubiquitin mediated proteolysis (KEGG:04120, 3.62E-03)","Ubiquitin mediated proteolysis (KEGG:04120, 3.62E-03)
Cell cycle (KEGG:04110, 3.62E-03)","Ubiquitin mediated proteolysis (KEGG:04120, 3.62E-03)"
set13,"Ubiquitin mediated proteolysis (KEGG:04120, 5.30E-03)","Ubiquitin mediated proteolysis (KEGG:04120, 5.30E-03)","Ubiquitin mediated proteolysis (KEGG:04120, 5.30E-03)","Ubiquitin mediated proteolysis (KEGG:04120, 5.30E-03)","Ubiquitin mediated proteolysis (KEGG:04120, 5.30E-03)","Ubiquitin mediated proteolysis (KEGG:04120, 5.30E-03)","Ubiquitin mediated proteolysis (KEGG:04120, 5.30E-03)","Ubiquitin mediated proteolysis (KEGG:04120, 5.30E-03)","Ubiquitin mediated proteolysis (KEGG:04120, 5.30E-03)","Ubiquitin mediated proteolysis (KEGG:04120, 5.30E-03)","Ubiquitin mediated proteolysis (KEGG:04120, 5.30E-03)","Ubiquitin mediated proteolysis (KEGG:04120, 5.30E-03)
Cell cycle (KEGG:04110, 5.30E-03)","Ubiquitin mediated proteolysis (KEGG:04120, 5.30E-03)"
set14,,,,,,,,,,,,"Cell cycle (KEGG:04110, 8.09E-03)",
