,set1,set2
set1,,"nucleoside-triphosphatase regulator activity (GO:0060589, 9.36E-03)
enzyme activator activity (GO:0008047, 9.36E-03)
GTPase regulator activity (GO:0030695, 9.36E-03)"
set2,,"nucleoside-triphosphatase regulator activity (GO:0060589, 9.36E-03)
enzyme activator activity (GO:0008047, 9.36E-03)
GTPase regulator activity (GO:0030695, 9.36E-03)"
set3,,"nucleoside-triphosphatase regulator activity (GO:0060589, 9.36E-03)
enzyme activator activity (GO:0008047, 9.36E-03)
GTPase regulator activity (GO:0030695, 9.36E-03)"
set4,,"nucleoside-triphosphatase regulator activity (GO:0060589, 9.36E-03)
enzyme activator activity (GO:0008047, 9.36E-03)
GTPase regulator activity (GO:0030695, 9.36E-03)"
set5,,"nucleoside-triphosphatase regulator activity (GO:0060589, 9.36E-03)
enzyme activator activity (GO:0008047, 9.36E-03)
GTPase regulator activity (GO:0030695, 9.36E-03)"
set6,,"nucleoside-triphosphatase regulator activity (GO:0060589, 9.36E-03)
enzyme activator activity (GO:0008047, 9.36E-03)
GTPase regulator activity (GO:0030695, 9.36E-03)"
set7,,"nucleoside-triphosphatase regulator activity (GO:0060589, 9.36E-03)
enzyme activator activity (GO:0008047, 9.36E-03)
GTPase regulator activity (GO:0030695, 9.36E-03)"
set8,,"nucleoside-triphosphatase regulator activity (GO:0060589, 9.36E-03)
enzyme activator activity (GO:0008047, 9.36E-03)
GTPase regulator activity (GO:0030695, 9.36E-03)"
set9,,"nucleoside-triphosphatase regulator activity (GO:0060589, 9.36E-03)
enzyme activator activity (GO:0008047, 9.36E-03)
GTPase regulator activity (GO:0030695, 9.36E-03)"
set10,,"nucleoside-triphosphatase regulator activity (GO:0060589, 9.36E-03)
enzyme activator activity (GO:0008047, 9.36E-03)
GTPase regulator activity (GO:0030695, 9.36E-03)"
set11,,"nucleoside-triphosphatase regulator activity (GO:0060589, 9.36E-03)
enzyme activator activity (GO:0008047, 9.36E-03)
GTPase regulator activity (GO:0030695, 9.36E-03)"
set12,,"nucleoside-triphosphatase regulator activity (GO:0060589, 9.36E-03)
enzyme activator activity (GO:0008047, 9.36E-03)
GTPase regulator activity (GO:0030695, 9.36E-03)"
set13,,"nucleoside-triphosphatase regulator activity (GO:0060589, 9.36E-03)
enzyme activator activity (GO:0008047, 9.36E-03)
GTPase regulator activity (GO:0030695, 9.36E-03)"
set14,"protein binding (GO:0005515, 4.49E-06)","nucleoside-triphosphatase regulator activity (GO:0060589, 9.36E-03)
enzyme activator activity (GO:0008047, 9.36E-03)
GTPase regulator activity (GO:0030695, 9.36E-03)"
set15,,"nucleoside-triphosphatase regulator activity (GO:0060589, 9.36E-03)
enzyme activator activity (GO:0008047, 9.36E-03)
GTPase regulator activity (GO:0030695, 9.36E-03)"
set16,,"nucleoside-triphosphatase regulator activity (GO:0060589, 9.36E-03)
enzyme activator activity (GO:0008047, 9.36E-03)
GTPase regulator activity (GO:0030695, 9.36E-03)"
set17,,"nucleoside-triphosphatase regulator activity (GO:0060589, 9.36E-03)
enzyme activator activity (GO:0008047, 9.36E-03)
GTPase regulator activity (GO:0030695, 9.36E-03)"
