,set1(multi),set2(#ZNF793-AS1)
"set1(#1600010M07Rik, #1700020G17Rik)","Factor: ETF; motif: GVGGMGG; match class: 1 (TF:M00695_1, 1.83E-06)
Factor: ZXDL; motif: GSGSCNNGGGMRGCNCCGGGS (TF:M12722, 1.83E-06)
Factor: ETF; motif: GVGGMGG (TF:M00695, 6.29E-06)
Factor: ZXDL; motif: GSGSCNNGGGMRGCNCCGGGS; match class: 1 (TF:M12722_1, 1.49E-05)
Factor: E2F-2; motif: GCGCGCGCGYW (TF:M11531, 1.36E-04)
Factor: E2F-2; motif: GCGCGCGCGYW; match class: 1 (TF:M11531_1, 1.37E-04)
Factor: BTEB3; motif: CCNNSCCNSCCCCKCCCCC (TF:M09826, 1.74E-04)
Factor: MAZ; motif: GGGMGGGGSSGGGGGGGGGGGG; match class: 1 (TF:M09636_1, 1.94E-04)
Factor: AP-2alpha; motif: NGCCYSNNGSN; match class: 1 (TF:M01857_1, 1.94E-04)
Factor: EGR1; motif: NACGCCCACGCANW (TF:M03896, 2.55E-04)
Factor: E2F-1; motif: NGGGCGGGARV; match class: 1 (TF:M07206_1, 2.56E-04)
Factor: TCF-1; motif: ACATCGRGRCGCTGW (TF:M11601, 2.70E-04)
Factor: E2F-1; motif: NNNNGGCGGGAARN; match class: 1 (TF:M09892_1, 3.52E-04)
Factor: TCF-1; motif: ACATCGRGRCGCTGW; match class: 1 (TF:M11601_1, 3.52E-04)
Factor: BTEB3; motif: CCNNSCCNSCCCCKCCCCC; match class: 1 (TF:M09826_1, 3.52E-04)
Factor: E2F-4; motif: SNGGGCGGGAANN; match class: 1 (TF:M09894_1, 3.52E-04)
Factor: E2F-4; motif: NGGCGGGAARN; match class: 1 (TF:M07084_1, 4.03E-04)
Factor: E2F-1:Elk-1; motif: SGCGCSNNAMCGGAAGT; match class: 1 (TF:M08205_1, 5.36E-04)
Factor: Churchill; motif: CGGGNN; match class: 1 (TF:M00986_1, 8.43E-04)
Factor: TCF-1; motif: ACATCGRGRCGCTGW; match class: 1 (TF:M11603_1, 8.52E-04)
Factor: ZNF383; motif: SSNGGGMGGNGSNGGS; match class: 1 (TF:M12703_1, 1.13E-03)
Factor: Egr-1; motif: GCGGGGGCGG (TF:M01873, 1.18E-03)
Factor: E2F-3:HES-7; motif: NNNSGCGCSNNNNNCRCGYGNN; match class: 1 (TF:M08526_1, 1.67E-03)
Factor: E2F1; motif: GSGCGGGAAN; match class: 1 (TF:M12597_1, 1.92E-03)
Factor: ZF5; motif: GGSGCGCGS; match class: 1 (TF:M10438_1, 1.94E-03)
Factor: ZNF138; motif: GCAGCRSCNSGSNCMGSGCS (TF:M13144, 2.05E-03)
Factor: TIEG1; motif: NCCCNSNCCCCGCCCCC; match class: 1 (TF:M12351_1, 2.05E-03)
Factor: ZSCAN18; motif: TRRCGRCGNMCC (TF:M05432, 2.09E-03)
Factor: TIEG1; motif: NCCCNSNCCCCGCCCCC (TF:M12351, 2.09E-03)
Factor: E2F-2; motif: GCGCGCGCNCS; match class: 1 (TF:M11529_1, 2.30E-03)
Factor: Hey1; motif: NGCRCGYGYN; match class: 1 (TF:M11058_1, 2.74E-03)
Factor: pax-6; motif: NYACGCNYSANYGMNCN; match class: 1 (TF:M11882_1, 2.77E-03)
Factor: WT1; motif: CGCCCCCNCN; match class: 1 (TF:M02036_1, 2.98E-03)
Factor: AP2; motif: GCCYGSGGSN (TF:M08867, 3.01E-03)
Factor: Egr-1; motif: GCGCATGCG; match class: 1 (TF:M04869_1, 3.01E-03)
Factor: ATF-2; motif: NRTGACGTMANN (TF:M11309, 3.14E-03)
Factor: hoxa9; motif: RTCGTWAANN (TF:M10783, 3.14E-03)
Factor: CPBP; motif: GNNRGGGHGGGGNNGGGRN (TF:M09973, 3.21E-03)
Factor: EGR1; motif: NGNGKGGGYGGNGS (TF:M09761, 3.33E-03)
Factor: sp4; motif: NNGNARGRGGCGGRGCNNRR; match class: 1 (TF:M10072_1, 3.45E-03)
Factor: TCF-1; motif: ACATCGRGRCGCTGW (TF:M11603, 3.53E-03)
Factor: KLF15; motif: NCCMCGCCCMCN (TF:M12158, 4.07E-03)
Factor: CP2; motif: NRRRCCGGCYNRARCCGGNN; match class: 1 (TF:M12590_1, 4.14E-03)
Factor: SP1; motif: NRGKGGGCGGGGCN; match class: 1 (TF:M09765_1, 4.17E-03)
Factor: KLF15; motif: RCCMCRCCCMCN (TF:M12160, 5.01E-03)
Factor: ZNF460; motif: NNACNCCCCCCNN (TF:M12313, 5.01E-03)
Factor: DPF2; motif: NYCACYTCCYCNYYCY; match class: 1 (TF:M09760_1, 5.01E-03)
Factor: EGR1; motif: NCNCCGCCCCCGCN (TF:M07208, 6.15E-03)
Factor: ZNF670; motif: SNGGGCRGRG; match class: 1 (TF:M13124_1, 6.15E-03)
Factor: Sp2; motif: WGGGCGG (TF:M05332, 6.57E-03)
Factor: Sp6; motif: WGGGCGG (TF:M05361, 6.57E-03)
Factor: CPBP; motif: NGGGCGG (TF:M05444, 6.57E-03)
Factor: CTCF; motif: NCCRSTAGGGGGCGC (TF:M08911, 7.03E-03)
Factor: E2F-4; motif: NGGCGGGAARN (TF:M07084, 7.25E-03)
Factor: ZNF263; motif: NNGGGGAGGANN; match class: 1 (TF:M12535_1, 7.25E-03)
Factor: hoxa9; motif: RTCGTWANNN (TF:M10785, 7.25E-03)
Factor: SP4; motif: NWRGCCACGCCCMCTYN (TF:M03922, 7.25E-03)
Factor: E2F4; motif: YCCCGCCNCNNSSNNSNN; match class: 1 (TF:M12599_1, 7.53E-03)
Factor: RREB-1; motif: GGGWCSA (TF:M05439, 7.67E-03)
Factor: CREB; motif: TGACGTMA (TF:M00039, 7.67E-03)
Factor: SP1; motif: GGCCCCGCCCCCN; match class: 1 (TF:M12666_1, 7.79E-03)
Factor: ATF-6; motif: GRTGACGTCAYC; match class: 1 (TF:M11228_1, 7.85E-03)
Factor: CREB1; motif: NNNNTGACGTNANNN (TF:M07248, 7.85E-03)
Factor: BTEB3; motif: BNRNGGGAGGNGT (TF:M01865, 7.90E-03)
Factor: ZNF263; motif: NNGGGGAGGANN (TF:M12535, 8.60E-03)
Factor: Hey1; motif: NGCRCGYGYN (TF:M11058, 8.60E-03)
Factor: Egr-1; motif: NNNNGCGKGGGYGGNRN (TF:M09897, 8.64E-03)
Factor: ATF-6; motif: GRTGACGTCAYC (TF:M11228, 8.86E-03)
Factor: BTEB1; motif: GGGGGCGGGGCNGSGGGNGS; match class: 1 (TF:M09723_1, 9.11E-03)
Factor: pax-6; motif: NYACGCNYSANYGMNCN (TF:M11882, 9.65E-03)
Factor: Sp2; motif: AAGGGGCGG (TF:M04932, 9.71E-03)
Factor: AP-2; motif: MKCCCSCNGGCG (TF:M00189, 9.72E-03)
Factor: Egr-1; motif: NNNNNGYGKGGGNGGGNN (TF:M09603, 9.72E-03)
Factor: BTEB1; motif: GGGGGCGGGGCNGSGGGNGS (TF:M09723, 9.72E-03)
Factor: ZNF93; motif: GGYAGCRGCAGCGGYG (TF:M12742, 9.96E-03)
Factor: GCMa:Erg; motif: ATGCGGGCGGAARKG; match class: 1 (TF:M08487_1, 9.96E-03)","Factor: ETF; motif: GVGGMGG; match class: 1 (TF:M00695_1, 9.98E-03)
Factor: ETF; motif: GVGGMGG (TF:M00695, 9.98E-03)"
"set2(#Gm14091, #1700001G01Rik)","Factor: ETF; motif: GVGGMGG; match class: 1 (TF:M00695_1, 1.83E-06)
Factor: ZXDL; motif: GSGSCNNGGGMRGCNCCGGGS (TF:M12722, 1.83E-06)
Factor: ETF; motif: GVGGMGG (TF:M00695, 6.29E-06)
Factor: ZXDL; motif: GSGSCNNGGGMRGCNCCGGGS; match class: 1 (TF:M12722_1, 1.49E-05)
Factor: E2F-2; motif: GCGCGCGCGYW (TF:M11531, 1.36E-04)
Factor: E2F-2; motif: GCGCGCGCGYW; match class: 1 (TF:M11531_1, 1.37E-04)
Factor: BTEB3; motif: CCNNSCCNSCCCCKCCCCC (TF:M09826, 1.74E-04)
Factor: MAZ; motif: GGGMGGGGSSGGGGGGGGGGGG; match class: 1 (TF:M09636_1, 1.94E-04)
Factor: AP-2alpha; motif: NGCCYSNNGSN; match class: 1 (TF:M01857_1, 1.94E-04)
Factor: EGR1; motif: NACGCCCACGCANW (TF:M03896, 2.55E-04)
Factor: E2F-1; motif: NGGGCGGGARV; match class: 1 (TF:M07206_1, 2.56E-04)
Factor: TCF-1; motif: ACATCGRGRCGCTGW (TF:M11601, 2.70E-04)
Factor: E2F-1; motif: NNNNGGCGGGAARN; match class: 1 (TF:M09892_1, 3.52E-04)
Factor: TCF-1; motif: ACATCGRGRCGCTGW; match class: 1 (TF:M11601_1, 3.52E-04)
Factor: BTEB3; motif: CCNNSCCNSCCCCKCCCCC; match class: 1 (TF:M09826_1, 3.52E-04)
Factor: E2F-4; motif: SNGGGCGGGAANN; match class: 1 (TF:M09894_1, 3.52E-04)
Factor: E2F-4; motif: NGGCGGGAARN; match class: 1 (TF:M07084_1, 4.03E-04)
Factor: E2F-1:Elk-1; motif: SGCGCSNNAMCGGAAGT; match class: 1 (TF:M08205_1, 5.36E-04)
Factor: Churchill; motif: CGGGNN; match class: 1 (TF:M00986_1, 8.43E-04)
Factor: TCF-1; motif: ACATCGRGRCGCTGW; match class: 1 (TF:M11603_1, 8.52E-04)
Factor: ZNF383; motif: SSNGGGMGGNGSNGGS; match class: 1 (TF:M12703_1, 1.13E-03)
Factor: Egr-1; motif: GCGGGGGCGG (TF:M01873, 1.18E-03)
Factor: E2F-3:HES-7; motif: NNNSGCGCSNNNNNCRCGYGNN; match class: 1 (TF:M08526_1, 1.67E-03)
Factor: E2F1; motif: GSGCGGGAAN; match class: 1 (TF:M12597_1, 1.92E-03)
Factor: ZF5; motif: GGSGCGCGS; match class: 1 (TF:M10438_1, 1.94E-03)
Factor: ZNF138; motif: GCAGCRSCNSGSNCMGSGCS (TF:M13144, 2.05E-03)
Factor: TIEG1; motif: NCCCNSNCCCCGCCCCC; match class: 1 (TF:M12351_1, 2.05E-03)
Factor: ZSCAN18; motif: TRRCGRCGNMCC (TF:M05432, 2.09E-03)
Factor: TIEG1; motif: NCCCNSNCCCCGCCCCC (TF:M12351, 2.09E-03)
Factor: E2F-2; motif: GCGCGCGCNCS; match class: 1 (TF:M11529_1, 2.30E-03)
Factor: Hey1; motif: NGCRCGYGYN; match class: 1 (TF:M11058_1, 2.74E-03)
Factor: pax-6; motif: NYACGCNYSANYGMNCN; match class: 1 (TF:M11882_1, 2.77E-03)
Factor: E2F-4; motif: NTTTCSCGCC; match class: 1 (TF:M07380_1, 2.98E-03)
Factor: WT1; motif: CGCCCCCNCN; match class: 1 (TF:M02036_1, 2.98E-03)
Factor: AP2; motif: GCCYGSGGSN (TF:M08867, 3.01E-03)
Factor: Egr-1; motif: GCGCATGCG; match class: 1 (TF:M04869_1, 3.01E-03)
Factor: ATF-2; motif: NRTGACGTMANN (TF:M11309, 3.14E-03)
Factor: hoxa9; motif: RTCGTWAANN (TF:M10783, 3.14E-03)
Factor: CPBP; motif: GNNRGGGHGGGGNNGGGRN (TF:M09973, 3.21E-03)
Factor: EGR1; motif: NGNGKGGGYGGNGS (TF:M09761, 3.33E-03)
Factor: sp4; motif: NNGNARGRGGCGGRGCNNRR; match class: 1 (TF:M10072_1, 3.45E-03)
Factor: TCF-1; motif: ACATCGRGRCGCTGW (TF:M11603, 3.53E-03)
Factor: KLF15; motif: NCCMCGCCCMCN (TF:M12158, 4.07E-03)
Factor: CP2; motif: NRRRCCGGCYNRARCCGGNN; match class: 1 (TF:M12590_1, 4.14E-03)
Factor: SP1; motif: NRGKGGGCGGGGCN; match class: 1 (TF:M09765_1, 4.17E-03)
Factor: KLF15; motif: RCCMCRCCCMCN (TF:M12160, 5.01E-03)
Factor: ZNF460; motif: NNACNCCCCCCNN (TF:M12313, 5.01E-03)
Factor: DPF2; motif: NYCACYTCCYCNYYCY; match class: 1 (TF:M09760_1, 5.01E-03)
Factor: EGR1; motif: NCNCCGCCCCCGCN (TF:M07208, 6.15E-03)
Factor: ZNF670; motif: SNGGGCRGRG; match class: 1 (TF:M13124_1, 6.15E-03)
Factor: Sp2; motif: WGGGCGG (TF:M05332, 6.57E-03)
Factor: Sp6; motif: WGGGCGG (TF:M05361, 6.57E-03)
Factor: CPBP; motif: NGGGCGG (TF:M05444, 6.57E-03)
Factor: CTCF; motif: NCCRSTAGGGGGCGC (TF:M08911, 7.03E-03)
Factor: E2F-4; motif: NGGCGGGAARN (TF:M07084, 7.25E-03)
Factor: ZNF263; motif: NNGGGGAGGANN; match class: 1 (TF:M12535_1, 7.25E-03)
Factor: hoxa9; motif: RTCGTWANNN (TF:M10785, 7.25E-03)
Factor: SP4; motif: NWRGCCACGCCCMCTYN (TF:M03922, 7.25E-03)
Factor: E2F4; motif: YCCCGCCNCNNSSNNSNN; match class: 1 (TF:M12599_1, 7.53E-03)
Factor: RREB-1; motif: GGGWCSA (TF:M05439, 7.67E-03)
Factor: CREB; motif: TGACGTMA (TF:M00039, 7.67E-03)
Factor: SP1; motif: GGCCCCGCCCCCN; match class: 1 (TF:M12666_1, 7.79E-03)
Factor: ATF-6; motif: GRTGACGTCAYC; match class: 1 (TF:M11228_1, 7.85E-03)
Factor: CREB1; motif: NNNNTGACGTNANNN (TF:M07248, 7.85E-03)
Factor: BTEB3; motif: BNRNGGGAGGNGT (TF:M01865, 7.90E-03)
Factor: ZNF263; motif: NNGGGGAGGANN (TF:M12535, 8.60E-03)
Factor: Hey1; motif: NGCRCGYGYN (TF:M11058, 8.60E-03)
Factor: Egr-1; motif: NNNNGCGKGGGYGGNRN (TF:M09897, 8.64E-03)
Factor: ATF-6; motif: GRTGACGTCAYC (TF:M11228, 8.86E-03)
Factor: BTEB1; motif: GGGGGCGGGGCNGSGGGNGS; match class: 1 (TF:M09723_1, 9.11E-03)
Factor: pax-6; motif: NYACGCNYSANYGMNCN (TF:M11882, 9.65E-03)
Factor: Sp2; motif: AAGGGGCGG (TF:M04932, 9.71E-03)
Factor: AP-2; motif: MKCCCSCNGGCG (TF:M00189, 9.72E-03)
Factor: Egr-1; motif: NNNNNGYGKGGGNGGGNN (TF:M09603, 9.72E-03)
Factor: BTEB1; motif: GGGGGCGGGGCNGSGGGNGS (TF:M09723, 9.72E-03)
Factor: ZNF93; motif: GGYAGCRGCAGCGGYG (TF:M12742, 9.96E-03)
Factor: GCMa:Erg; motif: ATGCGGGCGGAARKG; match class: 1 (TF:M08487_1, 9.96E-03)","Factor: ETF; motif: GVGGMGG; match class: 1 (TF:M00695_1, 9.98E-03)
Factor: ETF; motif: GVGGMGG (TF:M00695, 9.98E-03)"
set3(multi),"Factor: ETF; motif: GVGGMGG; match class: 1 (TF:M00695_1, 1.83E-06)
Factor: ZXDL; motif: GSGSCNNGGGMRGCNCCGGGS (TF:M12722, 1.83E-06)
Factor: ETF; motif: GVGGMGG (TF:M00695, 6.29E-06)
Factor: ZXDL; motif: GSGSCNNGGGMRGCNCCGGGS; match class: 1 (TF:M12722_1, 1.49E-05)
Factor: E2F-2; motif: GCGCGCGCGYW (TF:M11531, 1.36E-04)
Factor: E2F-2; motif: GCGCGCGCGYW; match class: 1 (TF:M11531_1, 1.37E-04)
Factor: BTEB3; motif: CCNNSCCNSCCCCKCCCCC (TF:M09826, 1.74E-04)
Factor: MAZ; motif: GGGMGGGGSSGGGGGGGGGGGG; match class: 1 (TF:M09636_1, 1.94E-04)
Factor: AP-2alpha; motif: NGCCYSNNGSN; match class: 1 (TF:M01857_1, 1.94E-04)
Factor: EGR1; motif: NACGCCCACGCANW (TF:M03896, 2.55E-04)
Factor: E2F-1; motif: NGGGCGGGARV; match class: 1 (TF:M07206_1, 2.56E-04)
Factor: TCF-1; motif: ACATCGRGRCGCTGW (TF:M11601, 2.70E-04)
Factor: E2F-1; motif: NNNNGGCGGGAARN; match class: 1 (TF:M09892_1, 3.52E-04)
Factor: TCF-1; motif: ACATCGRGRCGCTGW; match class: 1 (TF:M11601_1, 3.52E-04)
Factor: BTEB3; motif: CCNNSCCNSCCCCKCCCCC; match class: 1 (TF:M09826_1, 3.52E-04)
Factor: E2F-4; motif: SNGGGCGGGAANN; match class: 1 (TF:M09894_1, 3.52E-04)
Factor: E2F-4; motif: NGGCGGGAARN; match class: 1 (TF:M07084_1, 4.03E-04)
Factor: E2F-1:Elk-1; motif: SGCGCSNNAMCGGAAGT; match class: 1 (TF:M08205_1, 5.36E-04)
Factor: Churchill; motif: CGGGNN; match class: 1 (TF:M00986_1, 8.43E-04)
Factor: TCF-1; motif: ACATCGRGRCGCTGW; match class: 1 (TF:M11603_1, 8.52E-04)
Factor: ZNF383; motif: SSNGGGMGGNGSNGGS; match class: 1 (TF:M12703_1, 1.13E-03)
Factor: E2F-3:HES-7; motif: NNNSGCGCSNNNNNCRCGYGNN; match class: 1 (TF:M08526_1, 1.67E-03)
Factor: E2F1; motif: GSGCGGGAAN; match class: 1 (TF:M12597_1, 1.92E-03)
Factor: ZF5; motif: GGSGCGCGS; match class: 1 (TF:M10438_1, 1.94E-03)
Factor: ZNF138; motif: GCAGCRSCNSGSNCMGSGCS (TF:M13144, 2.05E-03)
Factor: TIEG1; motif: NCCCNSNCCCCGCCCCC; match class: 1 (TF:M12351_1, 2.05E-03)
Factor: ZSCAN18; motif: TRRCGRCGNMCC (TF:M05432, 2.09E-03)
Factor: TIEG1; motif: NCCCNSNCCCCGCCCCC (TF:M12351, 2.09E-03)
Factor: E2F-2; motif: GCGCGCGCNCS; match class: 1 (TF:M11529_1, 2.30E-03)
Factor: Hey1; motif: NGCRCGYGYN; match class: 1 (TF:M11058_1, 2.74E-03)
Factor: pax-6; motif: NYACGCNYSANYGMNCN; match class: 1 (TF:M11882_1, 2.77E-03)
Factor: WT1; motif: CGCCCCCNCN; match class: 1 (TF:M02036_1, 2.98E-03)
Factor: AP2; motif: GCCYGSGGSN (TF:M08867, 3.01E-03)
Factor: Egr-1; motif: GCGCATGCG; match class: 1 (TF:M04869_1, 3.01E-03)
Factor: ATF-2; motif: NRTGACGTMANN (TF:M11309, 3.14E-03)
Factor: hoxa9; motif: RTCGTWAANN (TF:M10783, 3.14E-03)
Factor: CPBP; motif: GNNRGGGHGGGGNNGGGRN (TF:M09973, 3.21E-03)
Factor: EGR1; motif: NGNGKGGGYGGNGS (TF:M09761, 3.33E-03)
Factor: sp4; motif: NNGNARGRGGCGGRGCNNRR; match class: 1 (TF:M10072_1, 3.45E-03)
Factor: TCF-1; motif: ACATCGRGRCGCTGW (TF:M11603, 3.53E-03)
Factor: KLF15; motif: NCCMCGCCCMCN (TF:M12158, 4.07E-03)
Factor: CP2; motif: NRRRCCGGCYNRARCCGGNN; match class: 1 (TF:M12590_1, 4.14E-03)
Factor: SP1; motif: NRGKGGGCGGGGCN; match class: 1 (TF:M09765_1, 4.17E-03)
Factor: KLF15; motif: RCCMCRCCCMCN (TF:M12160, 5.01E-03)
Factor: ZNF460; motif: NNACNCCCCCCNN (TF:M12313, 5.01E-03)
Factor: DPF2; motif: NYCACYTCCYCNYYCY; match class: 1 (TF:M09760_1, 5.01E-03)
Factor: EGR1; motif: NCNCCGCCCCCGCN (TF:M07208, 6.15E-03)
Factor: ZNF670; motif: SNGGGCRGRG; match class: 1 (TF:M13124_1, 6.15E-03)
Factor: Sp2; motif: WGGGCGG (TF:M05332, 6.57E-03)
Factor: Sp6; motif: WGGGCGG (TF:M05361, 6.57E-03)
Factor: CPBP; motif: NGGGCGG (TF:M05444, 6.57E-03)
Factor: CTCF; motif: NCCRSTAGGGGGCGC (TF:M08911, 7.03E-03)
Factor: E2F-4; motif: NGGCGGGAARN (TF:M07084, 7.25E-03)
Factor: ZNF263; motif: NNGGGGAGGANN; match class: 1 (TF:M12535_1, 7.25E-03)
Factor: hoxa9; motif: RTCGTWANNN (TF:M10785, 7.25E-03)
Factor: SP4; motif: NWRGCCACGCCCMCTYN (TF:M03922, 7.25E-03)
Factor: E2F4; motif: YCCCGCCNCNNSSNNSNN; match class: 1 (TF:M12599_1, 7.53E-03)
Factor: RREB-1; motif: GGGWCSA (TF:M05439, 7.67E-03)
Factor: SP1; motif: GGCCCCGCCCCCN; match class: 1 (TF:M12666_1, 7.79E-03)
Factor: ATF-6; motif: GRTGACGTCAYC; match class: 1 (TF:M11228_1, 7.85E-03)
Factor: CREB1; motif: NNNNTGACGTNANNN (TF:M07248, 7.85E-03)
Factor: BTEB3; motif: BNRNGGGAGGNGT (TF:M01865, 7.90E-03)
Factor: ZNF263; motif: NNGGGGAGGANN (TF:M12535, 8.60E-03)
Factor: Hey1; motif: NGCRCGYGYN (TF:M11058, 8.60E-03)
Factor: Egr-1; motif: NNNNGCGKGGGYGGNRN (TF:M09897, 8.64E-03)
Factor: ATF-6; motif: GRTGACGTCAYC (TF:M11228, 8.86E-03)
Factor: BTEB1; motif: GGGGGCGGGGCNGSGGGNGS; match class: 1 (TF:M09723_1, 9.11E-03)
Factor: pax-6; motif: NYACGCNYSANYGMNCN (TF:M11882, 9.65E-03)
Factor: Sp2; motif: AAGGGGCGG (TF:M04932, 9.71E-03)
Factor: AP-2; motif: MKCCCSCNGGCG (TF:M00189, 9.72E-03)
Factor: Egr-1; motif: NNNNNGYGKGGGNGGGNN (TF:M09603, 9.72E-03)
Factor: BTEB1; motif: GGGGGCGGGGCNGSGGGNGS (TF:M09723, 9.72E-03)
Factor: ZNF93; motif: GGYAGCRGCAGCGGYG (TF:M12742, 9.96E-03)
Factor: GCMa:Erg; motif: ATGCGGGCGGAARKG; match class: 1 (TF:M08487_1, 9.96E-03)","Factor: ETF; motif: GVGGMGG; match class: 1 (TF:M00695_1, 9.98E-03)
Factor: ETF; motif: GVGGMGG (TF:M00695, 9.98E-03)"
set4(multi),"Factor: ETF; motif: GVGGMGG; match class: 1 (TF:M00695_1, 1.83E-06)
Factor: ZXDL; motif: GSGSCNNGGGMRGCNCCGGGS (TF:M12722, 1.83E-06)
Factor: ETF; motif: GVGGMGG (TF:M00695, 6.29E-06)
Factor: ZXDL; motif: GSGSCNNGGGMRGCNCCGGGS; match class: 1 (TF:M12722_1, 1.49E-05)
Factor: E2F-2; motif: GCGCGCGCGYW (TF:M11531, 1.36E-04)
Factor: E2F-2; motif: GCGCGCGCGYW; match class: 1 (TF:M11531_1, 1.37E-04)
Factor: BTEB3; motif: CCNNSCCNSCCCCKCCCCC (TF:M09826, 1.74E-04)
Factor: MAZ; motif: GGGMGGGGSSGGGGGGGGGGGG; match class: 1 (TF:M09636_1, 1.94E-04)
Factor: AP-2alpha; motif: NGCCYSNNGSN; match class: 1 (TF:M01857_1, 1.94E-04)
Factor: EGR1; motif: NACGCCCACGCANW (TF:M03896, 2.55E-04)
Factor: E2F-1; motif: NGGGCGGGARV; match class: 1 (TF:M07206_1, 2.56E-04)
Factor: TCF-1; motif: ACATCGRGRCGCTGW (TF:M11601, 2.70E-04)
Factor: E2F-1; motif: NNNNGGCGGGAARN; match class: 1 (TF:M09892_1, 3.52E-04)
Factor: TCF-1; motif: ACATCGRGRCGCTGW; match class: 1 (TF:M11601_1, 3.52E-04)
Factor: BTEB3; motif: CCNNSCCNSCCCCKCCCCC; match class: 1 (TF:M09826_1, 3.52E-04)
Factor: E2F-4; motif: SNGGGCGGGAANN; match class: 1 (TF:M09894_1, 3.52E-04)
Factor: E2F-4; motif: NGGCGGGAARN; match class: 1 (TF:M07084_1, 4.03E-04)
Factor: E2F-1:Elk-1; motif: SGCGCSNNAMCGGAAGT; match class: 1 (TF:M08205_1, 5.36E-04)
Factor: Churchill; motif: CGGGNN; match class: 1 (TF:M00986_1, 8.43E-04)
Factor: TCF-1; motif: ACATCGRGRCGCTGW; match class: 1 (TF:M11603_1, 8.52E-04)
Factor: ZNF383; motif: SSNGGGMGGNGSNGGS; match class: 1 (TF:M12703_1, 1.13E-03)
Factor: E2F-3:HES-7; motif: NNNSGCGCSNNNNNCRCGYGNN; match class: 1 (TF:M08526_1, 1.67E-03)
Factor: E2F1; motif: GSGCGGGAAN; match class: 1 (TF:M12597_1, 1.92E-03)
Factor: ZF5; motif: GGSGCGCGS; match class: 1 (TF:M10438_1, 1.94E-03)
Factor: ZNF138; motif: GCAGCRSCNSGSNCMGSGCS (TF:M13144, 2.05E-03)
Factor: TIEG1; motif: NCCCNSNCCCCGCCCCC; match class: 1 (TF:M12351_1, 2.05E-03)
Factor: ZSCAN18; motif: TRRCGRCGNMCC (TF:M05432, 2.09E-03)
Factor: TIEG1; motif: NCCCNSNCCCCGCCCCC (TF:M12351, 2.09E-03)
Factor: E2F-2; motif: GCGCGCGCNCS; match class: 1 (TF:M11529_1, 2.30E-03)
Factor: Hey1; motif: NGCRCGYGYN; match class: 1 (TF:M11058_1, 2.74E-03)
Factor: pax-6; motif: NYACGCNYSANYGMNCN; match class: 1 (TF:M11882_1, 2.77E-03)
Factor: WT1; motif: CGCCCCCNCN; match class: 1 (TF:M02036_1, 2.98E-03)
Factor: AP2; motif: GCCYGSGGSN (TF:M08867, 3.01E-03)
Factor: Egr-1; motif: GCGCATGCG; match class: 1 (TF:M04869_1, 3.01E-03)
Factor: ATF-2; motif: NRTGACGTMANN (TF:M11309, 3.14E-03)
Factor: hoxa9; motif: RTCGTWAANN (TF:M10783, 3.14E-03)
Factor: CPBP; motif: GNNRGGGHGGGGNNGGGRN (TF:M09973, 3.21E-03)
Factor: EGR1; motif: NGNGKGGGYGGNGS (TF:M09761, 3.33E-03)
Factor: sp4; motif: NNGNARGRGGCGGRGCNNRR; match class: 1 (TF:M10072_1, 3.45E-03)
Factor: TCF-1; motif: ACATCGRGRCGCTGW (TF:M11603, 3.53E-03)
Factor: KLF15; motif: NCCMCGCCCMCN (TF:M12158, 4.07E-03)
Factor: CP2; motif: NRRRCCGGCYNRARCCGGNN; match class: 1 (TF:M12590_1, 4.14E-03)
Factor: SP1; motif: NRGKGGGCGGGGCN; match class: 1 (TF:M09765_1, 4.17E-03)
Factor: KLF15; motif: RCCMCRCCCMCN (TF:M12160, 5.01E-03)
Factor: ZNF460; motif: NNACNCCCCCCNN (TF:M12313, 5.01E-03)
Factor: DPF2; motif: NYCACYTCCYCNYYCY; match class: 1 (TF:M09760_1, 5.01E-03)
Factor: EGR1; motif: NCNCCGCCCCCGCN (TF:M07208, 6.15E-03)
Factor: ZNF670; motif: SNGGGCRGRG; match class: 1 (TF:M13124_1, 6.15E-03)
Factor: Sp2; motif: WGGGCGG (TF:M05332, 6.57E-03)
Factor: Sp6; motif: WGGGCGG (TF:M05361, 6.57E-03)
Factor: CPBP; motif: NGGGCGG (TF:M05444, 6.57E-03)
Factor: CTCF; motif: NCCRSTAGGGGGCGC (TF:M08911, 7.03E-03)
Factor: E2F-4; motif: NGGCGGGAARN (TF:M07084, 7.25E-03)
Factor: ZNF263; motif: NNGGGGAGGANN; match class: 1 (TF:M12535_1, 7.25E-03)
Factor: hoxa9; motif: RTCGTWANNN (TF:M10785, 7.25E-03)
Factor: SP4; motif: NWRGCCACGCCCMCTYN (TF:M03922, 7.25E-03)
Factor: E2F4; motif: YCCCGCCNCNNSSNNSNN; match class: 1 (TF:M12599_1, 7.53E-03)
Factor: RREB-1; motif: GGGWCSA (TF:M05439, 7.67E-03)
Factor: CREB; motif: TGACGTMA (TF:M00039, 7.67E-03)
Factor: SP1; motif: GGCCCCGCCCCCN; match class: 1 (TF:M12666_1, 7.79E-03)
Factor: ATF-6; motif: GRTGACGTCAYC; match class: 1 (TF:M11228_1, 7.85E-03)
Factor: CREB1; motif: NNNNTGACGTNANNN (TF:M07248, 7.85E-03)
Factor: BTEB3; motif: BNRNGGGAGGNGT (TF:M01865, 7.90E-03)
Factor: ZNF263; motif: NNGGGGAGGANN (TF:M12535, 8.60E-03)
Factor: Hey1; motif: NGCRCGYGYN (TF:M11058, 8.60E-03)
Factor: Egr-1; motif: NNNNGCGKGGGYGGNRN (TF:M09897, 8.64E-03)
Factor: ATF-6; motif: GRTGACGTCAYC (TF:M11228, 8.86E-03)
Factor: BTEB1; motif: GGGGGCGGGGCNGSGGGNGS; match class: 1 (TF:M09723_1, 9.11E-03)
Factor: pax-6; motif: NYACGCNYSANYGMNCN (TF:M11882, 9.65E-03)
Factor: Sp2; motif: AAGGGGCGG (TF:M04932, 9.71E-03)
Factor: AP-2; motif: MKCCCSCNGGCG (TF:M00189, 9.72E-03)
Factor: Egr-1; motif: NNNNNGYGKGGGNGGGNN (TF:M09603, 9.72E-03)
Factor: BTEB1; motif: GGGGGCGGGGCNGSGGGNGS (TF:M09723, 9.72E-03)
Factor: ZNF93; motif: GGYAGCRGCAGCGGYG (TF:M12742, 9.96E-03)
Factor: GCMa:Erg; motif: ATGCGGGCGGAARKG; match class: 1 (TF:M08487_1, 9.96E-03)","Factor: ETF; motif: GVGGMGG; match class: 1 (TF:M00695_1, 9.98E-03)
Factor: ETF; motif: GVGGMGG (TF:M00695, 9.98E-03)"
set5(#4930509J09Rik),"Factor: ETF; motif: GVGGMGG; match class: 1 (TF:M00695_1, 1.83E-06)
Factor: ZXDL; motif: GSGSCNNGGGMRGCNCCGGGS (TF:M12722, 1.83E-06)
Factor: ETF; motif: GVGGMGG (TF:M00695, 6.29E-06)
Factor: ZXDL; motif: GSGSCNNGGGMRGCNCCGGGS; match class: 1 (TF:M12722_1, 1.49E-05)
Factor: E2F-2; motif: GCGCGCGCGYW (TF:M11531, 1.36E-04)
Factor: E2F-2; motif: GCGCGCGCGYW; match class: 1 (TF:M11531_1, 1.37E-04)
Factor: BTEB3; motif: CCNNSCCNSCCCCKCCCCC (TF:M09826, 1.74E-04)
Factor: MAZ; motif: GGGMGGGGSSGGGGGGGGGGGG; match class: 1 (TF:M09636_1, 1.94E-04)
Factor: AP-2alpha; motif: NGCCYSNNGSN; match class: 1 (TF:M01857_1, 1.94E-04)
Factor: EGR1; motif: NACGCCCACGCANW (TF:M03896, 2.55E-04)
Factor: E2F-1; motif: NGGGCGGGARV; match class: 1 (TF:M07206_1, 2.56E-04)
Factor: TCF-1; motif: ACATCGRGRCGCTGW (TF:M11601, 2.70E-04)
Factor: E2F-1; motif: NNNNGGCGGGAARN; match class: 1 (TF:M09892_1, 3.52E-04)
Factor: TCF-1; motif: ACATCGRGRCGCTGW; match class: 1 (TF:M11601_1, 3.52E-04)
Factor: BTEB3; motif: CCNNSCCNSCCCCKCCCCC; match class: 1 (TF:M09826_1, 3.52E-04)
Factor: E2F-4; motif: SNGGGCGGGAANN; match class: 1 (TF:M09894_1, 3.52E-04)
Factor: E2F-4; motif: NGGCGGGAARN; match class: 1 (TF:M07084_1, 4.03E-04)
Factor: E2F-1:Elk-1; motif: SGCGCSNNAMCGGAAGT; match class: 1 (TF:M08205_1, 5.36E-04)
Factor: Churchill; motif: CGGGNN; match class: 1 (TF:M00986_1, 8.43E-04)
Factor: TCF-1; motif: ACATCGRGRCGCTGW; match class: 1 (TF:M11603_1, 8.52E-04)
Factor: ZNF383; motif: SSNGGGMGGNGSNGGS; match class: 1 (TF:M12703_1, 1.13E-03)
Factor: E2F-3:HES-7; motif: NNNSGCGCSNNNNNCRCGYGNN; match class: 1 (TF:M08526_1, 1.67E-03)
Factor: E2F1; motif: GSGCGGGAAN; match class: 1 (TF:M12597_1, 1.92E-03)
Factor: ZF5; motif: GGSGCGCGS; match class: 1 (TF:M10438_1, 1.94E-03)
Factor: ZNF138; motif: GCAGCRSCNSGSNCMGSGCS (TF:M13144, 2.05E-03)
Factor: TIEG1; motif: NCCCNSNCCCCGCCCCC; match class: 1 (TF:M12351_1, 2.05E-03)
Factor: ZSCAN18; motif: TRRCGRCGNMCC (TF:M05432, 2.09E-03)
Factor: TIEG1; motif: NCCCNSNCCCCGCCCCC (TF:M12351, 2.09E-03)
Factor: E2F-2; motif: GCGCGCGCNCS; match class: 1 (TF:M11529_1, 2.30E-03)
Factor: Hey1; motif: NGCRCGYGYN; match class: 1 (TF:M11058_1, 2.74E-03)
Factor: pax-6; motif: NYACGCNYSANYGMNCN; match class: 1 (TF:M11882_1, 2.77E-03)
Factor: WT1; motif: CGCCCCCNCN; match class: 1 (TF:M02036_1, 2.98E-03)
Factor: AP2; motif: GCCYGSGGSN (TF:M08867, 3.01E-03)
Factor: Egr-1; motif: GCGCATGCG; match class: 1 (TF:M04869_1, 3.01E-03)
Factor: ATF-2; motif: NRTGACGTMANN (TF:M11309, 3.14E-03)
Factor: hoxa9; motif: RTCGTWAANN (TF:M10783, 3.14E-03)
Factor: CPBP; motif: GNNRGGGHGGGGNNGGGRN (TF:M09973, 3.21E-03)
Factor: EGR1; motif: NGNGKGGGYGGNGS (TF:M09761, 3.33E-03)
Factor: sp4; motif: NNGNARGRGGCGGRGCNNRR; match class: 1 (TF:M10072_1, 3.45E-03)
Factor: TCF-1; motif: ACATCGRGRCGCTGW (TF:M11603, 3.53E-03)
Factor: KLF15; motif: NCCMCGCCCMCN (TF:M12158, 4.07E-03)
Factor: CP2; motif: NRRRCCGGCYNRARCCGGNN; match class: 1 (TF:M12590_1, 4.14E-03)
Factor: SP1; motif: NRGKGGGCGGGGCN; match class: 1 (TF:M09765_1, 4.17E-03)
Factor: KLF15; motif: RCCMCRCCCMCN (TF:M12160, 5.01E-03)
Factor: ZNF460; motif: NNACNCCCCCCNN (TF:M12313, 5.01E-03)
Factor: DPF2; motif: NYCACYTCCYCNYYCY; match class: 1 (TF:M09760_1, 5.01E-03)
Factor: EGR1; motif: NCNCCGCCCCCGCN (TF:M07208, 6.15E-03)
Factor: ZNF670; motif: SNGGGCRGRG; match class: 1 (TF:M13124_1, 6.15E-03)
Factor: Sp2; motif: WGGGCGG (TF:M05332, 6.57E-03)
Factor: Sp6; motif: WGGGCGG (TF:M05361, 6.57E-03)
Factor: CPBP; motif: NGGGCGG (TF:M05444, 6.57E-03)
Factor: CTCF; motif: NCCRSTAGGGGGCGC (TF:M08911, 7.03E-03)
Factor: E2F-4; motif: NGGCGGGAARN (TF:M07084, 7.25E-03)
Factor: ZNF263; motif: NNGGGGAGGANN; match class: 1 (TF:M12535_1, 7.25E-03)
Factor: hoxa9; motif: RTCGTWANNN (TF:M10785, 7.25E-03)
Factor: SP4; motif: NWRGCCACGCCCMCTYN (TF:M03922, 7.25E-03)
Factor: E2F4; motif: YCCCGCCNCNNSSNNSNN; match class: 1 (TF:M12599_1, 7.53E-03)
Factor: RREB-1; motif: GGGWCSA (TF:M05439, 7.67E-03)
Factor: CREB; motif: TGACGTMA (TF:M00039, 7.67E-03)
Factor: SP1; motif: GGCCCCGCCCCCN; match class: 1 (TF:M12666_1, 7.79E-03)
Factor: ATF-6; motif: GRTGACGTCAYC; match class: 1 (TF:M11228_1, 7.85E-03)
Factor: CREB1; motif: NNNNTGACGTNANNN (TF:M07248, 7.85E-03)
Factor: BTEB3; motif: BNRNGGGAGGNGT (TF:M01865, 7.90E-03)
Factor: ZNF263; motif: NNGGGGAGGANN (TF:M12535, 8.60E-03)
Factor: Hey1; motif: NGCRCGYGYN (TF:M11058, 8.60E-03)
Factor: Egr-1; motif: NNNNGCGKGGGYGGNRN (TF:M09897, 8.64E-03)
Factor: ATF-6; motif: GRTGACGTCAYC (TF:M11228, 8.86E-03)
Factor: BTEB1; motif: GGGGGCGGGGCNGSGGGNGS; match class: 1 (TF:M09723_1, 9.11E-03)
Factor: pax-6; motif: NYACGCNYSANYGMNCN (TF:M11882, 9.65E-03)
Factor: Sp2; motif: AAGGGGCGG (TF:M04932, 9.71E-03)
Factor: AP-2; motif: MKCCCSCNGGCG (TF:M00189, 9.72E-03)
Factor: Egr-1; motif: NNNNNGYGKGGGNGGGNN (TF:M09603, 9.72E-03)
Factor: BTEB1; motif: GGGGGCGGGGCNGSGGGNGS (TF:M09723, 9.72E-03)
Factor: ZNF93; motif: GGYAGCRGCAGCGGYG (TF:M12742, 9.96E-03)
Factor: GCMa:Erg; motif: ATGCGGGCGGAARKG; match class: 1 (TF:M08487_1, 9.96E-03)","Factor: ETF; motif: GVGGMGG; match class: 1 (TF:M00695_1, 9.98E-03)
Factor: ETF; motif: GVGGMGG (TF:M00695, 9.98E-03)"
set6(#4930557F10Rik),"Factor: ETF; motif: GVGGMGG; match class: 1 (TF:M00695_1, 1.83E-06)
Factor: ZXDL; motif: GSGSCNNGGGMRGCNCCGGGS (TF:M12722, 1.83E-06)
Factor: ETF; motif: GVGGMGG (TF:M00695, 6.29E-06)
Factor: ZXDL; motif: GSGSCNNGGGMRGCNCCGGGS; match class: 1 (TF:M12722_1, 1.49E-05)
Factor: E2F-2; motif: GCGCGCGCGYW (TF:M11531, 1.36E-04)
Factor: E2F-2; motif: GCGCGCGCGYW; match class: 1 (TF:M11531_1, 1.37E-04)
Factor: BTEB3; motif: CCNNSCCNSCCCCKCCCCC (TF:M09826, 1.74E-04)
Factor: MAZ; motif: GGGMGGGGSSGGGGGGGGGGGG; match class: 1 (TF:M09636_1, 1.94E-04)
Factor: AP-2alpha; motif: NGCCYSNNGSN; match class: 1 (TF:M01857_1, 1.94E-04)
Factor: EGR1; motif: NACGCCCACGCANW (TF:M03896, 2.55E-04)
Factor: E2F-1; motif: NGGGCGGGARV; match class: 1 (TF:M07206_1, 2.56E-04)
Factor: TCF-1; motif: ACATCGRGRCGCTGW (TF:M11601, 2.70E-04)
Factor: E2F-1; motif: NNNNGGCGGGAARN; match class: 1 (TF:M09892_1, 3.52E-04)
Factor: TCF-1; motif: ACATCGRGRCGCTGW; match class: 1 (TF:M11601_1, 3.52E-04)
Factor: BTEB3; motif: CCNNSCCNSCCCCKCCCCC; match class: 1 (TF:M09826_1, 3.52E-04)
Factor: E2F-4; motif: SNGGGCGGGAANN; match class: 1 (TF:M09894_1, 3.52E-04)
Factor: E2F-4; motif: NGGCGGGAARN; match class: 1 (TF:M07084_1, 4.03E-04)
Factor: E2F-1:Elk-1; motif: SGCGCSNNAMCGGAAGT; match class: 1 (TF:M08205_1, 5.36E-04)
Factor: ZF5; motif: NRNGNGCGCGCWN; match class: 1 (TF:M00333_1, 5.52E-04)
Factor: Churchill; motif: CGGGNN; match class: 1 (TF:M00986_1, 8.43E-04)
Factor: TCF-1; motif: ACATCGRGRCGCTGW; match class: 1 (TF:M11603_1, 8.52E-04)
Factor: ZNF383; motif: SSNGGGMGGNGSNGGS; match class: 1 (TF:M12703_1, 1.13E-03)
Factor: Egr-1; motif: GCGGGGGCGG (TF:M01873, 1.18E-03)
Factor: E2F-3:HES-7; motif: NNNSGCGCSNNNNNCRCGYGNN; match class: 1 (TF:M08526_1, 1.67E-03)
Factor: E2F1; motif: GSGCGGGAAN; match class: 1 (TF:M12597_1, 1.92E-03)
Factor: ZF5; motif: GGSGCGCGS; match class: 1 (TF:M10438_1, 1.94E-03)
Factor: ZNF138; motif: GCAGCRSCNSGSNCMGSGCS (TF:M13144, 2.05E-03)
Factor: TIEG1; motif: NCCCNSNCCCCGCCCCC; match class: 1 (TF:M12351_1, 2.05E-03)
Factor: ZSCAN18; motif: TRRCGRCGNMCC (TF:M05432, 2.09E-03)
Factor: TIEG1; motif: NCCCNSNCCCCGCCCCC (TF:M12351, 2.09E-03)
Factor: E2F-2; motif: GCGCGCGCNCS; match class: 1 (TF:M11529_1, 2.30E-03)
Factor: Hey1; motif: NGCRCGYGYN; match class: 1 (TF:M11058_1, 2.74E-03)
Factor: pax-6; motif: NYACGCNYSANYGMNCN; match class: 1 (TF:M11882_1, 2.77E-03)
Factor: E2F-4; motif: NTTTCSCGCC; match class: 1 (TF:M07380_1, 2.98E-03)
Factor: WT1; motif: CGCCCCCNCN; match class: 1 (TF:M02036_1, 2.98E-03)
Factor: AP2; motif: GCCYGSGGSN (TF:M08867, 3.01E-03)
Factor: Egr-1; motif: GCGCATGCG; match class: 1 (TF:M04869_1, 3.01E-03)
Factor: ATF-2; motif: NRTGACGTMANN (TF:M11309, 3.14E-03)
Factor: hoxa9; motif: RTCGTWAANN (TF:M10783, 3.14E-03)
Factor: CPBP; motif: GNNRGGGHGGGGNNGGGRN (TF:M09973, 3.21E-03)
Factor: EGR1; motif: NGNGKGGGYGGNGS (TF:M09761, 3.33E-03)
Factor: sp4; motif: NNGNARGRGGCGGRGCNNRR; match class: 1 (TF:M10072_1, 3.45E-03)
Factor: TCF-1; motif: ACATCGRGRCGCTGW (TF:M11603, 3.53E-03)
Factor: KLF15; motif: NCCMCGCCCMCN (TF:M12158, 4.07E-03)
Factor: CP2; motif: NRRRCCGGCYNRARCCGGNN; match class: 1 (TF:M12590_1, 4.14E-03)
Factor: SP1; motif: NRGKGGGCGGGGCN; match class: 1 (TF:M09765_1, 4.17E-03)
Factor: KLF15; motif: RCCMCRCCCMCN (TF:M12160, 5.01E-03)
Factor: ZNF460; motif: NNACNCCCCCCNN (TF:M12313, 5.01E-03)
Factor: DPF2; motif: NYCACYTCCYCNYYCY; match class: 1 (TF:M09760_1, 5.01E-03)
Factor: EGR1; motif: NCNCCGCCCCCGCN (TF:M07208, 6.15E-03)
Factor: ZNF670; motif: SNGGGCRGRG; match class: 1 (TF:M13124_1, 6.15E-03)
Factor: Sp2; motif: WGGGCGG (TF:M05332, 6.57E-03)
Factor: Sp6; motif: WGGGCGG (TF:M05361, 6.57E-03)
Factor: CPBP; motif: NGGGCGG (TF:M05444, 6.57E-03)
Factor: CTCF; motif: NCCRSTAGGGGGCGC (TF:M08911, 7.03E-03)
Factor: E2F-4; motif: NGGCGGGAARN (TF:M07084, 7.25E-03)
Factor: ZNF263; motif: NNGGGGAGGANN; match class: 1 (TF:M12535_1, 7.25E-03)
Factor: hoxa9; motif: RTCGTWANNN (TF:M10785, 7.25E-03)
Factor: SP4; motif: NWRGCCACGCCCMCTYN (TF:M03922, 7.25E-03)
Factor: E2F4; motif: YCCCGCCNCNNSSNNSNN; match class: 1 (TF:M12599_1, 7.53E-03)
Factor: Sp1; motif: NGGGGGCGGGGYN; match class: 1 (TF:M00196_1, 7.64E-03)
Factor: RREB-1; motif: GGGWCSA (TF:M05439, 7.67E-03)
Factor: CREB; motif: TGACGTMA (TF:M00039, 7.67E-03)
Factor: SP1; motif: GGCCCCGCCCCCN; match class: 1 (TF:M12666_1, 7.79E-03)
Factor: ATF-6; motif: GRTGACGTCAYC; match class: 1 (TF:M11228_1, 7.85E-03)
Factor: CREB1; motif: NNNNTGACGTNANNN (TF:M07248, 7.85E-03)
Factor: BTEB3; motif: BNRNGGGAGGNGT (TF:M01865, 7.90E-03)
Factor: ZNF263; motif: NNGGGGAGGANN (TF:M12535, 8.60E-03)
Factor: Hey1; motif: NGCRCGYGYN (TF:M11058, 8.60E-03)
Factor: Egr-1; motif: NNNNGCGKGGGYGGNRN (TF:M09897, 8.64E-03)
Factor: ATF-6; motif: GRTGACGTCAYC (TF:M11228, 8.86E-03)
Factor: BTEB1; motif: GGGGGCGGGGCNGSGGGNGS; match class: 1 (TF:M09723_1, 9.11E-03)
Factor: pax-6; motif: NYACGCNYSANYGMNCN (TF:M11882, 9.65E-03)
Factor: Sp2; motif: AAGGGGCGG (TF:M04932, 9.71E-03)
Factor: AP-2; motif: MKCCCSCNGGCG (TF:M00189, 9.72E-03)
Factor: Egr-1; motif: NNNNNGYGKGGGNGGGNN (TF:M09603, 9.72E-03)
Factor: BTEB1; motif: GGGGGCGGGGCNGSGGGNGS (TF:M09723, 9.72E-03)
Factor: ZNF93; motif: GGYAGCRGCAGCGGYG (TF:M12742, 9.96E-03)
Factor: GCMa:Erg; motif: ATGCGGGCGGAARKG; match class: 1 (TF:M08487_1, 9.96E-03)","Factor: ETF; motif: GVGGMGG; match class: 1 (TF:M00695_1, 9.98E-03)
Factor: ETF; motif: GVGGMGG (TF:M00695, 9.98E-03)"
"set7(#4930586N03Rik, #Gm44145)","Factor: ETF; motif: GVGGMGG; match class: 1 (TF:M00695_1, 1.83E-06)
Factor: ZXDL; motif: GSGSCNNGGGMRGCNCCGGGS (TF:M12722, 1.83E-06)
Factor: ETF; motif: GVGGMGG (TF:M00695, 6.29E-06)
Factor: ZXDL; motif: GSGSCNNGGGMRGCNCCGGGS; match class: 1 (TF:M12722_1, 1.49E-05)
Factor: E2F-2; motif: GCGCGCGCGYW (TF:M11531, 1.36E-04)
Factor: E2F-2; motif: GCGCGCGCGYW; match class: 1 (TF:M11531_1, 1.37E-04)
Factor: BTEB3; motif: CCNNSCCNSCCCCKCCCCC (TF:M09826, 1.74E-04)
Factor: MAZ; motif: GGGMGGGGSSGGGGGGGGGGGG; match class: 1 (TF:M09636_1, 1.94E-04)
Factor: AP-2alpha; motif: NGCCYSNNGSN; match class: 1 (TF:M01857_1, 1.94E-04)
Factor: EGR1; motif: NACGCCCACGCANW (TF:M03896, 2.55E-04)
Factor: E2F-1; motif: NGGGCGGGARV; match class: 1 (TF:M07206_1, 2.56E-04)
Factor: TCF-1; motif: ACATCGRGRCGCTGW (TF:M11601, 2.70E-04)
Factor: E2F-1; motif: NNNNGGCGGGAARN; match class: 1 (TF:M09892_1, 3.52E-04)
Factor: TCF-1; motif: ACATCGRGRCGCTGW; match class: 1 (TF:M11601_1, 3.52E-04)
Factor: BTEB3; motif: CCNNSCCNSCCCCKCCCCC; match class: 1 (TF:M09826_1, 3.52E-04)
Factor: E2F-4; motif: SNGGGCGGGAANN; match class: 1 (TF:M09894_1, 3.52E-04)
Factor: E2F-4; motif: NGGCGGGAARN; match class: 1 (TF:M07084_1, 4.03E-04)
Factor: E2F-1:Elk-1; motif: SGCGCSNNAMCGGAAGT; match class: 1 (TF:M08205_1, 5.36E-04)
Factor: Churchill; motif: CGGGNN; match class: 1 (TF:M00986_1, 8.43E-04)
Factor: TCF-1; motif: ACATCGRGRCGCTGW; match class: 1 (TF:M11603_1, 8.52E-04)
Factor: ZNF383; motif: SSNGGGMGGNGSNGGS; match class: 1 (TF:M12703_1, 1.13E-03)
Factor: Egr-1; motif: GCGGGGGCGG (TF:M01873, 1.18E-03)
Factor: E2F-3:HES-7; motif: NNNSGCGCSNNNNNCRCGYGNN; match class: 1 (TF:M08526_1, 1.67E-03)
Factor: E2F1; motif: GSGCGGGAAN; match class: 1 (TF:M12597_1, 1.92E-03)
Factor: ZF5; motif: GGSGCGCGS; match class: 1 (TF:M10438_1, 1.94E-03)
Factor: ZNF138; motif: GCAGCRSCNSGSNCMGSGCS (TF:M13144, 2.05E-03)
Factor: TIEG1; motif: NCCCNSNCCCCGCCCCC; match class: 1 (TF:M12351_1, 2.05E-03)
Factor: ZSCAN18; motif: TRRCGRCGNMCC (TF:M05432, 2.09E-03)
Factor: TIEG1; motif: NCCCNSNCCCCGCCCCC (TF:M12351, 2.09E-03)
Factor: E2F-2; motif: GCGCGCGCNCS; match class: 1 (TF:M11529_1, 2.30E-03)
Factor: Hey1; motif: NGCRCGYGYN; match class: 1 (TF:M11058_1, 2.74E-03)
Factor: pax-6; motif: NYACGCNYSANYGMNCN; match class: 1 (TF:M11882_1, 2.77E-03)
Factor: E2F-4; motif: NTTTCSCGCC; match class: 1 (TF:M07380_1, 2.98E-03)
Factor: WT1; motif: CGCCCCCNCN; match class: 1 (TF:M02036_1, 2.98E-03)
Factor: AP2; motif: GCCYGSGGSN (TF:M08867, 3.01E-03)
Factor: Egr-1; motif: GCGCATGCG; match class: 1 (TF:M04869_1, 3.01E-03)
Factor: ATF-2; motif: NRTGACGTMANN (TF:M11309, 3.14E-03)
Factor: hoxa9; motif: RTCGTWAANN (TF:M10783, 3.14E-03)
Factor: CPBP; motif: GNNRGGGHGGGGNNGGGRN (TF:M09973, 3.21E-03)
Factor: EGR1; motif: NGNGKGGGYGGNGS (TF:M09761, 3.33E-03)
Factor: sp4; motif: NNGNARGRGGCGGRGCNNRR; match class: 1 (TF:M10072_1, 3.45E-03)
Factor: TCF-1; motif: ACATCGRGRCGCTGW (TF:M11603, 3.53E-03)
Factor: KLF15; motif: NCCMCGCCCMCN (TF:M12158, 4.07E-03)
Factor: CP2; motif: NRRRCCGGCYNRARCCGGNN; match class: 1 (TF:M12590_1, 4.14E-03)
Factor: SP1; motif: NRGKGGGCGGGGCN; match class: 1 (TF:M09765_1, 4.17E-03)
Factor: KLF15; motif: RCCMCRCCCMCN (TF:M12160, 5.01E-03)
Factor: ZNF460; motif: NNACNCCCCCCNN (TF:M12313, 5.01E-03)
Factor: DPF2; motif: NYCACYTCCYCNYYCY; match class: 1 (TF:M09760_1, 5.01E-03)
Factor: EGR1; motif: NCNCCGCCCCCGCN (TF:M07208, 6.15E-03)
Factor: ZNF670; motif: SNGGGCRGRG; match class: 1 (TF:M13124_1, 6.15E-03)
Factor: Sp2; motif: WGGGCGG (TF:M05332, 6.57E-03)
Factor: Sp6; motif: WGGGCGG (TF:M05361, 6.57E-03)
Factor: CPBP; motif: NGGGCGG (TF:M05444, 6.57E-03)
Factor: CTCF; motif: NCCRSTAGGGGGCGC (TF:M08911, 7.03E-03)
Factor: E2F-4; motif: NGGCGGGAARN (TF:M07084, 7.25E-03)
Factor: ZNF263; motif: NNGGGGAGGANN; match class: 1 (TF:M12535_1, 7.25E-03)
Factor: hoxa9; motif: RTCGTWANNN (TF:M10785, 7.25E-03)
Factor: SP4; motif: NWRGCCACGCCCMCTYN (TF:M03922, 7.25E-03)
Factor: E2F4; motif: YCCCGCCNCNNSSNNSNN; match class: 1 (TF:M12599_1, 7.53E-03)
Factor: RREB-1; motif: GGGWCSA (TF:M05439, 7.67E-03)
Factor: CREB; motif: TGACGTMA (TF:M00039, 7.67E-03)
Factor: SP1; motif: GGCCCCGCCCCCN; match class: 1 (TF:M12666_1, 7.79E-03)
Factor: ATF-6; motif: GRTGACGTCAYC; match class: 1 (TF:M11228_1, 7.85E-03)
Factor: CREB1; motif: NNNNTGACGTNANNN (TF:M07248, 7.85E-03)
Factor: BTEB3; motif: BNRNGGGAGGNGT (TF:M01865, 7.90E-03)
Factor: ZNF263; motif: NNGGGGAGGANN (TF:M12535, 8.60E-03)
Factor: Hey1; motif: NGCRCGYGYN (TF:M11058, 8.60E-03)
Factor: Egr-1; motif: NNNNGCGKGGGYGGNRN (TF:M09897, 8.64E-03)
Factor: ATF-6; motif: GRTGACGTCAYC (TF:M11228, 8.86E-03)
Factor: BTEB1; motif: GGGGGCGGGGCNGSGGGNGS; match class: 1 (TF:M09723_1, 9.11E-03)
Factor: pax-6; motif: NYACGCNYSANYGMNCN (TF:M11882, 9.65E-03)
Factor: Sp2; motif: AAGGGGCGG (TF:M04932, 9.71E-03)
Factor: AP-2; motif: MKCCCSCNGGCG (TF:M00189, 9.72E-03)
Factor: Egr-1; motif: NNNNNGYGKGGGNGGGNN (TF:M09603, 9.72E-03)
Factor: BTEB1; motif: GGGGGCGGGGCNGSGGGNGS (TF:M09723, 9.72E-03)
Factor: ZNF93; motif: GGYAGCRGCAGCGGYG (TF:M12742, 9.96E-03)
Factor: GCMa:Erg; motif: ATGCGGGCGGAARKG; match class: 1 (TF:M08487_1, 9.96E-03)","Factor: ETF; motif: GVGGMGG; match class: 1 (TF:M00695_1, 9.98E-03)
Factor: ETF; motif: GVGGMGG (TF:M00695, 9.98E-03)"
set8(#5033403H07Rik),"Factor: ETF; motif: GVGGMGG; match class: 1 (TF:M00695_1, 1.83E-06)
Factor: ZXDL; motif: GSGSCNNGGGMRGCNCCGGGS (TF:M12722, 1.83E-06)
Factor: ETF; motif: GVGGMGG (TF:M00695, 6.29E-06)
Factor: ZXDL; motif: GSGSCNNGGGMRGCNCCGGGS; match class: 1 (TF:M12722_1, 1.49E-05)
Factor: E2F-2; motif: GCGCGCGCGYW (TF:M11531, 1.36E-04)
Factor: E2F-2; motif: GCGCGCGCGYW; match class: 1 (TF:M11531_1, 1.37E-04)
Factor: BTEB3; motif: CCNNSCCNSCCCCKCCCCC (TF:M09826, 1.74E-04)
Factor: MAZ; motif: GGGMGGGGSSGGGGGGGGGGGG; match class: 1 (TF:M09636_1, 1.94E-04)
Factor: AP-2alpha; motif: NGCCYSNNGSN; match class: 1 (TF:M01857_1, 1.94E-04)
Factor: EGR1; motif: NACGCCCACGCANW (TF:M03896, 2.55E-04)
Factor: E2F-1; motif: NGGGCGGGARV; match class: 1 (TF:M07206_1, 2.56E-04)
Factor: TCF-1; motif: ACATCGRGRCGCTGW (TF:M11601, 2.70E-04)
Factor: E2F-1; motif: NNNNGGCGGGAARN; match class: 1 (TF:M09892_1, 3.52E-04)
Factor: TCF-1; motif: ACATCGRGRCGCTGW; match class: 1 (TF:M11601_1, 3.52E-04)
Factor: BTEB3; motif: CCNNSCCNSCCCCKCCCCC; match class: 1 (TF:M09826_1, 3.52E-04)
Factor: E2F-4; motif: SNGGGCGGGAANN; match class: 1 (TF:M09894_1, 3.52E-04)
Factor: E2F-4; motif: NGGCGGGAARN; match class: 1 (TF:M07084_1, 4.03E-04)
Factor: E2F-1:Elk-1; motif: SGCGCSNNAMCGGAAGT; match class: 1 (TF:M08205_1, 5.36E-04)
Factor: ZF5; motif: NRNGNGCGCGCWN; match class: 1 (TF:M00333_1, 5.52E-04)
Factor: Churchill; motif: CGGGNN; match class: 1 (TF:M00986_1, 8.43E-04)
Factor: TCF-1; motif: ACATCGRGRCGCTGW; match class: 1 (TF:M11603_1, 8.52E-04)
Factor: ZNF383; motif: SSNGGGMGGNGSNGGS; match class: 1 (TF:M12703_1, 1.13E-03)
Factor: E2F-3:HES-7; motif: NNNSGCGCSNNNNNCRCGYGNN; match class: 1 (TF:M08526_1, 1.67E-03)
Factor: E2F1; motif: GSGCGGGAAN; match class: 1 (TF:M12597_1, 1.92E-03)
Factor: ZF5; motif: GGSGCGCGS; match class: 1 (TF:M10438_1, 1.94E-03)
Factor: ZNF138; motif: GCAGCRSCNSGSNCMGSGCS (TF:M13144, 2.05E-03)
Factor: TIEG1; motif: NCCCNSNCCCCGCCCCC; match class: 1 (TF:M12351_1, 2.05E-03)
Factor: ZSCAN18; motif: TRRCGRCGNMCC (TF:M05432, 2.09E-03)
Factor: TIEG1; motif: NCCCNSNCCCCGCCCCC (TF:M12351, 2.09E-03)
Factor: E2F-2; motif: GCGCGCGCNCS; match class: 1 (TF:M11529_1, 2.30E-03)
Factor: Hey1; motif: NGCRCGYGYN; match class: 1 (TF:M11058_1, 2.74E-03)
Factor: pax-6; motif: NYACGCNYSANYGMNCN; match class: 1 (TF:M11882_1, 2.77E-03)
Factor: E2F-4; motif: NTTTCSCGCC; match class: 1 (TF:M07380_1, 2.98E-03)
Factor: WT1; motif: CGCCCCCNCN; match class: 1 (TF:M02036_1, 2.98E-03)
Factor: AP2; motif: GCCYGSGGSN (TF:M08867, 3.01E-03)
Factor: Egr-1; motif: GCGCATGCG; match class: 1 (TF:M04869_1, 3.01E-03)
Factor: ATF-2; motif: NRTGACGTMANN (TF:M11309, 3.14E-03)
Factor: hoxa9; motif: RTCGTWAANN (TF:M10783, 3.14E-03)
Factor: CPBP; motif: GNNRGGGHGGGGNNGGGRN (TF:M09973, 3.21E-03)
Factor: EGR1; motif: NGNGKGGGYGGNGS (TF:M09761, 3.33E-03)
Factor: sp4; motif: NNGNARGRGGCGGRGCNNRR; match class: 1 (TF:M10072_1, 3.45E-03)
Factor: TCF-1; motif: ACATCGRGRCGCTGW (TF:M11603, 3.53E-03)
Factor: KLF15; motif: NCCMCGCCCMCN (TF:M12158, 4.07E-03)
Factor: CP2; motif: NRRRCCGGCYNRARCCGGNN; match class: 1 (TF:M12590_1, 4.14E-03)
Factor: SP1; motif: NRGKGGGCGGGGCN; match class: 1 (TF:M09765_1, 4.17E-03)
Factor: KLF15; motif: RCCMCRCCCMCN (TF:M12160, 5.01E-03)
Factor: ZNF460; motif: NNACNCCCCCCNN (TF:M12313, 5.01E-03)
Factor: DPF2; motif: NYCACYTCCYCNYYCY; match class: 1 (TF:M09760_1, 5.01E-03)
Factor: EGR1; motif: NCNCCGCCCCCGCN (TF:M07208, 6.15E-03)
Factor: ZNF670; motif: SNGGGCRGRG; match class: 1 (TF:M13124_1, 6.15E-03)
Factor: Sp2; motif: WGGGCGG (TF:M05332, 6.57E-03)
Factor: Sp6; motif: WGGGCGG (TF:M05361, 6.57E-03)
Factor: CPBP; motif: NGGGCGG (TF:M05444, 6.57E-03)
Factor: CTCF; motif: NCCRSTAGGGGGCGC (TF:M08911, 7.03E-03)
Factor: E2F-4; motif: NGGCGGGAARN (TF:M07084, 7.25E-03)
Factor: ZNF263; motif: NNGGGGAGGANN; match class: 1 (TF:M12535_1, 7.25E-03)
Factor: hoxa9; motif: RTCGTWANNN (TF:M10785, 7.25E-03)
Factor: SP4; motif: NWRGCCACGCCCMCTYN (TF:M03922, 7.25E-03)
Factor: E2F4; motif: YCCCGCCNCNNSSNNSNN; match class: 1 (TF:M12599_1, 7.53E-03)
Factor: RREB-1; motif: GGGWCSA (TF:M05439, 7.67E-03)
Factor: CREB; motif: TGACGTMA (TF:M00039, 7.67E-03)
Factor: SP1; motif: GGCCCCGCCCCCN; match class: 1 (TF:M12666_1, 7.79E-03)
Factor: ATF-6; motif: GRTGACGTCAYC; match class: 1 (TF:M11228_1, 7.85E-03)
Factor: CREB1; motif: NNNNTGACGTNANNN (TF:M07248, 7.85E-03)
Factor: BTEB3; motif: BNRNGGGAGGNGT (TF:M01865, 7.90E-03)
Factor: ZNF263; motif: NNGGGGAGGANN (TF:M12535, 8.60E-03)
Factor: Hey1; motif: NGCRCGYGYN (TF:M11058, 8.60E-03)
Factor: Egr-1; motif: NNNNGCGKGGGYGGNRN (TF:M09897, 8.64E-03)
Factor: ATF-6; motif: GRTGACGTCAYC (TF:M11228, 8.86E-03)
Factor: BTEB1; motif: GGGGGCGGGGCNGSGGGNGS; match class: 1 (TF:M09723_1, 9.11E-03)
Factor: pax-6; motif: NYACGCNYSANYGMNCN (TF:M11882, 9.65E-03)
Factor: Sp2; motif: AAGGGGCGG (TF:M04932, 9.71E-03)
Factor: AP-2; motif: MKCCCSCNGGCG (TF:M00189, 9.72E-03)
Factor: Egr-1; motif: NNNNNGYGKGGGNGGGNN (TF:M09603, 9.72E-03)
Factor: BTEB1; motif: GGGGGCGGGGCNGSGGGNGS (TF:M09723, 9.72E-03)
Factor: ZNF93; motif: GGYAGCRGCAGCGGYG (TF:M12742, 9.96E-03)
Factor: GCMa:Erg; motif: ATGCGGGCGGAARKG; match class: 1 (TF:M08487_1, 9.96E-03)","Factor: ETF; motif: GVGGMGG; match class: 1 (TF:M00695_1, 9.98E-03)
Factor: ETF; motif: GVGGMGG (TF:M00695, 9.98E-03)"
set9(#Gm14009),"Factor: ETF; motif: GVGGMGG; match class: 1 (TF:M00695_1, 1.83E-06)
Factor: ZXDL; motif: GSGSCNNGGGMRGCNCCGGGS (TF:M12722, 1.83E-06)
Factor: ETF; motif: GVGGMGG (TF:M00695, 6.29E-06)
Factor: ZXDL; motif: GSGSCNNGGGMRGCNCCGGGS; match class: 1 (TF:M12722_1, 1.49E-05)
Factor: E2F-2; motif: GCGCGCGCGYW (TF:M11531, 1.36E-04)
Factor: E2F-2; motif: GCGCGCGCGYW; match class: 1 (TF:M11531_1, 1.37E-04)
Factor: BTEB3; motif: CCNNSCCNSCCCCKCCCCC (TF:M09826, 1.74E-04)
Factor: MAZ; motif: GGGMGGGGSSGGGGGGGGGGGG; match class: 1 (TF:M09636_1, 1.94E-04)
Factor: AP-2alpha; motif: NGCCYSNNGSN; match class: 1 (TF:M01857_1, 1.94E-04)
Factor: EGR1; motif: NACGCCCACGCANW (TF:M03896, 2.55E-04)
Factor: E2F-1; motif: NGGGCGGGARV; match class: 1 (TF:M07206_1, 2.56E-04)
Factor: TCF-1; motif: ACATCGRGRCGCTGW (TF:M11601, 2.70E-04)
Factor: E2F-1; motif: NNNNGGCGGGAARN; match class: 1 (TF:M09892_1, 3.52E-04)
Factor: TCF-1; motif: ACATCGRGRCGCTGW; match class: 1 (TF:M11601_1, 3.52E-04)
Factor: BTEB3; motif: CCNNSCCNSCCCCKCCCCC; match class: 1 (TF:M09826_1, 3.52E-04)
Factor: E2F-4; motif: SNGGGCGGGAANN; match class: 1 (TF:M09894_1, 3.52E-04)
Factor: E2F-4; motif: NGGCGGGAARN; match class: 1 (TF:M07084_1, 4.03E-04)
Factor: E2F-1:Elk-1; motif: SGCGCSNNAMCGGAAGT; match class: 1 (TF:M08205_1, 5.36E-04)
Factor: Churchill; motif: CGGGNN; match class: 1 (TF:M00986_1, 8.43E-04)
Factor: TCF-1; motif: ACATCGRGRCGCTGW; match class: 1 (TF:M11603_1, 8.52E-04)
Factor: ZNF383; motif: SSNGGGMGGNGSNGGS; match class: 1 (TF:M12703_1, 1.13E-03)
Factor: E2F-3:HES-7; motif: NNNSGCGCSNNNNNCRCGYGNN; match class: 1 (TF:M08526_1, 1.67E-03)
Factor: E2F1; motif: GSGCGGGAAN; match class: 1 (TF:M12597_1, 1.92E-03)
Factor: ZF5; motif: GGSGCGCGS; match class: 1 (TF:M10438_1, 1.94E-03)
Factor: ZNF138; motif: GCAGCRSCNSGSNCMGSGCS (TF:M13144, 2.05E-03)
Factor: TIEG1; motif: NCCCNSNCCCCGCCCCC; match class: 1 (TF:M12351_1, 2.05E-03)
Factor: ZSCAN18; motif: TRRCGRCGNMCC (TF:M05432, 2.09E-03)
Factor: TIEG1; motif: NCCCNSNCCCCGCCCCC (TF:M12351, 2.09E-03)
Factor: E2F-2; motif: GCGCGCGCNCS; match class: 1 (TF:M11529_1, 2.30E-03)
Factor: Hey1; motif: NGCRCGYGYN; match class: 1 (TF:M11058_1, 2.74E-03)
Factor: pax-6; motif: NYACGCNYSANYGMNCN; match class: 1 (TF:M11882_1, 2.77E-03)
Factor: E2F-4; motif: NTTTCSCGCC; match class: 1 (TF:M07380_1, 2.98E-03)
Factor: AP2; motif: GCCYGSGGSN (TF:M08867, 3.01E-03)
Factor: Egr-1; motif: GCGCATGCG; match class: 1 (TF:M04869_1, 3.01E-03)
Factor: ATF-2; motif: NRTGACGTMANN (TF:M11309, 3.14E-03)
Factor: hoxa9; motif: RTCGTWAANN (TF:M10783, 3.14E-03)
Factor: CPBP; motif: GNNRGGGHGGGGNNGGGRN (TF:M09973, 3.21E-03)
Factor: EGR1; motif: NGNGKGGGYGGNGS (TF:M09761, 3.33E-03)
Factor: sp4; motif: NNGNARGRGGCGGRGCNNRR; match class: 1 (TF:M10072_1, 3.45E-03)
Factor: TCF-1; motif: ACATCGRGRCGCTGW (TF:M11603, 3.53E-03)
Factor: KLF15; motif: NCCMCGCCCMCN (TF:M12158, 4.07E-03)
Factor: CP2; motif: NRRRCCGGCYNRARCCGGNN; match class: 1 (TF:M12590_1, 4.14E-03)
Factor: SP1; motif: NRGKGGGCGGGGCN; match class: 1 (TF:M09765_1, 4.17E-03)
Factor: KLF15; motif: RCCMCRCCCMCN (TF:M12160, 5.01E-03)
Factor: ZNF460; motif: NNACNCCCCCCNN (TF:M12313, 5.01E-03)
Factor: DPF2; motif: NYCACYTCCYCNYYCY; match class: 1 (TF:M09760_1, 5.01E-03)
Factor: EGR1; motif: NCNCCGCCCCCGCN (TF:M07208, 6.15E-03)
Factor: ZNF670; motif: SNGGGCRGRG; match class: 1 (TF:M13124_1, 6.15E-03)
Factor: Sp2; motif: WGGGCGG (TF:M05332, 6.57E-03)
Factor: Sp6; motif: WGGGCGG (TF:M05361, 6.57E-03)
Factor: CPBP; motif: NGGGCGG (TF:M05444, 6.57E-03)
Factor: CTCF; motif: NCCRSTAGGGGGCGC (TF:M08911, 7.03E-03)
Factor: E2F-4; motif: NGGCGGGAARN (TF:M07084, 7.25E-03)
Factor: ZNF263; motif: NNGGGGAGGANN; match class: 1 (TF:M12535_1, 7.25E-03)
Factor: hoxa9; motif: RTCGTWANNN (TF:M10785, 7.25E-03)
Factor: SP4; motif: NWRGCCACGCCCMCTYN (TF:M03922, 7.25E-03)
Factor: E2F4; motif: YCCCGCCNCNNSSNNSNN; match class: 1 (TF:M12599_1, 7.53E-03)
Factor: RREB-1; motif: GGGWCSA (TF:M05439, 7.67E-03)
Factor: CREB; motif: TGACGTMA (TF:M00039, 7.67E-03)
Factor: SP1; motif: GGCCCCGCCCCCN; match class: 1 (TF:M12666_1, 7.79E-03)
Factor: ATF-6; motif: GRTGACGTCAYC; match class: 1 (TF:M11228_1, 7.85E-03)
Factor: CREB1; motif: NNNNTGACGTNANNN (TF:M07248, 7.85E-03)
Factor: BTEB3; motif: BNRNGGGAGGNGT (TF:M01865, 7.90E-03)
Factor: ZNF263; motif: NNGGGGAGGANN (TF:M12535, 8.60E-03)
Factor: Hey1; motif: NGCRCGYGYN (TF:M11058, 8.60E-03)
Factor: Egr-1; motif: NNNNGCGKGGGYGGNRN (TF:M09897, 8.64E-03)
Factor: ATF-6; motif: GRTGACGTCAYC (TF:M11228, 8.86E-03)
Factor: BTEB1; motif: GGGGGCGGGGCNGSGGGNGS; match class: 1 (TF:M09723_1, 9.11E-03)
Factor: pax-6; motif: NYACGCNYSANYGMNCN (TF:M11882, 9.65E-03)
Factor: Sp2; motif: AAGGGGCGG (TF:M04932, 9.71E-03)
Factor: AP-2; motif: MKCCCSCNGGCG (TF:M00189, 9.72E-03)
Factor: Egr-1; motif: NNNNNGYGKGGGNGGGNN (TF:M09603, 9.72E-03)
Factor: BTEB1; motif: GGGGGCGGGGCNGSGGGNGS (TF:M09723, 9.72E-03)
Factor: ZNF93; motif: GGYAGCRGCAGCGGYG (TF:M12742, 9.96E-03)
Factor: GCMa:Erg; motif: ATGCGGGCGGAARKG; match class: 1 (TF:M08487_1, 9.96E-03)","Factor: ETF; motif: GVGGMGG; match class: 1 (TF:M00695_1, 9.98E-03)
Factor: ETF; motif: GVGGMGG (TF:M00695, 9.98E-03)"
set10(#Gm26551),"Factor: ETF; motif: GVGGMGG; match class: 1 (TF:M00695_1, 1.83E-06)
Factor: ZXDL; motif: GSGSCNNGGGMRGCNCCGGGS (TF:M12722, 1.83E-06)
Factor: ETF; motif: GVGGMGG (TF:M00695, 6.29E-06)
Factor: ZXDL; motif: GSGSCNNGGGMRGCNCCGGGS; match class: 1 (TF:M12722_1, 1.49E-05)
Factor: E2F-2; motif: GCGCGCGCGYW (TF:M11531, 1.36E-04)
Factor: E2F-2; motif: GCGCGCGCGYW; match class: 1 (TF:M11531_1, 1.37E-04)
Factor: BTEB3; motif: CCNNSCCNSCCCCKCCCCC (TF:M09826, 1.74E-04)
Factor: MAZ; motif: GGGMGGGGSSGGGGGGGGGGGG; match class: 1 (TF:M09636_1, 1.94E-04)
Factor: AP-2alpha; motif: NGCCYSNNGSN; match class: 1 (TF:M01857_1, 1.94E-04)
Factor: EGR1; motif: NACGCCCACGCANW (TF:M03896, 2.55E-04)
Factor: E2F-1; motif: NGGGCGGGARV; match class: 1 (TF:M07206_1, 2.56E-04)
Factor: TCF-1; motif: ACATCGRGRCGCTGW (TF:M11601, 2.70E-04)
Factor: E2F-1; motif: NNNNGGCGGGAARN; match class: 1 (TF:M09892_1, 3.52E-04)
Factor: TCF-1; motif: ACATCGRGRCGCTGW; match class: 1 (TF:M11601_1, 3.52E-04)
Factor: BTEB3; motif: CCNNSCCNSCCCCKCCCCC; match class: 1 (TF:M09826_1, 3.52E-04)
Factor: E2F-4; motif: SNGGGCGGGAANN; match class: 1 (TF:M09894_1, 3.52E-04)
Factor: E2F-4; motif: NGGCGGGAARN; match class: 1 (TF:M07084_1, 4.03E-04)
Factor: E2F-1:Elk-1; motif: SGCGCSNNAMCGGAAGT; match class: 1 (TF:M08205_1, 5.36E-04)
Factor: Churchill; motif: CGGGNN; match class: 1 (TF:M00986_1, 8.43E-04)
Factor: TCF-1; motif: ACATCGRGRCGCTGW; match class: 1 (TF:M11603_1, 8.52E-04)
Factor: ZNF383; motif: SSNGGGMGGNGSNGGS; match class: 1 (TF:M12703_1, 1.13E-03)
Factor: Egr-1; motif: GCGGGGGCGG (TF:M01873, 1.18E-03)
Factor: E2F-3:HES-7; motif: NNNSGCGCSNNNNNCRCGYGNN; match class: 1 (TF:M08526_1, 1.67E-03)
Factor: E2F1; motif: GSGCGGGAAN; match class: 1 (TF:M12597_1, 1.92E-03)
Factor: ZF5; motif: GGSGCGCGS; match class: 1 (TF:M10438_1, 1.94E-03)
Factor: ZNF138; motif: GCAGCRSCNSGSNCMGSGCS (TF:M13144, 2.05E-03)
Factor: TIEG1; motif: NCCCNSNCCCCGCCCCC; match class: 1 (TF:M12351_1, 2.05E-03)
Factor: ZSCAN18; motif: TRRCGRCGNMCC (TF:M05432, 2.09E-03)
Factor: TIEG1; motif: NCCCNSNCCCCGCCCCC (TF:M12351, 2.09E-03)
Factor: E2F-2; motif: GCGCGCGCNCS; match class: 1 (TF:M11529_1, 2.30E-03)
Factor: Hey1; motif: NGCRCGYGYN; match class: 1 (TF:M11058_1, 2.74E-03)
Factor: pax-6; motif: NYACGCNYSANYGMNCN; match class: 1 (TF:M11882_1, 2.77E-03)
Factor: E2F-4; motif: NTTTCSCGCC; match class: 1 (TF:M07380_1, 2.98E-03)
Factor: WT1; motif: CGCCCCCNCN; match class: 1 (TF:M02036_1, 2.98E-03)
Factor: AP2; motif: GCCYGSGGSN (TF:M08867, 3.01E-03)
Factor: Egr-1; motif: GCGCATGCG; match class: 1 (TF:M04869_1, 3.01E-03)
Factor: ATF-2; motif: NRTGACGTMANN (TF:M11309, 3.14E-03)
Factor: hoxa9; motif: RTCGTWAANN (TF:M10783, 3.14E-03)
Factor: CPBP; motif: GNNRGGGHGGGGNNGGGRN (TF:M09973, 3.21E-03)
Factor: EGR1; motif: NGNGKGGGYGGNGS (TF:M09761, 3.33E-03)
Factor: sp4; motif: NNGNARGRGGCGGRGCNNRR; match class: 1 (TF:M10072_1, 3.45E-03)
Factor: TCF-1; motif: ACATCGRGRCGCTGW (TF:M11603, 3.53E-03)
Factor: KLF15; motif: NCCMCGCCCMCN (TF:M12158, 4.07E-03)
Factor: CP2; motif: NRRRCCGGCYNRARCCGGNN; match class: 1 (TF:M12590_1, 4.14E-03)
Factor: SP1; motif: NRGKGGGCGGGGCN; match class: 1 (TF:M09765_1, 4.17E-03)
Factor: KLF15; motif: RCCMCRCCCMCN (TF:M12160, 5.01E-03)
Factor: ZNF460; motif: NNACNCCCCCCNN (TF:M12313, 5.01E-03)
Factor: DPF2; motif: NYCACYTCCYCNYYCY; match class: 1 (TF:M09760_1, 5.01E-03)
Factor: EGR1; motif: NCNCCGCCCCCGCN (TF:M07208, 6.15E-03)
Factor: ZNF670; motif: SNGGGCRGRG; match class: 1 (TF:M13124_1, 6.15E-03)
Factor: Sp2; motif: WGGGCGG (TF:M05332, 6.57E-03)
Factor: Sp6; motif: WGGGCGG (TF:M05361, 6.57E-03)
Factor: CPBP; motif: NGGGCGG (TF:M05444, 6.57E-03)
Factor: CTCF; motif: NCCRSTAGGGGGCGC (TF:M08911, 7.03E-03)
Factor: E2F-4; motif: NGGCGGGAARN (TF:M07084, 7.25E-03)
Factor: ZNF263; motif: NNGGGGAGGANN; match class: 1 (TF:M12535_1, 7.25E-03)
Factor: hoxa9; motif: RTCGTWANNN (TF:M10785, 7.25E-03)
Factor: SP4; motif: NWRGCCACGCCCMCTYN (TF:M03922, 7.25E-03)
Factor: E2F4; motif: YCCCGCCNCNNSSNNSNN; match class: 1 (TF:M12599_1, 7.53E-03)
Factor: RREB-1; motif: GGGWCSA (TF:M05439, 7.67E-03)
Factor: CREB; motif: TGACGTMA (TF:M00039, 7.67E-03)
Factor: SP1; motif: GGCCCCGCCCCCN; match class: 1 (TF:M12666_1, 7.79E-03)
Factor: ATF-6; motif: GRTGACGTCAYC; match class: 1 (TF:M11228_1, 7.85E-03)
Factor: CREB1; motif: NNNNTGACGTNANNN (TF:M07248, 7.85E-03)
Factor: BTEB3; motif: BNRNGGGAGGNGT (TF:M01865, 7.90E-03)
Factor: ZNF263; motif: NNGGGGAGGANN (TF:M12535, 8.60E-03)
Factor: Hey1; motif: NGCRCGYGYN (TF:M11058, 8.60E-03)
Factor: Egr-1; motif: NNNNGCGKGGGYGGNRN (TF:M09897, 8.64E-03)
Factor: ATF-6; motif: GRTGACGTCAYC (TF:M11228, 8.86E-03)
Factor: BTEB1; motif: GGGGGCGGGGCNGSGGGNGS; match class: 1 (TF:M09723_1, 9.11E-03)
Factor: pax-6; motif: NYACGCNYSANYGMNCN (TF:M11882, 9.65E-03)
Factor: Sp2; motif: AAGGGGCGG (TF:M04932, 9.71E-03)
Factor: AP-2; motif: MKCCCSCNGGCG (TF:M00189, 9.72E-03)
Factor: Egr-1; motif: NNNNNGYGKGGGNGGGNN (TF:M09603, 9.72E-03)
Factor: BTEB1; motif: GGGGGCGGGGCNGSGGGNGS (TF:M09723, 9.72E-03)
Factor: ZNF93; motif: GGYAGCRGCAGCGGYG (TF:M12742, 9.96E-03)
Factor: GCMa:Erg; motif: ATGCGGGCGGAARKG; match class: 1 (TF:M08487_1, 9.96E-03)","Factor: ETF; motif: GVGGMGG; match class: 1 (TF:M00695_1, 9.98E-03)
Factor: ETF; motif: GVGGMGG (TF:M00695, 9.98E-03)"
set11(#Gm29865),"Factor: ETF; motif: GVGGMGG; match class: 1 (TF:M00695_1, 1.83E-06)
Factor: ZXDL; motif: GSGSCNNGGGMRGCNCCGGGS (TF:M12722, 1.83E-06)
Factor: ETF; motif: GVGGMGG (TF:M00695, 6.29E-06)
Factor: ZXDL; motif: GSGSCNNGGGMRGCNCCGGGS; match class: 1 (TF:M12722_1, 1.49E-05)
Factor: E2F-2; motif: GCGCGCGCGYW (TF:M11531, 1.36E-04)
Factor: E2F-2; motif: GCGCGCGCGYW; match class: 1 (TF:M11531_1, 1.37E-04)
Factor: BTEB3; motif: CCNNSCCNSCCCCKCCCCC (TF:M09826, 1.74E-04)
Factor: MAZ; motif: GGGMGGGGSSGGGGGGGGGGGG; match class: 1 (TF:M09636_1, 1.94E-04)
Factor: AP-2alpha; motif: NGCCYSNNGSN; match class: 1 (TF:M01857_1, 1.94E-04)
Factor: EGR1; motif: NACGCCCACGCANW (TF:M03896, 2.55E-04)
Factor: E2F-1; motif: NGGGCGGGARV; match class: 1 (TF:M07206_1, 2.56E-04)
Factor: TCF-1; motif: ACATCGRGRCGCTGW (TF:M11601, 2.70E-04)
Factor: E2F-1; motif: NNNNGGCGGGAARN; match class: 1 (TF:M09892_1, 3.52E-04)
Factor: TCF-1; motif: ACATCGRGRCGCTGW; match class: 1 (TF:M11601_1, 3.52E-04)
Factor: BTEB3; motif: CCNNSCCNSCCCCKCCCCC; match class: 1 (TF:M09826_1, 3.52E-04)
Factor: E2F-4; motif: SNGGGCGGGAANN; match class: 1 (TF:M09894_1, 3.52E-04)
Factor: E2F-4; motif: NGGCGGGAARN; match class: 1 (TF:M07084_1, 4.03E-04)
Factor: E2F-1:Elk-1; motif: SGCGCSNNAMCGGAAGT; match class: 1 (TF:M08205_1, 5.36E-04)
Factor: Churchill; motif: CGGGNN; match class: 1 (TF:M00986_1, 8.43E-04)
Factor: TCF-1; motif: ACATCGRGRCGCTGW; match class: 1 (TF:M11603_1, 8.52E-04)
Factor: ZNF383; motif: SSNGGGMGGNGSNGGS; match class: 1 (TF:M12703_1, 1.13E-03)
Factor: Egr-1; motif: GCGGGGGCGG (TF:M01873, 1.18E-03)
Factor: E2F-3:HES-7; motif: NNNSGCGCSNNNNNCRCGYGNN; match class: 1 (TF:M08526_1, 1.67E-03)
Factor: E2F1; motif: GSGCGGGAAN; match class: 1 (TF:M12597_1, 1.92E-03)
Factor: ZF5; motif: GGSGCGCGS; match class: 1 (TF:M10438_1, 1.94E-03)
Factor: ZNF138; motif: GCAGCRSCNSGSNCMGSGCS (TF:M13144, 2.05E-03)
Factor: TIEG1; motif: NCCCNSNCCCCGCCCCC; match class: 1 (TF:M12351_1, 2.05E-03)
Factor: ZSCAN18; motif: TRRCGRCGNMCC (TF:M05432, 2.09E-03)
Factor: TIEG1; motif: NCCCNSNCCCCGCCCCC (TF:M12351, 2.09E-03)
Factor: E2F-2; motif: GCGCGCGCNCS; match class: 1 (TF:M11529_1, 2.30E-03)
Factor: Hey1; motif: NGCRCGYGYN; match class: 1 (TF:M11058_1, 2.74E-03)
Factor: pax-6; motif: NYACGCNYSANYGMNCN; match class: 1 (TF:M11882_1, 2.77E-03)
Factor: WT1; motif: CGCCCCCNCN; match class: 1 (TF:M02036_1, 2.98E-03)
Factor: AP2; motif: GCCYGSGGSN (TF:M08867, 3.01E-03)
Factor: Egr-1; motif: GCGCATGCG; match class: 1 (TF:M04869_1, 3.01E-03)
Factor: ATF-2; motif: NRTGACGTMANN (TF:M11309, 3.14E-03)
Factor: hoxa9; motif: RTCGTWAANN (TF:M10783, 3.14E-03)
Factor: CPBP; motif: GNNRGGGHGGGGNNGGGRN (TF:M09973, 3.21E-03)
Factor: EGR1; motif: NGNGKGGGYGGNGS (TF:M09761, 3.33E-03)
Factor: sp4; motif: NNGNARGRGGCGGRGCNNRR; match class: 1 (TF:M10072_1, 3.45E-03)
Factor: TCF-1; motif: ACATCGRGRCGCTGW (TF:M11603, 3.53E-03)
Factor: KLF15; motif: NCCMCGCCCMCN (TF:M12158, 4.07E-03)
Factor: CP2; motif: NRRRCCGGCYNRARCCGGNN; match class: 1 (TF:M12590_1, 4.14E-03)
Factor: SP1; motif: NRGKGGGCGGGGCN; match class: 1 (TF:M09765_1, 4.17E-03)
Factor: KLF15; motif: RCCMCRCCCMCN (TF:M12160, 5.01E-03)
Factor: ZNF460; motif: NNACNCCCCCCNN (TF:M12313, 5.01E-03)
Factor: DPF2; motif: NYCACYTCCYCNYYCY; match class: 1 (TF:M09760_1, 5.01E-03)
Factor: EGR1; motif: NCNCCGCCCCCGCN (TF:M07208, 6.15E-03)
Factor: ZNF670; motif: SNGGGCRGRG; match class: 1 (TF:M13124_1, 6.15E-03)
Factor: Sp2; motif: WGGGCGG (TF:M05332, 6.57E-03)
Factor: Sp6; motif: WGGGCGG (TF:M05361, 6.57E-03)
Factor: CPBP; motif: NGGGCGG (TF:M05444, 6.57E-03)
Factor: CTCF; motif: NCCRSTAGGGGGCGC (TF:M08911, 7.03E-03)
Factor: E2F-4; motif: NGGCGGGAARN (TF:M07084, 7.25E-03)
Factor: ZNF263; motif: NNGGGGAGGANN; match class: 1 (TF:M12535_1, 7.25E-03)
Factor: hoxa9; motif: RTCGTWANNN (TF:M10785, 7.25E-03)
Factor: SP4; motif: NWRGCCACGCCCMCTYN (TF:M03922, 7.25E-03)
Factor: E2F4; motif: YCCCGCCNCNNSSNNSNN; match class: 1 (TF:M12599_1, 7.53E-03)
Factor: RREB-1; motif: GGGWCSA (TF:M05439, 7.67E-03)
Factor: CREB; motif: TGACGTMA (TF:M00039, 7.67E-03)
Factor: SP1; motif: GGCCCCGCCCCCN; match class: 1 (TF:M12666_1, 7.79E-03)
Factor: ATF-6; motif: GRTGACGTCAYC; match class: 1 (TF:M11228_1, 7.85E-03)
Factor: CREB1; motif: NNNNTGACGTNANNN (TF:M07248, 7.85E-03)
Factor: BTEB3; motif: BNRNGGGAGGNGT (TF:M01865, 7.90E-03)
Factor: ZNF263; motif: NNGGGGAGGANN (TF:M12535, 8.60E-03)
Factor: Hey1; motif: NGCRCGYGYN (TF:M11058, 8.60E-03)
Factor: Egr-1; motif: NNNNGCGKGGGYGGNRN (TF:M09897, 8.64E-03)
Factor: ATF-6; motif: GRTGACGTCAYC (TF:M11228, 8.86E-03)
Factor: BTEB1; motif: GGGGGCGGGGCNGSGGGNGS; match class: 1 (TF:M09723_1, 9.11E-03)
Factor: pax-6; motif: NYACGCNYSANYGMNCN (TF:M11882, 9.65E-03)
Factor: Sp2; motif: AAGGGGCGG (TF:M04932, 9.71E-03)
Factor: AP-2; motif: MKCCCSCNGGCG (TF:M00189, 9.72E-03)
Factor: Egr-1; motif: NNNNNGYGKGGGNGGGNN (TF:M09603, 9.72E-03)
Factor: BTEB1; motif: GGGGGCGGGGCNGSGGGNGS (TF:M09723, 9.72E-03)
Factor: ZNF93; motif: GGYAGCRGCAGCGGYG (TF:M12742, 9.96E-03)
Factor: GCMa:Erg; motif: ATGCGGGCGGAARKG; match class: 1 (TF:M08487_1, 9.96E-03)","Factor: ETF; motif: GVGGMGG; match class: 1 (TF:M00695_1, 9.98E-03)
Factor: ETF; motif: GVGGMGG (TF:M00695, 9.98E-03)"
set12(#Gm37982),"Factor: ETF; motif: GVGGMGG; match class: 1 (TF:M00695_1, 1.83E-06)
Factor: ZXDL; motif: GSGSCNNGGGMRGCNCCGGGS (TF:M12722, 1.83E-06)
Factor: ETF; motif: GVGGMGG (TF:M00695, 6.29E-06)
Factor: ZXDL; motif: GSGSCNNGGGMRGCNCCGGGS; match class: 1 (TF:M12722_1, 1.49E-05)
Factor: E2F-2; motif: GCGCGCGCGYW (TF:M11531, 1.36E-04)
Factor: E2F-2; motif: GCGCGCGCGYW; match class: 1 (TF:M11531_1, 1.37E-04)
Factor: BTEB3; motif: CCNNSCCNSCCCCKCCCCC (TF:M09826, 1.74E-04)
Factor: MAZ; motif: GGGMGGGGSSGGGGGGGGGGGG; match class: 1 (TF:M09636_1, 1.94E-04)
Factor: AP-2alpha; motif: NGCCYSNNGSN; match class: 1 (TF:M01857_1, 1.94E-04)
Factor: EGR1; motif: NACGCCCACGCANW (TF:M03896, 2.55E-04)
Factor: E2F-1; motif: NGGGCGGGARV; match class: 1 (TF:M07206_1, 2.56E-04)
Factor: TCF-1; motif: ACATCGRGRCGCTGW (TF:M11601, 2.70E-04)
Factor: E2F-1; motif: NNNNGGCGGGAARN; match class: 1 (TF:M09892_1, 3.52E-04)
Factor: TCF-1; motif: ACATCGRGRCGCTGW; match class: 1 (TF:M11601_1, 3.52E-04)
Factor: BTEB3; motif: CCNNSCCNSCCCCKCCCCC; match class: 1 (TF:M09826_1, 3.52E-04)
Factor: E2F-4; motif: SNGGGCGGGAANN; match class: 1 (TF:M09894_1, 3.52E-04)
Factor: E2F-4; motif: NGGCGGGAARN; match class: 1 (TF:M07084_1, 4.03E-04)
Factor: E2F-1:Elk-1; motif: SGCGCSNNAMCGGAAGT; match class: 1 (TF:M08205_1, 5.36E-04)
Factor: Churchill; motif: CGGGNN; match class: 1 (TF:M00986_1, 8.43E-04)
Factor: TCF-1; motif: ACATCGRGRCGCTGW; match class: 1 (TF:M11603_1, 8.52E-04)
Factor: ZNF383; motif: SSNGGGMGGNGSNGGS; match class: 1 (TF:M12703_1, 1.13E-03)
Factor: Egr-1; motif: GCGGGGGCGG (TF:M01873, 1.18E-03)
Factor: E2F-3:HES-7; motif: NNNSGCGCSNNNNNCRCGYGNN; match class: 1 (TF:M08526_1, 1.67E-03)
Factor: E2F1; motif: GSGCGGGAAN; match class: 1 (TF:M12597_1, 1.92E-03)
Factor: ZF5; motif: GGSGCGCGS; match class: 1 (TF:M10438_1, 1.94E-03)
Factor: ZNF138; motif: GCAGCRSCNSGSNCMGSGCS (TF:M13144, 2.05E-03)
Factor: TIEG1; motif: NCCCNSNCCCCGCCCCC; match class: 1 (TF:M12351_1, 2.05E-03)
Factor: ZSCAN18; motif: TRRCGRCGNMCC (TF:M05432, 2.09E-03)
Factor: TIEG1; motif: NCCCNSNCCCCGCCCCC (TF:M12351, 2.09E-03)
Factor: E2F-2; motif: GCGCGCGCNCS; match class: 1 (TF:M11529_1, 2.30E-03)
Factor: Hey1; motif: NGCRCGYGYN; match class: 1 (TF:M11058_1, 2.74E-03)
Factor: pax-6; motif: NYACGCNYSANYGMNCN; match class: 1 (TF:M11882_1, 2.77E-03)
Factor: E2F-4; motif: NTTTCSCGCC; match class: 1 (TF:M07380_1, 2.98E-03)
Factor: WT1; motif: CGCCCCCNCN; match class: 1 (TF:M02036_1, 2.98E-03)
Factor: AP2; motif: GCCYGSGGSN (TF:M08867, 3.01E-03)
Factor: Egr-1; motif: GCGCATGCG; match class: 1 (TF:M04869_1, 3.01E-03)
Factor: ATF-2; motif: NRTGACGTMANN (TF:M11309, 3.14E-03)
Factor: hoxa9; motif: RTCGTWAANN (TF:M10783, 3.14E-03)
Factor: CPBP; motif: GNNRGGGHGGGGNNGGGRN (TF:M09973, 3.21E-03)
Factor: EGR1; motif: NGNGKGGGYGGNGS (TF:M09761, 3.33E-03)
Factor: sp4; motif: NNGNARGRGGCGGRGCNNRR; match class: 1 (TF:M10072_1, 3.45E-03)
Factor: TCF-1; motif: ACATCGRGRCGCTGW (TF:M11603, 3.53E-03)
Factor: KLF15; motif: NCCMCGCCCMCN (TF:M12158, 4.07E-03)
Factor: CP2; motif: NRRRCCGGCYNRARCCGGNN; match class: 1 (TF:M12590_1, 4.14E-03)
Factor: SP1; motif: NRGKGGGCGGGGCN; match class: 1 (TF:M09765_1, 4.17E-03)
Factor: KLF15; motif: RCCMCRCCCMCN (TF:M12160, 5.01E-03)
Factor: ZNF460; motif: NNACNCCCCCCNN (TF:M12313, 5.01E-03)
Factor: DPF2; motif: NYCACYTCCYCNYYCY; match class: 1 (TF:M09760_1, 5.01E-03)
Factor: EGR1; motif: NCNCCGCCCCCGCN (TF:M07208, 6.15E-03)
Factor: ZNF670; motif: SNGGGCRGRG; match class: 1 (TF:M13124_1, 6.15E-03)
Factor: Sp2; motif: WGGGCGG (TF:M05332, 6.57E-03)
Factor: Sp6; motif: WGGGCGG (TF:M05361, 6.57E-03)
Factor: CPBP; motif: NGGGCGG (TF:M05444, 6.57E-03)
Factor: CTCF; motif: NCCRSTAGGGGGCGC (TF:M08911, 7.03E-03)
Factor: E2F-4; motif: NGGCGGGAARN (TF:M07084, 7.25E-03)
Factor: ZNF263; motif: NNGGGGAGGANN; match class: 1 (TF:M12535_1, 7.25E-03)
Factor: hoxa9; motif: RTCGTWANNN (TF:M10785, 7.25E-03)
Factor: SP4; motif: NWRGCCACGCCCMCTYN (TF:M03922, 7.25E-03)
Factor: E2F4; motif: YCCCGCCNCNNSSNNSNN; match class: 1 (TF:M12599_1, 7.53E-03)
Factor: RREB-1; motif: GGGWCSA (TF:M05439, 7.67E-03)
Factor: CREB; motif: TGACGTMA (TF:M00039, 7.67E-03)
Factor: SP1; motif: GGCCCCGCCCCCN; match class: 1 (TF:M12666_1, 7.79E-03)
Factor: ATF-6; motif: GRTGACGTCAYC; match class: 1 (TF:M11228_1, 7.85E-03)
Factor: CREB1; motif: NNNNTGACGTNANNN (TF:M07248, 7.85E-03)
Factor: BTEB3; motif: BNRNGGGAGGNGT (TF:M01865, 7.90E-03)
Factor: ZNF263; motif: NNGGGGAGGANN (TF:M12535, 8.60E-03)
Factor: Hey1; motif: NGCRCGYGYN (TF:M11058, 8.60E-03)
Factor: Egr-1; motif: NNNNGCGKGGGYGGNRN (TF:M09897, 8.64E-03)
Factor: ATF-6; motif: GRTGACGTCAYC (TF:M11228, 8.86E-03)
Factor: BTEB1; motif: GGGGGCGGGGCNGSGGGNGS; match class: 1 (TF:M09723_1, 9.11E-03)
Factor: pax-6; motif: NYACGCNYSANYGMNCN (TF:M11882, 9.65E-03)
Factor: Sp2; motif: AAGGGGCGG (TF:M04932, 9.71E-03)
Factor: AP-2; motif: MKCCCSCNGGCG (TF:M00189, 9.72E-03)
Factor: Egr-1; motif: NNNNNGYGKGGGNGGGNN (TF:M09603, 9.72E-03)
Factor: BTEB1; motif: GGGGGCGGGGCNGSGGGNGS (TF:M09723, 9.72E-03)
Factor: ZNF93; motif: GGYAGCRGCAGCGGYG (TF:M12742, 9.96E-03)
Factor: GCMa:Erg; motif: ATGCGGGCGGAARKG; match class: 1 (TF:M08487_1, 9.96E-03)","Factor: ETF; motif: GVGGMGG; match class: 1 (TF:M00695_1, 9.98E-03)
Factor: ETF; motif: GVGGMGG (TF:M00695, 9.98E-03)"
set13(#Gm4285),"Factor: ETF; motif: GVGGMGG; match class: 1 (TF:M00695_1, 1.83E-06)
Factor: ZXDL; motif: GSGSCNNGGGMRGCNCCGGGS (TF:M12722, 1.83E-06)
Factor: ETF; motif: GVGGMGG (TF:M00695, 6.29E-06)
Factor: ZXDL; motif: GSGSCNNGGGMRGCNCCGGGS; match class: 1 (TF:M12722_1, 1.49E-05)
Factor: E2F-2; motif: GCGCGCGCGYW (TF:M11531, 1.36E-04)
Factor: E2F-2; motif: GCGCGCGCGYW; match class: 1 (TF:M11531_1, 1.37E-04)
Factor: BTEB3; motif: CCNNSCCNSCCCCKCCCCC (TF:M09826, 1.74E-04)
Factor: MAZ; motif: GGGMGGGGSSGGGGGGGGGGGG; match class: 1 (TF:M09636_1, 1.94E-04)
Factor: AP-2alpha; motif: NGCCYSNNGSN; match class: 1 (TF:M01857_1, 1.94E-04)
Factor: EGR1; motif: NACGCCCACGCANW (TF:M03896, 2.55E-04)
Factor: E2F-1; motif: NGGGCGGGARV; match class: 1 (TF:M07206_1, 2.56E-04)
Factor: TCF-1; motif: ACATCGRGRCGCTGW (TF:M11601, 2.70E-04)
Factor: E2F-1; motif: NNNNGGCGGGAARN; match class: 1 (TF:M09892_1, 3.52E-04)
Factor: TCF-1; motif: ACATCGRGRCGCTGW; match class: 1 (TF:M11601_1, 3.52E-04)
Factor: BTEB3; motif: CCNNSCCNSCCCCKCCCCC; match class: 1 (TF:M09826_1, 3.52E-04)
Factor: E2F-4; motif: SNGGGCGGGAANN; match class: 1 (TF:M09894_1, 3.52E-04)
Factor: E2F-4; motif: NGGCGGGAARN; match class: 1 (TF:M07084_1, 4.03E-04)
Factor: E2F-1:Elk-1; motif: SGCGCSNNAMCGGAAGT; match class: 1 (TF:M08205_1, 5.36E-04)
Factor: Churchill; motif: CGGGNN; match class: 1 (TF:M00986_1, 8.43E-04)
Factor: TCF-1; motif: ACATCGRGRCGCTGW; match class: 1 (TF:M11603_1, 8.52E-04)
Factor: ZNF383; motif: SSNGGGMGGNGSNGGS; match class: 1 (TF:M12703_1, 1.13E-03)
Factor: Egr-1; motif: GCGGGGGCGG (TF:M01873, 1.18E-03)
Factor: E2F-3:HES-7; motif: NNNSGCGCSNNNNNCRCGYGNN; match class: 1 (TF:M08526_1, 1.67E-03)
Factor: E2F1; motif: GSGCGGGAAN; match class: 1 (TF:M12597_1, 1.92E-03)
Factor: ZF5; motif: GGSGCGCGS; match class: 1 (TF:M10438_1, 1.94E-03)
Factor: ZNF138; motif: GCAGCRSCNSGSNCMGSGCS (TF:M13144, 2.05E-03)
Factor: TIEG1; motif: NCCCNSNCCCCGCCCCC; match class: 1 (TF:M12351_1, 2.05E-03)
Factor: ZSCAN18; motif: TRRCGRCGNMCC (TF:M05432, 2.09E-03)
Factor: TIEG1; motif: NCCCNSNCCCCGCCCCC (TF:M12351, 2.09E-03)
Factor: E2F-2; motif: GCGCGCGCNCS; match class: 1 (TF:M11529_1, 2.30E-03)
Factor: Hey1; motif: NGCRCGYGYN; match class: 1 (TF:M11058_1, 2.74E-03)
Factor: pax-6; motif: NYACGCNYSANYGMNCN; match class: 1 (TF:M11882_1, 2.77E-03)
Factor: WT1; motif: CGCCCCCNCN; match class: 1 (TF:M02036_1, 2.98E-03)
Factor: AP2; motif: GCCYGSGGSN (TF:M08867, 3.01E-03)
Factor: Egr-1; motif: GCGCATGCG; match class: 1 (TF:M04869_1, 3.01E-03)
Factor: ATF-2; motif: NRTGACGTMANN (TF:M11309, 3.14E-03)
Factor: hoxa9; motif: RTCGTWAANN (TF:M10783, 3.14E-03)
Factor: CPBP; motif: GNNRGGGHGGGGNNGGGRN (TF:M09973, 3.21E-03)
Factor: EGR1; motif: NGNGKGGGYGGNGS (TF:M09761, 3.33E-03)
Factor: sp4; motif: NNGNARGRGGCGGRGCNNRR; match class: 1 (TF:M10072_1, 3.45E-03)
Factor: TCF-1; motif: ACATCGRGRCGCTGW (TF:M11603, 3.53E-03)
Factor: KLF15; motif: NCCMCGCCCMCN (TF:M12158, 4.07E-03)
Factor: CP2; motif: NRRRCCGGCYNRARCCGGNN; match class: 1 (TF:M12590_1, 4.14E-03)
Factor: SP1; motif: NRGKGGGCGGGGCN; match class: 1 (TF:M09765_1, 4.17E-03)
Factor: KLF15; motif: RCCMCRCCCMCN (TF:M12160, 5.01E-03)
Factor: ZNF460; motif: NNACNCCCCCCNN (TF:M12313, 5.01E-03)
Factor: DPF2; motif: NYCACYTCCYCNYYCY; match class: 1 (TF:M09760_1, 5.01E-03)
Factor: EGR1; motif: NCNCCGCCCCCGCN (TF:M07208, 6.15E-03)
Factor: ZNF670; motif: SNGGGCRGRG; match class: 1 (TF:M13124_1, 6.15E-03)
Factor: Sp2; motif: WGGGCGG (TF:M05332, 6.57E-03)
Factor: Sp6; motif: WGGGCGG (TF:M05361, 6.57E-03)
Factor: CPBP; motif: NGGGCGG (TF:M05444, 6.57E-03)
Factor: CTCF; motif: NCCRSTAGGGGGCGC (TF:M08911, 7.03E-03)
Factor: E2F-1; motif: NNNSSCGCSAANN (TF:M07250, 7.25E-03)
Factor: E2F-4; motif: NGGCGGGAARN (TF:M07084, 7.25E-03)
Factor: ZNF263; motif: NNGGGGAGGANN; match class: 1 (TF:M12535_1, 7.25E-03)
Factor: hoxa9; motif: RTCGTWANNN (TF:M10785, 7.25E-03)
Factor: SP4; motif: NWRGCCACGCCCMCTYN (TF:M03922, 7.25E-03)
Factor: E2F4; motif: YCCCGCCNCNNSSNNSNN; match class: 1 (TF:M12599_1, 7.53E-03)
Factor: RREB-1; motif: GGGWCSA (TF:M05439, 7.67E-03)
Factor: SP1; motif: GGCCCCGCCCCCN; match class: 1 (TF:M12666_1, 7.79E-03)
Factor: ATF-6; motif: GRTGACGTCAYC; match class: 1 (TF:M11228_1, 7.85E-03)
Factor: BTEB3; motif: BNRNGGGAGGNGT (TF:M01865, 7.90E-03)
Factor: ZNF263; motif: NNGGGGAGGANN (TF:M12535, 8.60E-03)
Factor: Hey1; motif: NGCRCGYGYN (TF:M11058, 8.60E-03)
Factor: Egr-1; motif: NNNNGCGKGGGYGGNRN (TF:M09897, 8.64E-03)
Factor: ATF-6; motif: GRTGACGTCAYC (TF:M11228, 8.86E-03)
Factor: BTEB1; motif: GGGGGCGGGGCNGSGGGNGS; match class: 1 (TF:M09723_1, 9.11E-03)
Factor: pax-6; motif: NYACGCNYSANYGMNCN (TF:M11882, 9.65E-03)
Factor: Sp2; motif: AAGGGGCGG (TF:M04932, 9.71E-03)
Factor: AP-2; motif: MKCCCSCNGGCG (TF:M00189, 9.72E-03)
Factor: Egr-1; motif: NNNNNGYGKGGGNGGGNN (TF:M09603, 9.72E-03)
Factor: BTEB1; motif: GGGGGCGGGGCNGSGGGNGS (TF:M09723, 9.72E-03)
Factor: ZNF93; motif: GGYAGCRGCAGCGGYG (TF:M12742, 9.96E-03)
Factor: GCMa:Erg; motif: ATGCGGGCGGAARKG; match class: 1 (TF:M08487_1, 9.96E-03)","Factor: ETF; motif: GVGGMGG; match class: 1 (TF:M00695_1, 9.98E-03)
Factor: ETF; motif: GVGGMGG (TF:M00695, 9.98E-03)"
set14(#Gm45435),"Factor: ETF; motif: GVGGMGG; match class: 1 (TF:M00695_1, 1.83E-06)
Factor: ZXDL; motif: GSGSCNNGGGMRGCNCCGGGS (TF:M12722, 1.83E-06)
Factor: ETF; motif: GVGGMGG (TF:M00695, 6.29E-06)
Factor: ZXDL; motif: GSGSCNNGGGMRGCNCCGGGS; match class: 1 (TF:M12722_1, 1.49E-05)
Factor: E2F-2; motif: GCGCGCGCGYW (TF:M11531, 1.36E-04)
Factor: E2F-2; motif: GCGCGCGCGYW; match class: 1 (TF:M11531_1, 1.37E-04)
Factor: BTEB3; motif: CCNNSCCNSCCCCKCCCCC (TF:M09826, 1.74E-04)
Factor: MAZ; motif: GGGMGGGGSSGGGGGGGGGGGG; match class: 1 (TF:M09636_1, 1.94E-04)
Factor: AP-2alpha; motif: NGCCYSNNGSN; match class: 1 (TF:M01857_1, 1.94E-04)
Factor: EGR1; motif: NACGCCCACGCANW (TF:M03896, 2.55E-04)
Factor: E2F-1; motif: NGGGCGGGARV; match class: 1 (TF:M07206_1, 2.56E-04)
Factor: TCF-1; motif: ACATCGRGRCGCTGW (TF:M11601, 2.70E-04)
Factor: E2F-1; motif: NNNNGGCGGGAARN; match class: 1 (TF:M09892_1, 3.52E-04)
Factor: TCF-1; motif: ACATCGRGRCGCTGW; match class: 1 (TF:M11601_1, 3.52E-04)
Factor: BTEB3; motif: CCNNSCCNSCCCCKCCCCC; match class: 1 (TF:M09826_1, 3.52E-04)
Factor: E2F-4; motif: SNGGGCGGGAANN; match class: 1 (TF:M09894_1, 3.52E-04)
Factor: E2F-4; motif: NGGCGGGAARN; match class: 1 (TF:M07084_1, 4.03E-04)
Factor: E2F-1:Elk-1; motif: SGCGCSNNAMCGGAAGT; match class: 1 (TF:M08205_1, 5.36E-04)
Factor: ZF5; motif: NRNGNGCGCGCWN; match class: 1 (TF:M00333_1, 5.52E-04)
Factor: Churchill; motif: CGGGNN; match class: 1 (TF:M00986_1, 8.43E-04)
Factor: TCF-1; motif: ACATCGRGRCGCTGW; match class: 1 (TF:M11603_1, 8.52E-04)
Factor: ZNF383; motif: SSNGGGMGGNGSNGGS; match class: 1 (TF:M12703_1, 1.13E-03)
Factor: E2F-3:HES-7; motif: NNNSGCGCSNNNNNCRCGYGNN; match class: 1 (TF:M08526_1, 1.67E-03)
Factor: AP-2beta; motif: GCNNNGGSCNGVGGGN (TF:M01858, 1.69E-03)
Factor: E2F1; motif: GSGCGGGAAN; match class: 1 (TF:M12597_1, 1.92E-03)
Factor: ATF-1; motif: NNNTGACGTNNN (TF:M07034, 1.92E-03)
Factor: ZF5; motif: GGSGCGCGS; match class: 1 (TF:M10438_1, 1.94E-03)
Factor: ZNF138; motif: GCAGCRSCNSGSNCMGSGCS (TF:M13144, 2.05E-03)
Factor: TIEG1; motif: NCCCNSNCCCCGCCCCC; match class: 1 (TF:M12351_1, 2.05E-03)
Factor: ZSCAN18; motif: TRRCGRCGNMCC (TF:M05432, 2.09E-03)
Factor: TIEG1; motif: NCCCNSNCCCCGCCCCC (TF:M12351, 2.09E-03)
Factor: E2F-2; motif: GCGCGCGCNCS; match class: 1 (TF:M11529_1, 2.30E-03)
Factor: Hey1; motif: NGCRCGYGYN; match class: 1 (TF:M11058_1, 2.74E-03)
Factor: pax-6; motif: NYACGCNYSANYGMNCN; match class: 1 (TF:M11882_1, 2.77E-03)
Factor: E2F-4; motif: NTTTCSCGCC; match class: 1 (TF:M07380_1, 2.98E-03)
Factor: WT1; motif: CGCCCCCNCN; match class: 1 (TF:M02036_1, 2.98E-03)
Factor: AP2; motif: GCCYGSGGSN (TF:M08867, 3.01E-03)
Factor: Egr-1; motif: GCGCATGCG; match class: 1 (TF:M04869_1, 3.01E-03)
Factor: ATF-2; motif: NRTGACGTMANN (TF:M11309, 3.14E-03)
Factor: hoxa9; motif: RTCGTWAANN (TF:M10783, 3.14E-03)
Factor: CPBP; motif: GNNRGGGHGGGGNNGGGRN (TF:M09973, 3.21E-03)
Factor: EGR1; motif: NGNGKGGGYGGNGS (TF:M09761, 3.33E-03)
Factor: sp4; motif: NNGNARGRGGCGGRGCNNRR; match class: 1 (TF:M10072_1, 3.45E-03)
Factor: TCF-1; motif: ACATCGRGRCGCTGW (TF:M11603, 3.53E-03)
Factor: KLF15; motif: NCCMCGCCCMCN (TF:M12158, 4.07E-03)
Factor: CP2; motif: NRRRCCGGCYNRARCCGGNN; match class: 1 (TF:M12590_1, 4.14E-03)
Factor: SP1; motif: NRGKGGGCGGGGCN; match class: 1 (TF:M09765_1, 4.17E-03)
Factor: KLF15; motif: RCCMCRCCCMCN (TF:M12160, 5.01E-03)
Factor: ZNF460; motif: NNACNCCCCCCNN (TF:M12313, 5.01E-03)
Factor: DPF2; motif: NYCACYTCCYCNYYCY; match class: 1 (TF:M09760_1, 5.01E-03)
Factor: EGR1; motif: NCNCCGCCCCCGCN (TF:M07208, 6.15E-03)
Factor: ZNF670; motif: SNGGGCRGRG; match class: 1 (TF:M13124_1, 6.15E-03)
Factor: Sp2; motif: WGGGCGG (TF:M05332, 6.57E-03)
Factor: Sp6; motif: WGGGCGG (TF:M05361, 6.57E-03)
Factor: CPBP; motif: NGGGCGG (TF:M05444, 6.57E-03)
Factor: CTCF; motif: NCCRSTAGGGGGCGC (TF:M08911, 7.03E-03)
Factor: E2F-1; motif: NNNSSCGCSAANN (TF:M07250, 7.25E-03)
Factor: E2F-4; motif: NGGCGGGAARN (TF:M07084, 7.25E-03)
Factor: ZNF263; motif: NNGGGGAGGANN; match class: 1 (TF:M12535_1, 7.25E-03)
Factor: hoxa9; motif: RTCGTWANNN (TF:M10785, 7.25E-03)
Factor: Sp1; motif: GGGGCGGGGC; match class: 1 (TF:M00931_1, 7.25E-03)
Factor: SP4; motif: NWRGCCACGCCCMCTYN (TF:M03922, 7.25E-03)
Factor: E2F4; motif: YCCCGCCNCNNSSNNSNN; match class: 1 (TF:M12599_1, 7.53E-03)
Factor: Sp1; motif: NGGGGGCGGGGYN; match class: 1 (TF:M00196_1, 7.64E-03)
Factor: RREB-1; motif: GGGWCSA (TF:M05439, 7.67E-03)
Factor: CREB; motif: TGACGTMA (TF:M00039, 7.67E-03)
Factor: SP1; motif: GGCCCCGCCCCCN; match class: 1 (TF:M12666_1, 7.79E-03)
Factor: ATF-6; motif: GRTGACGTCAYC; match class: 1 (TF:M11228_1, 7.85E-03)
Factor: CREB1; motif: NNNNTGACGTNANNN (TF:M07248, 7.85E-03)
Factor: AP-2alpha; motif: NGCCYSNNGSN (TF:M01857, 7.85E-03)
Factor: BTEB3; motif: BNRNGGGAGGNGT (TF:M01865, 7.90E-03)
Factor: ZNF263; motif: NNGGGGAGGANN (TF:M12535, 8.60E-03)
Factor: Hey1; motif: NGCRCGYGYN (TF:M11058, 8.60E-03)
Factor: Egr-1; motif: NNNNGCGKGGGYGGNRN (TF:M09897, 8.64E-03)
Factor: ATF-6; motif: GRTGACGTCAYC (TF:M11228, 8.86E-03)
Factor: BTEB1; motif: GGGGGCGGGGCNGSGGGNGS; match class: 1 (TF:M09723_1, 9.11E-03)
Factor: pax-6; motif: NYACGCNYSANYGMNCN (TF:M11882, 9.65E-03)
Factor: Sp2; motif: AAGGGGCGG (TF:M04932, 9.71E-03)
Factor: AP-2; motif: MKCCCSCNGGCG (TF:M00189, 9.72E-03)
Factor: Egr-1; motif: NNNNNGYGKGGGNGGGNN (TF:M09603, 9.72E-03)
Factor: BTEB1; motif: GGGGGCGGGGCNGSGGGNGS (TF:M09723, 9.72E-03)
Factor: ZNF93; motif: GGYAGCRGCAGCGGYG (TF:M12742, 9.96E-03)
Factor: GCMa:Erg; motif: ATGCGGGCGGAARKG; match class: 1 (TF:M08487_1, 9.96E-03)","Factor: ETF; motif: GVGGMGG; match class: 1 (TF:M00695_1, 9.98E-03)
Factor: ETF; motif: GVGGMGG (TF:M00695, 9.98E-03)"
set15(#Gm45524),"Factor: ETF; motif: GVGGMGG; match class: 1 (TF:M00695_1, 1.83E-06)
Factor: ZXDL; motif: GSGSCNNGGGMRGCNCCGGGS (TF:M12722, 1.83E-06)
Factor: ETF; motif: GVGGMGG (TF:M00695, 6.29E-06)
Factor: ZXDL; motif: GSGSCNNGGGMRGCNCCGGGS; match class: 1 (TF:M12722_1, 1.49E-05)
Factor: E2F-2; motif: GCGCGCGCGYW (TF:M11531, 1.36E-04)
Factor: E2F-2; motif: GCGCGCGCGYW; match class: 1 (TF:M11531_1, 1.37E-04)
Factor: BTEB3; motif: CCNNSCCNSCCCCKCCCCC (TF:M09826, 1.74E-04)
Factor: MAZ; motif: GGGMGGGGSSGGGGGGGGGGGG; match class: 1 (TF:M09636_1, 1.94E-04)
Factor: AP-2alpha; motif: NGCCYSNNGSN; match class: 1 (TF:M01857_1, 1.94E-04)
Factor: EGR1; motif: NACGCCCACGCANW (TF:M03896, 2.55E-04)
Factor: E2F-1; motif: NGGGCGGGARV; match class: 1 (TF:M07206_1, 2.56E-04)
Factor: TCF-1; motif: ACATCGRGRCGCTGW (TF:M11601, 2.70E-04)
Factor: E2F-1; motif: NNNNGGCGGGAARN; match class: 1 (TF:M09892_1, 3.52E-04)
Factor: TCF-1; motif: ACATCGRGRCGCTGW; match class: 1 (TF:M11601_1, 3.52E-04)
Factor: BTEB3; motif: CCNNSCCNSCCCCKCCCCC; match class: 1 (TF:M09826_1, 3.52E-04)
Factor: E2F-4; motif: SNGGGCGGGAANN; match class: 1 (TF:M09894_1, 3.52E-04)
Factor: E2F-4; motif: NGGCGGGAARN; match class: 1 (TF:M07084_1, 4.03E-04)
Factor: E2F-1:Elk-1; motif: SGCGCSNNAMCGGAAGT; match class: 1 (TF:M08205_1, 5.36E-04)
Factor: Churchill; motif: CGGGNN; match class: 1 (TF:M00986_1, 8.43E-04)
Factor: TCF-1; motif: ACATCGRGRCGCTGW; match class: 1 (TF:M11603_1, 8.52E-04)
Factor: ZNF383; motif: SSNGGGMGGNGSNGGS; match class: 1 (TF:M12703_1, 1.13E-03)
Factor: Egr-1; motif: GCGGGGGCGG (TF:M01873, 1.18E-03)
Factor: E2F-3:HES-7; motif: NNNSGCGCSNNNNNCRCGYGNN; match class: 1 (TF:M08526_1, 1.67E-03)
Factor: E2F1; motif: GSGCGGGAAN; match class: 1 (TF:M12597_1, 1.92E-03)
Factor: ZF5; motif: GGSGCGCGS; match class: 1 (TF:M10438_1, 1.94E-03)
Factor: ZNF138; motif: GCAGCRSCNSGSNCMGSGCS (TF:M13144, 2.05E-03)
Factor: TIEG1; motif: NCCCNSNCCCCGCCCCC; match class: 1 (TF:M12351_1, 2.05E-03)
Factor: ZSCAN18; motif: TRRCGRCGNMCC (TF:M05432, 2.09E-03)
Factor: TIEG1; motif: NCCCNSNCCCCGCCCCC (TF:M12351, 2.09E-03)
Factor: E2F-2; motif: GCGCGCGCNCS; match class: 1 (TF:M11529_1, 2.30E-03)
Factor: Hey1; motif: NGCRCGYGYN; match class: 1 (TF:M11058_1, 2.74E-03)
Factor: pax-6; motif: NYACGCNYSANYGMNCN; match class: 1 (TF:M11882_1, 2.77E-03)
Factor: WT1; motif: CGCCCCCNCN; match class: 1 (TF:M02036_1, 2.98E-03)
Factor: AP2; motif: GCCYGSGGSN (TF:M08867, 3.01E-03)
Factor: Egr-1; motif: GCGCATGCG; match class: 1 (TF:M04869_1, 3.01E-03)
Factor: ATF-2; motif: NRTGACGTMANN (TF:M11309, 3.14E-03)
Factor: hoxa9; motif: RTCGTWAANN (TF:M10783, 3.14E-03)
Factor: CPBP; motif: GNNRGGGHGGGGNNGGGRN (TF:M09973, 3.21E-03)
Factor: EGR1; motif: NGNGKGGGYGGNGS (TF:M09761, 3.33E-03)
Factor: sp4; motif: NNGNARGRGGCGGRGCNNRR; match class: 1 (TF:M10072_1, 3.45E-03)
Factor: TCF-1; motif: ACATCGRGRCGCTGW (TF:M11603, 3.53E-03)
Factor: KLF15; motif: NCCMCGCCCMCN (TF:M12158, 4.07E-03)
Factor: CP2; motif: NRRRCCGGCYNRARCCGGNN; match class: 1 (TF:M12590_1, 4.14E-03)
Factor: SP1; motif: NRGKGGGCGGGGCN; match class: 1 (TF:M09765_1, 4.17E-03)
Factor: KLF15; motif: RCCMCRCCCMCN (TF:M12160, 5.01E-03)
Factor: ZNF460; motif: NNACNCCCCCCNN (TF:M12313, 5.01E-03)
Factor: DPF2; motif: NYCACYTCCYCNYYCY; match class: 1 (TF:M09760_1, 5.01E-03)
Factor: EGR1; motif: NCNCCGCCCCCGCN (TF:M07208, 6.15E-03)
Factor: ZNF670; motif: SNGGGCRGRG; match class: 1 (TF:M13124_1, 6.15E-03)
Factor: Sp2; motif: WGGGCGG (TF:M05332, 6.57E-03)
Factor: Sp6; motif: WGGGCGG (TF:M05361, 6.57E-03)
Factor: CPBP; motif: NGGGCGG (TF:M05444, 6.57E-03)
Factor: CTCF; motif: NCCRSTAGGGGGCGC (TF:M08911, 7.03E-03)
Factor: E2F-4; motif: NGGCGGGAARN (TF:M07084, 7.25E-03)
Factor: ZNF263; motif: NNGGGGAGGANN; match class: 1 (TF:M12535_1, 7.25E-03)
Factor: hoxa9; motif: RTCGTWANNN (TF:M10785, 7.25E-03)
Factor: SP4; motif: NWRGCCACGCCCMCTYN (TF:M03922, 7.25E-03)
Factor: E2F4; motif: YCCCGCCNCNNSSNNSNN; match class: 1 (TF:M12599_1, 7.53E-03)
Factor: RREB-1; motif: GGGWCSA (TF:M05439, 7.67E-03)
Factor: CREB; motif: TGACGTMA (TF:M00039, 7.67E-03)
Factor: SP1; motif: GGCCCCGCCCCCN; match class: 1 (TF:M12666_1, 7.79E-03)
Factor: ATF-6; motif: GRTGACGTCAYC; match class: 1 (TF:M11228_1, 7.85E-03)
Factor: CREB1; motif: NNNNTGACGTNANNN (TF:M07248, 7.85E-03)
Factor: BTEB3; motif: BNRNGGGAGGNGT (TF:M01865, 7.90E-03)
Factor: ZNF263; motif: NNGGGGAGGANN (TF:M12535, 8.60E-03)
Factor: Hey1; motif: NGCRCGYGYN (TF:M11058, 8.60E-03)
Factor: Egr-1; motif: NNNNGCGKGGGYGGNRN (TF:M09897, 8.64E-03)
Factor: ATF-6; motif: GRTGACGTCAYC (TF:M11228, 8.86E-03)
Factor: BTEB1; motif: GGGGGCGGGGCNGSGGGNGS; match class: 1 (TF:M09723_1, 9.11E-03)
Factor: pax-6; motif: NYACGCNYSANYGMNCN (TF:M11882, 9.65E-03)
Factor: Sp2; motif: AAGGGGCGG (TF:M04932, 9.71E-03)
Factor: AP-2; motif: MKCCCSCNGGCG (TF:M00189, 9.72E-03)
Factor: Egr-1; motif: NNNNNGYGKGGGNGGGNN (TF:M09603, 9.72E-03)
Factor: BTEB1; motif: GGGGGCGGGGCNGSGGGNGS (TF:M09723, 9.72E-03)
Factor: ZNF93; motif: GGYAGCRGCAGCGGYG (TF:M12742, 9.96E-03)
Factor: GCMa:Erg; motif: ATGCGGGCGGAARKG; match class: 1 (TF:M08487_1, 9.96E-03)","Factor: ETF; motif: GVGGMGG; match class: 1 (TF:M00695_1, 9.98E-03)
Factor: ETF; motif: GVGGMGG (TF:M00695, 9.98E-03)"
set16(#Scpep1os),"Factor: ETF; motif: GVGGMGG; match class: 1 (TF:M00695_1, 1.83E-06)
Factor: ZXDL; motif: GSGSCNNGGGMRGCNCCGGGS (TF:M12722, 1.83E-06)
Factor: ETF; motif: GVGGMGG (TF:M00695, 6.29E-06)
Factor: ZXDL; motif: GSGSCNNGGGMRGCNCCGGGS; match class: 1 (TF:M12722_1, 1.49E-05)
Factor: E2F-2; motif: GCGCGCGCGYW (TF:M11531, 1.36E-04)
Factor: E2F-2; motif: GCGCGCGCGYW; match class: 1 (TF:M11531_1, 1.37E-04)
Factor: BTEB3; motif: CCNNSCCNSCCCCKCCCCC (TF:M09826, 1.74E-04)
Factor: MAZ; motif: GGGMGGGGSSGGGGGGGGGGGG; match class: 1 (TF:M09636_1, 1.94E-04)
Factor: AP-2alpha; motif: NGCCYSNNGSN; match class: 1 (TF:M01857_1, 1.94E-04)
Factor: EGR1; motif: NACGCCCACGCANW (TF:M03896, 2.55E-04)
Factor: E2F-1; motif: NGGGCGGGARV; match class: 1 (TF:M07206_1, 2.56E-04)
Factor: TCF-1; motif: ACATCGRGRCGCTGW (TF:M11601, 2.70E-04)
Factor: E2F-1; motif: NNNNGGCGGGAARN; match class: 1 (TF:M09892_1, 3.52E-04)
Factor: TCF-1; motif: ACATCGRGRCGCTGW; match class: 1 (TF:M11601_1, 3.52E-04)
Factor: BTEB3; motif: CCNNSCCNSCCCCKCCCCC; match class: 1 (TF:M09826_1, 3.52E-04)
Factor: E2F-4; motif: SNGGGCGGGAANN; match class: 1 (TF:M09894_1, 3.52E-04)
Factor: E2F-4; motif: NGGCGGGAARN; match class: 1 (TF:M07084_1, 4.03E-04)
Factor: E2F-1:Elk-1; motif: SGCGCSNNAMCGGAAGT; match class: 1 (TF:M08205_1, 5.36E-04)
Factor: Churchill; motif: CGGGNN; match class: 1 (TF:M00986_1, 8.43E-04)
Factor: TCF-1; motif: ACATCGRGRCGCTGW; match class: 1 (TF:M11603_1, 8.52E-04)
Factor: ZNF383; motif: SSNGGGMGGNGSNGGS; match class: 1 (TF:M12703_1, 1.13E-03)
Factor: E2F-3:HES-7; motif: NNNSGCGCSNNNNNCRCGYGNN; match class: 1 (TF:M08526_1, 1.67E-03)
Factor: E2F1; motif: GSGCGGGAAN; match class: 1 (TF:M12597_1, 1.92E-03)
Factor: ZF5; motif: GGSGCGCGS; match class: 1 (TF:M10438_1, 1.94E-03)
Factor: ZNF138; motif: GCAGCRSCNSGSNCMGSGCS (TF:M13144, 2.05E-03)
Factor: TIEG1; motif: NCCCNSNCCCCGCCCCC; match class: 1 (TF:M12351_1, 2.05E-03)
Factor: ZSCAN18; motif: TRRCGRCGNMCC (TF:M05432, 2.09E-03)
Factor: TIEG1; motif: NCCCNSNCCCCGCCCCC (TF:M12351, 2.09E-03)
Factor: E2F-2; motif: GCGCGCGCNCS; match class: 1 (TF:M11529_1, 2.30E-03)
Factor: Hey1; motif: NGCRCGYGYN; match class: 1 (TF:M11058_1, 2.74E-03)
Factor: pax-6; motif: NYACGCNYSANYGMNCN; match class: 1 (TF:M11882_1, 2.77E-03)
Factor: E2F-4; motif: NTTTCSCGCC; match class: 1 (TF:M07380_1, 2.98E-03)
Factor: AP2; motif: GCCYGSGGSN (TF:M08867, 3.01E-03)
Factor: Egr-1; motif: GCGCATGCG; match class: 1 (TF:M04869_1, 3.01E-03)
Factor: ATF-2; motif: NRTGACGTMANN (TF:M11309, 3.14E-03)
Factor: hoxa9; motif: RTCGTWAANN (TF:M10783, 3.14E-03)
Factor: CPBP; motif: GNNRGGGHGGGGNNGGGRN (TF:M09973, 3.21E-03)
Factor: EGR1; motif: NGNGKGGGYGGNGS (TF:M09761, 3.33E-03)
Factor: sp4; motif: NNGNARGRGGCGGRGCNNRR; match class: 1 (TF:M10072_1, 3.45E-03)
Factor: TCF-1; motif: ACATCGRGRCGCTGW (TF:M11603, 3.53E-03)
Factor: KLF15; motif: NCCMCGCCCMCN (TF:M12158, 4.07E-03)
Factor: CP2; motif: NRRRCCGGCYNRARCCGGNN; match class: 1 (TF:M12590_1, 4.14E-03)
Factor: SP1; motif: NRGKGGGCGGGGCN; match class: 1 (TF:M09765_1, 4.17E-03)
Factor: KLF15; motif: RCCMCRCCCMCN (TF:M12160, 5.01E-03)
Factor: ZNF460; motif: NNACNCCCCCCNN (TF:M12313, 5.01E-03)
Factor: DPF2; motif: NYCACYTCCYCNYYCY; match class: 1 (TF:M09760_1, 5.01E-03)
Factor: EGR1; motif: NCNCCGCCCCCGCN (TF:M07208, 6.15E-03)
Factor: ZNF670; motif: SNGGGCRGRG; match class: 1 (TF:M13124_1, 6.15E-03)
Factor: Sp2; motif: WGGGCGG (TF:M05332, 6.57E-03)
Factor: Sp6; motif: WGGGCGG (TF:M05361, 6.57E-03)
Factor: CPBP; motif: NGGGCGG (TF:M05444, 6.57E-03)
Factor: CTCF; motif: NCCRSTAGGGGGCGC (TF:M08911, 7.03E-03)
Factor: E2F-4; motif: NGGCGGGAARN (TF:M07084, 7.25E-03)
Factor: ZNF263; motif: NNGGGGAGGANN; match class: 1 (TF:M12535_1, 7.25E-03)
Factor: hoxa9; motif: RTCGTWANNN (TF:M10785, 7.25E-03)
Factor: SP4; motif: NWRGCCACGCCCMCTYN (TF:M03922, 7.25E-03)
Factor: E2F4; motif: YCCCGCCNCNNSSNNSNN; match class: 1 (TF:M12599_1, 7.53E-03)
Factor: RREB-1; motif: GGGWCSA (TF:M05439, 7.67E-03)
Factor: CREB; motif: TGACGTMA (TF:M00039, 7.67E-03)
Factor: SP1; motif: GGCCCCGCCCCCN; match class: 1 (TF:M12666_1, 7.79E-03)
Factor: ATF-6; motif: GRTGACGTCAYC; match class: 1 (TF:M11228_1, 7.85E-03)
Factor: CREB1; motif: NNNNTGACGTNANNN (TF:M07248, 7.85E-03)
Factor: BTEB3; motif: BNRNGGGAGGNGT (TF:M01865, 7.90E-03)
Factor: ZNF263; motif: NNGGGGAGGANN (TF:M12535, 8.60E-03)
Factor: Hey1; motif: NGCRCGYGYN (TF:M11058, 8.60E-03)
Factor: Egr-1; motif: NNNNGCGKGGGYGGNRN (TF:M09897, 8.64E-03)
Factor: ATF-6; motif: GRTGACGTCAYC (TF:M11228, 8.86E-03)
Factor: BTEB1; motif: GGGGGCGGGGCNGSGGGNGS; match class: 1 (TF:M09723_1, 9.11E-03)
Factor: pax-6; motif: NYACGCNYSANYGMNCN (TF:M11882, 9.65E-03)
Factor: Sp2; motif: AAGGGGCGG (TF:M04932, 9.71E-03)
Factor: AP-2; motif: MKCCCSCNGGCG (TF:M00189, 9.72E-03)
Factor: Egr-1; motif: NNNNNGYGKGGGNGGGNN (TF:M09603, 9.72E-03)
Factor: BTEB1; motif: GGGGGCGGGGCNGSGGGNGS (TF:M09723, 9.72E-03)
Factor: ZNF93; motif: GGYAGCRGCAGCGGYG (TF:M12742, 9.96E-03)
Factor: GCMa:Erg; motif: ATGCGGGCGGAARKG; match class: 1 (TF:M08487_1, 9.96E-03)","Factor: ETF; motif: GVGGMGG; match class: 1 (TF:M00695_1, 9.98E-03)
Factor: ETF; motif: GVGGMGG (TF:M00695, 9.98E-03)"
set17(*Gm26848),"Factor: ETF; motif: GVGGMGG; match class: 1 (TF:M00695_1, 1.83E-06)
Factor: ZXDL; motif: GSGSCNNGGGMRGCNCCGGGS (TF:M12722, 1.83E-06)
Factor: ETF; motif: GVGGMGG (TF:M00695, 6.29E-06)
Factor: ZXDL; motif: GSGSCNNGGGMRGCNCCGGGS; match class: 1 (TF:M12722_1, 1.49E-05)
Factor: E2F-2; motif: GCGCGCGCGYW (TF:M11531, 1.36E-04)
Factor: E2F-2; motif: GCGCGCGCGYW; match class: 1 (TF:M11531_1, 1.37E-04)
Factor: BTEB3; motif: CCNNSCCNSCCCCKCCCCC (TF:M09826, 1.74E-04)
Factor: MAZ; motif: GGGMGGGGSSGGGGGGGGGGGG; match class: 1 (TF:M09636_1, 1.94E-04)
Factor: AP-2alpha; motif: NGCCYSNNGSN; match class: 1 (TF:M01857_1, 1.94E-04)
Factor: EGR1; motif: NACGCCCACGCANW (TF:M03896, 2.55E-04)
Factor: E2F-1; motif: NGGGCGGGARV; match class: 1 (TF:M07206_1, 2.56E-04)
Factor: TCF-1; motif: ACATCGRGRCGCTGW (TF:M11601, 2.70E-04)
Factor: E2F-1; motif: NNNNGGCGGGAARN; match class: 1 (TF:M09892_1, 3.52E-04)
Factor: TCF-1; motif: ACATCGRGRCGCTGW; match class: 1 (TF:M11601_1, 3.52E-04)
Factor: BTEB3; motif: CCNNSCCNSCCCCKCCCCC; match class: 1 (TF:M09826_1, 3.52E-04)
Factor: E2F-4; motif: SNGGGCGGGAANN; match class: 1 (TF:M09894_1, 3.52E-04)
Factor: E2F-4; motif: NGGCGGGAARN; match class: 1 (TF:M07084_1, 4.03E-04)
Factor: E2F-1:Elk-1; motif: SGCGCSNNAMCGGAAGT; match class: 1 (TF:M08205_1, 5.36E-04)
Factor: Churchill; motif: CGGGNN; match class: 1 (TF:M00986_1, 8.43E-04)
Factor: TCF-1; motif: ACATCGRGRCGCTGW; match class: 1 (TF:M11603_1, 8.52E-04)
Factor: ZNF383; motif: SSNGGGMGGNGSNGGS; match class: 1 (TF:M12703_1, 1.13E-03)
Factor: Egr-1; motif: GCGGGGGCGG (TF:M01873, 1.18E-03)
Factor: E2F-3:HES-7; motif: NNNSGCGCSNNNNNCRCGYGNN; match class: 1 (TF:M08526_1, 1.67E-03)
Factor: E2F1; motif: GSGCGGGAAN; match class: 1 (TF:M12597_1, 1.92E-03)
Factor: ZF5; motif: GGSGCGCGS; match class: 1 (TF:M10438_1, 1.94E-03)
Factor: ZNF138; motif: GCAGCRSCNSGSNCMGSGCS (TF:M13144, 2.05E-03)
Factor: TIEG1; motif: NCCCNSNCCCCGCCCCC; match class: 1 (TF:M12351_1, 2.05E-03)
Factor: ZSCAN18; motif: TRRCGRCGNMCC (TF:M05432, 2.09E-03)
Factor: TIEG1; motif: NCCCNSNCCCCGCCCCC (TF:M12351, 2.09E-03)
Factor: E2F-2; motif: GCGCGCGCNCS; match class: 1 (TF:M11529_1, 2.30E-03)
Factor: Hey1; motif: NGCRCGYGYN; match class: 1 (TF:M11058_1, 2.74E-03)
Factor: pax-6; motif: NYACGCNYSANYGMNCN; match class: 1 (TF:M11882_1, 2.77E-03)
Factor: WT1; motif: CGCCCCCNCN; match class: 1 (TF:M02036_1, 2.98E-03)
Factor: AP2; motif: GCCYGSGGSN (TF:M08867, 3.01E-03)
Factor: Egr-1; motif: GCGCATGCG; match class: 1 (TF:M04869_1, 3.01E-03)
Factor: ATF-2; motif: NRTGACGTMANN (TF:M11309, 3.14E-03)
Factor: hoxa9; motif: RTCGTWAANN (TF:M10783, 3.14E-03)
Factor: CPBP; motif: GNNRGGGHGGGGNNGGGRN (TF:M09973, 3.21E-03)
Factor: EGR1; motif: NGNGKGGGYGGNGS (TF:M09761, 3.33E-03)
Factor: sp4; motif: NNGNARGRGGCGGRGCNNRR; match class: 1 (TF:M10072_1, 3.45E-03)
Factor: TCF-1; motif: ACATCGRGRCGCTGW (TF:M11603, 3.53E-03)
Factor: KLF15; motif: NCCMCGCCCMCN (TF:M12158, 4.07E-03)
Factor: CP2; motif: NRRRCCGGCYNRARCCGGNN; match class: 1 (TF:M12590_1, 4.14E-03)
Factor: SP1; motif: NRGKGGGCGGGGCN; match class: 1 (TF:M09765_1, 4.17E-03)
Factor: KLF15; motif: RCCMCRCCCMCN (TF:M12160, 5.01E-03)
Factor: ZNF460; motif: NNACNCCCCCCNN (TF:M12313, 5.01E-03)
Factor: DPF2; motif: NYCACYTCCYCNYYCY; match class: 1 (TF:M09760_1, 5.01E-03)
Factor: EGR1; motif: NCNCCGCCCCCGCN (TF:M07208, 6.15E-03)
Factor: ZNF670; motif: SNGGGCRGRG; match class: 1 (TF:M13124_1, 6.15E-03)
Factor: Sp2; motif: WGGGCGG (TF:M05332, 6.57E-03)
Factor: Sp6; motif: WGGGCGG (TF:M05361, 6.57E-03)
Factor: CPBP; motif: NGGGCGG (TF:M05444, 6.57E-03)
Factor: CTCF; motif: NCCRSTAGGGGGCGC (TF:M08911, 7.03E-03)
Factor: E2F-4; motif: NGGCGGGAARN (TF:M07084, 7.25E-03)
Factor: ZNF263; motif: NNGGGGAGGANN; match class: 1 (TF:M12535_1, 7.25E-03)
Factor: hoxa9; motif: RTCGTWANNN (TF:M10785, 7.25E-03)
Factor: SP4; motif: NWRGCCACGCCCMCTYN (TF:M03922, 7.25E-03)
Factor: E2F4; motif: YCCCGCCNCNNSSNNSNN; match class: 1 (TF:M12599_1, 7.53E-03)
Factor: RREB-1; motif: GGGWCSA (TF:M05439, 7.67E-03)
Factor: CREB; motif: TGACGTMA (TF:M00039, 7.67E-03)
Factor: SP1; motif: GGCCCCGCCCCCN; match class: 1 (TF:M12666_1, 7.79E-03)
Factor: ATF-6; motif: GRTGACGTCAYC; match class: 1 (TF:M11228_1, 7.85E-03)
Factor: CREB1; motif: NNNNTGACGTNANNN (TF:M07248, 7.85E-03)
Factor: BTEB3; motif: BNRNGGGAGGNGT (TF:M01865, 7.90E-03)
Factor: ZNF263; motif: NNGGGGAGGANN (TF:M12535, 8.60E-03)
Factor: Hey1; motif: NGCRCGYGYN (TF:M11058, 8.60E-03)
Factor: Egr-1; motif: NNNNGCGKGGGYGGNRN (TF:M09897, 8.64E-03)
Factor: ATF-6; motif: GRTGACGTCAYC (TF:M11228, 8.86E-03)
Factor: BTEB1; motif: GGGGGCGGGGCNGSGGGNGS; match class: 1 (TF:M09723_1, 9.11E-03)
Factor: pax-6; motif: NYACGCNYSANYGMNCN (TF:M11882, 9.65E-03)
Factor: Sp2; motif: AAGGGGCGG (TF:M04932, 9.71E-03)
Factor: AP-2; motif: MKCCCSCNGGCG (TF:M00189, 9.72E-03)
Factor: Egr-1; motif: NNNNNGYGKGGGNGGGNN (TF:M09603, 9.72E-03)
Factor: BTEB1; motif: GGGGGCGGGGCNGSGGGNGS (TF:M09723, 9.72E-03)
Factor: ZNF93; motif: GGYAGCRGCAGCGGYG (TF:M12742, 9.96E-03)
Factor: GCMa:Erg; motif: ATGCGGGCGGAARKG; match class: 1 (TF:M08487_1, 9.96E-03)","Factor: ETF; motif: GVGGMGG; match class: 1 (TF:M00695_1, 9.98E-03)
Factor: ETF; motif: GVGGMGG (TF:M00695, 9.98E-03)"
