,set1(multi),set2(#ZNF793-AS1)
"set1(#1600010M07Rik, #1700020G17Rik)","phosphorus metabolic process (GO:0006793, 1.91E-03)
phosphate-containing compound metabolic process (GO:0006796, 1.91E-03)
phosphorylation (GO:0016310, 9.85E-03)",
"set2(#Gm14091, #1700001G01Rik)","phosphorus metabolic process (GO:0006793, 1.91E-03)
phosphate-containing compound metabolic process (GO:0006796, 1.91E-03)
phosphorylation (GO:0016310, 9.85E-03)",
set3(multi),"phosphorus metabolic process (GO:0006793, 1.91E-03)
phosphate-containing compound metabolic process (GO:0006796, 1.91E-03)
phosphorylation (GO:0016310, 9.85E-03)",
set4(multi),"phosphorus metabolic process (GO:0006793, 1.91E-03)
phosphate-containing compound metabolic process (GO:0006796, 1.91E-03)
phosphorylation (GO:0016310, 9.85E-03)",
set5(#4930509J09Rik),"phosphorus metabolic process (GO:0006793, 1.91E-03)
phosphate-containing compound metabolic process (GO:0006796, 1.91E-03)
phosphorylation (GO:0016310, 9.85E-03)",
set6(#4930557F10Rik),"phosphorus metabolic process (GO:0006793, 1.91E-03)
phosphate-containing compound metabolic process (GO:0006796, 1.91E-03)
phosphorylation (GO:0016310, 9.85E-03)",
"set7(#4930586N03Rik, #Gm44145)","phosphorus metabolic process (GO:0006793, 1.91E-03)
phosphate-containing compound metabolic process (GO:0006796, 1.91E-03)
phosphorylation (GO:0016310, 9.85E-03)",
set8(#5033403H07Rik),"phosphorus metabolic process (GO:0006793, 1.91E-03)
phosphate-containing compound metabolic process (GO:0006796, 1.91E-03)
phosphorylation (GO:0016310, 9.85E-03)",
set9(#Gm14009),"phosphorus metabolic process (GO:0006793, 1.91E-03)
phosphate-containing compound metabolic process (GO:0006796, 1.91E-03)
phosphorylation (GO:0016310, 9.85E-03)",
set10(#Gm26551),"phosphorus metabolic process (GO:0006793, 1.91E-03)
phosphate-containing compound metabolic process (GO:0006796, 1.91E-03)
phosphorylation (GO:0016310, 9.85E-03)",
set11(#Gm29865),"phosphorus metabolic process (GO:0006793, 1.91E-03)
phosphate-containing compound metabolic process (GO:0006796, 1.91E-03)
phosphorylation (GO:0016310, 9.85E-03)",
set12(#Gm37982),"phosphorus metabolic process (GO:0006793, 1.91E-03)
phosphate-containing compound metabolic process (GO:0006796, 1.91E-03)
phosphorylation (GO:0016310, 9.85E-03)",
set13(#Gm4285),"phosphorus metabolic process (GO:0006793, 1.91E-03)
phosphate-containing compound metabolic process (GO:0006796, 1.91E-03)
phosphorylation (GO:0016310, 9.85E-03)",
set14(#Gm45435),"phosphorus metabolic process (GO:0006793, 1.91E-03)
phosphate-containing compound metabolic process (GO:0006796, 1.91E-03)
phosphorylation (GO:0016310, 9.85E-03)",
set15(#Gm45524),"phosphorus metabolic process (GO:0006793, 1.91E-03)
phosphate-containing compound metabolic process (GO:0006796, 1.91E-03)
phosphorylation (GO:0016310, 9.85E-03)",
set16(#Scpep1os),"phosphorus metabolic process (GO:0006793, 1.91E-03)
phosphate-containing compound metabolic process (GO:0006796, 1.91E-03)
phosphorylation (GO:0016310, 9.85E-03)",
set17(*Gm26848),"phosphorus metabolic process (GO:0006793, 1.91E-03)
phosphate-containing compound metabolic process (GO:0006796, 1.91E-03)
phosphorylation (GO:0016310, 9.85E-03)",
