,set1,set2
set1,,"Ectoderm differentiation (WP:WP2858, 4.12E-03)"
set2,,"Ectoderm differentiation (WP:WP2858, 4.12E-03)"
set3,,"Ectoderm differentiation (WP:WP2858, 4.12E-03)"
set4,,"Ectoderm differentiation (WP:WP2858, 4.12E-03)"
set5,,"Ectoderm differentiation (WP:WP2858, 4.12E-03)"
set6,,"Ectoderm differentiation (WP:WP2858, 4.12E-03)"
set7,,"Ectoderm differentiation (WP:WP2858, 4.12E-03)"
set8,,"Ectoderm differentiation (WP:WP2858, 4.12E-03)"
set9,,"Ectoderm differentiation (WP:WP2858, 4.12E-03)"
set10,,"Ectoderm differentiation (WP:WP2858, 4.12E-03)"
set11,,"Ectoderm differentiation (WP:WP2858, 4.12E-03)"
set12,,"Ectoderm differentiation (WP:WP2858, 4.12E-03)"
set13,,"Ectoderm differentiation (WP:WP2858, 4.12E-03)"
set14,,"Ectoderm differentiation (WP:WP2858, 4.12E-03)"
set15,,"Ectoderm differentiation (WP:WP2858, 4.12E-03)"
set16,,"Ectoderm differentiation (WP:WP2858, 4.12E-03)"
set17,,"Ectoderm differentiation (WP:WP2858, 4.12E-03)"
