,set1,set2
set1,"cell cortex (GO:0005938, 5.07E-03)","bicellular tight junction (GO:0005923, 6.47E-03)
tight junction (GO:0070160, 6.47E-03)
microtubule plus-end (GO:0035371, 6.47E-03)
apical junction complex (GO:0043296, 7.57E-03)
microtubule end (GO:1990752, 7.57E-03)
unconventional myosin complex (GO:0016461, 8.75E-03)"
set2,"centrosome (GO:0005813, 5.37E-04)
cell cortex (GO:0005938, 5.07E-03)","centrosome (GO:0005813, 6.47E-03)
bicellular tight junction (GO:0005923, 6.47E-03)
tight junction (GO:0070160, 6.47E-03)
microtubule plus-end (GO:0035371, 6.47E-03)
apical junction complex (GO:0043296, 7.57E-03)
microtubule end (GO:1990752, 7.57E-03)
unconventional myosin complex (GO:0016461, 8.75E-03)"
set3,"cell cortex (GO:0005938, 5.07E-03)","bicellular tight junction (GO:0005923, 6.47E-03)
tight junction (GO:0070160, 6.47E-03)
microtubule plus-end (GO:0035371, 6.47E-03)
apical junction complex (GO:0043296, 7.57E-03)
microtubule end (GO:1990752, 7.57E-03)
unconventional myosin complex (GO:0016461, 8.75E-03)"
set4,"cell cortex (GO:0005938, 5.07E-03)","bicellular tight junction (GO:0005923, 6.47E-03)
tight junction (GO:0070160, 6.47E-03)
microtubule plus-end (GO:0035371, 6.47E-03)
apical junction complex (GO:0043296, 7.57E-03)
microtubule end (GO:1990752, 7.57E-03)
unconventional myosin complex (GO:0016461, 8.75E-03)"
set5,"cell cortex (GO:0005938, 5.07E-03)","bicellular tight junction (GO:0005923, 6.47E-03)
tight junction (GO:0070160, 6.47E-03)
microtubule plus-end (GO:0035371, 6.47E-03)
apical junction complex (GO:0043296, 7.57E-03)
microtubule end (GO:1990752, 7.57E-03)
unconventional myosin complex (GO:0016461, 8.75E-03)"
set6,"cell cortex (GO:0005938, 5.07E-03)","bicellular tight junction (GO:0005923, 6.47E-03)
tight junction (GO:0070160, 6.47E-03)
microtubule plus-end (GO:0035371, 6.47E-03)
apical junction complex (GO:0043296, 7.57E-03)
microtubule end (GO:1990752, 7.57E-03)
unconventional myosin complex (GO:0016461, 8.75E-03)"
set7,"centrosome (GO:0005813, 5.37E-04)
cell cortex (GO:0005938, 5.07E-03)","centrosome (GO:0005813, 6.47E-03)
bicellular tight junction (GO:0005923, 6.47E-03)
tight junction (GO:0070160, 6.47E-03)
microtubule plus-end (GO:0035371, 6.47E-03)
apical junction complex (GO:0043296, 7.57E-03)
microtubule end (GO:1990752, 7.57E-03)
unconventional myosin complex (GO:0016461, 8.75E-03)"
set8,"cell cortex (GO:0005938, 5.07E-03)","bicellular tight junction (GO:0005923, 6.47E-03)
tight junction (GO:0070160, 6.47E-03)
microtubule plus-end (GO:0035371, 6.47E-03)
apical junction complex (GO:0043296, 7.57E-03)
microtubule end (GO:1990752, 7.57E-03)
unconventional myosin complex (GO:0016461, 8.75E-03)"
set9,"cell cortex (GO:0005938, 5.07E-03)","bicellular tight junction (GO:0005923, 6.47E-03)
tight junction (GO:0070160, 6.47E-03)
microtubule plus-end (GO:0035371, 6.47E-03)
apical junction complex (GO:0043296, 7.57E-03)
microtubule end (GO:1990752, 7.57E-03)
unconventional myosin complex (GO:0016461, 8.75E-03)"
set10,"cell cortex (GO:0005938, 5.07E-03)","bicellular tight junction (GO:0005923, 6.47E-03)
tight junction (GO:0070160, 6.47E-03)
microtubule plus-end (GO:0035371, 6.47E-03)
apical junction complex (GO:0043296, 7.57E-03)
microtubule end (GO:1990752, 7.57E-03)
unconventional myosin complex (GO:0016461, 8.75E-03)"
set11,"cell cortex (GO:0005938, 5.07E-03)","bicellular tight junction (GO:0005923, 6.47E-03)
tight junction (GO:0070160, 6.47E-03)
microtubule plus-end (GO:0035371, 6.47E-03)
apical junction complex (GO:0043296, 7.57E-03)
microtubule end (GO:1990752, 7.57E-03)
unconventional myosin complex (GO:0016461, 8.75E-03)"
set12,"cell cortex (GO:0005938, 5.07E-03)","bicellular tight junction (GO:0005923, 6.47E-03)
tight junction (GO:0070160, 6.47E-03)
microtubule plus-end (GO:0035371, 6.47E-03)
apical junction complex (GO:0043296, 7.57E-03)
microtubule end (GO:1990752, 7.57E-03)
unconventional myosin complex (GO:0016461, 8.75E-03)"
set13,"cell cortex (GO:0005938, 5.07E-03)","bicellular tight junction (GO:0005923, 6.47E-03)
tight junction (GO:0070160, 6.47E-03)
microtubule plus-end (GO:0035371, 6.47E-03)
postsynapse (GO:0098794, 7.39E-03)
asymmetric synapse (GO:0032279, 7.57E-03)
apical junction complex (GO:0043296, 7.57E-03)
microtubule end (GO:1990752, 7.57E-03)
postsynaptic specialization (GO:0099572, 8.35E-03)
unconventional myosin complex (GO:0016461, 8.75E-03)"
set14,"cell cortex (GO:0005938, 5.07E-03)","bicellular tight junction (GO:0005923, 6.47E-03)
tight junction (GO:0070160, 6.47E-03)
microtubule plus-end (GO:0035371, 6.47E-03)
apical junction complex (GO:0043296, 7.57E-03)
microtubule end (GO:1990752, 7.57E-03)
unconventional myosin complex (GO:0016461, 8.75E-03)"
set15,"cell cortex (GO:0005938, 5.07E-03)","bicellular tight junction (GO:0005923, 6.47E-03)
tight junction (GO:0070160, 6.47E-03)
microtubule plus-end (GO:0035371, 6.47E-03)
apical junction complex (GO:0043296, 7.57E-03)
microtubule end (GO:1990752, 7.57E-03)
unconventional myosin complex (GO:0016461, 8.75E-03)"
set16,"cell cortex (GO:0005938, 5.07E-03)","bicellular tight junction (GO:0005923, 6.47E-03)
tight junction (GO:0070160, 6.47E-03)
microtubule plus-end (GO:0035371, 6.47E-03)
apical junction complex (GO:0043296, 7.57E-03)
microtubule end (GO:1990752, 7.57E-03)
unconventional myosin complex (GO:0016461, 8.75E-03)"
set17,"cell cortex (GO:0005938, 5.07E-03)","bicellular tight junction (GO:0005923, 6.47E-03)
tight junction (GO:0070160, 6.47E-03)
microtubule plus-end (GO:0035371, 6.47E-03)
apical junction complex (GO:0043296, 7.57E-03)
microtubule end (GO:1990752, 7.57E-03)
unconventional myosin complex (GO:0016461, 8.75E-03)"
