,set1,set2
set1,"binding (GO:0005488, 3.95E-04)
acyltransferase activity (GO:0016746, 9.18E-03)","protein binding (GO:0005515, 7.49E-06)
binding (GO:0005488, 3.95E-04)
acyltransferase activity (GO:0016746, 9.18E-03)"
set2,"binding (GO:0005488, 2.83E-04)
acyltransferase activity (GO:0016746, 6.99E-03)
cytoskeletal protein binding (GO:0008092, 9.99E-03)","protein binding (GO:0005515, 1.11E-05)
binding (GO:0005488, 2.83E-04)
acyltransferase activity (GO:0016746, 6.99E-03)
cytoskeletal protein binding (GO:0008092, 9.99E-03)"
set3,"binding (GO:0005488, 1.23E-03)","protein binding (GO:0005515, 2.69E-05)
binding (GO:0005488, 1.23E-03)"
set4,"binding (GO:0005488, 9.52E-04)","protein binding (GO:0005515, 1.68E-05)
binding (GO:0005488, 9.52E-04)"
set5,"binding (GO:0005488, 5.44E-04)","protein binding (GO:0005515, 1.52E-05)
binding (GO:0005488, 5.44E-04)"
set6,"binding (GO:0005488, 3.34E-03)","protein binding (GO:0005515, 1.73E-04)
binding (GO:0005488, 3.34E-03)"
set7,"binding (GO:0005488, 1.49E-04)","protein binding (GO:0005515, 9.90E-06)
binding (GO:0005488, 1.49E-04)"
set8,"binding (GO:0005488, 1.14E-03)","protein binding (GO:0005515, 1.79E-05)
binding (GO:0005488, 1.14E-03)"
set9,"binding (GO:0005488, 3.03E-04)","protein binding (GO:0005515, 1.38E-05)
binding (GO:0005488, 3.03E-04)"
set10,"binding (GO:0005488, 4.19E-04)","protein binding (GO:0005515, 9.36E-06)
binding (GO:0005488, 4.19E-04)"
set11,"binding (GO:0005488, 3.74E-04)","protein binding (GO:0005515, 1.83E-05)
binding (GO:0005488, 3.74E-04)"
set12,"binding (GO:0005488, 1.55E-03)
acyltransferase activity (GO:0016746, 8.39E-03)","protein binding (GO:0005515, 3.62E-05)
binding (GO:0005488, 1.55E-03)
acyltransferase activity (GO:0016746, 8.39E-03)"
set13,"binding (GO:0005488, 2.04E-03)","protein binding (GO:0005515, 6.92E-05)
binding (GO:0005488, 2.04E-03)"
set14,,
set15,"binding (GO:0005488, 5.19E-04)
acyltransferase activity (GO:0016746, 8.39E-03)","protein binding (GO:0005515, 1.23E-05)
binding (GO:0005488, 5.19E-04)
acyltransferase activity (GO:0016746, 8.39E-03)"
set16,"binding (GO:0005488, 5.23E-04)
acyltransferase activity (GO:0016746, 8.46E-03)","protein binding (GO:0005515, 3.65E-05)
binding (GO:0005488, 5.23E-04)
acyltransferase activity (GO:0016746, 8.46E-03)"
set17,"binding (GO:0005488, 1.23E-03)","protein binding (GO:0005515, 9.29E-06)
binding (GO:0005488, 1.23E-03)"
