,set1(multi),set2(#ZNF793-AS1)
"set1(#1600010M07Rik, #1700020G17Rik)","ubiquitin-dependent protein catabolic process (GO:0006511, 9.60E-03)
proteasomal protein catabolic process (GO:0010498, 9.60E-03)
proteasome-mediated ubiquitin-dependent protein catabolic process (GO:0043161, 9.60E-03)
modification-dependent macromolecule catabolic process (GO:0043632, 9.60E-03)
proteolysis involved in protein catabolic process (GO:0051603, 9.60E-03)
protein catabolic process (GO:0030163, 9.60E-03)
modification-dependent protein catabolic process (GO:0019941, 9.60E-03)
protein metabolic process (GO:0019538, 9.60E-03)","ubiquitin-dependent protein catabolic process (GO:0006511, 9.60E-03)
proteasomal protein catabolic process (GO:0010498, 9.60E-03)
proteasome-mediated ubiquitin-dependent protein catabolic process (GO:0043161, 9.60E-03)
modification-dependent macromolecule catabolic process (GO:0043632, 9.60E-03)
proteolysis involved in protein catabolic process (GO:0051603, 9.60E-03)
protein catabolic process (GO:0030163, 9.60E-03)
modification-dependent protein catabolic process (GO:0019941, 9.60E-03)
protein metabolic process (GO:0019538, 9.60E-03)"
"set2(#Gm14091, #1700001G01Rik)","ubiquitin-dependent protein catabolic process (GO:0006511, 6.22E-03)
proteasomal protein catabolic process (GO:0010498, 6.22E-03)
proteasome-mediated ubiquitin-dependent protein catabolic process (GO:0043161, 6.22E-03)
modification-dependent macromolecule catabolic process (GO:0043632, 6.22E-03)
proteolysis involved in protein catabolic process (GO:0051603, 6.22E-03)
protein catabolic process (GO:0030163, 6.22E-03)
modification-dependent protein catabolic process (GO:0019941, 6.22E-03)
protein metabolic process (GO:0019538, 6.22E-03)","ubiquitin-dependent protein catabolic process (GO:0006511, 6.22E-03)
proteasomal protein catabolic process (GO:0010498, 6.22E-03)
proteasome-mediated ubiquitin-dependent protein catabolic process (GO:0043161, 6.22E-03)
modification-dependent macromolecule catabolic process (GO:0043632, 6.22E-03)
proteolysis involved in protein catabolic process (GO:0051603, 6.22E-03)
protein catabolic process (GO:0030163, 6.22E-03)
modification-dependent protein catabolic process (GO:0019941, 6.22E-03)
protein metabolic process (GO:0019538, 6.22E-03)"
set3(multi),,
set4(multi),,
set5(#4930509J09Rik),,
set6(#4930557F10Rik),,
"set7(#4930586N03Rik, #Gm44145)","ubiquitin-dependent protein catabolic process (GO:0006511, 5.66E-03)
proteasomal protein catabolic process (GO:0010498, 5.66E-03)
proteasome-mediated ubiquitin-dependent protein catabolic process (GO:0043161, 5.66E-03)
modification-dependent macromolecule catabolic process (GO:0043632, 5.66E-03)
proteolysis involved in protein catabolic process (GO:0051603, 5.66E-03)
protein catabolic process (GO:0030163, 5.66E-03)
modification-dependent protein catabolic process (GO:0019941, 5.66E-03)
protein metabolic process (GO:0019538, 7.62E-03)","ubiquitin-dependent protein catabolic process (GO:0006511, 5.66E-03)
proteasomal protein catabolic process (GO:0010498, 5.66E-03)
proteasome-mediated ubiquitin-dependent protein catabolic process (GO:0043161, 5.66E-03)
modification-dependent macromolecule catabolic process (GO:0043632, 5.66E-03)
proteolysis involved in protein catabolic process (GO:0051603, 5.66E-03)
protein catabolic process (GO:0030163, 5.66E-03)
modification-dependent protein catabolic process (GO:0019941, 5.66E-03)
protein metabolic process (GO:0019538, 7.62E-03)"
set8(#5033403H07Rik),,
set9(#Gm14009),,
set10(#Gm26551),,
set11(#Gm29865),"ubiquitin-dependent protein catabolic process (GO:0006511, 6.33E-03)
proteasomal protein catabolic process (GO:0010498, 6.33E-03)
proteasome-mediated ubiquitin-dependent protein catabolic process (GO:0043161, 6.33E-03)
modification-dependent macromolecule catabolic process (GO:0043632, 6.33E-03)
proteolysis involved in protein catabolic process (GO:0051603, 6.33E-03)
protein catabolic process (GO:0030163, 6.33E-03)
modification-dependent protein catabolic process (GO:0019941, 6.33E-03)
protein metabolic process (GO:0019538, 9.59E-03)","ubiquitin-dependent protein catabolic process (GO:0006511, 6.33E-03)
proteasomal protein catabolic process (GO:0010498, 6.33E-03)
proteasome-mediated ubiquitin-dependent protein catabolic process (GO:0043161, 6.33E-03)
modification-dependent macromolecule catabolic process (GO:0043632, 6.33E-03)
proteolysis involved in protein catabolic process (GO:0051603, 6.33E-03)
protein catabolic process (GO:0030163, 6.33E-03)
modification-dependent protein catabolic process (GO:0019941, 6.33E-03)
protein metabolic process (GO:0019538, 9.59E-03)"
set12(#Gm37982),"ubiquitin-dependent protein catabolic process (GO:0006511, 7.81E-03)
proteasomal protein catabolic process (GO:0010498, 7.81E-03)
proteasome-mediated ubiquitin-dependent protein catabolic process (GO:0043161, 7.81E-03)
modification-dependent macromolecule catabolic process (GO:0043632, 7.81E-03)
proteolysis involved in protein catabolic process (GO:0051603, 7.81E-03)
protein catabolic process (GO:0030163, 7.81E-03)
modification-dependent protein catabolic process (GO:0019941, 7.81E-03)
protein metabolic process (GO:0019538, 7.81E-03)
catabolic process (GO:0009056, 8.25E-03)","ubiquitin-dependent protein catabolic process (GO:0006511, 7.81E-03)
proteasomal protein catabolic process (GO:0010498, 7.81E-03)
proteasome-mediated ubiquitin-dependent protein catabolic process (GO:0043161, 7.81E-03)
modification-dependent macromolecule catabolic process (GO:0043632, 7.81E-03)
proteolysis involved in protein catabolic process (GO:0051603, 7.81E-03)
protein catabolic process (GO:0030163, 7.81E-03)
modification-dependent protein catabolic process (GO:0019941, 7.81E-03)
protein metabolic process (GO:0019538, 7.81E-03)
catabolic process (GO:0009056, 8.25E-03)"
set13(#Gm4285),,
set14(#Gm45435),,
set15(#Gm45524),"ubiquitin-dependent protein catabolic process (GO:0006511, 7.71E-03)
proteasomal protein catabolic process (GO:0010498, 7.71E-03)
proteasome-mediated ubiquitin-dependent protein catabolic process (GO:0043161, 7.71E-03)
modification-dependent macromolecule catabolic process (GO:0043632, 7.71E-03)
proteolysis involved in protein catabolic process (GO:0051603, 7.71E-03)
protein catabolic process (GO:0030163, 7.71E-03)
modification-dependent protein catabolic process (GO:0019941, 7.71E-03)
protein metabolic process (GO:0019538, 7.71E-03)","ubiquitin-dependent protein catabolic process (GO:0006511, 7.71E-03)
proteasomal protein catabolic process (GO:0010498, 7.71E-03)
proteasome-mediated ubiquitin-dependent protein catabolic process (GO:0043161, 7.71E-03)
modification-dependent macromolecule catabolic process (GO:0043632, 7.71E-03)
proteolysis involved in protein catabolic process (GO:0051603, 7.71E-03)
protein catabolic process (GO:0030163, 7.71E-03)
modification-dependent protein catabolic process (GO:0019941, 7.71E-03)
protein metabolic process (GO:0019538, 7.71E-03)"
set16(#Scpep1os),"ubiquitin-dependent protein catabolic process (GO:0006511, 7.73E-03)
proteasomal protein catabolic process (GO:0010498, 7.73E-03)
proteasome-mediated ubiquitin-dependent protein catabolic process (GO:0043161, 7.73E-03)
modification-dependent macromolecule catabolic process (GO:0043632, 7.73E-03)
proteolysis involved in protein catabolic process (GO:0051603, 7.73E-03)
protein catabolic process (GO:0030163, 7.73E-03)
modification-dependent protein catabolic process (GO:0019941, 7.73E-03)
protein metabolic process (GO:0019538, 7.73E-03)","ubiquitin-dependent protein catabolic process (GO:0006511, 7.73E-03)
proteasomal protein catabolic process (GO:0010498, 7.73E-03)
proteasome-mediated ubiquitin-dependent protein catabolic process (GO:0043161, 7.73E-03)
modification-dependent macromolecule catabolic process (GO:0043632, 7.73E-03)
proteolysis involved in protein catabolic process (GO:0051603, 7.73E-03)
protein catabolic process (GO:0030163, 7.73E-03)
modification-dependent protein catabolic process (GO:0019941, 7.73E-03)
protein metabolic process (GO:0019538, 7.73E-03)"
set17(*Gm26848),,
