,set1,set2
set1,"transferase complex (GO:1990234, 7.30E-05)
catalytic complex (GO:1902494, 7.39E-05)
intracellular anatomical structure (GO:0005622, 8.90E-05)
ciliary basal body (GO:0036064, 1.46E-04)
organelle (GO:0043226, 4.52E-04)
intracellular organelle (GO:0043229, 2.08E-03)
postsynaptic density (GO:0014069, 2.08E-03)
sperm flagellum (GO:0036126, 2.08E-03)
asymmetric synapse (GO:0032279, 2.84E-03)
motile cilium (GO:0031514, 2.84E-03)
synapse (GO:0045202, 2.85E-03)
9+2 motile cilium (GO:0097729, 2.93E-03)
postsynaptic specialization (GO:0099572, 3.68E-03)
cytoplasmic region (GO:0099568, 3.80E-03)
neuron to neuron synapse (GO:0098984, 3.97E-03)
postsynapse (GO:0098794, 5.36E-03)
stress fiber (GO:0001725, 5.93E-03)
contractile actin filament bundle (GO:0097517, 5.93E-03)
ciliary base (GO:0097546, 6.67E-03)
ciliary plasm (GO:0097014, 7.37E-03)
axoneme (GO:0005930, 7.37E-03)
actomyosin (GO:0042641, 7.37E-03)
actin filament bundle (GO:0032432, 7.37E-03)
postsynaptic specialization, intracellular component (GO:0099091, 7.93E-03)
plasma membrane bounded cell projection cytoplasm (GO:0032838, 8.38E-03)
sperm fibrous sheath (GO:0035686, 8.38E-03)
transferase complex, transferring phosphorus-containing groups (GO:0061695, 8.42E-03)
intracellular protein-containing complex (GO:0140535, 9.60E-03)","cilium (GO:0005929, 1.09E-07)
plasma membrane bounded cell projection (GO:0120025, 5.51E-07)
transferase complex (GO:1990234, 7.30E-05)
catalytic complex (GO:1902494, 7.39E-05)
intracellular anatomical structure (GO:0005622, 8.90E-05)
microtubule organizing center (GO:0005815, 1.37E-04)
ciliary basal body (GO:0036064, 1.46E-04)
organelle (GO:0043226, 4.52E-04)
intracellular organelle (GO:0043229, 2.08E-03)
sperm flagellum (GO:0036126, 2.08E-03)
motile cilium (GO:0031514, 2.84E-03)
9+2 motile cilium (GO:0097729, 2.93E-03)
cytoplasmic region (GO:0099568, 3.80E-03)
neuron to neuron synapse (GO:0098984, 3.97E-03)
stress fiber (GO:0001725, 5.93E-03)
contractile actin filament bundle (GO:0097517, 5.93E-03)
ciliary base (GO:0097546, 6.67E-03)
ciliary plasm (GO:0097014, 7.37E-03)
axoneme (GO:0005930, 7.37E-03)
actomyosin (GO:0042641, 7.37E-03)
actin filament bundle (GO:0032432, 7.37E-03)
postsynaptic specialization, intracellular component (GO:0099091, 7.93E-03)
plasma membrane bounded cell projection cytoplasm (GO:0032838, 8.38E-03)
sperm fibrous sheath (GO:0035686, 8.38E-03)
transferase complex, transferring phosphorus-containing groups (GO:0061695, 8.42E-03)
intracellular protein-containing complex (GO:0140535, 9.60E-03)"
set2,"transferase complex (GO:1990234, 4.42E-05)
catalytic complex (GO:1902494, 4.42E-05)
intracellular anatomical structure (GO:0005622, 1.84E-04)
organelle (GO:0043226, 1.28E-03)
ciliary basal body (GO:0036064, 1.35E-03)
postsynaptic density (GO:0014069, 1.86E-03)
synapse (GO:0045202, 2.37E-03)
asymmetric synapse (GO:0032279, 2.40E-03)
postsynaptic specialization (GO:0099572, 3.55E-03)
intracellular organelle (GO:0043229, 3.70E-03)
neuron to neuron synapse (GO:0098984, 3.70E-03)
cytoplasmic region (GO:0099568, 3.70E-03)
postsynapse (GO:0098794, 4.73E-03)
stress fiber (GO:0001725, 6.00E-03)
contractile actin filament bundle (GO:0097517, 6.00E-03)
ciliary plasm (GO:0097014, 7.56E-03)
actomyosin (GO:0042641, 7.56E-03)
actin filament bundle (GO:0032432, 7.56E-03)
axoneme (GO:0005930, 7.56E-03)
postsynaptic specialization, intracellular component (GO:0099091, 8.11E-03)
sperm flagellum (GO:0036126, 8.11E-03)
plasma membrane bounded cell projection cytoplasm (GO:0032838, 8.11E-03)
transferase complex, transferring phosphorus-containing groups (GO:0061695, 8.13E-03)
intracellular protein-containing complex (GO:0140535, 8.45E-03)
motile cilium (GO:0031514, 9.12E-03)
perinuclear region of cytoplasm (GO:0048471, 9.30E-03)","cilium (GO:0005929, 3.37E-06)
plasma membrane bounded cell projection (GO:0120025, 4.33E-06)
transferase complex (GO:1990234, 4.42E-05)
catalytic complex (GO:1902494, 4.42E-05)
intracellular anatomical structure (GO:0005622, 1.84E-04)
organelle (GO:0043226, 1.28E-03)
ciliary basal body (GO:0036064, 1.35E-03)
microtubule organizing center (GO:0005815, 1.81E-03)
intracellular organelle (GO:0043229, 3.70E-03)
neuron to neuron synapse (GO:0098984, 3.70E-03)
cytoplasmic region (GO:0099568, 3.70E-03)
stress fiber (GO:0001725, 6.00E-03)
contractile actin filament bundle (GO:0097517, 6.00E-03)
ciliary plasm (GO:0097014, 7.56E-03)
actomyosin (GO:0042641, 7.56E-03)
actin filament bundle (GO:0032432, 7.56E-03)
axoneme (GO:0005930, 7.56E-03)
postsynaptic specialization, intracellular component (GO:0099091, 8.11E-03)
sperm flagellum (GO:0036126, 8.11E-03)
plasma membrane bounded cell projection cytoplasm (GO:0032838, 8.11E-03)
transferase complex, transferring phosphorus-containing groups (GO:0061695, 8.13E-03)
intracellular protein-containing complex (GO:0140535, 8.45E-03)
motile cilium (GO:0031514, 9.12E-03)
perinuclear region of cytoplasm (GO:0048471, 9.30E-03)"
set3,"intracellular anatomical structure (GO:0005622, 3.51E-05)
transferase complex (GO:1990234, 8.88E-05)
catalytic complex (GO:1902494, 1.07E-04)
organelle (GO:0043226, 1.61E-04)
ciliary basal body (GO:0036064, 1.83E-04)
intracellular organelle (GO:0043229, 7.49E-04)
sperm flagellum (GO:0036126, 2.44E-03)
postsynaptic density (GO:0014069, 2.58E-03)
asymmetric synapse (GO:0032279, 3.44E-03)
motile cilium (GO:0031514, 3.44E-03)
9+2 motile cilium (GO:0097729, 3.61E-03)
synapse (GO:0045202, 4.16E-03)
postsynaptic specialization (GO:0099572, 4.59E-03)
cytoplasmic region (GO:0099568, 4.62E-03)
neuron to neuron synapse (GO:0098984, 4.95E-03)
perinuclear region of cytoplasm (GO:0048471, 5.64E-03)
postsynapse (GO:0098794, 6.66E-03)
contractile actin filament bundle (GO:0097517, 6.66E-03)
stress fiber (GO:0001725, 6.66E-03)
ciliary base (GO:0097546, 7.24E-03)
actin filament bundle (GO:0032432, 8.52E-03)
ciliary plasm (GO:0097014, 8.52E-03)
actomyosin (GO:0042641, 8.52E-03)
axoneme (GO:0005930, 8.52E-03)
postsynaptic specialization, intracellular component (GO:0099091, 8.65E-03)
sperm fibrous sheath (GO:0035686, 9.08E-03)
plasma membrane bounded cell projection cytoplasm (GO:0032838, 9.76E-03)","cilium (GO:0005929, 2.05E-07)
plasma membrane bounded cell projection (GO:0120025, 1.43E-06)
intracellular anatomical structure (GO:0005622, 3.51E-05)
microtubule organizing center (GO:0005815, 5.70E-05)
transferase complex (GO:1990234, 8.88E-05)
catalytic complex (GO:1902494, 1.07E-04)
organelle (GO:0043226, 1.61E-04)
ciliary basal body (GO:0036064, 1.83E-04)
intracellular organelle (GO:0043229, 7.49E-04)
sperm flagellum (GO:0036126, 2.44E-03)
motile cilium (GO:0031514, 3.44E-03)
9+2 motile cilium (GO:0097729, 3.61E-03)
cytoplasmic region (GO:0099568, 4.62E-03)
neuron to neuron synapse (GO:0098984, 4.95E-03)
perinuclear region of cytoplasm (GO:0048471, 5.64E-03)
contractile actin filament bundle (GO:0097517, 6.66E-03)
stress fiber (GO:0001725, 6.66E-03)
ciliary base (GO:0097546, 7.24E-03)
actin filament bundle (GO:0032432, 8.52E-03)
ciliary plasm (GO:0097014, 8.52E-03)
actomyosin (GO:0042641, 8.52E-03)
axoneme (GO:0005930, 8.52E-03)
postsynaptic specialization, intracellular component (GO:0099091, 8.65E-03)
sperm fibrous sheath (GO:0035686, 9.08E-03)
plasma membrane bounded cell projection cytoplasm (GO:0032838, 9.76E-03)"
set4,"intracellular anatomical structure (GO:0005622, 2.68E-05)
transferase complex (GO:1990234, 9.37E-05)
catalytic complex (GO:1902494, 1.13E-04)
organelle (GO:0043226, 1.13E-04)
ciliary basal body (GO:0036064, 1.90E-04)
intracellular organelle (GO:0043229, 5.73E-04)
synapse (GO:0045202, 2.03E-03)
sperm flagellum (GO:0036126, 2.48E-03)
postsynaptic density (GO:0014069, 2.66E-03)
asymmetric synapse (GO:0032279, 3.55E-03)
motile cilium (GO:0031514, 3.55E-03)
9+2 motile cilium (GO:0097729, 3.70E-03)
cytoplasmic region (GO:0099568, 4.97E-03)
postsynaptic specialization (GO:0099572, 4.97E-03)
neuron to neuron synapse (GO:0098984, 5.36E-03)
perinuclear region of cytoplasm (GO:0048471, 6.21E-03)
stress fiber (GO:0001725, 7.23E-03)
contractile actin filament bundle (GO:0097517, 7.23E-03)
postsynapse (GO:0098794, 7.32E-03)
ciliary base (GO:0097546, 7.57E-03)
axoneme (GO:0005930, 8.80E-03)
glutamatergic synapse (GO:0098978, 8.80E-03)
ciliary plasm (GO:0097014, 8.80E-03)
actomyosin (GO:0042641, 8.80E-03)
actin filament bundle (GO:0032432, 8.80E-03)
postsynaptic specialization, intracellular component (GO:0099091, 8.81E-03)
sperm fibrous sheath (GO:0035686, 9.16E-03)
membrane-bounded organelle (GO:0043227, 9.21E-03)
plasma membrane bounded cell projection cytoplasm (GO:0032838, 9.90E-03)","cilium (GO:0005929, 2.43E-07)
plasma membrane bounded cell projection (GO:0120025, 1.83E-06)
intracellular anatomical structure (GO:0005622, 2.68E-05)
microtubule organizing center (GO:0005815, 6.52E-05)
transferase complex (GO:1990234, 9.37E-05)
catalytic complex (GO:1902494, 1.13E-04)
organelle (GO:0043226, 1.13E-04)
ciliary basal body (GO:0036064, 1.90E-04)
intracellular organelle (GO:0043229, 5.73E-04)
sperm flagellum (GO:0036126, 2.48E-03)
motile cilium (GO:0031514, 3.55E-03)
9+2 motile cilium (GO:0097729, 3.70E-03)
cytoplasmic region (GO:0099568, 4.97E-03)
neuron to neuron synapse (GO:0098984, 5.36E-03)
perinuclear region of cytoplasm (GO:0048471, 6.21E-03)
stress fiber (GO:0001725, 7.23E-03)
contractile actin filament bundle (GO:0097517, 7.23E-03)
ciliary base (GO:0097546, 7.57E-03)
axoneme (GO:0005930, 8.80E-03)
glutamatergic synapse (GO:0098978, 8.80E-03)
ciliary plasm (GO:0097014, 8.80E-03)
actomyosin (GO:0042641, 8.80E-03)
actin filament bundle (GO:0032432, 8.80E-03)
postsynaptic specialization, intracellular component (GO:0099091, 8.81E-03)
sperm fibrous sheath (GO:0035686, 9.16E-03)
membrane-bounded organelle (GO:0043227, 9.21E-03)
plasma membrane bounded cell projection cytoplasm (GO:0032838, 9.90E-03)"
set5,"intracellular anatomical structure (GO:0005622, 4.67E-05)
transferase complex (GO:1990234, 7.90E-05)
catalytic complex (GO:1902494, 9.18E-05)
ciliary basal body (GO:0036064, 1.77E-04)
organelle (GO:0043226, 1.89E-04)
intracellular organelle (GO:0043229, 9.94E-04)
sperm flagellum (GO:0036126, 2.30E-03)
postsynaptic density (GO:0014069, 2.42E-03)
asymmetric synapse (GO:0032279, 3.25E-03)
motile cilium (GO:0031514, 3.25E-03)
9+2 motile cilium (GO:0097729, 3.43E-03)
synapse (GO:0045202, 3.72E-03)
postsynaptic specialization (GO:0099572, 4.31E-03)
cytoplasmic region (GO:0099568, 4.36E-03)
neuron to neuron synapse (GO:0098984, 4.65E-03)
perinuclear region of cytoplasm (GO:0048471, 5.21E-03)
postsynapse (GO:0098794, 6.42E-03)
contractile actin filament bundle (GO:0097517, 6.42E-03)
stress fiber (GO:0001725, 6.42E-03)
ciliary base (GO:0097546, 7.05E-03)
actin filament bundle (GO:0032432, 8.18E-03)
ciliary plasm (GO:0097014, 8.18E-03)
actomyosin (GO:0042641, 8.18E-03)
axoneme (GO:0005930, 8.18E-03)
postsynaptic specialization, intracellular component (GO:0099091, 8.43E-03)
sperm fibrous sheath (GO:0035686, 8.91E-03)
plasma membrane bounded cell projection cytoplasm (GO:0032838, 9.30E-03)
transferase complex, transferring phosphorus-containing groups (GO:0061695, 9.56E-03)","cilium (GO:0005929, 1.76E-07)
plasma membrane bounded cell projection (GO:0120025, 1.14E-06)
intracellular anatomical structure (GO:0005622, 4.67E-05)
microtubule organizing center (GO:0005815, 5.06E-05)
transferase complex (GO:1990234, 7.90E-05)
catalytic complex (GO:1902494, 9.18E-05)
ciliary basal body (GO:0036064, 1.77E-04)
organelle (GO:0043226, 1.89E-04)
intracellular organelle (GO:0043229, 9.94E-04)
sperm flagellum (GO:0036126, 2.30E-03)
motile cilium (GO:0031514, 3.25E-03)
9+2 motile cilium (GO:0097729, 3.43E-03)
cytoplasmic region (GO:0099568, 4.36E-03)
neuron to neuron synapse (GO:0098984, 4.65E-03)
perinuclear region of cytoplasm (GO:0048471, 5.21E-03)
contractile actin filament bundle (GO:0097517, 6.42E-03)
stress fiber (GO:0001725, 6.42E-03)
ciliary base (GO:0097546, 7.05E-03)
actin filament bundle (GO:0032432, 8.18E-03)
ciliary plasm (GO:0097014, 8.18E-03)
actomyosin (GO:0042641, 8.18E-03)
axoneme (GO:0005930, 8.18E-03)
postsynaptic specialization, intracellular component (GO:0099091, 8.43E-03)
sperm fibrous sheath (GO:0035686, 8.91E-03)
plasma membrane bounded cell projection cytoplasm (GO:0032838, 9.30E-03)
transferase complex, transferring phosphorus-containing groups (GO:0061695, 9.56E-03)"
set6,"transferase complex (GO:1990234, 6.65E-05)
catalytic complex (GO:1902494, 6.80E-05)
intracellular anatomical structure (GO:0005622, 8.25E-05)
ciliary basal body (GO:0036064, 1.48E-04)
organelle (GO:0043226, 4.58E-04)
synapse (GO:0045202, 1.14E-03)
sperm flagellum (GO:0036126, 1.90E-03)
intracellular organelle (GO:0043229, 1.90E-03)
postsynaptic density (GO:0014069, 1.90E-03)
asymmetric synapse (GO:0032279, 2.62E-03)
motile cilium (GO:0031514, 2.63E-03)
9+2 motile cilium (GO:0097729, 2.84E-03)
postsynaptic specialization (GO:0099572, 3.58E-03)
cytoplasmic region (GO:0099568, 3.69E-03)
neuron to neuron synapse (GO:0098984, 3.87E-03)
postsynapse (GO:0098794, 5.39E-03)
contractile actin filament bundle (GO:0097517, 6.00E-03)
stress fiber (GO:0001725, 6.00E-03)
glutamatergic synapse (GO:0098978, 6.54E-03)
ciliary base (GO:0097546, 6.54E-03)
actin filament bundle (GO:0032432, 7.26E-03)
ciliary plasm (GO:0097014, 7.26E-03)
actomyosin (GO:0042641, 7.26E-03)
axoneme (GO:0005930, 7.26E-03)
postsynaptic specialization, intracellular component (GO:0099091, 7.81E-03)
plasma membrane bounded cell projection cytoplasm (GO:0032838, 8.26E-03)
sperm fibrous sheath (GO:0035686, 8.26E-03)
transferase complex, transferring phosphorus-containing groups (GO:0061695, 8.31E-03)
intracellular protein-containing complex (GO:0140535, 9.48E-03)","cilium (GO:0005929, 1.10E-07)
plasma membrane bounded cell projection (GO:0120025, 5.57E-07)
microtubule organizing center (GO:0005815, 5.15E-05)
transferase complex (GO:1990234, 6.65E-05)
catalytic complex (GO:1902494, 6.80E-05)
intracellular anatomical structure (GO:0005622, 8.25E-05)
ciliary basal body (GO:0036064, 1.48E-04)
organelle (GO:0043226, 4.58E-04)
sperm flagellum (GO:0036126, 1.90E-03)
intracellular organelle (GO:0043229, 1.90E-03)
motile cilium (GO:0031514, 2.63E-03)
9+2 motile cilium (GO:0097729, 2.84E-03)
cytoplasmic region (GO:0099568, 3.69E-03)
neuron to neuron synapse (GO:0098984, 3.87E-03)
contractile actin filament bundle (GO:0097517, 6.00E-03)
stress fiber (GO:0001725, 6.00E-03)
glutamatergic synapse (GO:0098978, 6.54E-03)
ciliary base (GO:0097546, 6.54E-03)
actin filament bundle (GO:0032432, 7.26E-03)
ciliary plasm (GO:0097014, 7.26E-03)
actomyosin (GO:0042641, 7.26E-03)
axoneme (GO:0005930, 7.26E-03)
postsynaptic specialization, intracellular component (GO:0099091, 7.81E-03)
plasma membrane bounded cell projection cytoplasm (GO:0032838, 8.26E-03)
sperm fibrous sheath (GO:0035686, 8.26E-03)
transferase complex, transferring phosphorus-containing groups (GO:0061695, 8.31E-03)
intracellular protein-containing complex (GO:0140535, 9.48E-03)"
set7,"catalytic complex (GO:1902494, 4.27E-05)
transferase complex (GO:1990234, 4.27E-05)
intracellular anatomical structure (GO:0005622, 3.19E-04)
ciliary basal body (GO:0036064, 1.39E-03)
organelle (GO:0043226, 1.82E-03)
postsynaptic density (GO:0014069, 1.82E-03)
synapse (GO:0045202, 1.95E-03)
asymmetric synapse (GO:0032279, 2.21E-03)
postsynaptic specialization (GO:0099572, 3.09E-03)
cytoplasmic region (GO:0099568, 3.28E-03)
neuron to neuron synapse (GO:0098984, 3.29E-03)
postsynapse (GO:0098794, 4.15E-03)
intracellular organelle (GO:0043229, 5.57E-03)
stress fiber (GO:0001725, 5.57E-03)
contractile actin filament bundle (GO:0097517, 5.57E-03)
ciliary plasm (GO:0097014, 7.00E-03)
actomyosin (GO:0042641, 7.00E-03)
axoneme (GO:0005930, 7.00E-03)
actin filament bundle (GO:0032432, 7.01E-03)
postsynaptic specialization, intracellular component (GO:0099091, 7.15E-03)
sperm flagellum (GO:0036126, 7.15E-03)
transferase complex, transferring phosphorus-containing groups (GO:0061695, 7.15E-03)
intracellular protein-containing complex (GO:0140535, 7.15E-03)
plasma membrane bounded cell projection cytoplasm (GO:0032838, 7.15E-03)
motile cilium (GO:0031514, 8.01E-03)
perinuclear region of cytoplasm (GO:0048471, 8.01E-03)","cilium (GO:0005929, 2.08E-06)
plasma membrane bounded cell projection (GO:0120025, 2.71E-06)
catalytic complex (GO:1902494, 4.27E-05)
transferase complex (GO:1990234, 4.27E-05)
intracellular anatomical structure (GO:0005622, 3.19E-04)
ciliary basal body (GO:0036064, 1.39E-03)
microtubule organizing center (GO:0005815, 1.70E-03)
organelle (GO:0043226, 1.82E-03)
cytoplasmic region (GO:0099568, 3.28E-03)
neuron to neuron synapse (GO:0098984, 3.29E-03)
intracellular organelle (GO:0043229, 5.57E-03)
stress fiber (GO:0001725, 5.57E-03)
contractile actin filament bundle (GO:0097517, 5.57E-03)
ciliary plasm (GO:0097014, 7.00E-03)
actomyosin (GO:0042641, 7.00E-03)
axoneme (GO:0005930, 7.00E-03)
actin filament bundle (GO:0032432, 7.01E-03)
postsynaptic specialization, intracellular component (GO:0099091, 7.15E-03)
sperm flagellum (GO:0036126, 7.15E-03)
transferase complex, transferring phosphorus-containing groups (GO:0061695, 7.15E-03)
intracellular protein-containing complex (GO:0140535, 7.15E-03)
plasma membrane bounded cell projection cytoplasm (GO:0032838, 7.15E-03)
motile cilium (GO:0031514, 8.01E-03)
perinuclear region of cytoplasm (GO:0048471, 8.01E-03)"
set8,"intracellular anatomical structure (GO:0005622, 1.36E-05)
organelle (GO:0043226, 9.66E-05)
catalytic complex (GO:1902494, 4.01E-04)
intracellular organelle (GO:0043229, 5.54E-04)
transferase complex (GO:1990234, 6.20E-04)
synapse (GO:0045202, 6.63E-04)
ciliary basal body (GO:0036064, 1.09E-03)
postsynaptic density (GO:0014069, 1.51E-03)
asymmetric synapse (GO:0032279, 2.08E-03)
postsynaptic specialization (GO:0099572, 3.09E-03)
neuron to neuron synapse (GO:0098984, 3.46E-03)
postsynapse (GO:0098794, 4.46E-03)
contractile actin filament bundle (GO:0097517, 5.79E-03)
glutamatergic synapse (GO:0098978, 5.79E-03)
stress fiber (GO:0001725, 5.79E-03)
actomyosin (GO:0042641, 7.73E-03)
actin filament bundle (GO:0032432, 7.74E-03)
postsynaptic specialization, intracellular component (GO:0099091, 8.56E-03)
transferase complex, transferring phosphorus-containing groups (GO:0061695, 8.70E-03)
sperm fibrous sheath (GO:0035686, 9.26E-03)
perinuclear region of cytoplasm (GO:0048471, 9.93E-03)","cilium (GO:0005929, 1.36E-05)
plasma membrane bounded cell projection (GO:0120025, 1.36E-05)
intracellular anatomical structure (GO:0005622, 1.36E-05)
organelle (GO:0043226, 9.66E-05)
microtubule organizing center (GO:0005815, 9.66E-05)
catalytic complex (GO:1902494, 4.01E-04)
intracellular organelle (GO:0043229, 5.54E-04)
transferase complex (GO:1990234, 6.20E-04)
ciliary basal body (GO:0036064, 1.09E-03)
neuron to neuron synapse (GO:0098984, 3.46E-03)
contractile actin filament bundle (GO:0097517, 5.79E-03)
glutamatergic synapse (GO:0098978, 5.79E-03)
stress fiber (GO:0001725, 5.79E-03)
actomyosin (GO:0042641, 7.73E-03)
actin filament bundle (GO:0032432, 7.74E-03)
postsynaptic specialization, intracellular component (GO:0099091, 8.56E-03)
transferase complex, transferring phosphorus-containing groups (GO:0061695, 8.70E-03)
sperm fibrous sheath (GO:0035686, 9.26E-03)
perinuclear region of cytoplasm (GO:0048471, 9.93E-03)"
set9,"intracellular anatomical structure (GO:0005622, 7.35E-05)
transferase complex (GO:1990234, 7.35E-05)
catalytic complex (GO:1902494, 7.81E-05)
organelle (GO:0043226, 4.13E-04)
ciliary basal body (GO:0036064, 1.58E-03)
intracellular organelle (GO:0043229, 1.71E-03)
sperm flagellum (GO:0036126, 2.06E-03)
postsynaptic density (GO:0014069, 2.20E-03)
asymmetric synapse (GO:0032279, 2.99E-03)
motile cilium (GO:0031514, 2.99E-03)
synapse (GO:0045202, 3.05E-03)
9+2 motile cilium (GO:0097729, 3.05E-03)
postsynaptic specialization (GO:0099572, 3.90E-03)
cytoplasmic region (GO:0099568, 3.99E-03)
neuron to neuron synapse (GO:0098984, 4.19E-03)
perinuclear region of cytoplasm (GO:0048471, 4.53E-03)
postsynapse (GO:0098794, 5.53E-03)
contractile actin filament bundle (GO:0097517, 5.89E-03)
stress fiber (GO:0001725, 5.89E-03)
ciliary plasm (GO:0097014, 7.62E-03)
axoneme (GO:0005930, 7.62E-03)
actomyosin (GO:0042641, 7.62E-03)
actin filament bundle (GO:0032432, 7.62E-03)
postsynaptic specialization, intracellular component (GO:0099091, 8.08E-03)
plasma membrane bounded cell projection cytoplasm (GO:0032838, 8.53E-03)
sperm fibrous sheath (GO:0035686, 8.53E-03)
transferase complex, transferring phosphorus-containing groups (GO:0061695, 8.77E-03)","cilium (GO:0005929, 9.00E-07)
plasma membrane bounded cell projection (GO:0120025, 2.79E-06)
intracellular anatomical structure (GO:0005622, 7.35E-05)
transferase complex (GO:1990234, 7.35E-05)
catalytic complex (GO:1902494, 7.81E-05)
organelle (GO:0043226, 4.13E-04)
microtubule organizing center (GO:0005815, 6.45E-04)
ciliary basal body (GO:0036064, 1.58E-03)
intracellular organelle (GO:0043229, 1.71E-03)
sperm flagellum (GO:0036126, 2.06E-03)
motile cilium (GO:0031514, 2.99E-03)
9+2 motile cilium (GO:0097729, 3.05E-03)
cytoplasmic region (GO:0099568, 3.99E-03)
neuron to neuron synapse (GO:0098984, 4.19E-03)
perinuclear region of cytoplasm (GO:0048471, 4.53E-03)
contractile actin filament bundle (GO:0097517, 5.89E-03)
stress fiber (GO:0001725, 5.89E-03)
ciliary plasm (GO:0097014, 7.62E-03)
axoneme (GO:0005930, 7.62E-03)
actomyosin (GO:0042641, 7.62E-03)
actin filament bundle (GO:0032432, 7.62E-03)
postsynaptic specialization, intracellular component (GO:0099091, 8.08E-03)
plasma membrane bounded cell projection cytoplasm (GO:0032838, 8.53E-03)
sperm fibrous sheath (GO:0035686, 8.53E-03)
transferase complex, transferring phosphorus-containing groups (GO:0061695, 8.77E-03)"
set10,"intracellular anatomical structure (GO:0005622, 3.57E-05)
transferase complex (GO:1990234, 9.86E-05)
catalytic complex (GO:1902494, 1.18E-04)
organelle (GO:0043226, 1.76E-04)
ciliary basal body (GO:0036064, 1.94E-04)
intracellular organelle (GO:0043229, 7.62E-04)
synapse (GO:0045202, 1.80E-03)
sperm flagellum (GO:0036126, 2.36E-03)
postsynaptic density (GO:0014069, 2.62E-03)
asymmetric synapse (GO:0032279, 3.50E-03)
motile cilium (GO:0031514, 3.50E-03)
9+2 motile cilium (GO:0097729, 3.67E-03)
postsynaptic specialization (GO:0099572, 4.87E-03)
cytoplasmic region (GO:0099568, 4.89E-03)
neuron to neuron synapse (GO:0098984, 5.24E-03)
perinuclear region of cytoplasm (GO:0048471, 5.95E-03)
postsynapse (GO:0098794, 6.78E-03)
contractile actin filament bundle (GO:0097517, 6.78E-03)
stress fiber (GO:0001725, 6.78E-03)
ciliary base (GO:0097546, 7.37E-03)
glutamatergic synapse (GO:0098978, 8.41E-03)
axoneme (GO:0005930, 8.44E-03)
ciliary plasm (GO:0097014, 8.44E-03)
actomyosin (GO:0042641, 8.44E-03)
actin filament bundle (GO:0032432, 8.44E-03)
postsynaptic specialization, intracellular component (GO:0099091, 8.58E-03)
sperm fibrous sheath (GO:0035686, 9.00E-03)
plasma membrane bounded cell projection cytoplasm (GO:0032838, 9.68E-03)
transferase complex, transferring phosphorus-containing groups (GO:0061695, 9.96E-03)","cilium (GO:0005929, 2.66E-07)
plasma membrane bounded cell projection (GO:0120025, 1.46E-06)
intracellular anatomical structure (GO:0005622, 3.57E-05)
transferase complex (GO:1990234, 9.86E-05)
catalytic complex (GO:1902494, 1.18E-04)
organelle (GO:0043226, 1.76E-04)
microtubule organizing center (GO:0005815, 1.94E-04)
ciliary basal body (GO:0036064, 1.94E-04)
intracellular organelle (GO:0043229, 7.62E-04)
sperm flagellum (GO:0036126, 2.36E-03)
motile cilium (GO:0031514, 3.50E-03)
9+2 motile cilium (GO:0097729, 3.67E-03)
cytoplasmic region (GO:0099568, 4.89E-03)
neuron to neuron synapse (GO:0098984, 5.24E-03)
perinuclear region of cytoplasm (GO:0048471, 5.95E-03)
contractile actin filament bundle (GO:0097517, 6.78E-03)
stress fiber (GO:0001725, 6.78E-03)
ciliary base (GO:0097546, 7.37E-03)
glutamatergic synapse (GO:0098978, 8.41E-03)
axoneme (GO:0005930, 8.44E-03)
ciliary plasm (GO:0097014, 8.44E-03)
actomyosin (GO:0042641, 8.44E-03)
actin filament bundle (GO:0032432, 8.44E-03)
postsynaptic specialization, intracellular component (GO:0099091, 8.58E-03)
sperm fibrous sheath (GO:0035686, 9.00E-03)
plasma membrane bounded cell projection cytoplasm (GO:0032838, 9.68E-03)
transferase complex, transferring phosphorus-containing groups (GO:0061695, 9.96E-03)"
set11,"transferase complex (GO:1990234, 3.90E-05)
catalytic complex (GO:1902494, 3.90E-05)
intracellular anatomical structure (GO:0005622, 2.43E-04)
ciliary basal body (GO:0036064, 1.28E-03)
organelle (GO:0043226, 1.38E-03)
postsynaptic density (GO:0014069, 1.74E-03)
synapse (GO:0045202, 2.10E-03)
asymmetric synapse (GO:0032279, 2.25E-03)
postsynaptic specialization (GO:0099572, 3.32E-03)
cytoplasmic region (GO:0099568, 3.49E-03)
neuron to neuron synapse (GO:0098984, 3.53E-03)
intracellular organelle (GO:0043229, 4.45E-03)
postsynapse (GO:0098794, 4.45E-03)
stress fiber (GO:0001725, 5.58E-03)
contractile actin filament bundle (GO:0097517, 5.58E-03)
ciliary plasm (GO:0097014, 7.07E-03)
axoneme (GO:0005930, 7.07E-03)
actin filament bundle (GO:0032432, 7.07E-03)
actomyosin (GO:0042641, 7.07E-03)
sperm flagellum (GO:0036126, 7.52E-03)
transferase complex, transferring phosphorus-containing groups (GO:0061695, 7.52E-03)
plasma membrane bounded cell projection cytoplasm (GO:0032838, 7.52E-03)
postsynaptic specialization, intracellular component (GO:0099091, 7.52E-03)
intracellular protein-containing complex (GO:0140535, 7.58E-03)
motile cilium (GO:0031514, 8.42E-03)
perinuclear region of cytoplasm (GO:0048471, 8.42E-03)","cilium (GO:0005929, 2.66E-06)
plasma membrane bounded cell projection (GO:0120025, 3.44E-06)
transferase complex (GO:1990234, 3.90E-05)
catalytic complex (GO:1902494, 3.90E-05)
intracellular anatomical structure (GO:0005622, 2.43E-04)
microtubule organizing center (GO:0005815, 4.37E-04)
ciliary basal body (GO:0036064, 1.28E-03)
organelle (GO:0043226, 1.38E-03)
cytoplasmic region (GO:0099568, 3.49E-03)
neuron to neuron synapse (GO:0098984, 3.53E-03)
intracellular organelle (GO:0043229, 4.45E-03)
stress fiber (GO:0001725, 5.58E-03)
contractile actin filament bundle (GO:0097517, 5.58E-03)
ciliary plasm (GO:0097014, 7.07E-03)
axoneme (GO:0005930, 7.07E-03)
actin filament bundle (GO:0032432, 7.07E-03)
actomyosin (GO:0042641, 7.07E-03)
sperm flagellum (GO:0036126, 7.52E-03)
transferase complex, transferring phosphorus-containing groups (GO:0061695, 7.52E-03)
plasma membrane bounded cell projection cytoplasm (GO:0032838, 7.52E-03)
postsynaptic specialization, intracellular component (GO:0099091, 7.52E-03)
intracellular protein-containing complex (GO:0140535, 7.58E-03)
motile cilium (GO:0031514, 8.42E-03)
perinuclear region of cytoplasm (GO:0048471, 8.42E-03)"
set12,"transferase complex (GO:1990234, 6.15E-05)
catalytic complex (GO:1902494, 6.15E-05)
intracellular anatomical structure (GO:0005622, 1.06E-04)
organelle (GO:0043226, 6.30E-04)
ciliary basal body (GO:0036064, 1.41E-03)
postsynaptic density (GO:0014069, 2.13E-03)
intracellular organelle (GO:0043229, 2.72E-03)
synapse (GO:0045202, 2.72E-03)
asymmetric synapse (GO:0032279, 2.72E-03)
postsynaptic specialization (GO:0099572, 3.86E-03)
cytoplasmic region (GO:0099568, 3.98E-03)
neuron to neuron synapse (GO:0098984, 4.11E-03)
postsynapse (GO:0098794, 5.45E-03)
stress fiber (GO:0001725, 6.22E-03)
contractile actin filament bundle (GO:0097517, 6.22E-03)
ciliary plasm (GO:0097014, 7.87E-03)
actomyosin (GO:0042641, 7.87E-03)
axoneme (GO:0005930, 7.87E-03)
actin filament bundle (GO:0032432, 7.87E-03)
postsynaptic specialization, intracellular component (GO:0099091, 8.50E-03)
plasma membrane bounded cell projection cytoplasm (GO:0032838, 8.59E-03)
sperm flagellum (GO:0036126, 8.59E-03)
transferase complex, transferring phosphorus-containing groups (GO:0061695, 8.74E-03)
intracellular protein-containing complex (GO:0140535, 9.65E-03)
motile cilium (GO:0031514, 9.82E-03)","cilium (GO:0005929, 4.48E-06)
plasma membrane bounded cell projection (GO:0120025, 6.79E-06)
transferase complex (GO:1990234, 6.15E-05)
catalytic complex (GO:1902494, 6.15E-05)
intracellular anatomical structure (GO:0005622, 1.06E-04)
microtubule organizing center (GO:0005815, 5.56E-04)
organelle (GO:0043226, 6.30E-04)
ciliary basal body (GO:0036064, 1.41E-03)
intracellular organelle (GO:0043229, 2.72E-03)
cytoplasmic region (GO:0099568, 3.98E-03)
neuron to neuron synapse (GO:0098984, 4.11E-03)
stress fiber (GO:0001725, 6.22E-03)
contractile actin filament bundle (GO:0097517, 6.22E-03)
ciliary plasm (GO:0097014, 7.87E-03)
actomyosin (GO:0042641, 7.87E-03)
axoneme (GO:0005930, 7.87E-03)
actin filament bundle (GO:0032432, 7.87E-03)
postsynaptic specialization, intracellular component (GO:0099091, 8.50E-03)
plasma membrane bounded cell projection cytoplasm (GO:0032838, 8.59E-03)
sperm flagellum (GO:0036126, 8.59E-03)
transferase complex, transferring phosphorus-containing groups (GO:0061695, 8.74E-03)
intracellular protein-containing complex (GO:0140535, 9.65E-03)
motile cilium (GO:0031514, 9.82E-03)"
set13,"intracellular anatomical structure (GO:0005622, 2.84E-05)
transferase complex (GO:1990234, 8.42E-05)
catalytic complex (GO:1902494, 9.29E-05)
organelle (GO:0043226, 1.25E-04)
ciliary basal body (GO:0036064, 1.58E-04)
intracellular organelle (GO:0043229, 5.40E-04)
sperm flagellum (GO:0036126, 2.21E-03)
motile cilium (GO:0031514, 3.55E-03)
9+2 motile cilium (GO:0097729, 3.75E-03)
synapse (GO:0045202, 3.79E-03)
cytoplasmic region (GO:0099568, 4.87E-03)
contractile actin filament bundle (GO:0097517, 7.68E-03)
stress fiber (GO:0001725, 7.68E-03)
ciliary base (GO:0097546, 8.45E-03)
postsynaptic density (GO:0014069, 8.82E-03)
ciliary plasm (GO:0097014, 8.82E-03)
actomyosin (GO:0042641, 8.82E-03)
axoneme (GO:0005930, 8.82E-03)
actin filament bundle (GO:0032432, 8.82E-03)
cellular anatomical structure (GO:0110165, 8.82E-03)","cilium (GO:0005929, 1.58E-07)
plasma membrane bounded cell projection (GO:0120025, 8.97E-07)
intracellular anatomical structure (GO:0005622, 2.84E-05)
transferase complex (GO:1990234, 8.42E-05)
catalytic complex (GO:1902494, 9.29E-05)
organelle (GO:0043226, 1.25E-04)
microtubule organizing center (GO:0005815, 1.58E-04)
ciliary basal body (GO:0036064, 1.58E-04)
intracellular organelle (GO:0043229, 5.40E-04)
sperm flagellum (GO:0036126, 2.21E-03)
motile cilium (GO:0031514, 3.55E-03)
9+2 motile cilium (GO:0097729, 3.75E-03)
cytoplasmic region (GO:0099568, 4.87E-03)
contractile actin filament bundle (GO:0097517, 7.68E-03)
stress fiber (GO:0001725, 7.68E-03)
ciliary base (GO:0097546, 8.45E-03)
ciliary plasm (GO:0097014, 8.82E-03)
actomyosin (GO:0042641, 8.82E-03)
axoneme (GO:0005930, 8.82E-03)
actin filament bundle (GO:0032432, 8.82E-03)
cellular anatomical structure (GO:0110165, 8.82E-03)"
set14,"ciliary basal body (GO:0036064, 5.77E-05)
postsynaptic density (GO:0014069, 6.15E-04)
asymmetric synapse (GO:0032279, 7.92E-04)
neuron to neuron synapse (GO:0098984, 1.00E-03)
postsynaptic specialization (GO:0099572, 1.00E-03)
synapse (GO:0045202, 1.68E-03)
organelle (GO:0043226, 3.23E-03)
postsynapse (GO:0098794, 3.38E-03)
intracellular anatomical structure (GO:0005622, 3.54E-03)
sperm flagellum (GO:0036126, 3.71E-03)
motile cilium (GO:0031514, 3.71E-03)
ciliary base (GO:0097546, 3.71E-03)
postsynaptic specialization, intracellular component (GO:0099091, 4.86E-03)
cytoplasmic region (GO:0099568, 5.14E-03)
9+2 motile cilium (GO:0097729, 5.25E-03)
glutamatergic synapse (GO:0098978, 5.25E-03)","cilium (GO:0005929, 6.44E-06)
plasma membrane bounded cell projection (GO:0120025, 3.02E-05)
ciliary basal body (GO:0036064, 5.77E-05)
microtubule organizing center (GO:0005815, 3.21E-04)
neuron to neuron synapse (GO:0098984, 1.00E-03)
organelle (GO:0043226, 3.23E-03)
intracellular anatomical structure (GO:0005622, 3.54E-03)
sperm flagellum (GO:0036126, 3.71E-03)
motile cilium (GO:0031514, 3.71E-03)
ciliary base (GO:0097546, 3.71E-03)
postsynaptic specialization, intracellular component (GO:0099091, 4.86E-03)
cytoplasmic region (GO:0099568, 5.14E-03)
9+2 motile cilium (GO:0097729, 5.25E-03)
glutamatergic synapse (GO:0098978, 5.25E-03)"
set15,"transferase complex (GO:1990234, 6.17E-05)
catalytic complex (GO:1902494, 6.17E-05)
intracellular anatomical structure (GO:0005622, 1.06E-04)
organelle (GO:0043226, 6.31E-04)
ciliary basal body (GO:0036064, 1.41E-03)
postsynaptic density (GO:0014069, 2.13E-03)
intracellular organelle (GO:0043229, 2.73E-03)
synapse (GO:0045202, 2.73E-03)
asymmetric synapse (GO:0032279, 2.73E-03)
postsynaptic specialization (GO:0099572, 3.87E-03)
cytoplasmic region (GO:0099568, 4.00E-03)
neuron to neuron synapse (GO:0098984, 4.13E-03)
postsynapse (GO:0098794, 5.46E-03)
stress fiber (GO:0001725, 6.24E-03)
contractile actin filament bundle (GO:0097517, 6.24E-03)
ciliary plasm (GO:0097014, 7.89E-03)
actomyosin (GO:0042641, 7.89E-03)
axoneme (GO:0005930, 7.89E-03)
actin filament bundle (GO:0032432, 7.89E-03)
postsynaptic specialization, intracellular component (GO:0099091, 8.53E-03)
plasma membrane bounded cell projection cytoplasm (GO:0032838, 8.62E-03)
sperm flagellum (GO:0036126, 8.62E-03)
transferase complex, transferring phosphorus-containing groups (GO:0061695, 8.76E-03)
intracellular protein-containing complex (GO:0140535, 9.68E-03)
motile cilium (GO:0031514, 9.85E-03)","cilium (GO:0005929, 4.49E-06)
plasma membrane bounded cell projection (GO:0120025, 6.13E-06)
transferase complex (GO:1990234, 6.17E-05)
catalytic complex (GO:1902494, 6.17E-05)
intracellular anatomical structure (GO:0005622, 1.06E-04)
microtubule organizing center (GO:0005815, 5.57E-04)
organelle (GO:0043226, 6.31E-04)
ciliary basal body (GO:0036064, 1.41E-03)
intracellular organelle (GO:0043229, 2.73E-03)
cytoplasmic region (GO:0099568, 4.00E-03)
neuron to neuron synapse (GO:0098984, 4.13E-03)
stress fiber (GO:0001725, 6.24E-03)
contractile actin filament bundle (GO:0097517, 6.24E-03)
ciliary plasm (GO:0097014, 7.89E-03)
actomyosin (GO:0042641, 7.89E-03)
axoneme (GO:0005930, 7.89E-03)
actin filament bundle (GO:0032432, 7.89E-03)
postsynaptic specialization, intracellular component (GO:0099091, 8.53E-03)
plasma membrane bounded cell projection cytoplasm (GO:0032838, 8.62E-03)
sperm flagellum (GO:0036126, 8.62E-03)
transferase complex, transferring phosphorus-containing groups (GO:0061695, 8.76E-03)
intracellular protein-containing complex (GO:0140535, 9.68E-03)
motile cilium (GO:0031514, 9.85E-03)"
set16,"transferase complex (GO:1990234, 6.21E-05)
catalytic complex (GO:1902494, 6.21E-05)
intracellular anatomical structure (GO:0005622, 1.07E-04)
organelle (GO:0043226, 6.35E-04)
ciliary basal body (GO:0036064, 1.42E-03)
postsynaptic density (GO:0014069, 2.15E-03)
intracellular organelle (GO:0043229, 2.75E-03)
synapse (GO:0045202, 2.75E-03)
asymmetric synapse (GO:0032279, 2.75E-03)
postsynaptic specialization (GO:0099572, 3.90E-03)
cytoplasmic region (GO:0099568, 4.02E-03)
neuron to neuron synapse (GO:0098984, 4.15E-03)
perinuclear region of cytoplasm (GO:0048471, 4.30E-03)
postsynapse (GO:0098794, 5.28E-03)
stress fiber (GO:0001725, 6.05E-03)
contractile actin filament bundle (GO:0097517, 6.05E-03)
ciliary plasm (GO:0097014, 7.69E-03)
actin filament bundle (GO:0032432, 7.69E-03)
axoneme (GO:0005930, 7.69E-03)
actomyosin (GO:0042641, 7.69E-03)
postsynaptic specialization, intracellular component (GO:0099091, 8.32E-03)
sperm flagellum (GO:0036126, 8.42E-03)
plasma membrane bounded cell projection cytoplasm (GO:0032838, 8.42E-03)
transferase complex, transferring phosphorus-containing groups (GO:0061695, 8.57E-03)
intracellular protein-containing complex (GO:0140535, 9.48E-03)
motile cilium (GO:0031514, 9.65E-03)","cilium (GO:0005929, 4.52E-06)
plasma membrane bounded cell projection (GO:0120025, 6.86E-06)
transferase complex (GO:1990234, 6.21E-05)
catalytic complex (GO:1902494, 6.21E-05)
intracellular anatomical structure (GO:0005622, 1.07E-04)
microtubule organizing center (GO:0005815, 5.61E-04)
organelle (GO:0043226, 6.35E-04)
ciliary basal body (GO:0036064, 1.42E-03)
intracellular organelle (GO:0043229, 2.75E-03)
cytoplasmic region (GO:0099568, 4.02E-03)
neuron to neuron synapse (GO:0098984, 4.15E-03)
perinuclear region of cytoplasm (GO:0048471, 4.30E-03)
stress fiber (GO:0001725, 6.05E-03)
contractile actin filament bundle (GO:0097517, 6.05E-03)
ciliary plasm (GO:0097014, 7.69E-03)
actin filament bundle (GO:0032432, 7.69E-03)
axoneme (GO:0005930, 7.69E-03)
actomyosin (GO:0042641, 7.69E-03)
postsynaptic specialization, intracellular component (GO:0099091, 8.32E-03)
sperm flagellum (GO:0036126, 8.42E-03)
plasma membrane bounded cell projection cytoplasm (GO:0032838, 8.42E-03)
transferase complex, transferring phosphorus-containing groups (GO:0061695, 8.57E-03)
intracellular protein-containing complex (GO:0140535, 9.48E-03)
motile cilium (GO:0031514, 9.65E-03)"
set17,"intracellular anatomical structure (GO:0005622, 3.55E-05)
transferase complex (GO:1990234, 8.30E-05)
catalytic complex (GO:1902494, 1.01E-04)
organelle (GO:0043226, 1.52E-04)
ciliary basal body (GO:0036064, 1.78E-04)
intracellular organelle (GO:0043229, 7.58E-04)
synapse (GO:0045202, 1.79E-03)
sperm flagellum (GO:0036126, 2.34E-03)
postsynaptic density (GO:0014069, 2.49E-03)
asymmetric synapse (GO:0032279, 3.33E-03)
motile cilium (GO:0031514, 3.33E-03)
9+2 motile cilium (GO:0097729, 3.50E-03)
postsynaptic specialization (GO:0099572, 4.64E-03)
cytoplasmic region (GO:0099568, 4.67E-03)
neuron to neuron synapse (GO:0098984, 5.01E-03)
postsynapse (GO:0098794, 6.96E-03)
contractile actin filament bundle (GO:0097517, 6.96E-03)
stress fiber (GO:0001725, 6.96E-03)
ciliary base (GO:0097546, 7.57E-03)
glutamatergic synapse (GO:0098978, 8.62E-03)
actin filament bundle (GO:0032432, 8.63E-03)
ciliary plasm (GO:0097014, 8.63E-03)
actomyosin (GO:0042641, 8.63E-03)
axoneme (GO:0005930, 8.63E-03)
postsynaptic specialization, intracellular component (GO:0099091, 8.76E-03)
sperm fibrous sheath (GO:0035686, 9.18E-03)
plasma membrane bounded cell projection cytoplasm (GO:0032838, 9.87E-03)","cilium (GO:0005929, 2.08E-07)
plasma membrane bounded cell projection (GO:0120025, 1.45E-06)
intracellular anatomical structure (GO:0005622, 3.55E-05)
microtubule organizing center (GO:0005815, 5.77E-05)
transferase complex (GO:1990234, 8.30E-05)
catalytic complex (GO:1902494, 1.01E-04)
organelle (GO:0043226, 1.52E-04)
ciliary basal body (GO:0036064, 1.78E-04)
intracellular organelle (GO:0043229, 7.58E-04)
sperm flagellum (GO:0036126, 2.34E-03)
motile cilium (GO:0031514, 3.33E-03)
9+2 motile cilium (GO:0097729, 3.50E-03)
cytoplasmic region (GO:0099568, 4.67E-03)
neuron to neuron synapse (GO:0098984, 5.01E-03)
contractile actin filament bundle (GO:0097517, 6.96E-03)
stress fiber (GO:0001725, 6.96E-03)
ciliary base (GO:0097546, 7.57E-03)
glutamatergic synapse (GO:0098978, 8.62E-03)
actin filament bundle (GO:0032432, 8.63E-03)
ciliary plasm (GO:0097014, 8.63E-03)
actomyosin (GO:0042641, 8.63E-03)
axoneme (GO:0005930, 8.63E-03)
postsynaptic specialization, intracellular component (GO:0099091, 8.76E-03)
sperm fibrous sheath (GO:0035686, 9.18E-03)
plasma membrane bounded cell projection cytoplasm (GO:0032838, 9.87E-03)"
