,set1,set2
set1,"cytoplasm (GO:0005737, 3.21E-09)
cytoskeleton (GO:0005856, 2.26E-07)
cell projection (GO:0042995, 2.80E-07)
plasma membrane bounded cell projection (GO:0120025, 4.72E-07)
cytosol (GO:0005829, 4.01E-06)
cilium (GO:0005929, 2.94E-05)
intracellular membraneless organelle (GO:0043232, 1.06E-04)
membraneless organelle (GO:0043228, 1.06E-04)
microtubule cytoskeleton (GO:0015630, 4.06E-04)
centrosome (GO:0005813, 5.37E-04)
cell junction (GO:0030054, 1.02E-03)
microtubule organizing center (GO:0005815, 1.36E-03)","cytoplasm (GO:0005737, 2.10E-04)
cytoskeleton (GO:0005856, 7.70E-04)
cell junction (GO:0030054, 7.70E-04)
membraneless organelle (GO:0043228, 6.47E-03)
microtubule cytoskeleton (GO:0015630, 6.47E-03)
centrosome (GO:0005813, 6.47E-03)
intracellular membraneless organelle (GO:0043232, 6.47E-03)
synapse (GO:0045202, 6.78E-03)
postsynaptic density (GO:0014069, 7.39E-03)
postsynapse (GO:0098794, 7.39E-03)
cytosol (GO:0005829, 7.57E-03)
asymmetric synapse (GO:0032279, 7.57E-03)
cell projection (GO:0042995, 7.67E-03)
postsynaptic specialization (GO:0099572, 8.35E-03)"
set2,"cytoplasm (GO:0005737, 3.21E-09)
cytoskeleton (GO:0005856, 2.26E-07)
cell projection (GO:0042995, 2.80E-07)
plasma membrane bounded cell projection (GO:0120025, 4.72E-07)
cytosol (GO:0005829, 4.01E-06)
cilium (GO:0005929, 2.94E-05)
intracellular membraneless organelle (GO:0043232, 1.06E-04)
membraneless organelle (GO:0043228, 1.06E-04)
microtubule cytoskeleton (GO:0015630, 4.06E-04)
cell junction (GO:0030054, 1.02E-03)
microtubule organizing center (GO:0005815, 1.36E-03)","cytoplasm (GO:0005737, 2.10E-04)
cytoskeleton (GO:0005856, 7.70E-04)
cell junction (GO:0030054, 7.70E-04)
membraneless organelle (GO:0043228, 6.47E-03)
microtubule cytoskeleton (GO:0015630, 6.47E-03)
intracellular membraneless organelle (GO:0043232, 6.47E-03)
synapse (GO:0045202, 6.78E-03)
postsynaptic density (GO:0014069, 7.39E-03)
postsynapse (GO:0098794, 7.39E-03)
cytosol (GO:0005829, 7.57E-03)
asymmetric synapse (GO:0032279, 7.57E-03)
cell projection (GO:0042995, 7.67E-03)
postsynaptic specialization (GO:0099572, 8.35E-03)"
set3,"cytoplasm (GO:0005737, 3.21E-09)
cytoskeleton (GO:0005856, 2.26E-07)
cell projection (GO:0042995, 2.80E-07)
plasma membrane bounded cell projection (GO:0120025, 4.72E-07)
cytosol (GO:0005829, 4.01E-06)
cilium (GO:0005929, 2.94E-05)
intracellular membraneless organelle (GO:0043232, 1.06E-04)
membraneless organelle (GO:0043228, 1.06E-04)
microtubule cytoskeleton (GO:0015630, 4.06E-04)
centrosome (GO:0005813, 5.37E-04)
cell junction (GO:0030054, 1.02E-03)
microtubule organizing center (GO:0005815, 1.36E-03)","cytoplasm (GO:0005737, 2.10E-04)
cytoskeleton (GO:0005856, 7.70E-04)
cell junction (GO:0030054, 7.70E-04)
membraneless organelle (GO:0043228, 6.47E-03)
microtubule cytoskeleton (GO:0015630, 6.47E-03)
centrosome (GO:0005813, 6.47E-03)
intracellular membraneless organelle (GO:0043232, 6.47E-03)
synapse (GO:0045202, 6.78E-03)
postsynaptic density (GO:0014069, 7.39E-03)
postsynapse (GO:0098794, 7.39E-03)
cytosol (GO:0005829, 7.57E-03)
asymmetric synapse (GO:0032279, 7.57E-03)
cell projection (GO:0042995, 7.67E-03)
postsynaptic specialization (GO:0099572, 8.35E-03)"
set4,"cytoplasm (GO:0005737, 3.21E-09)
cytoskeleton (GO:0005856, 2.26E-07)
cell projection (GO:0042995, 2.80E-07)
plasma membrane bounded cell projection (GO:0120025, 4.72E-07)
cytosol (GO:0005829, 4.01E-06)
cilium (GO:0005929, 2.94E-05)
intracellular membraneless organelle (GO:0043232, 1.06E-04)
membraneless organelle (GO:0043228, 1.06E-04)
microtubule cytoskeleton (GO:0015630, 4.06E-04)
centrosome (GO:0005813, 5.37E-04)
cell junction (GO:0030054, 1.02E-03)
microtubule organizing center (GO:0005815, 1.36E-03)","cytoplasm (GO:0005737, 2.10E-04)
cytoskeleton (GO:0005856, 7.70E-04)
cell junction (GO:0030054, 7.70E-04)
membraneless organelle (GO:0043228, 6.47E-03)
microtubule cytoskeleton (GO:0015630, 6.47E-03)
centrosome (GO:0005813, 6.47E-03)
intracellular membraneless organelle (GO:0043232, 6.47E-03)
synapse (GO:0045202, 6.78E-03)
postsynaptic density (GO:0014069, 7.39E-03)
postsynapse (GO:0098794, 7.39E-03)
cytosol (GO:0005829, 7.57E-03)
asymmetric synapse (GO:0032279, 7.57E-03)
cell projection (GO:0042995, 7.67E-03)
postsynaptic specialization (GO:0099572, 8.35E-03)"
set5,"cytoplasm (GO:0005737, 3.21E-09)
cytoskeleton (GO:0005856, 2.26E-07)
cell projection (GO:0042995, 2.80E-07)
plasma membrane bounded cell projection (GO:0120025, 4.72E-07)
cytosol (GO:0005829, 4.01E-06)
cilium (GO:0005929, 2.94E-05)
intracellular membraneless organelle (GO:0043232, 1.06E-04)
membraneless organelle (GO:0043228, 1.06E-04)
microtubule cytoskeleton (GO:0015630, 4.06E-04)
centrosome (GO:0005813, 5.37E-04)
cell junction (GO:0030054, 1.02E-03)
microtubule organizing center (GO:0005815, 1.36E-03)","cytoplasm (GO:0005737, 2.10E-04)
cytoskeleton (GO:0005856, 7.70E-04)
cell junction (GO:0030054, 7.70E-04)
membraneless organelle (GO:0043228, 6.47E-03)
microtubule cytoskeleton (GO:0015630, 6.47E-03)
centrosome (GO:0005813, 6.47E-03)
intracellular membraneless organelle (GO:0043232, 6.47E-03)
synapse (GO:0045202, 6.78E-03)
postsynaptic density (GO:0014069, 7.39E-03)
postsynapse (GO:0098794, 7.39E-03)
cytosol (GO:0005829, 7.57E-03)
asymmetric synapse (GO:0032279, 7.57E-03)
cell projection (GO:0042995, 7.67E-03)
postsynaptic specialization (GO:0099572, 8.35E-03)"
set6,"cytoplasm (GO:0005737, 3.21E-09)
cytoskeleton (GO:0005856, 2.26E-07)
cell projection (GO:0042995, 2.80E-07)
plasma membrane bounded cell projection (GO:0120025, 4.72E-07)
cytosol (GO:0005829, 4.01E-06)
cilium (GO:0005929, 2.94E-05)
intracellular membraneless organelle (GO:0043232, 1.06E-04)
membraneless organelle (GO:0043228, 1.06E-04)
microtubule cytoskeleton (GO:0015630, 4.06E-04)
centrosome (GO:0005813, 5.37E-04)
cell junction (GO:0030054, 1.02E-03)
microtubule organizing center (GO:0005815, 1.36E-03)","cytoplasm (GO:0005737, 2.10E-04)
cytoskeleton (GO:0005856, 7.70E-04)
cell junction (GO:0030054, 7.70E-04)
membraneless organelle (GO:0043228, 6.47E-03)
microtubule cytoskeleton (GO:0015630, 6.47E-03)
centrosome (GO:0005813, 6.47E-03)
intracellular membraneless organelle (GO:0043232, 6.47E-03)
synapse (GO:0045202, 6.78E-03)
postsynaptic density (GO:0014069, 7.39E-03)
postsynapse (GO:0098794, 7.39E-03)
cytosol (GO:0005829, 7.57E-03)
asymmetric synapse (GO:0032279, 7.57E-03)
cell projection (GO:0042995, 7.67E-03)
postsynaptic specialization (GO:0099572, 8.35E-03)"
set7,"cytoplasm (GO:0005737, 3.21E-09)
cytoskeleton (GO:0005856, 2.26E-07)
cell projection (GO:0042995, 2.80E-07)
plasma membrane bounded cell projection (GO:0120025, 4.72E-07)
cytosol (GO:0005829, 4.01E-06)
cilium (GO:0005929, 2.94E-05)
intracellular membraneless organelle (GO:0043232, 1.06E-04)
membraneless organelle (GO:0043228, 1.06E-04)
microtubule cytoskeleton (GO:0015630, 4.06E-04)
cell junction (GO:0030054, 1.02E-03)
microtubule organizing center (GO:0005815, 1.36E-03)","cytoplasm (GO:0005737, 2.10E-04)
cytoskeleton (GO:0005856, 7.70E-04)
cell junction (GO:0030054, 7.70E-04)
membraneless organelle (GO:0043228, 6.47E-03)
microtubule cytoskeleton (GO:0015630, 6.47E-03)
intracellular membraneless organelle (GO:0043232, 6.47E-03)
synapse (GO:0045202, 6.78E-03)
postsynaptic density (GO:0014069, 7.39E-03)
postsynapse (GO:0098794, 7.39E-03)
cytosol (GO:0005829, 7.57E-03)
asymmetric synapse (GO:0032279, 7.57E-03)
cell projection (GO:0042995, 7.67E-03)
postsynaptic specialization (GO:0099572, 8.35E-03)"
set8,"cytoplasm (GO:0005737, 3.21E-09)
cytoskeleton (GO:0005856, 2.26E-07)
cell projection (GO:0042995, 2.80E-07)
plasma membrane bounded cell projection (GO:0120025, 4.72E-07)
cytosol (GO:0005829, 4.01E-06)
cilium (GO:0005929, 2.94E-05)
intracellular membraneless organelle (GO:0043232, 1.06E-04)
membraneless organelle (GO:0043228, 1.06E-04)
microtubule cytoskeleton (GO:0015630, 4.06E-04)
centrosome (GO:0005813, 5.37E-04)
cell junction (GO:0030054, 1.02E-03)
microtubule organizing center (GO:0005815, 1.36E-03)","cytoplasm (GO:0005737, 2.10E-04)
cytoskeleton (GO:0005856, 7.70E-04)
cell junction (GO:0030054, 7.70E-04)
membraneless organelle (GO:0043228, 6.47E-03)
microtubule cytoskeleton (GO:0015630, 6.47E-03)
centrosome (GO:0005813, 6.47E-03)
intracellular membraneless organelle (GO:0043232, 6.47E-03)
synapse (GO:0045202, 6.78E-03)
postsynaptic density (GO:0014069, 7.39E-03)
postsynapse (GO:0098794, 7.39E-03)
cytosol (GO:0005829, 7.57E-03)
asymmetric synapse (GO:0032279, 7.57E-03)
cell projection (GO:0042995, 7.67E-03)
postsynaptic specialization (GO:0099572, 8.35E-03)"
set9,"cytoplasm (GO:0005737, 3.21E-09)
cytoskeleton (GO:0005856, 2.26E-07)
cell projection (GO:0042995, 2.80E-07)
plasma membrane bounded cell projection (GO:0120025, 4.72E-07)
cytosol (GO:0005829, 4.01E-06)
cilium (GO:0005929, 2.94E-05)
intracellular membraneless organelle (GO:0043232, 1.06E-04)
membraneless organelle (GO:0043228, 1.06E-04)
microtubule cytoskeleton (GO:0015630, 4.06E-04)
centrosome (GO:0005813, 5.37E-04)
cell junction (GO:0030054, 1.02E-03)
microtubule organizing center (GO:0005815, 1.36E-03)","cytoplasm (GO:0005737, 2.10E-04)
cytoskeleton (GO:0005856, 7.70E-04)
cell junction (GO:0030054, 7.70E-04)
membraneless organelle (GO:0043228, 6.47E-03)
microtubule cytoskeleton (GO:0015630, 6.47E-03)
centrosome (GO:0005813, 6.47E-03)
intracellular membraneless organelle (GO:0043232, 6.47E-03)
synapse (GO:0045202, 6.78E-03)
postsynaptic density (GO:0014069, 7.39E-03)
postsynapse (GO:0098794, 7.39E-03)
cytosol (GO:0005829, 7.57E-03)
asymmetric synapse (GO:0032279, 7.57E-03)
cell projection (GO:0042995, 7.67E-03)
postsynaptic specialization (GO:0099572, 8.35E-03)"
set10,"cytoplasm (GO:0005737, 3.21E-09)
cytoskeleton (GO:0005856, 2.26E-07)
cell projection (GO:0042995, 2.80E-07)
plasma membrane bounded cell projection (GO:0120025, 4.72E-07)
cytosol (GO:0005829, 4.01E-06)
cilium (GO:0005929, 2.94E-05)
intracellular membraneless organelle (GO:0043232, 1.06E-04)
membraneless organelle (GO:0043228, 1.06E-04)
microtubule cytoskeleton (GO:0015630, 4.06E-04)
centrosome (GO:0005813, 5.37E-04)
cell junction (GO:0030054, 1.02E-03)
microtubule organizing center (GO:0005815, 1.36E-03)","cytoplasm (GO:0005737, 2.10E-04)
cytoskeleton (GO:0005856, 7.70E-04)
cell junction (GO:0030054, 7.70E-04)
membraneless organelle (GO:0043228, 6.47E-03)
microtubule cytoskeleton (GO:0015630, 6.47E-03)
centrosome (GO:0005813, 6.47E-03)
intracellular membraneless organelle (GO:0043232, 6.47E-03)
synapse (GO:0045202, 6.78E-03)
postsynaptic density (GO:0014069, 7.39E-03)
postsynapse (GO:0098794, 7.39E-03)
cytosol (GO:0005829, 7.57E-03)
asymmetric synapse (GO:0032279, 7.57E-03)
cell projection (GO:0042995, 7.67E-03)
postsynaptic specialization (GO:0099572, 8.35E-03)"
set11,"cytoplasm (GO:0005737, 3.21E-09)
cytoskeleton (GO:0005856, 2.26E-07)
cell projection (GO:0042995, 2.80E-07)
plasma membrane bounded cell projection (GO:0120025, 4.72E-07)
cytosol (GO:0005829, 4.01E-06)
cilium (GO:0005929, 2.94E-05)
intracellular membraneless organelle (GO:0043232, 1.06E-04)
membraneless organelle (GO:0043228, 1.06E-04)
microtubule cytoskeleton (GO:0015630, 4.06E-04)
centrosome (GO:0005813, 5.37E-04)
cell junction (GO:0030054, 1.02E-03)
microtubule organizing center (GO:0005815, 1.36E-03)","cytoplasm (GO:0005737, 2.10E-04)
cytoskeleton (GO:0005856, 7.70E-04)
cell junction (GO:0030054, 7.70E-04)
membraneless organelle (GO:0043228, 6.47E-03)
microtubule cytoskeleton (GO:0015630, 6.47E-03)
centrosome (GO:0005813, 6.47E-03)
intracellular membraneless organelle (GO:0043232, 6.47E-03)
synapse (GO:0045202, 6.78E-03)
postsynaptic density (GO:0014069, 7.39E-03)
postsynapse (GO:0098794, 7.39E-03)
cytosol (GO:0005829, 7.57E-03)
asymmetric synapse (GO:0032279, 7.57E-03)
cell projection (GO:0042995, 7.67E-03)
postsynaptic specialization (GO:0099572, 8.35E-03)"
set12,"cytoplasm (GO:0005737, 3.21E-09)
cytoskeleton (GO:0005856, 2.26E-07)
cell projection (GO:0042995, 2.80E-07)
plasma membrane bounded cell projection (GO:0120025, 4.72E-07)
cytosol (GO:0005829, 4.01E-06)
cilium (GO:0005929, 2.94E-05)
intracellular membraneless organelle (GO:0043232, 1.06E-04)
membraneless organelle (GO:0043228, 1.06E-04)
microtubule cytoskeleton (GO:0015630, 4.06E-04)
centrosome (GO:0005813, 5.37E-04)
cell junction (GO:0030054, 1.02E-03)
microtubule organizing center (GO:0005815, 1.36E-03)","cytoplasm (GO:0005737, 2.10E-04)
cytoskeleton (GO:0005856, 7.70E-04)
cell junction (GO:0030054, 7.70E-04)
membraneless organelle (GO:0043228, 6.47E-03)
microtubule cytoskeleton (GO:0015630, 6.47E-03)
centrosome (GO:0005813, 6.47E-03)
intracellular membraneless organelle (GO:0043232, 6.47E-03)
synapse (GO:0045202, 6.78E-03)
postsynaptic density (GO:0014069, 7.39E-03)
postsynapse (GO:0098794, 7.39E-03)
cytosol (GO:0005829, 7.57E-03)
asymmetric synapse (GO:0032279, 7.57E-03)
cell projection (GO:0042995, 7.67E-03)
postsynaptic specialization (GO:0099572, 8.35E-03)"
set13,"cytoplasm (GO:0005737, 3.21E-09)
cytoskeleton (GO:0005856, 2.26E-07)
cell projection (GO:0042995, 2.80E-07)
plasma membrane bounded cell projection (GO:0120025, 4.72E-07)
cytosol (GO:0005829, 4.01E-06)
cilium (GO:0005929, 2.94E-05)
intracellular membraneless organelle (GO:0043232, 1.06E-04)
membraneless organelle (GO:0043228, 1.06E-04)
microtubule cytoskeleton (GO:0015630, 4.06E-04)
centrosome (GO:0005813, 5.37E-04)
cell junction (GO:0030054, 1.02E-03)
microtubule organizing center (GO:0005815, 1.36E-03)","cytoplasm (GO:0005737, 2.10E-04)
cytoskeleton (GO:0005856, 7.70E-04)
cell junction (GO:0030054, 7.70E-04)
membraneless organelle (GO:0043228, 6.47E-03)
microtubule cytoskeleton (GO:0015630, 6.47E-03)
centrosome (GO:0005813, 6.47E-03)
intracellular membraneless organelle (GO:0043232, 6.47E-03)
synapse (GO:0045202, 6.78E-03)
postsynaptic density (GO:0014069, 7.39E-03)
cytosol (GO:0005829, 7.57E-03)
cell projection (GO:0042995, 7.67E-03)"
set14,"cytoplasm (GO:0005737, 3.21E-09)
cytoskeleton (GO:0005856, 2.26E-07)
cell projection (GO:0042995, 2.80E-07)
plasma membrane bounded cell projection (GO:0120025, 4.72E-07)
cytosol (GO:0005829, 4.01E-06)
cilium (GO:0005929, 2.94E-05)
intracellular membraneless organelle (GO:0043232, 1.06E-04)
membraneless organelle (GO:0043228, 1.06E-04)
microtubule cytoskeleton (GO:0015630, 4.06E-04)
centrosome (GO:0005813, 5.37E-04)
cell junction (GO:0030054, 1.02E-03)
microtubule organizing center (GO:0005815, 1.36E-03)","cytoplasm (GO:0005737, 2.10E-04)
cytoskeleton (GO:0005856, 7.70E-04)
cell junction (GO:0030054, 7.70E-04)
membraneless organelle (GO:0043228, 6.47E-03)
microtubule cytoskeleton (GO:0015630, 6.47E-03)
centrosome (GO:0005813, 6.47E-03)
intracellular membraneless organelle (GO:0043232, 6.47E-03)
synapse (GO:0045202, 6.78E-03)
postsynaptic density (GO:0014069, 7.39E-03)
postsynapse (GO:0098794, 7.39E-03)
cytosol (GO:0005829, 7.57E-03)
asymmetric synapse (GO:0032279, 7.57E-03)
cell projection (GO:0042995, 7.67E-03)
postsynaptic specialization (GO:0099572, 8.35E-03)"
set15,"cytoplasm (GO:0005737, 3.21E-09)
cytoskeleton (GO:0005856, 2.26E-07)
cell projection (GO:0042995, 2.80E-07)
plasma membrane bounded cell projection (GO:0120025, 4.72E-07)
cytosol (GO:0005829, 4.01E-06)
cilium (GO:0005929, 2.94E-05)
intracellular membraneless organelle (GO:0043232, 1.06E-04)
membraneless organelle (GO:0043228, 1.06E-04)
microtubule cytoskeleton (GO:0015630, 4.06E-04)
centrosome (GO:0005813, 5.37E-04)
cell junction (GO:0030054, 1.02E-03)
microtubule organizing center (GO:0005815, 1.36E-03)","cytoplasm (GO:0005737, 2.10E-04)
cytoskeleton (GO:0005856, 7.70E-04)
cell junction (GO:0030054, 7.70E-04)
membraneless organelle (GO:0043228, 6.47E-03)
microtubule cytoskeleton (GO:0015630, 6.47E-03)
centrosome (GO:0005813, 6.47E-03)
intracellular membraneless organelle (GO:0043232, 6.47E-03)
synapse (GO:0045202, 6.78E-03)
postsynaptic density (GO:0014069, 7.39E-03)
postsynapse (GO:0098794, 7.39E-03)
cytosol (GO:0005829, 7.57E-03)
asymmetric synapse (GO:0032279, 7.57E-03)
cell projection (GO:0042995, 7.67E-03)
postsynaptic specialization (GO:0099572, 8.35E-03)"
set16,"cytoplasm (GO:0005737, 3.21E-09)
cytoskeleton (GO:0005856, 2.26E-07)
cell projection (GO:0042995, 2.80E-07)
plasma membrane bounded cell projection (GO:0120025, 4.72E-07)
cytosol (GO:0005829, 4.01E-06)
cilium (GO:0005929, 2.94E-05)
intracellular membraneless organelle (GO:0043232, 1.06E-04)
membraneless organelle (GO:0043228, 1.06E-04)
microtubule cytoskeleton (GO:0015630, 4.06E-04)
centrosome (GO:0005813, 5.37E-04)
cell junction (GO:0030054, 1.02E-03)
microtubule organizing center (GO:0005815, 1.36E-03)","cytoplasm (GO:0005737, 2.10E-04)
cytoskeleton (GO:0005856, 7.70E-04)
cell junction (GO:0030054, 7.70E-04)
membraneless organelle (GO:0043228, 6.47E-03)
microtubule cytoskeleton (GO:0015630, 6.47E-03)
centrosome (GO:0005813, 6.47E-03)
intracellular membraneless organelle (GO:0043232, 6.47E-03)
synapse (GO:0045202, 6.78E-03)
postsynaptic density (GO:0014069, 7.39E-03)
postsynapse (GO:0098794, 7.39E-03)
cytosol (GO:0005829, 7.57E-03)
asymmetric synapse (GO:0032279, 7.57E-03)
cell projection (GO:0042995, 7.67E-03)
postsynaptic specialization (GO:0099572, 8.35E-03)"
set17,"cytoplasm (GO:0005737, 3.21E-09)
cytoskeleton (GO:0005856, 2.26E-07)
cell projection (GO:0042995, 2.80E-07)
plasma membrane bounded cell projection (GO:0120025, 4.72E-07)
cytosol (GO:0005829, 4.01E-06)
cilium (GO:0005929, 2.94E-05)
intracellular membraneless organelle (GO:0043232, 1.06E-04)
membraneless organelle (GO:0043228, 1.06E-04)
microtubule cytoskeleton (GO:0015630, 4.06E-04)
centrosome (GO:0005813, 5.37E-04)
cell junction (GO:0030054, 1.02E-03)
microtubule organizing center (GO:0005815, 1.36E-03)","cytoplasm (GO:0005737, 2.10E-04)
cytoskeleton (GO:0005856, 7.70E-04)
cell junction (GO:0030054, 7.70E-04)
membraneless organelle (GO:0043228, 6.47E-03)
microtubule cytoskeleton (GO:0015630, 6.47E-03)
centrosome (GO:0005813, 6.47E-03)
intracellular membraneless organelle (GO:0043232, 6.47E-03)
synapse (GO:0045202, 6.78E-03)
postsynaptic density (GO:0014069, 7.39E-03)
postsynapse (GO:0098794, 7.39E-03)
cytosol (GO:0005829, 7.57E-03)
asymmetric synapse (GO:0032279, 7.57E-03)
cell projection (GO:0042995, 7.67E-03)
postsynaptic specialization (GO:0099572, 8.35E-03)"
