,set1,set2
set1,"protein binding (GO:0005515, 4.49E-06)",
set2,"protein binding (GO:0005515, 4.49E-06)",
set3,"protein binding (GO:0005515, 4.49E-06)",
set4,"protein binding (GO:0005515, 4.49E-06)",
set5,"protein binding (GO:0005515, 4.49E-06)",
set6,"protein binding (GO:0005515, 4.49E-06)",
set7,"protein binding (GO:0005515, 4.49E-06)",
set8,"protein binding (GO:0005515, 4.49E-06)",
set9,"protein binding (GO:0005515, 4.49E-06)",
set10,"protein binding (GO:0005515, 4.49E-06)",
set11,"protein binding (GO:0005515, 4.49E-06)",
set12,"protein binding (GO:0005515, 4.49E-06)",
set13,"protein binding (GO:0005515, 4.49E-06)",
set14,,
set15,"protein binding (GO:0005515, 4.49E-06)",
set16,"protein binding (GO:0005515, 4.49E-06)",
set17,"protein binding (GO:0005515, 4.49E-06)",
