,set1(multi),set2(#ZNF793-AS1)
"set1(#1600010M07Rik, #1700020G17Rik)","Factor: WT1; motif: CGCCCCCNCN (TF:M02036, 3.94E-05)
Factor: ZF5; motif: NRNGNGCGCGCWN; match class: 1 (TF:M00333_1, 5.52E-04)
Factor: ZF5; motif: GSGCGCGR; match class: 1 (TF:M00716_1, 8.52E-04)
Factor: SP2; motif: GNNGGGGGCGGGGSN; match class: 1 (TF:M03807_1, 1.57E-03)
Factor: AP-2beta; motif: GCNNNGGSCNGVGGGN (TF:M01858, 1.69E-03)
Factor: ATF-1; motif: NNNTGACGTNNN (TF:M07034, 1.92E-03)
Factor: Egr-1; motif: GCGGGGGCGG (TF:M07354, 2.05E-03)
Factor: RNF96; motif: BCCCGCRGCC; match class: 1 (TF:M01199_1, 2.77E-03)
Factor: RNF96; motif: BCCCGCRGCC (TF:M01199, 3.48E-03)
Factor: Sp1; motif: NGGGGCGGGGN; match class: 1 (TF:M07395_1, 3.53E-03)
Factor: Sp1; motif: NNGGGGCGGGGNN; match class: 1 (TF:M00932_1, 6.13E-03)
Factor: ATF-1; motif: TNACGTCAN (TF:M01861, 6.84E-03)
Factor: AP-2; motif: GSCCSCRGGCNRNRNN; match class: 1 (TF:M00800_1, 7.03E-03)
Factor: Sp1; motif: GGGGCGGGGC; match class: 1 (TF:M00931_1, 7.25E-03)
Factor: Sp1; motif: NGGGGGCGGGGYN; match class: 1 (TF:M00196_1, 7.64E-03)
Factor: Sp2; motif: NYSGCCCCGCCCCCY; match class: 1 (TF:M03567_1, 7.76E-03)
Factor: AP-2alpha; motif: NGCCYSNNGSN (TF:M01857, 7.85E-03)
Factor: Osx; motif: CCNCCCCCNNN (TF:M07329, 9.26E-03)",
"set2(#Gm14091, #1700001G01Rik)","Factor: WT1; motif: CGCCCCCNCN (TF:M02036, 3.94E-05)
Factor: ZF5; motif: NRNGNGCGCGCWN; match class: 1 (TF:M00333_1, 5.52E-04)
Factor: ZF5; motif: GSGCGCGR; match class: 1 (TF:M00716_1, 8.52E-04)
Factor: SP2; motif: GNNGGGGGCGGGGSN; match class: 1 (TF:M03807_1, 1.57E-03)
Factor: AP-2beta; motif: GCNNNGGSCNGVGGGN (TF:M01858, 1.69E-03)
Factor: ATF-1; motif: NNNTGACGTNNN (TF:M07034, 1.92E-03)
Factor: Egr-1; motif: GCGGGGGCGG (TF:M07354, 2.05E-03)
Factor: RNF96; motif: BCCCGCRGCC; match class: 1 (TF:M01199_1, 2.77E-03)
Factor: RNF96; motif: BCCCGCRGCC (TF:M01199, 3.48E-03)
Factor: Sp1; motif: NGGGGCGGGGN; match class: 1 (TF:M07395_1, 3.53E-03)
Factor: Sp1; motif: NNGGGGCGGGGNN; match class: 1 (TF:M00932_1, 6.13E-03)
Factor: ATF-1; motif: TNACGTCAN (TF:M01861, 6.84E-03)
Factor: AP-2; motif: GSCCSCRGGCNRNRNN; match class: 1 (TF:M00800_1, 7.03E-03)
Factor: Sp1; motif: GGGGCGGGGC; match class: 1 (TF:M00931_1, 7.25E-03)
Factor: Sp1; motif: NGGGGGCGGGGYN; match class: 1 (TF:M00196_1, 7.64E-03)
Factor: Sp2; motif: NYSGCCCCGCCCCCY; match class: 1 (TF:M03567_1, 7.76E-03)
Factor: AP-2alpha; motif: NGCCYSNNGSN (TF:M01857, 7.85E-03)
Factor: Osx; motif: CCNCCCCCNNN (TF:M07329, 9.26E-03)",
set3(multi),"Factor: WT1; motif: CGCCCCCNCN (TF:M02036, 3.94E-05)
Factor: ZF5; motif: NRNGNGCGCGCWN; match class: 1 (TF:M00333_1, 5.52E-04)
Factor: ZF5; motif: GSGCGCGR; match class: 1 (TF:M00716_1, 8.52E-04)
Factor: Egr-1; motif: GCGGGGGCGG (TF:M01873, 1.18E-03)
Factor: SP2; motif: GNNGGGGGCGGGGSN; match class: 1 (TF:M03807_1, 1.57E-03)
Factor: AP-2beta; motif: GCNNNGGSCNGVGGGN (TF:M01858, 1.69E-03)
Factor: ATF-1; motif: NNNTGACGTNNN (TF:M07034, 1.92E-03)
Factor: Egr-1; motif: GCGGGGGCGG (TF:M07354, 2.05E-03)
Factor: RNF96; motif: BCCCGCRGCC; match class: 1 (TF:M01199_1, 2.77E-03)
Factor: RNF96; motif: BCCCGCRGCC (TF:M01199, 3.48E-03)
Factor: Sp1; motif: NGGGGCGGGGN; match class: 1 (TF:M07395_1, 3.53E-03)
Factor: Sp1; motif: NNGGGGCGGGGNN; match class: 1 (TF:M00932_1, 6.13E-03)
Factor: ATF-1; motif: TNACGTCAN (TF:M01861, 6.84E-03)
Factor: AP-2; motif: GSCCSCRGGCNRNRNN; match class: 1 (TF:M00800_1, 7.03E-03)
Factor: Sp1; motif: GGGGCGGGGC; match class: 1 (TF:M00931_1, 7.25E-03)
Factor: Sp1; motif: NGGGGGCGGGGYN; match class: 1 (TF:M00196_1, 7.64E-03)
Factor: Sp2; motif: NYSGCCCCGCCCCCY; match class: 1 (TF:M03567_1, 7.76E-03)
Factor: AP-2alpha; motif: NGCCYSNNGSN (TF:M01857, 7.85E-03)
Factor: Osx; motif: CCNCCCCCNNN (TF:M07329, 9.26E-03)",
set4(multi),"Factor: WT1; motif: CGCCCCCNCN (TF:M02036, 3.94E-05)
Factor: ZF5; motif: NRNGNGCGCGCWN; match class: 1 (TF:M00333_1, 5.52E-04)
Factor: ZF5; motif: GSGCGCGR; match class: 1 (TF:M00716_1, 8.52E-04)
Factor: Egr-1; motif: GCGGGGGCGG (TF:M01873, 1.18E-03)
Factor: SP2; motif: GNNGGGGGCGGGGSN; match class: 1 (TF:M03807_1, 1.57E-03)
Factor: AP-2beta; motif: GCNNNGGSCNGVGGGN (TF:M01858, 1.69E-03)
Factor: ATF-1; motif: NNNTGACGTNNN (TF:M07034, 1.92E-03)
Factor: Egr-1; motif: GCGGGGGCGG (TF:M07354, 2.05E-03)
Factor: RNF96; motif: BCCCGCRGCC; match class: 1 (TF:M01199_1, 2.77E-03)
Factor: RNF96; motif: BCCCGCRGCC (TF:M01199, 3.48E-03)
Factor: Sp1; motif: NGGGGCGGGGN; match class: 1 (TF:M07395_1, 3.53E-03)
Factor: Sp1; motif: NNGGGGCGGGGNN; match class: 1 (TF:M00932_1, 6.13E-03)
Factor: ATF-1; motif: TNACGTCAN (TF:M01861, 6.84E-03)
Factor: AP-2; motif: GSCCSCRGGCNRNRNN; match class: 1 (TF:M00800_1, 7.03E-03)
Factor: Sp1; motif: GGGGCGGGGC; match class: 1 (TF:M00931_1, 7.25E-03)
Factor: Sp1; motif: NGGGGGCGGGGYN; match class: 1 (TF:M00196_1, 7.64E-03)
Factor: Sp2; motif: NYSGCCCCGCCCCCY; match class: 1 (TF:M03567_1, 7.76E-03)
Factor: AP-2alpha; motif: NGCCYSNNGSN (TF:M01857, 7.85E-03)
Factor: Osx; motif: CCNCCCCCNNN (TF:M07329, 9.26E-03)",
set5(#4930509J09Rik),"Factor: WT1; motif: CGCCCCCNCN (TF:M02036, 3.94E-05)
Factor: ZF5; motif: NRNGNGCGCGCWN; match class: 1 (TF:M00333_1, 5.52E-04)
Factor: ZF5; motif: GSGCGCGR; match class: 1 (TF:M00716_1, 8.52E-04)
Factor: Egr-1; motif: GCGGGGGCGG (TF:M01873, 1.18E-03)
Factor: SP2; motif: GNNGGGGGCGGGGSN; match class: 1 (TF:M03807_1, 1.57E-03)
Factor: AP-2beta; motif: GCNNNGGSCNGVGGGN (TF:M01858, 1.69E-03)
Factor: ATF-1; motif: NNNTGACGTNNN (TF:M07034, 1.92E-03)
Factor: Egr-1; motif: GCGGGGGCGG (TF:M07354, 2.05E-03)
Factor: RNF96; motif: BCCCGCRGCC; match class: 1 (TF:M01199_1, 2.77E-03)
Factor: RNF96; motif: BCCCGCRGCC (TF:M01199, 3.48E-03)
Factor: Sp1; motif: NGGGGCGGGGN; match class: 1 (TF:M07395_1, 3.53E-03)
Factor: Sp1; motif: NNGGGGCGGGGNN; match class: 1 (TF:M00932_1, 6.13E-03)
Factor: ATF-1; motif: TNACGTCAN (TF:M01861, 6.84E-03)
Factor: AP-2; motif: GSCCSCRGGCNRNRNN; match class: 1 (TF:M00800_1, 7.03E-03)
Factor: Sp1; motif: GGGGCGGGGC; match class: 1 (TF:M00931_1, 7.25E-03)
Factor: Sp1; motif: NGGGGGCGGGGYN; match class: 1 (TF:M00196_1, 7.64E-03)
Factor: Sp2; motif: NYSGCCCCGCCCCCY; match class: 1 (TF:M03567_1, 7.76E-03)
Factor: AP-2alpha; motif: NGCCYSNNGSN (TF:M01857, 7.85E-03)
Factor: Osx; motif: CCNCCCCCNNN (TF:M07329, 9.26E-03)",
set6(#4930557F10Rik),"Factor: WT1; motif: CGCCCCCNCN (TF:M02036, 3.94E-05)
Factor: ZF5; motif: GSGCGCGR; match class: 1 (TF:M00716_1, 8.52E-04)
Factor: SP2; motif: GNNGGGGGCGGGGSN; match class: 1 (TF:M03807_1, 1.57E-03)
Factor: AP-2beta; motif: GCNNNGGSCNGVGGGN (TF:M01858, 1.69E-03)
Factor: ATF-1; motif: NNNTGACGTNNN (TF:M07034, 1.92E-03)
Factor: Egr-1; motif: GCGGGGGCGG (TF:M07354, 2.05E-03)
Factor: RNF96; motif: BCCCGCRGCC; match class: 1 (TF:M01199_1, 2.77E-03)
Factor: RNF96; motif: BCCCGCRGCC (TF:M01199, 3.48E-03)
Factor: Sp1; motif: NGGGGCGGGGN; match class: 1 (TF:M07395_1, 3.53E-03)
Factor: Sp1; motif: NNGGGGCGGGGNN; match class: 1 (TF:M00932_1, 6.13E-03)
Factor: ATF-1; motif: TNACGTCAN (TF:M01861, 6.84E-03)
Factor: AP-2; motif: GSCCSCRGGCNRNRNN; match class: 1 (TF:M00800_1, 7.03E-03)
Factor: Sp1; motif: GGGGCGGGGC; match class: 1 (TF:M00931_1, 7.25E-03)
Factor: Sp2; motif: NYSGCCCCGCCCCCY; match class: 1 (TF:M03567_1, 7.76E-03)
Factor: AP-2alpha; motif: NGCCYSNNGSN (TF:M01857, 7.85E-03)
Factor: Osx; motif: CCNCCCCCNNN (TF:M07329, 9.26E-03)",
"set7(#4930586N03Rik, #Gm44145)","Factor: WT1; motif: CGCCCCCNCN (TF:M02036, 3.94E-05)
Factor: ZF5; motif: NRNGNGCGCGCWN; match class: 1 (TF:M00333_1, 5.52E-04)
Factor: ZF5; motif: GSGCGCGR; match class: 1 (TF:M00716_1, 8.52E-04)
Factor: SP2; motif: GNNGGGGGCGGGGSN; match class: 1 (TF:M03807_1, 1.57E-03)
Factor: AP-2beta; motif: GCNNNGGSCNGVGGGN (TF:M01858, 1.69E-03)
Factor: ATF-1; motif: NNNTGACGTNNN (TF:M07034, 1.92E-03)
Factor: Egr-1; motif: GCGGGGGCGG (TF:M07354, 2.05E-03)
Factor: RNF96; motif: BCCCGCRGCC; match class: 1 (TF:M01199_1, 2.77E-03)
Factor: RNF96; motif: BCCCGCRGCC (TF:M01199, 3.48E-03)
Factor: Sp1; motif: NGGGGCGGGGN; match class: 1 (TF:M07395_1, 3.53E-03)
Factor: Sp1; motif: NNGGGGCGGGGNN; match class: 1 (TF:M00932_1, 6.13E-03)
Factor: ATF-1; motif: TNACGTCAN (TF:M01861, 6.84E-03)
Factor: AP-2; motif: GSCCSCRGGCNRNRNN; match class: 1 (TF:M00800_1, 7.03E-03)
Factor: Sp1; motif: GGGGCGGGGC; match class: 1 (TF:M00931_1, 7.25E-03)
Factor: Sp1; motif: NGGGGGCGGGGYN; match class: 1 (TF:M00196_1, 7.64E-03)
Factor: Sp2; motif: NYSGCCCCGCCCCCY; match class: 1 (TF:M03567_1, 7.76E-03)
Factor: AP-2alpha; motif: NGCCYSNNGSN (TF:M01857, 7.85E-03)
Factor: Osx; motif: CCNCCCCCNNN (TF:M07329, 9.26E-03)",
set8(#5033403H07Rik),"Factor: WT1; motif: CGCCCCCNCN (TF:M02036, 3.94E-05)
Factor: ZF5; motif: GSGCGCGR; match class: 1 (TF:M00716_1, 8.52E-04)
Factor: Egr-1; motif: GCGGGGGCGG (TF:M01873, 1.18E-03)
Factor: SP2; motif: GNNGGGGGCGGGGSN; match class: 1 (TF:M03807_1, 1.57E-03)
Factor: AP-2beta; motif: GCNNNGGSCNGVGGGN (TF:M01858, 1.69E-03)
Factor: ATF-1; motif: NNNTGACGTNNN (TF:M07034, 1.92E-03)
Factor: Egr-1; motif: GCGGGGGCGG (TF:M07354, 2.05E-03)
Factor: RNF96; motif: BCCCGCRGCC; match class: 1 (TF:M01199_1, 2.77E-03)
Factor: RNF96; motif: BCCCGCRGCC (TF:M01199, 3.48E-03)
Factor: Sp1; motif: NGGGGCGGGGN; match class: 1 (TF:M07395_1, 3.53E-03)
Factor: Sp1; motif: NNGGGGCGGGGNN; match class: 1 (TF:M00932_1, 6.13E-03)
Factor: ATF-1; motif: TNACGTCAN (TF:M01861, 6.84E-03)
Factor: AP-2; motif: GSCCSCRGGCNRNRNN; match class: 1 (TF:M00800_1, 7.03E-03)
Factor: Sp1; motif: GGGGCGGGGC; match class: 1 (TF:M00931_1, 7.25E-03)
Factor: Sp1; motif: NGGGGGCGGGGYN; match class: 1 (TF:M00196_1, 7.64E-03)
Factor: Sp2; motif: NYSGCCCCGCCCCCY; match class: 1 (TF:M03567_1, 7.76E-03)
Factor: AP-2alpha; motif: NGCCYSNNGSN (TF:M01857, 7.85E-03)
Factor: Osx; motif: CCNCCCCCNNN (TF:M07329, 9.26E-03)",
set9(#Gm14009),"Factor: WT1; motif: CGCCCCCNCN (TF:M02036, 3.94E-05)
Factor: ZF5; motif: NRNGNGCGCGCWN; match class: 1 (TF:M00333_1, 5.52E-04)
Factor: ZF5; motif: GSGCGCGR; match class: 1 (TF:M00716_1, 8.52E-04)
Factor: Egr-1; motif: GCGGGGGCGG (TF:M01873, 1.18E-03)
Factor: SP2; motif: GNNGGGGGCGGGGSN; match class: 1 (TF:M03807_1, 1.57E-03)
Factor: AP-2beta; motif: GCNNNGGSCNGVGGGN (TF:M01858, 1.69E-03)
Factor: ATF-1; motif: NNNTGACGTNNN (TF:M07034, 1.92E-03)
Factor: Egr-1; motif: GCGGGGGCGG (TF:M07354, 2.05E-03)
Factor: RNF96; motif: BCCCGCRGCC; match class: 1 (TF:M01199_1, 2.77E-03)
Factor: WT1; motif: CGCCCCCNCN; match class: 1 (TF:M02036_1, 2.98E-03)
Factor: RNF96; motif: BCCCGCRGCC (TF:M01199, 3.48E-03)
Factor: Sp1; motif: NGGGGCGGGGN; match class: 1 (TF:M07395_1, 3.53E-03)
Factor: Sp1; motif: NNGGGGCGGGGNN; match class: 1 (TF:M00932_1, 6.13E-03)
Factor: ATF-1; motif: TNACGTCAN (TF:M01861, 6.84E-03)
Factor: AP-2; motif: GSCCSCRGGCNRNRNN; match class: 1 (TF:M00800_1, 7.03E-03)
Factor: Sp1; motif: GGGGCGGGGC; match class: 1 (TF:M00931_1, 7.25E-03)
Factor: Sp1; motif: NGGGGGCGGGGYN; match class: 1 (TF:M00196_1, 7.64E-03)
Factor: Sp2; motif: NYSGCCCCGCCCCCY; match class: 1 (TF:M03567_1, 7.76E-03)
Factor: AP-2alpha; motif: NGCCYSNNGSN (TF:M01857, 7.85E-03)
Factor: Osx; motif: CCNCCCCCNNN (TF:M07329, 9.26E-03)",
set10(#Gm26551),"Factor: WT1; motif: CGCCCCCNCN (TF:M02036, 3.94E-05)
Factor: ZF5; motif: NRNGNGCGCGCWN; match class: 1 (TF:M00333_1, 5.52E-04)
Factor: ZF5; motif: GSGCGCGR; match class: 1 (TF:M00716_1, 8.52E-04)
Factor: SP2; motif: GNNGGGGGCGGGGSN; match class: 1 (TF:M03807_1, 1.57E-03)
Factor: AP-2beta; motif: GCNNNGGSCNGVGGGN (TF:M01858, 1.69E-03)
Factor: ATF-1; motif: NNNTGACGTNNN (TF:M07034, 1.92E-03)
Factor: Egr-1; motif: GCGGGGGCGG (TF:M07354, 2.05E-03)
Factor: RNF96; motif: BCCCGCRGCC; match class: 1 (TF:M01199_1, 2.77E-03)
Factor: RNF96; motif: BCCCGCRGCC (TF:M01199, 3.48E-03)
Factor: Sp1; motif: NGGGGCGGGGN; match class: 1 (TF:M07395_1, 3.53E-03)
Factor: Sp1; motif: NNGGGGCGGGGNN; match class: 1 (TF:M00932_1, 6.13E-03)
Factor: ATF-1; motif: TNACGTCAN (TF:M01861, 6.84E-03)
Factor: AP-2; motif: GSCCSCRGGCNRNRNN; match class: 1 (TF:M00800_1, 7.03E-03)
Factor: Sp1; motif: GGGGCGGGGC; match class: 1 (TF:M00931_1, 7.25E-03)
Factor: Sp1; motif: NGGGGGCGGGGYN; match class: 1 (TF:M00196_1, 7.64E-03)
Factor: Sp2; motif: NYSGCCCCGCCCCCY; match class: 1 (TF:M03567_1, 7.76E-03)
Factor: AP-2alpha; motif: NGCCYSNNGSN (TF:M01857, 7.85E-03)
Factor: Osx; motif: CCNCCCCCNNN (TF:M07329, 9.26E-03)",
set11(#Gm29865),"Factor: WT1; motif: CGCCCCCNCN (TF:M02036, 3.94E-05)
Factor: ZF5; motif: NRNGNGCGCGCWN; match class: 1 (TF:M00333_1, 5.52E-04)
Factor: ZF5; motif: GSGCGCGR; match class: 1 (TF:M00716_1, 8.52E-04)
Factor: SP2; motif: GNNGGGGGCGGGGSN; match class: 1 (TF:M03807_1, 1.57E-03)
Factor: AP-2beta; motif: GCNNNGGSCNGVGGGN (TF:M01858, 1.69E-03)
Factor: ATF-1; motif: NNNTGACGTNNN (TF:M07034, 1.92E-03)
Factor: Egr-1; motif: GCGGGGGCGG (TF:M07354, 2.05E-03)
Factor: RNF96; motif: BCCCGCRGCC; match class: 1 (TF:M01199_1, 2.77E-03)
Factor: RNF96; motif: BCCCGCRGCC (TF:M01199, 3.48E-03)
Factor: Sp1; motif: NGGGGCGGGGN; match class: 1 (TF:M07395_1, 3.53E-03)
Factor: Sp1; motif: NNGGGGCGGGGNN; match class: 1 (TF:M00932_1, 6.13E-03)
Factor: ATF-1; motif: TNACGTCAN (TF:M01861, 6.84E-03)
Factor: AP-2; motif: GSCCSCRGGCNRNRNN; match class: 1 (TF:M00800_1, 7.03E-03)
Factor: Sp1; motif: GGGGCGGGGC; match class: 1 (TF:M00931_1, 7.25E-03)
Factor: Sp1; motif: NGGGGGCGGGGYN; match class: 1 (TF:M00196_1, 7.64E-03)
Factor: Sp2; motif: NYSGCCCCGCCCCCY; match class: 1 (TF:M03567_1, 7.76E-03)
Factor: AP-2alpha; motif: NGCCYSNNGSN (TF:M01857, 7.85E-03)
Factor: Osx; motif: CCNCCCCCNNN (TF:M07329, 9.26E-03)",
set12(#Gm37982),"Factor: WT1; motif: CGCCCCCNCN (TF:M02036, 3.94E-05)
Factor: ZF5; motif: NRNGNGCGCGCWN; match class: 1 (TF:M00333_1, 5.52E-04)
Factor: ZF5; motif: GSGCGCGR; match class: 1 (TF:M00716_1, 8.52E-04)
Factor: SP2; motif: GNNGGGGGCGGGGSN; match class: 1 (TF:M03807_1, 1.57E-03)
Factor: AP-2beta; motif: GCNNNGGSCNGVGGGN (TF:M01858, 1.69E-03)
Factor: ATF-1; motif: NNNTGACGTNNN (TF:M07034, 1.92E-03)
Factor: Egr-1; motif: GCGGGGGCGG (TF:M07354, 2.05E-03)
Factor: RNF96; motif: BCCCGCRGCC; match class: 1 (TF:M01199_1, 2.77E-03)
Factor: RNF96; motif: BCCCGCRGCC (TF:M01199, 3.48E-03)
Factor: Sp1; motif: NGGGGCGGGGN; match class: 1 (TF:M07395_1, 3.53E-03)
Factor: Sp1; motif: NNGGGGCGGGGNN; match class: 1 (TF:M00932_1, 6.13E-03)
Factor: ATF-1; motif: TNACGTCAN (TF:M01861, 6.84E-03)
Factor: AP-2; motif: GSCCSCRGGCNRNRNN; match class: 1 (TF:M00800_1, 7.03E-03)
Factor: Sp1; motif: GGGGCGGGGC; match class: 1 (TF:M00931_1, 7.25E-03)
Factor: Sp1; motif: NGGGGGCGGGGYN; match class: 1 (TF:M00196_1, 7.64E-03)
Factor: Sp2; motif: NYSGCCCCGCCCCCY; match class: 1 (TF:M03567_1, 7.76E-03)
Factor: AP-2alpha; motif: NGCCYSNNGSN (TF:M01857, 7.85E-03)
Factor: Osx; motif: CCNCCCCCNNN (TF:M07329, 9.26E-03)",
set13(#Gm4285),"Factor: WT1; motif: CGCCCCCNCN (TF:M02036, 3.94E-05)
Factor: ZF5; motif: NRNGNGCGCGCWN; match class: 1 (TF:M00333_1, 5.52E-04)
Factor: ZF5; motif: GSGCGCGR; match class: 1 (TF:M00716_1, 8.52E-04)
Factor: SP2; motif: GNNGGGGGCGGGGSN; match class: 1 (TF:M03807_1, 1.57E-03)
Factor: AP-2beta; motif: GCNNNGGSCNGVGGGN (TF:M01858, 1.69E-03)
Factor: ATF-1; motif: NNNTGACGTNNN (TF:M07034, 1.92E-03)
Factor: Egr-1; motif: GCGGGGGCGG (TF:M07354, 2.05E-03)
Factor: RNF96; motif: BCCCGCRGCC; match class: 1 (TF:M01199_1, 2.77E-03)
Factor: RNF96; motif: BCCCGCRGCC (TF:M01199, 3.48E-03)
Factor: Sp1; motif: NGGGGCGGGGN; match class: 1 (TF:M07395_1, 3.53E-03)
Factor: Sp1; motif: NNGGGGCGGGGNN; match class: 1 (TF:M00932_1, 6.13E-03)
Factor: ATF-1; motif: TNACGTCAN (TF:M01861, 6.84E-03)
Factor: AP-2; motif: GSCCSCRGGCNRNRNN; match class: 1 (TF:M00800_1, 7.03E-03)
Factor: Sp1; motif: GGGGCGGGGC; match class: 1 (TF:M00931_1, 7.25E-03)
Factor: Sp1; motif: NGGGGGCGGGGYN; match class: 1 (TF:M00196_1, 7.64E-03)
Factor: Sp2; motif: NYSGCCCCGCCCCCY; match class: 1 (TF:M03567_1, 7.76E-03)
Factor: AP-2alpha; motif: NGCCYSNNGSN (TF:M01857, 7.85E-03)
Factor: Osx; motif: CCNCCCCCNNN (TF:M07329, 9.26E-03)",
set14(#Gm45435),"Factor: WT1; motif: CGCCCCCNCN (TF:M02036, 3.94E-05)
Factor: ZF5; motif: GSGCGCGR; match class: 1 (TF:M00716_1, 8.52E-04)
Factor: Egr-1; motif: GCGGGGGCGG (TF:M01873, 1.18E-03)
Factor: SP2; motif: GNNGGGGGCGGGGSN; match class: 1 (TF:M03807_1, 1.57E-03)
Factor: Egr-1; motif: GCGGGGGCGG (TF:M07354, 2.05E-03)
Factor: RNF96; motif: BCCCGCRGCC; match class: 1 (TF:M01199_1, 2.77E-03)
Factor: RNF96; motif: BCCCGCRGCC (TF:M01199, 3.48E-03)
Factor: Sp1; motif: NGGGGCGGGGN; match class: 1 (TF:M07395_1, 3.53E-03)
Factor: Sp1; motif: NNGGGGCGGGGNN; match class: 1 (TF:M00932_1, 6.13E-03)
Factor: ATF-1; motif: TNACGTCAN (TF:M01861, 6.84E-03)
Factor: AP-2; motif: GSCCSCRGGCNRNRNN; match class: 1 (TF:M00800_1, 7.03E-03)
Factor: Sp2; motif: NYSGCCCCGCCCCCY; match class: 1 (TF:M03567_1, 7.76E-03)
Factor: Osx; motif: CCNCCCCCNNN (TF:M07329, 9.26E-03)",
set15(#Gm45524),"Factor: WT1; motif: CGCCCCCNCN (TF:M02036, 3.94E-05)
Factor: ZF5; motif: NRNGNGCGCGCWN; match class: 1 (TF:M00333_1, 5.52E-04)
Factor: ZF5; motif: GSGCGCGR; match class: 1 (TF:M00716_1, 8.52E-04)
Factor: SP2; motif: GNNGGGGGCGGGGSN; match class: 1 (TF:M03807_1, 1.57E-03)
Factor: AP-2beta; motif: GCNNNGGSCNGVGGGN (TF:M01858, 1.69E-03)
Factor: ATF-1; motif: NNNTGACGTNNN (TF:M07034, 1.92E-03)
Factor: Egr-1; motif: GCGGGGGCGG (TF:M07354, 2.05E-03)
Factor: RNF96; motif: BCCCGCRGCC; match class: 1 (TF:M01199_1, 2.77E-03)
Factor: RNF96; motif: BCCCGCRGCC (TF:M01199, 3.48E-03)
Factor: Sp1; motif: NGGGGCGGGGN; match class: 1 (TF:M07395_1, 3.53E-03)
Factor: Sp1; motif: NNGGGGCGGGGNN; match class: 1 (TF:M00932_1, 6.13E-03)
Factor: ATF-1; motif: TNACGTCAN (TF:M01861, 6.84E-03)
Factor: AP-2; motif: GSCCSCRGGCNRNRNN; match class: 1 (TF:M00800_1, 7.03E-03)
Factor: Sp1; motif: GGGGCGGGGC; match class: 1 (TF:M00931_1, 7.25E-03)
Factor: Sp1; motif: NGGGGGCGGGGYN; match class: 1 (TF:M00196_1, 7.64E-03)
Factor: Sp2; motif: NYSGCCCCGCCCCCY; match class: 1 (TF:M03567_1, 7.76E-03)
Factor: AP-2alpha; motif: NGCCYSNNGSN (TF:M01857, 7.85E-03)
Factor: Osx; motif: CCNCCCCCNNN (TF:M07329, 9.26E-03)",
set16(#Scpep1os),"Factor: WT1; motif: CGCCCCCNCN (TF:M02036, 3.94E-05)
Factor: ZF5; motif: NRNGNGCGCGCWN; match class: 1 (TF:M00333_1, 5.52E-04)
Factor: ZF5; motif: GSGCGCGR; match class: 1 (TF:M00716_1, 8.52E-04)
Factor: Egr-1; motif: GCGGGGGCGG (TF:M01873, 1.18E-03)
Factor: SP2; motif: GNNGGGGGCGGGGSN; match class: 1 (TF:M03807_1, 1.57E-03)
Factor: AP-2beta; motif: GCNNNGGSCNGVGGGN (TF:M01858, 1.69E-03)
Factor: ATF-1; motif: NNNTGACGTNNN (TF:M07034, 1.92E-03)
Factor: Egr-1; motif: GCGGGGGCGG (TF:M07354, 2.05E-03)
Factor: RNF96; motif: BCCCGCRGCC; match class: 1 (TF:M01199_1, 2.77E-03)
Factor: WT1; motif: CGCCCCCNCN; match class: 1 (TF:M02036_1, 2.98E-03)
Factor: RNF96; motif: BCCCGCRGCC (TF:M01199, 3.48E-03)
Factor: Sp1; motif: NGGGGCGGGGN; match class: 1 (TF:M07395_1, 3.53E-03)
Factor: Sp1; motif: NNGGGGCGGGGNN; match class: 1 (TF:M00932_1, 6.13E-03)
Factor: ATF-1; motif: TNACGTCAN (TF:M01861, 6.84E-03)
Factor: AP-2; motif: GSCCSCRGGCNRNRNN; match class: 1 (TF:M00800_1, 7.03E-03)
Factor: Sp1; motif: GGGGCGGGGC; match class: 1 (TF:M00931_1, 7.25E-03)
Factor: Sp1; motif: NGGGGGCGGGGYN; match class: 1 (TF:M00196_1, 7.64E-03)
Factor: Sp2; motif: NYSGCCCCGCCCCCY; match class: 1 (TF:M03567_1, 7.76E-03)
Factor: AP-2alpha; motif: NGCCYSNNGSN (TF:M01857, 7.85E-03)
Factor: Osx; motif: CCNCCCCCNNN (TF:M07329, 9.26E-03)",
set17(*Gm26848),"Factor: WT1; motif: CGCCCCCNCN (TF:M02036, 3.94E-05)
Factor: ZF5; motif: NRNGNGCGCGCWN; match class: 1 (TF:M00333_1, 5.52E-04)
Factor: ZF5; motif: GSGCGCGR; match class: 1 (TF:M00716_1, 8.52E-04)
Factor: SP2; motif: GNNGGGGGCGGGGSN; match class: 1 (TF:M03807_1, 1.57E-03)
Factor: AP-2beta; motif: GCNNNGGSCNGVGGGN (TF:M01858, 1.69E-03)
Factor: ATF-1; motif: NNNTGACGTNNN (TF:M07034, 1.92E-03)
Factor: Egr-1; motif: GCGGGGGCGG (TF:M07354, 2.05E-03)
Factor: RNF96; motif: BCCCGCRGCC; match class: 1 (TF:M01199_1, 2.77E-03)
Factor: RNF96; motif: BCCCGCRGCC (TF:M01199, 3.48E-03)
Factor: Sp1; motif: NGGGGCGGGGN; match class: 1 (TF:M07395_1, 3.53E-03)
Factor: Sp1; motif: NNGGGGCGGGGNN; match class: 1 (TF:M00932_1, 6.13E-03)
Factor: ATF-1; motif: TNACGTCAN (TF:M01861, 6.84E-03)
Factor: AP-2; motif: GSCCSCRGGCNRNRNN; match class: 1 (TF:M00800_1, 7.03E-03)
Factor: Sp1; motif: GGGGCGGGGC; match class: 1 (TF:M00931_1, 7.25E-03)
Factor: Sp1; motif: NGGGGGCGGGGYN; match class: 1 (TF:M00196_1, 7.64E-03)
Factor: Sp2; motif: NYSGCCCCGCCCCCY; match class: 1 (TF:M03567_1, 7.76E-03)
Factor: AP-2alpha; motif: NGCCYSNNGSN (TF:M01857, 7.85E-03)
Factor: Osx; motif: CCNCCCCCNNN (TF:M07329, 9.26E-03)",
