,set1,set2,set3,set4,set5,set6,set7,set8,set9,set10,set11,set12,set13,set14,set15,set16,set17,set18
set1,"cell cortex (GO:0005938, 3.88E-05)
catalytic complex (GO:1902494, 8.97E-05)
somatodendritic compartment (GO:0036477, 2.71E-04)
dendritic tree (GO:0097447, 7.38E-04)
dendrite (GO:0030425, 7.38E-04)
Rpd3L-Expanded complex (GO:0070210, 1.49E-03)
Set3 complex (GO:0034967, 1.49E-03)
ruffle (GO:0001726, 1.92E-03)
anchoring junction (GO:0070161, 3.51E-03)
protein kinase complex (GO:1902911, 3.70E-03)
membrane (GO:0016020, 4.22E-03)
transcription regulator complex (GO:0005667, 5.47E-03)
trans-Golgi network (GO:0005802, 6.11E-03)
postsynapse (GO:0098794, 7.05E-03)
transferase complex (GO:1990234, 7.54E-03)
serine/threonine protein kinase complex (GO:1902554, 7.54E-03)
nuclear chromosome (GO:0000228, 7.67E-03)
phagophore assembly site (GO:0000407, 8.29E-03)
Golgi apparatus subcompartment (GO:0098791, 8.56E-03)
filopodium tip (GO:0032433, 9.42E-03)","somatodendritic compartment (GO:0036477, 7.06E-05)
dendrite (GO:0030425, 1.28E-04)
dendritic tree (GO:0097447, 1.28E-04)
cell cortex (GO:0005938, 2.65E-04)
anchoring junction (GO:0070161, 1.10E-03)
actin cytoskeleton (GO:0015629, 5.33E-03)
catalytic complex (GO:1902494, 5.36E-03)
transcription regulator complex (GO:0005667, 5.36E-03)
filopodium tip (GO:0032433, 5.71E-03)
dendritic spine (GO:0043197, 7.03E-03)
neuron spine (GO:0044309, 7.88E-03)","cell cortex (GO:0005938, 2.32E-05)
somatodendritic compartment (GO:0036477, 3.95E-04)
catalytic complex (GO:1902494, 3.95E-04)
dendrite (GO:0030425, 4.39E-04)
dendritic tree (GO:0097447, 4.43E-04)
Set3 complex (GO:0034967, 1.41E-03)
Rpd3L-Expanded complex (GO:0070210, 1.41E-03)
ruffle (GO:0001726, 1.43E-03)
anchoring junction (GO:0070161, 4.65E-03)
postsynapse (GO:0098794, 4.65E-03)
membrane (GO:0016020, 5.36E-03)
nuclear chromosome (GO:0000228, 6.22E-03)
phagophore assembly site (GO:0000407, 7.73E-03)
filopodium tip (GO:0032433, 9.20E-03)
transcription regulator complex (GO:0005667, 9.20E-03)
cell-cell junction (GO:0005911, 9.20E-03)
autophagosome (GO:0005776, 9.20E-03)","cell cortex (GO:0005938, 1.15E-04)
catalytic complex (GO:1902494, 1.15E-04)
somatodendritic compartment (GO:0036477, 1.80E-04)
dendrite (GO:0030425, 5.22E-04)
dendritic tree (GO:0097447, 5.29E-04)
Rpd3L-Expanded complex (GO:0070210, 1.40E-03)
Set3 complex (GO:0034967, 1.40E-03)
ruffle (GO:0001726, 1.57E-03)
anchoring junction (GO:0070161, 2.47E-03)
transcription regulator complex (GO:0005667, 4.41E-03)
trans-Golgi network (GO:0005802, 5.39E-03)
membrane (GO:0016020, 6.66E-03)
nuclear chromosome (GO:0000228, 7.13E-03)
Golgi apparatus subcompartment (GO:0098791, 7.75E-03)
phagophore assembly site (GO:0000407, 8.06E-03)
filopodium tip (GO:0032433, 9.68E-03)","somatodendritic compartment (GO:0036477, 1.11E-04)
catalytic complex (GO:1902494, 1.20E-04)
dendrite (GO:0030425, 3.43E-04)
dendritic tree (GO:0097447, 3.46E-04)
cell cortex (GO:0005938, 1.21E-03)
Set3 complex (GO:0034967, 1.28E-03)
Rpd3L-Expanded complex (GO:0070210, 1.28E-03)
anchoring junction (GO:0070161, 3.90E-03)
postsynapse (GO:0098794, 3.90E-03)
transcription regulator complex (GO:0005667, 8.84E-03)
transferase complex (GO:1990234, 8.98E-03)","cell cortex (GO:0005938, 6.05E-05)
somatodendritic compartment (GO:0036477, 6.66E-05)
catalytic complex (GO:1902494, 1.42E-04)
dendrite (GO:0030425, 2.19E-04)
dendritic tree (GO:0097447, 2.22E-04)
anchoring junction (GO:0070161, 1.09E-03)
Set3 complex (GO:0034967, 1.23E-03)
Rpd3L-Expanded complex (GO:0070210, 1.23E-03)
protein kinase complex (GO:1902911, 2.15E-03)
postsynapse (GO:0098794, 2.84E-03)
trans-Golgi network (GO:0005802, 3.24E-03)
ruffle (GO:0001726, 4.75E-03)
serine/threonine protein kinase complex (GO:1902554, 4.75E-03)
transcription regulator complex (GO:0005667, 6.00E-03)
cell-cell junction (GO:0005911, 6.00E-03)
transferase complex (GO:1990234, 6.00E-03)
phagophore assembly site (GO:0000407, 6.02E-03)
membrane (GO:0016020, 7.25E-03)
filopodium tip (GO:0032433, 7.52E-03)","catalytic complex (GO:1902494, 6.62E-05)
cell cortex (GO:0005938, 9.26E-05)
somatodendritic compartment (GO:0036477, 3.61E-04)
dendrite (GO:0030425, 1.07E-03)
dendritic tree (GO:0097447, 1.09E-03)
Set3 complex (GO:0034967, 1.36E-03)
Rpd3L-Expanded complex (GO:0070210, 1.36E-03)
protein kinase complex (GO:1902911, 2.69E-03)
anchoring junction (GO:0070161, 4.20E-03)
transferase complex (GO:1990234, 4.20E-03)
serine/threonine protein kinase complex (GO:1902554, 6.18E-03)
phagophore assembly site (GO:0000407, 7.83E-03)
cell-cell junction (GO:0005911, 9.12E-03)
transcription regulator complex (GO:0005667, 9.12E-03)
filopodium tip (GO:0032433, 9.15E-03)
autophagosome (GO:0005776, 9.15E-03)","cell cortex (GO:0005938, 3.11E-05)
catalytic complex (GO:1902494, 5.26E-05)
somatodendritic compartment (GO:0036477, 1.89E-04)
dendrite (GO:0030425, 5.43E-04)
dendritic tree (GO:0097447, 5.48E-04)
Rpd3L-Expanded complex (GO:0070210, 1.42E-03)
Set3 complex (GO:0034967, 1.42E-03)
ruffle (GO:0001726, 1.64E-03)
anchoring junction (GO:0070161, 2.66E-03)
protein kinase complex (GO:1902911, 3.28E-03)
transcription regulator complex (GO:0005667, 4.56E-03)
membrane (GO:0016020, 5.32E-03)
trans-Golgi network (GO:0005802, 5.39E-03)
transferase complex (GO:1990234, 6.18E-03)
serine/threonine protein kinase complex (GO:1902554, 6.98E-03)
nuclear chromosome (GO:0000228, 6.98E-03)
Golgi apparatus subcompartment (GO:0098791, 7.65E-03)
phagophore assembly site (GO:0000407, 7.66E-03)
filopodium tip (GO:0032433, 9.18E-03)
autophagosome (GO:0005776, 9.88E-03)","catalytic complex (GO:1902494, 1.18E-04)
cell cortex (GO:0005938, 1.21E-04)
somatodendritic compartment (GO:0036477, 1.26E-03)
Set3 complex (GO:0034967, 1.43E-03)
dendrite (GO:0030425, 1.43E-03)
dendritic tree (GO:0097447, 1.43E-03)
Rpd3L-Expanded complex (GO:0070210, 1.43E-03)
protein kinase complex (GO:1902911, 3.15E-03)
transcription regulator complex (GO:0005667, 4.23E-03)
transferase complex (GO:1990234, 5.84E-03)
serine/threonine protein kinase complex (GO:1902554, 6.92E-03)
ruffle (GO:0001726, 6.92E-03)
nuclear chromosome (GO:0000228, 6.92E-03)
phagophore assembly site (GO:0000407, 7.78E-03)
filopodium tip (GO:0032433, 9.38E-03)
autophagosome (GO:0005776, 9.88E-03)","cell cortex (GO:0005938, 2.56E-04)
catalytic complex (GO:1902494, 3.19E-04)
somatodendritic compartment (GO:0036477, 1.39E-03)
Rpd3L-Expanded complex (GO:0070210, 1.39E-03)
Set3 complex (GO:0034967, 1.39E-03)
dendrite (GO:0030425, 1.88E-03)
dendritic tree (GO:0097447, 1.90E-03)
ruffle (GO:0001726, 4.94E-03)
serine/threonine protein kinase complex (GO:1902554, 4.94E-03)
anchoring junction (GO:0070161, 5.78E-03)
transferase complex (GO:1990234, 5.78E-03)
membrane (GO:0016020, 6.15E-03)
phagophore assembly site (GO:0000407, 6.15E-03)
postsynapse (GO:0098794, 6.53E-03)
autophagosome (GO:0005776, 7.08E-03)
filopodium tip (GO:0032433, 7.54E-03)
protein kinase complex (GO:1902911, 8.90E-03)","cell cortex (GO:0005938, 3.25E-05)
somatodendritic compartment (GO:0036477, 2.08E-04)
catalytic complex (GO:1902494, 3.03E-04)
dendrite (GO:0030425, 6.03E-04)
dendritic tree (GO:0097447, 6.03E-04)
Set3 complex (GO:0034967, 1.46E-03)
Rpd3L-Expanded complex (GO:0070210, 1.46E-03)
ruffle (GO:0001726, 1.71E-03)
anchoring junction (GO:0070161, 2.73E-03)
protein kinase complex (GO:1902911, 3.26E-03)
transcription regulator complex (GO:0005667, 4.61E-03)
postsynapse (GO:0098794, 6.12E-03)
membrane (GO:0016020, 6.34E-03)
transferase complex (GO:1990234, 6.34E-03)
serine/threonine protein kinase complex (GO:1902554, 6.98E-03)
nuclear chromosome (GO:0000228, 6.98E-03)
phagophore assembly site (GO:0000407, 7.84E-03)
filopodium tip (GO:0032433, 9.19E-03)
autophagosome (GO:0005776, 9.99E-03)","cell cortex (GO:0005938, 1.01E-04)
somatodendritic compartment (GO:0036477, 1.43E-04)
catalytic complex (GO:1902494, 1.78E-04)
dendrite (GO:0030425, 4.49E-04)
dendritic tree (GO:0097447, 4.54E-04)
Rpd3L-Expanded complex (GO:0070210, 1.41E-03)
Set3 complex (GO:0034967, 1.41E-03)
ruffle (GO:0001726, 1.47E-03)
transcription regulator complex (GO:0005667, 3.65E-03)
membrane (GO:0016020, 4.19E-03)
anchoring junction (GO:0070161, 4.60E-03)
postsynapse (GO:0098794, 4.60E-03)
nuclear chromosome (GO:0000228, 6.01E-03)
phagophore assembly site (GO:0000407, 7.37E-03)
filopodium tip (GO:0032433, 8.99E-03)
cell-cell junction (GO:0005911, 9.18E-03)
autophagosome (GO:0005776, 9.18E-03)","cell cortex (GO:0005938, 1.41E-04)
Rpd3L-Expanded complex (GO:0070210, 1.27E-03)
Set3 complex (GO:0034967, 1.27E-03)
catalytic complex (GO:1902494, 2.22E-03)
ruffle (GO:0001726, 3.60E-03)
somatodendritic compartment (GO:0036477, 3.77E-03)
dendrite (GO:0030425, 7.30E-03)
filopodium tip (GO:0032433, 7.30E-03)
dendritic tree (GO:0097447, 7.36E-03)
trans-Golgi network (GO:0005802, 7.68E-03)
postsynaptic density (GO:0014069, 7.68E-03)
histone deacetylase complex (GO:0000118, 7.97E-03)
Golgi apparatus subcompartment (GO:0098791, 8.25E-03)
kinetochore (GO:0000776, 9.49E-03)
asymmetric synapse (GO:0032279, 9.78E-03)","cell cortex (GO:0005938, 3.68E-05)
catalytic complex (GO:1902494, 8.07E-05)
somatodendritic compartment (GO:0036477, 2.48E-04)
dendritic tree (GO:0097447, 6.96E-04)
dendrite (GO:0030425, 6.96E-04)
Rpd3L-Expanded complex (GO:0070210, 1.47E-03)
Set3 complex (GO:0034967, 1.47E-03)
ruffle (GO:0001726, 1.86E-03)
anchoring junction (GO:0070161, 3.31E-03)
membrane (GO:0016020, 3.38E-03)
protein kinase complex (GO:1902911, 3.52E-03)
transcription regulator complex (GO:0005667, 5.23E-03)
trans-Golgi network (GO:0005802, 5.91E-03)
postsynapse (GO:0098794, 6.72E-03)
transferase complex (GO:1990234, 7.28E-03)
serine/threonine protein kinase complex (GO:1902554, 7.34E-03)
nuclear chromosome (GO:0000228, 7.44E-03)
phagophore assembly site (GO:0000407, 8.14E-03)
Golgi apparatus subcompartment (GO:0098791, 8.25E-03)
filopodium tip (GO:0032433, 9.31E-03)","cell cortex (GO:0005938, 3.36E-05)
catalytic complex (GO:1902494, 7.26E-05)
somatodendritic compartment (GO:0036477, 2.29E-04)
dendrite (GO:0030425, 6.76E-04)
dendritic tree (GO:0097447, 6.76E-04)
Rpd3L-Expanded complex (GO:0070210, 1.46E-03)
Set3 complex (GO:0034967, 1.46E-03)
ruffle (GO:0001726, 1.80E-03)
anchoring junction (GO:0070161, 3.11E-03)
protein kinase complex (GO:1902911, 3.50E-03)
membrane (GO:0016020, 4.21E-03)
transcription regulator complex (GO:0005667, 4.90E-03)
trans-Golgi network (GO:0005802, 5.72E-03)
postsynapse (GO:0098794, 6.41E-03)
transferase complex (GO:1990234, 6.89E-03)
serine/threonine protein kinase complex (GO:1902554, 7.16E-03)
nuclear chromosome (GO:0000228, 7.22E-03)
phagophore assembly site (GO:0000407, 7.89E-03)
Golgi apparatus subcompartment (GO:0098791, 7.95E-03)
filopodium tip (GO:0032433, 9.19E-03)","cell cortex (GO:0005938, 3.28E-05)
catalytic complex (GO:1902494, 5.86E-05)
somatodendritic compartment (GO:0036477, 1.91E-04)
dendrite (GO:0030425, 5.76E-04)
dendritic tree (GO:0097447, 5.76E-04)
Rpd3L-Expanded complex (GO:0070210, 1.44E-03)
Set3 complex (GO:0034967, 1.44E-03)
ruffle (GO:0001726, 1.69E-03)
anchoring junction (GO:0070161, 2.82E-03)
protein kinase complex (GO:1902911, 3.37E-03)
membrane (GO:0016020, 4.29E-03)
transcription regulator complex (GO:0005667, 4.67E-03)
trans-Golgi network (GO:0005802, 5.57E-03)
transferase complex (GO:1990234, 6.54E-03)
serine/threonine protein kinase complex (GO:1902554, 7.20E-03)
nuclear chromosome (GO:0000228, 7.20E-03)
Golgi apparatus subcompartment (GO:0098791, 7.93E-03)
phagophore assembly site (GO:0000407, 7.93E-03)
filopodium tip (GO:0032433, 9.29E-03)","catalytic complex (GO:1902494, 7.64E-05)
cell cortex (GO:0005938, 9.82E-05)
somatodendritic compartment (GO:0036477, 3.61E-04)
dendrite (GO:0030425, 1.14E-03)
dendritic tree (GO:0097447, 1.15E-03)
Rpd3L-Expanded complex (GO:0070210, 1.31E-03)
Set3 complex (GO:0034967, 1.31E-03)
anchoring junction (GO:0070161, 1.77E-03)
trans-Golgi network (GO:0005802, 4.34E-03)
postsynapse (GO:0098794, 4.34E-03)
ruffle (GO:0001726, 5.92E-03)
nuclear chromosome (GO:0000228, 5.92E-03)
Golgi apparatus subcompartment (GO:0098791, 6.12E-03)
phagophore assembly site (GO:0000407, 7.13E-03)
membrane (GO:0016020, 7.27E-03)
transcription regulator complex (GO:0005667, 8.48E-03)
filopodium tip (GO:0032433, 8.48E-03)
cell-cell junction (GO:0005911, 8.48E-03)
transferase complex (GO:1990234, 9.09E-03)","adherens junction (GO:0005912, 3.12E-03)
transcription regulator complex (GO:0005667, 4.56E-03)"
set2,"cell cortex (GO:0005938, 3.88E-05)
Rpd3L-Expanded complex (GO:0070210, 1.49E-03)
Set3 complex (GO:0034967, 1.49E-03)
ruffle (GO:0001726, 1.92E-03)
mitotic spindle (GO:0072686, 2.12E-03)
anchoring junction (GO:0070161, 3.51E-03)
protein kinase complex (GO:1902911, 3.70E-03)
membrane (GO:0016020, 4.22E-03)
transcription regulator complex (GO:0005667, 5.47E-03)
trans-Golgi network (GO:0005802, 6.11E-03)
transferase complex (GO:1990234, 7.54E-03)
serine/threonine protein kinase complex (GO:1902554, 7.54E-03)
nuclear chromosome (GO:0000228, 7.67E-03)
phagophore assembly site (GO:0000407, 8.29E-03)
Golgi apparatus subcompartment (GO:0098791, 8.56E-03)
filopodium tip (GO:0032433, 9.42E-03)","cell cortex (GO:0005938, 2.65E-04)
anchoring junction (GO:0070161, 1.10E-03)
actin cytoskeleton (GO:0015629, 5.33E-03)
transcription regulator complex (GO:0005667, 5.36E-03)
filopodium tip (GO:0032433, 5.71E-03)
dendritic spine (GO:0043197, 7.03E-03)
neuron spine (GO:0044309, 7.88E-03)","cell cortex (GO:0005938, 2.32E-05)
Set3 complex (GO:0034967, 1.41E-03)
Rpd3L-Expanded complex (GO:0070210, 1.41E-03)
ruffle (GO:0001726, 1.43E-03)
anchoring junction (GO:0070161, 4.65E-03)
membrane (GO:0016020, 5.36E-03)
nuclear chromosome (GO:0000228, 6.22E-03)
mitotic spindle (GO:0072686, 7.00E-03)
phagophore assembly site (GO:0000407, 7.73E-03)
filopodium tip (GO:0032433, 9.20E-03)
transcription regulator complex (GO:0005667, 9.20E-03)
cell-cell junction (GO:0005911, 9.20E-03)
autophagosome (GO:0005776, 9.20E-03)","cell cortex (GO:0005938, 1.15E-04)
Rpd3L-Expanded complex (GO:0070210, 1.40E-03)
Set3 complex (GO:0034967, 1.40E-03)
ruffle (GO:0001726, 1.57E-03)
anchoring junction (GO:0070161, 2.47E-03)
transcription regulator complex (GO:0005667, 4.41E-03)
trans-Golgi network (GO:0005802, 5.39E-03)
membrane (GO:0016020, 6.66E-03)
nuclear chromosome (GO:0000228, 7.13E-03)
mitotic spindle (GO:0072686, 7.75E-03)
Golgi apparatus subcompartment (GO:0098791, 7.75E-03)
phagophore assembly site (GO:0000407, 8.06E-03)
filopodium tip (GO:0032433, 9.68E-03)","cell cortex (GO:0005938, 1.21E-03)
Set3 complex (GO:0034967, 1.28E-03)
Rpd3L-Expanded complex (GO:0070210, 1.28E-03)
anchoring junction (GO:0070161, 3.90E-03)
mitotic spindle (GO:0072686, 6.70E-03)
transcription regulator complex (GO:0005667, 8.84E-03)
transferase complex (GO:1990234, 8.98E-03)","cell cortex (GO:0005938, 6.05E-05)
anchoring junction (GO:0070161, 1.09E-03)
Set3 complex (GO:0034967, 1.23E-03)
Rpd3L-Expanded complex (GO:0070210, 1.23E-03)
protein kinase complex (GO:1902911, 2.15E-03)
trans-Golgi network (GO:0005802, 3.24E-03)
ruffle (GO:0001726, 4.75E-03)
serine/threonine protein kinase complex (GO:1902554, 4.75E-03)
transcription regulator complex (GO:0005667, 6.00E-03)
cell-cell junction (GO:0005911, 6.00E-03)
transferase complex (GO:1990234, 6.00E-03)
phagophore assembly site (GO:0000407, 6.02E-03)
membrane (GO:0016020, 7.25E-03)
filopodium tip (GO:0032433, 7.52E-03)","cell cortex (GO:0005938, 9.26E-05)
Set3 complex (GO:0034967, 1.36E-03)
Rpd3L-Expanded complex (GO:0070210, 1.36E-03)
protein kinase complex (GO:1902911, 2.69E-03)
anchoring junction (GO:0070161, 4.20E-03)
transferase complex (GO:1990234, 4.20E-03)
serine/threonine protein kinase complex (GO:1902554, 6.18E-03)
phagophore assembly site (GO:0000407, 7.83E-03)
cell-cell junction (GO:0005911, 9.12E-03)
transcription regulator complex (GO:0005667, 9.12E-03)
filopodium tip (GO:0032433, 9.15E-03)
autophagosome (GO:0005776, 9.15E-03)","cell cortex (GO:0005938, 3.11E-05)
Rpd3L-Expanded complex (GO:0070210, 1.42E-03)
Set3 complex (GO:0034967, 1.42E-03)
ruffle (GO:0001726, 1.64E-03)
anchoring junction (GO:0070161, 2.66E-03)
protein kinase complex (GO:1902911, 3.28E-03)
transcription regulator complex (GO:0005667, 4.56E-03)
membrane (GO:0016020, 5.32E-03)
trans-Golgi network (GO:0005802, 5.39E-03)
transferase complex (GO:1990234, 6.18E-03)
serine/threonine protein kinase complex (GO:1902554, 6.98E-03)
nuclear chromosome (GO:0000228, 6.98E-03)
Golgi apparatus subcompartment (GO:0098791, 7.65E-03)
mitotic spindle (GO:0072686, 7.65E-03)
phagophore assembly site (GO:0000407, 7.66E-03)
filopodium tip (GO:0032433, 9.18E-03)
autophagosome (GO:0005776, 9.88E-03)","cell cortex (GO:0005938, 1.21E-04)
Set3 complex (GO:0034967, 1.43E-03)
Rpd3L-Expanded complex (GO:0070210, 1.43E-03)
protein kinase complex (GO:1902911, 3.15E-03)
transcription regulator complex (GO:0005667, 4.23E-03)
transferase complex (GO:1990234, 5.84E-03)
serine/threonine protein kinase complex (GO:1902554, 6.92E-03)
ruffle (GO:0001726, 6.92E-03)
nuclear chromosome (GO:0000228, 6.92E-03)
mitotic spindle (GO:0072686, 7.39E-03)
phagophore assembly site (GO:0000407, 7.78E-03)
filopodium tip (GO:0032433, 9.38E-03)
autophagosome (GO:0005776, 9.88E-03)","cell cortex (GO:0005938, 2.56E-04)
Rpd3L-Expanded complex (GO:0070210, 1.39E-03)
Set3 complex (GO:0034967, 1.39E-03)
ruffle (GO:0001726, 4.94E-03)
serine/threonine protein kinase complex (GO:1902554, 4.94E-03)
mitotic spindle (GO:0072686, 5.15E-03)
anchoring junction (GO:0070161, 5.78E-03)
transferase complex (GO:1990234, 5.78E-03)
membrane (GO:0016020, 6.15E-03)
phagophore assembly site (GO:0000407, 6.15E-03)
autophagosome (GO:0005776, 7.08E-03)
filopodium tip (GO:0032433, 7.54E-03)
protein kinase complex (GO:1902911, 8.90E-03)","cell cortex (GO:0005938, 3.25E-05)
Set3 complex (GO:0034967, 1.46E-03)
Rpd3L-Expanded complex (GO:0070210, 1.46E-03)
ruffle (GO:0001726, 1.71E-03)
mitotic spindle (GO:0072686, 1.89E-03)
anchoring junction (GO:0070161, 2.73E-03)
protein kinase complex (GO:1902911, 3.26E-03)
transcription regulator complex (GO:0005667, 4.61E-03)
membrane (GO:0016020, 6.34E-03)
transferase complex (GO:1990234, 6.34E-03)
serine/threonine protein kinase complex (GO:1902554, 6.98E-03)
nuclear chromosome (GO:0000228, 6.98E-03)
phagophore assembly site (GO:0000407, 7.84E-03)
filopodium tip (GO:0032433, 9.19E-03)
autophagosome (GO:0005776, 9.99E-03)","cell cortex (GO:0005938, 1.01E-04)
Rpd3L-Expanded complex (GO:0070210, 1.41E-03)
Set3 complex (GO:0034967, 1.41E-03)
ruffle (GO:0001726, 1.47E-03)
mitotic spindle (GO:0072686, 1.59E-03)
transcription regulator complex (GO:0005667, 3.65E-03)
membrane (GO:0016020, 4.19E-03)
anchoring junction (GO:0070161, 4.60E-03)
nuclear chromosome (GO:0000228, 6.01E-03)
phagophore assembly site (GO:0000407, 7.37E-03)
filopodium tip (GO:0032433, 8.99E-03)
cell-cell junction (GO:0005911, 9.18E-03)
autophagosome (GO:0005776, 9.18E-03)","cell cortex (GO:0005938, 1.41E-04)
Rpd3L-Expanded complex (GO:0070210, 1.27E-03)
Set3 complex (GO:0034967, 1.27E-03)
ruffle (GO:0001726, 3.60E-03)
mitotic spindle (GO:0072686, 3.77E-03)
filopodium tip (GO:0032433, 7.30E-03)
trans-Golgi network (GO:0005802, 7.68E-03)
histone deacetylase complex (GO:0000118, 7.97E-03)
Golgi apparatus subcompartment (GO:0098791, 8.25E-03)","cell cortex (GO:0005938, 3.68E-05)
Rpd3L-Expanded complex (GO:0070210, 1.47E-03)
Set3 complex (GO:0034967, 1.47E-03)
ruffle (GO:0001726, 1.86E-03)
mitotic spindle (GO:0072686, 2.06E-03)
anchoring junction (GO:0070161, 3.31E-03)
membrane (GO:0016020, 3.38E-03)
protein kinase complex (GO:1902911, 3.52E-03)
transcription regulator complex (GO:0005667, 5.23E-03)
trans-Golgi network (GO:0005802, 5.91E-03)
transferase complex (GO:1990234, 7.28E-03)
serine/threonine protein kinase complex (GO:1902554, 7.34E-03)
nuclear chromosome (GO:0000228, 7.44E-03)
phagophore assembly site (GO:0000407, 8.14E-03)
Golgi apparatus subcompartment (GO:0098791, 8.25E-03)
filopodium tip (GO:0032433, 9.31E-03)","cell cortex (GO:0005938, 3.36E-05)
Rpd3L-Expanded complex (GO:0070210, 1.46E-03)
Set3 complex (GO:0034967, 1.46E-03)
ruffle (GO:0001726, 1.80E-03)
mitotic spindle (GO:0072686, 1.99E-03)
anchoring junction (GO:0070161, 3.11E-03)
protein kinase complex (GO:1902911, 3.50E-03)
membrane (GO:0016020, 4.21E-03)
transcription regulator complex (GO:0005667, 4.90E-03)
trans-Golgi network (GO:0005802, 5.72E-03)
transferase complex (GO:1990234, 6.89E-03)
serine/threonine protein kinase complex (GO:1902554, 7.16E-03)
nuclear chromosome (GO:0000228, 7.22E-03)
phagophore assembly site (GO:0000407, 7.89E-03)
Golgi apparatus subcompartment (GO:0098791, 7.95E-03)
filopodium tip (GO:0032433, 9.19E-03)","cell cortex (GO:0005938, 3.28E-05)
Rpd3L-Expanded complex (GO:0070210, 1.44E-03)
Set3 complex (GO:0034967, 1.44E-03)
ruffle (GO:0001726, 1.69E-03)
anchoring junction (GO:0070161, 2.82E-03)
protein kinase complex (GO:1902911, 3.37E-03)
membrane (GO:0016020, 4.29E-03)
transcription regulator complex (GO:0005667, 4.67E-03)
trans-Golgi network (GO:0005802, 5.57E-03)
transferase complex (GO:1990234, 6.54E-03)
serine/threonine protein kinase complex (GO:1902554, 7.20E-03)
nuclear chromosome (GO:0000228, 7.20E-03)
Golgi apparatus subcompartment (GO:0098791, 7.93E-03)
mitotic spindle (GO:0072686, 7.93E-03)
phagophore assembly site (GO:0000407, 7.93E-03)
filopodium tip (GO:0032433, 9.29E-03)","cell cortex (GO:0005938, 9.82E-05)
Rpd3L-Expanded complex (GO:0070210, 1.31E-03)
Set3 complex (GO:0034967, 1.31E-03)
mitotic spindle (GO:0072686, 1.47E-03)
anchoring junction (GO:0070161, 1.77E-03)
trans-Golgi network (GO:0005802, 4.34E-03)
ruffle (GO:0001726, 5.92E-03)
nuclear chromosome (GO:0000228, 5.92E-03)
Golgi apparatus subcompartment (GO:0098791, 6.12E-03)
phagophore assembly site (GO:0000407, 7.13E-03)
membrane (GO:0016020, 7.27E-03)
transcription regulator complex (GO:0005667, 8.48E-03)
filopodium tip (GO:0032433, 8.48E-03)
cell-cell junction (GO:0005911, 8.48E-03)
transferase complex (GO:1990234, 9.09E-03)","adherens junction (GO:0005912, 3.12E-03)
transcription regulator complex (GO:0005667, 4.56E-03)"
set3,"cell cortex (GO:0005938, 3.88E-05)
Rpd3L-Expanded complex (GO:0070210, 1.49E-03)
Set3 complex (GO:0034967, 1.49E-03)
ruffle (GO:0001726, 1.92E-03)
mitotic spindle (GO:0072686, 2.12E-03)
anchoring junction (GO:0070161, 3.51E-03)
protein kinase complex (GO:1902911, 3.70E-03)
membrane (GO:0016020, 4.22E-03)
transcription regulator complex (GO:0005667, 5.47E-03)
trans-Golgi network (GO:0005802, 6.11E-03)
transferase complex (GO:1990234, 7.54E-03)
serine/threonine protein kinase complex (GO:1902554, 7.54E-03)
nuclear chromosome (GO:0000228, 7.67E-03)
phagophore assembly site (GO:0000407, 8.29E-03)
Golgi apparatus subcompartment (GO:0098791, 8.56E-03)
filopodium tip (GO:0032433, 9.42E-03)","cell cortex (GO:0005938, 2.65E-04)
anchoring junction (GO:0070161, 1.10E-03)
actin cytoskeleton (GO:0015629, 5.33E-03)
transcription regulator complex (GO:0005667, 5.36E-03)
filopodium tip (GO:0032433, 5.71E-03)
dendritic spine (GO:0043197, 7.03E-03)
neuron spine (GO:0044309, 7.88E-03)","cell cortex (GO:0005938, 2.32E-05)
Set3 complex (GO:0034967, 1.41E-03)
Rpd3L-Expanded complex (GO:0070210, 1.41E-03)
ruffle (GO:0001726, 1.43E-03)
anchoring junction (GO:0070161, 4.65E-03)
membrane (GO:0016020, 5.36E-03)
nuclear chromosome (GO:0000228, 6.22E-03)
mitotic spindle (GO:0072686, 7.00E-03)
phagophore assembly site (GO:0000407, 7.73E-03)
filopodium tip (GO:0032433, 9.20E-03)
transcription regulator complex (GO:0005667, 9.20E-03)
cell-cell junction (GO:0005911, 9.20E-03)
autophagosome (GO:0005776, 9.20E-03)","cell cortex (GO:0005938, 1.15E-04)
Rpd3L-Expanded complex (GO:0070210, 1.40E-03)
Set3 complex (GO:0034967, 1.40E-03)
ruffle (GO:0001726, 1.57E-03)
anchoring junction (GO:0070161, 2.47E-03)
transcription regulator complex (GO:0005667, 4.41E-03)
trans-Golgi network (GO:0005802, 5.39E-03)
membrane (GO:0016020, 6.66E-03)
nuclear chromosome (GO:0000228, 7.13E-03)
mitotic spindle (GO:0072686, 7.75E-03)
Golgi apparatus subcompartment (GO:0098791, 7.75E-03)
phagophore assembly site (GO:0000407, 8.06E-03)
filopodium tip (GO:0032433, 9.68E-03)","cell cortex (GO:0005938, 1.21E-03)
Set3 complex (GO:0034967, 1.28E-03)
Rpd3L-Expanded complex (GO:0070210, 1.28E-03)
anchoring junction (GO:0070161, 3.90E-03)
mitotic spindle (GO:0072686, 6.70E-03)
transcription regulator complex (GO:0005667, 8.84E-03)
transferase complex (GO:1990234, 8.98E-03)","cell cortex (GO:0005938, 6.05E-05)
anchoring junction (GO:0070161, 1.09E-03)
Set3 complex (GO:0034967, 1.23E-03)
Rpd3L-Expanded complex (GO:0070210, 1.23E-03)
protein kinase complex (GO:1902911, 2.15E-03)
trans-Golgi network (GO:0005802, 3.24E-03)
ruffle (GO:0001726, 4.75E-03)
serine/threonine protein kinase complex (GO:1902554, 4.75E-03)
transcription regulator complex (GO:0005667, 6.00E-03)
cell-cell junction (GO:0005911, 6.00E-03)
transferase complex (GO:1990234, 6.00E-03)
phagophore assembly site (GO:0000407, 6.02E-03)
membrane (GO:0016020, 7.25E-03)
filopodium tip (GO:0032433, 7.52E-03)","cell cortex (GO:0005938, 9.26E-05)
Set3 complex (GO:0034967, 1.36E-03)
Rpd3L-Expanded complex (GO:0070210, 1.36E-03)
protein kinase complex (GO:1902911, 2.69E-03)
anchoring junction (GO:0070161, 4.20E-03)
transferase complex (GO:1990234, 4.20E-03)
serine/threonine protein kinase complex (GO:1902554, 6.18E-03)
phagophore assembly site (GO:0000407, 7.83E-03)
cell-cell junction (GO:0005911, 9.12E-03)
transcription regulator complex (GO:0005667, 9.12E-03)
filopodium tip (GO:0032433, 9.15E-03)
autophagosome (GO:0005776, 9.15E-03)","cell cortex (GO:0005938, 3.11E-05)
Rpd3L-Expanded complex (GO:0070210, 1.42E-03)
Set3 complex (GO:0034967, 1.42E-03)
ruffle (GO:0001726, 1.64E-03)
anchoring junction (GO:0070161, 2.66E-03)
protein kinase complex (GO:1902911, 3.28E-03)
transcription regulator complex (GO:0005667, 4.56E-03)
membrane (GO:0016020, 5.32E-03)
trans-Golgi network (GO:0005802, 5.39E-03)
transferase complex (GO:1990234, 6.18E-03)
serine/threonine protein kinase complex (GO:1902554, 6.98E-03)
nuclear chromosome (GO:0000228, 6.98E-03)
Golgi apparatus subcompartment (GO:0098791, 7.65E-03)
mitotic spindle (GO:0072686, 7.65E-03)
phagophore assembly site (GO:0000407, 7.66E-03)
filopodium tip (GO:0032433, 9.18E-03)
autophagosome (GO:0005776, 9.88E-03)","cell cortex (GO:0005938, 1.21E-04)
Set3 complex (GO:0034967, 1.43E-03)
Rpd3L-Expanded complex (GO:0070210, 1.43E-03)
protein kinase complex (GO:1902911, 3.15E-03)
transcription regulator complex (GO:0005667, 4.23E-03)
transferase complex (GO:1990234, 5.84E-03)
serine/threonine protein kinase complex (GO:1902554, 6.92E-03)
ruffle (GO:0001726, 6.92E-03)
nuclear chromosome (GO:0000228, 6.92E-03)
mitotic spindle (GO:0072686, 7.39E-03)
phagophore assembly site (GO:0000407, 7.78E-03)
filopodium tip (GO:0032433, 9.38E-03)
autophagosome (GO:0005776, 9.88E-03)","cell cortex (GO:0005938, 2.56E-04)
Rpd3L-Expanded complex (GO:0070210, 1.39E-03)
Set3 complex (GO:0034967, 1.39E-03)
ruffle (GO:0001726, 4.94E-03)
serine/threonine protein kinase complex (GO:1902554, 4.94E-03)
mitotic spindle (GO:0072686, 5.15E-03)
anchoring junction (GO:0070161, 5.78E-03)
transferase complex (GO:1990234, 5.78E-03)
membrane (GO:0016020, 6.15E-03)
phagophore assembly site (GO:0000407, 6.15E-03)
autophagosome (GO:0005776, 7.08E-03)
filopodium tip (GO:0032433, 7.54E-03)
protein kinase complex (GO:1902911, 8.90E-03)","cell cortex (GO:0005938, 3.25E-05)
Set3 complex (GO:0034967, 1.46E-03)
Rpd3L-Expanded complex (GO:0070210, 1.46E-03)
ruffle (GO:0001726, 1.71E-03)
mitotic spindle (GO:0072686, 1.89E-03)
anchoring junction (GO:0070161, 2.73E-03)
protein kinase complex (GO:1902911, 3.26E-03)
transcription regulator complex (GO:0005667, 4.61E-03)
membrane (GO:0016020, 6.34E-03)
transferase complex (GO:1990234, 6.34E-03)
serine/threonine protein kinase complex (GO:1902554, 6.98E-03)
nuclear chromosome (GO:0000228, 6.98E-03)
phagophore assembly site (GO:0000407, 7.84E-03)
filopodium tip (GO:0032433, 9.19E-03)
autophagosome (GO:0005776, 9.99E-03)","cell cortex (GO:0005938, 1.01E-04)
Rpd3L-Expanded complex (GO:0070210, 1.41E-03)
Set3 complex (GO:0034967, 1.41E-03)
ruffle (GO:0001726, 1.47E-03)
mitotic spindle (GO:0072686, 1.59E-03)
transcription regulator complex (GO:0005667, 3.65E-03)
membrane (GO:0016020, 4.19E-03)
anchoring junction (GO:0070161, 4.60E-03)
nuclear chromosome (GO:0000228, 6.01E-03)
phagophore assembly site (GO:0000407, 7.37E-03)
filopodium tip (GO:0032433, 8.99E-03)
cell-cell junction (GO:0005911, 9.18E-03)
autophagosome (GO:0005776, 9.18E-03)","cell cortex (GO:0005938, 1.41E-04)
Rpd3L-Expanded complex (GO:0070210, 1.27E-03)
Set3 complex (GO:0034967, 1.27E-03)
ruffle (GO:0001726, 3.60E-03)
mitotic spindle (GO:0072686, 3.77E-03)
filopodium tip (GO:0032433, 7.30E-03)
trans-Golgi network (GO:0005802, 7.68E-03)
histone deacetylase complex (GO:0000118, 7.97E-03)
Golgi apparatus subcompartment (GO:0098791, 8.25E-03)","cell cortex (GO:0005938, 3.68E-05)
Rpd3L-Expanded complex (GO:0070210, 1.47E-03)
Set3 complex (GO:0034967, 1.47E-03)
ruffle (GO:0001726, 1.86E-03)
mitotic spindle (GO:0072686, 2.06E-03)
anchoring junction (GO:0070161, 3.31E-03)
membrane (GO:0016020, 3.38E-03)
protein kinase complex (GO:1902911, 3.52E-03)
transcription regulator complex (GO:0005667, 5.23E-03)
trans-Golgi network (GO:0005802, 5.91E-03)
transferase complex (GO:1990234, 7.28E-03)
serine/threonine protein kinase complex (GO:1902554, 7.34E-03)
nuclear chromosome (GO:0000228, 7.44E-03)
phagophore assembly site (GO:0000407, 8.14E-03)
Golgi apparatus subcompartment (GO:0098791, 8.25E-03)
filopodium tip (GO:0032433, 9.31E-03)","cell cortex (GO:0005938, 3.36E-05)
Rpd3L-Expanded complex (GO:0070210, 1.46E-03)
Set3 complex (GO:0034967, 1.46E-03)
ruffle (GO:0001726, 1.80E-03)
mitotic spindle (GO:0072686, 1.99E-03)
anchoring junction (GO:0070161, 3.11E-03)
protein kinase complex (GO:1902911, 3.50E-03)
membrane (GO:0016020, 4.21E-03)
transcription regulator complex (GO:0005667, 4.90E-03)
trans-Golgi network (GO:0005802, 5.72E-03)
transferase complex (GO:1990234, 6.89E-03)
serine/threonine protein kinase complex (GO:1902554, 7.16E-03)
nuclear chromosome (GO:0000228, 7.22E-03)
phagophore assembly site (GO:0000407, 7.89E-03)
Golgi apparatus subcompartment (GO:0098791, 7.95E-03)
filopodium tip (GO:0032433, 9.19E-03)","cell cortex (GO:0005938, 3.28E-05)
Rpd3L-Expanded complex (GO:0070210, 1.44E-03)
Set3 complex (GO:0034967, 1.44E-03)
ruffle (GO:0001726, 1.69E-03)
anchoring junction (GO:0070161, 2.82E-03)
protein kinase complex (GO:1902911, 3.37E-03)
membrane (GO:0016020, 4.29E-03)
transcription regulator complex (GO:0005667, 4.67E-03)
trans-Golgi network (GO:0005802, 5.57E-03)
transferase complex (GO:1990234, 6.54E-03)
serine/threonine protein kinase complex (GO:1902554, 7.20E-03)
nuclear chromosome (GO:0000228, 7.20E-03)
Golgi apparatus subcompartment (GO:0098791, 7.93E-03)
mitotic spindle (GO:0072686, 7.93E-03)
phagophore assembly site (GO:0000407, 7.93E-03)
filopodium tip (GO:0032433, 9.29E-03)","cell cortex (GO:0005938, 9.82E-05)
Rpd3L-Expanded complex (GO:0070210, 1.31E-03)
Set3 complex (GO:0034967, 1.31E-03)
mitotic spindle (GO:0072686, 1.47E-03)
anchoring junction (GO:0070161, 1.77E-03)
trans-Golgi network (GO:0005802, 4.34E-03)
ruffle (GO:0001726, 5.92E-03)
nuclear chromosome (GO:0000228, 5.92E-03)
Golgi apparatus subcompartment (GO:0098791, 6.12E-03)
phagophore assembly site (GO:0000407, 7.13E-03)
membrane (GO:0016020, 7.27E-03)
transcription regulator complex (GO:0005667, 8.48E-03)
filopodium tip (GO:0032433, 8.48E-03)
cell-cell junction (GO:0005911, 8.48E-03)
transferase complex (GO:1990234, 9.09E-03)","adherens junction (GO:0005912, 3.12E-03)
transcription regulator complex (GO:0005667, 4.56E-03)"
set4,"cell cortex (GO:0005938, 3.88E-05)
catalytic complex (GO:1902494, 8.97E-05)
somatodendritic compartment (GO:0036477, 2.71E-04)
dendritic tree (GO:0097447, 7.38E-04)
dendrite (GO:0030425, 7.38E-04)
Rpd3L-Expanded complex (GO:0070210, 1.49E-03)
Set3 complex (GO:0034967, 1.49E-03)
ruffle (GO:0001726, 1.92E-03)
anchoring junction (GO:0070161, 3.51E-03)
protein kinase complex (GO:1902911, 3.70E-03)
membrane (GO:0016020, 4.22E-03)
transcription regulator complex (GO:0005667, 5.47E-03)
trans-Golgi network (GO:0005802, 6.11E-03)
postsynapse (GO:0098794, 7.05E-03)
transferase complex (GO:1990234, 7.54E-03)
serine/threonine protein kinase complex (GO:1902554, 7.54E-03)
nuclear chromosome (GO:0000228, 7.67E-03)
phagophore assembly site (GO:0000407, 8.29E-03)
Golgi apparatus subcompartment (GO:0098791, 8.56E-03)
filopodium tip (GO:0032433, 9.42E-03)","somatodendritic compartment (GO:0036477, 7.06E-05)
dendrite (GO:0030425, 1.28E-04)
dendritic tree (GO:0097447, 1.28E-04)
cell cortex (GO:0005938, 2.65E-04)
anchoring junction (GO:0070161, 1.10E-03)
actin cytoskeleton (GO:0015629, 5.33E-03)
catalytic complex (GO:1902494, 5.36E-03)
transcription regulator complex (GO:0005667, 5.36E-03)
filopodium tip (GO:0032433, 5.71E-03)
dendritic spine (GO:0043197, 7.03E-03)
neuron spine (GO:0044309, 7.88E-03)","cell cortex (GO:0005938, 2.32E-05)
somatodendritic compartment (GO:0036477, 3.95E-04)
catalytic complex (GO:1902494, 3.95E-04)
dendrite (GO:0030425, 4.39E-04)
dendritic tree (GO:0097447, 4.43E-04)
Set3 complex (GO:0034967, 1.41E-03)
Rpd3L-Expanded complex (GO:0070210, 1.41E-03)
ruffle (GO:0001726, 1.43E-03)
anchoring junction (GO:0070161, 4.65E-03)
postsynapse (GO:0098794, 4.65E-03)
membrane (GO:0016020, 5.36E-03)
nuclear chromosome (GO:0000228, 6.22E-03)
phagophore assembly site (GO:0000407, 7.73E-03)
filopodium tip (GO:0032433, 9.20E-03)
transcription regulator complex (GO:0005667, 9.20E-03)
cell-cell junction (GO:0005911, 9.20E-03)
autophagosome (GO:0005776, 9.20E-03)","cell cortex (GO:0005938, 1.15E-04)
catalytic complex (GO:1902494, 1.15E-04)
somatodendritic compartment (GO:0036477, 1.80E-04)
dendrite (GO:0030425, 5.22E-04)
dendritic tree (GO:0097447, 5.29E-04)
Rpd3L-Expanded complex (GO:0070210, 1.40E-03)
Set3 complex (GO:0034967, 1.40E-03)
ruffle (GO:0001726, 1.57E-03)
anchoring junction (GO:0070161, 2.47E-03)
transcription regulator complex (GO:0005667, 4.41E-03)
trans-Golgi network (GO:0005802, 5.39E-03)
membrane (GO:0016020, 6.66E-03)
nuclear chromosome (GO:0000228, 7.13E-03)
Golgi apparatus subcompartment (GO:0098791, 7.75E-03)
phagophore assembly site (GO:0000407, 8.06E-03)
filopodium tip (GO:0032433, 9.68E-03)","somatodendritic compartment (GO:0036477, 1.11E-04)
catalytic complex (GO:1902494, 1.20E-04)
dendrite (GO:0030425, 3.43E-04)
dendritic tree (GO:0097447, 3.46E-04)
cell cortex (GO:0005938, 1.21E-03)
Set3 complex (GO:0034967, 1.28E-03)
Rpd3L-Expanded complex (GO:0070210, 1.28E-03)
anchoring junction (GO:0070161, 3.90E-03)
postsynapse (GO:0098794, 3.90E-03)
transcription regulator complex (GO:0005667, 8.84E-03)
transferase complex (GO:1990234, 8.98E-03)","cell cortex (GO:0005938, 6.05E-05)
somatodendritic compartment (GO:0036477, 6.66E-05)
catalytic complex (GO:1902494, 1.42E-04)
dendrite (GO:0030425, 2.19E-04)
dendritic tree (GO:0097447, 2.22E-04)
anchoring junction (GO:0070161, 1.09E-03)
Set3 complex (GO:0034967, 1.23E-03)
Rpd3L-Expanded complex (GO:0070210, 1.23E-03)
protein kinase complex (GO:1902911, 2.15E-03)
postsynapse (GO:0098794, 2.84E-03)
trans-Golgi network (GO:0005802, 3.24E-03)
ruffle (GO:0001726, 4.75E-03)
serine/threonine protein kinase complex (GO:1902554, 4.75E-03)
transcription regulator complex (GO:0005667, 6.00E-03)
cell-cell junction (GO:0005911, 6.00E-03)
transferase complex (GO:1990234, 6.00E-03)
phagophore assembly site (GO:0000407, 6.02E-03)
membrane (GO:0016020, 7.25E-03)
filopodium tip (GO:0032433, 7.52E-03)","catalytic complex (GO:1902494, 6.62E-05)
cell cortex (GO:0005938, 9.26E-05)
somatodendritic compartment (GO:0036477, 3.61E-04)
dendrite (GO:0030425, 1.07E-03)
dendritic tree (GO:0097447, 1.09E-03)
Set3 complex (GO:0034967, 1.36E-03)
Rpd3L-Expanded complex (GO:0070210, 1.36E-03)
protein kinase complex (GO:1902911, 2.69E-03)
anchoring junction (GO:0070161, 4.20E-03)
transferase complex (GO:1990234, 4.20E-03)
serine/threonine protein kinase complex (GO:1902554, 6.18E-03)
phagophore assembly site (GO:0000407, 7.83E-03)
cell-cell junction (GO:0005911, 9.12E-03)
transcription regulator complex (GO:0005667, 9.12E-03)
filopodium tip (GO:0032433, 9.15E-03)
autophagosome (GO:0005776, 9.15E-03)","cell cortex (GO:0005938, 3.11E-05)
catalytic complex (GO:1902494, 5.26E-05)
somatodendritic compartment (GO:0036477, 1.89E-04)
dendrite (GO:0030425, 5.43E-04)
dendritic tree (GO:0097447, 5.48E-04)
Rpd3L-Expanded complex (GO:0070210, 1.42E-03)
Set3 complex (GO:0034967, 1.42E-03)
ruffle (GO:0001726, 1.64E-03)
anchoring junction (GO:0070161, 2.66E-03)
protein kinase complex (GO:1902911, 3.28E-03)
transcription regulator complex (GO:0005667, 4.56E-03)
membrane (GO:0016020, 5.32E-03)
trans-Golgi network (GO:0005802, 5.39E-03)
transferase complex (GO:1990234, 6.18E-03)
serine/threonine protein kinase complex (GO:1902554, 6.98E-03)
nuclear chromosome (GO:0000228, 6.98E-03)
Golgi apparatus subcompartment (GO:0098791, 7.65E-03)
phagophore assembly site (GO:0000407, 7.66E-03)
filopodium tip (GO:0032433, 9.18E-03)
autophagosome (GO:0005776, 9.88E-03)","catalytic complex (GO:1902494, 1.18E-04)
cell cortex (GO:0005938, 1.21E-04)
somatodendritic compartment (GO:0036477, 1.26E-03)
Set3 complex (GO:0034967, 1.43E-03)
dendrite (GO:0030425, 1.43E-03)
dendritic tree (GO:0097447, 1.43E-03)
Rpd3L-Expanded complex (GO:0070210, 1.43E-03)
protein kinase complex (GO:1902911, 3.15E-03)
transcription regulator complex (GO:0005667, 4.23E-03)
transferase complex (GO:1990234, 5.84E-03)
serine/threonine protein kinase complex (GO:1902554, 6.92E-03)
ruffle (GO:0001726, 6.92E-03)
nuclear chromosome (GO:0000228, 6.92E-03)
phagophore assembly site (GO:0000407, 7.78E-03)
filopodium tip (GO:0032433, 9.38E-03)
autophagosome (GO:0005776, 9.88E-03)","cell cortex (GO:0005938, 2.56E-04)
catalytic complex (GO:1902494, 3.19E-04)
somatodendritic compartment (GO:0036477, 1.39E-03)
Rpd3L-Expanded complex (GO:0070210, 1.39E-03)
Set3 complex (GO:0034967, 1.39E-03)
dendrite (GO:0030425, 1.88E-03)
dendritic tree (GO:0097447, 1.90E-03)
ruffle (GO:0001726, 4.94E-03)
serine/threonine protein kinase complex (GO:1902554, 4.94E-03)
anchoring junction (GO:0070161, 5.78E-03)
transferase complex (GO:1990234, 5.78E-03)
membrane (GO:0016020, 6.15E-03)
phagophore assembly site (GO:0000407, 6.15E-03)
postsynapse (GO:0098794, 6.53E-03)
autophagosome (GO:0005776, 7.08E-03)
filopodium tip (GO:0032433, 7.54E-03)
protein kinase complex (GO:1902911, 8.90E-03)","cell cortex (GO:0005938, 3.25E-05)
somatodendritic compartment (GO:0036477, 2.08E-04)
catalytic complex (GO:1902494, 3.03E-04)
dendrite (GO:0030425, 6.03E-04)
dendritic tree (GO:0097447, 6.03E-04)
Set3 complex (GO:0034967, 1.46E-03)
Rpd3L-Expanded complex (GO:0070210, 1.46E-03)
ruffle (GO:0001726, 1.71E-03)
anchoring junction (GO:0070161, 2.73E-03)
protein kinase complex (GO:1902911, 3.26E-03)
transcription regulator complex (GO:0005667, 4.61E-03)
postsynapse (GO:0098794, 6.12E-03)
membrane (GO:0016020, 6.34E-03)
transferase complex (GO:1990234, 6.34E-03)
serine/threonine protein kinase complex (GO:1902554, 6.98E-03)
nuclear chromosome (GO:0000228, 6.98E-03)
phagophore assembly site (GO:0000407, 7.84E-03)
filopodium tip (GO:0032433, 9.19E-03)
autophagosome (GO:0005776, 9.99E-03)","cell cortex (GO:0005938, 1.01E-04)
somatodendritic compartment (GO:0036477, 1.43E-04)
catalytic complex (GO:1902494, 1.78E-04)
dendrite (GO:0030425, 4.49E-04)
dendritic tree (GO:0097447, 4.54E-04)
Rpd3L-Expanded complex (GO:0070210, 1.41E-03)
Set3 complex (GO:0034967, 1.41E-03)
ruffle (GO:0001726, 1.47E-03)
transcription regulator complex (GO:0005667, 3.65E-03)
membrane (GO:0016020, 4.19E-03)
anchoring junction (GO:0070161, 4.60E-03)
postsynapse (GO:0098794, 4.60E-03)
nuclear chromosome (GO:0000228, 6.01E-03)
phagophore assembly site (GO:0000407, 7.37E-03)
filopodium tip (GO:0032433, 8.99E-03)
cell-cell junction (GO:0005911, 9.18E-03)
autophagosome (GO:0005776, 9.18E-03)","cell cortex (GO:0005938, 1.41E-04)
Rpd3L-Expanded complex (GO:0070210, 1.27E-03)
Set3 complex (GO:0034967, 1.27E-03)
catalytic complex (GO:1902494, 2.22E-03)
ruffle (GO:0001726, 3.60E-03)
somatodendritic compartment (GO:0036477, 3.77E-03)
dendrite (GO:0030425, 7.30E-03)
filopodium tip (GO:0032433, 7.30E-03)
dendritic tree (GO:0097447, 7.36E-03)
trans-Golgi network (GO:0005802, 7.68E-03)
postsynaptic density (GO:0014069, 7.68E-03)
histone deacetylase complex (GO:0000118, 7.97E-03)
Golgi apparatus subcompartment (GO:0098791, 8.25E-03)
kinetochore (GO:0000776, 9.49E-03)
asymmetric synapse (GO:0032279, 9.78E-03)","cell cortex (GO:0005938, 3.68E-05)
catalytic complex (GO:1902494, 8.07E-05)
somatodendritic compartment (GO:0036477, 2.48E-04)
dendritic tree (GO:0097447, 6.96E-04)
dendrite (GO:0030425, 6.96E-04)
Rpd3L-Expanded complex (GO:0070210, 1.47E-03)
Set3 complex (GO:0034967, 1.47E-03)
ruffle (GO:0001726, 1.86E-03)
anchoring junction (GO:0070161, 3.31E-03)
membrane (GO:0016020, 3.38E-03)
protein kinase complex (GO:1902911, 3.52E-03)
transcription regulator complex (GO:0005667, 5.23E-03)
trans-Golgi network (GO:0005802, 5.91E-03)
postsynapse (GO:0098794, 6.72E-03)
transferase complex (GO:1990234, 7.28E-03)
serine/threonine protein kinase complex (GO:1902554, 7.34E-03)
nuclear chromosome (GO:0000228, 7.44E-03)
phagophore assembly site (GO:0000407, 8.14E-03)
Golgi apparatus subcompartment (GO:0098791, 8.25E-03)
filopodium tip (GO:0032433, 9.31E-03)","cell cortex (GO:0005938, 3.36E-05)
catalytic complex (GO:1902494, 7.26E-05)
somatodendritic compartment (GO:0036477, 2.29E-04)
dendrite (GO:0030425, 6.76E-04)
dendritic tree (GO:0097447, 6.76E-04)
Rpd3L-Expanded complex (GO:0070210, 1.46E-03)
Set3 complex (GO:0034967, 1.46E-03)
ruffle (GO:0001726, 1.80E-03)
anchoring junction (GO:0070161, 3.11E-03)
protein kinase complex (GO:1902911, 3.50E-03)
membrane (GO:0016020, 4.21E-03)
transcription regulator complex (GO:0005667, 4.90E-03)
trans-Golgi network (GO:0005802, 5.72E-03)
postsynapse (GO:0098794, 6.41E-03)
transferase complex (GO:1990234, 6.89E-03)
serine/threonine protein kinase complex (GO:1902554, 7.16E-03)
nuclear chromosome (GO:0000228, 7.22E-03)
phagophore assembly site (GO:0000407, 7.89E-03)
Golgi apparatus subcompartment (GO:0098791, 7.95E-03)
filopodium tip (GO:0032433, 9.19E-03)","cell cortex (GO:0005938, 3.28E-05)
catalytic complex (GO:1902494, 5.86E-05)
somatodendritic compartment (GO:0036477, 1.91E-04)
dendrite (GO:0030425, 5.76E-04)
dendritic tree (GO:0097447, 5.76E-04)
Rpd3L-Expanded complex (GO:0070210, 1.44E-03)
Set3 complex (GO:0034967, 1.44E-03)
ruffle (GO:0001726, 1.69E-03)
anchoring junction (GO:0070161, 2.82E-03)
protein kinase complex (GO:1902911, 3.37E-03)
membrane (GO:0016020, 4.29E-03)
transcription regulator complex (GO:0005667, 4.67E-03)
trans-Golgi network (GO:0005802, 5.57E-03)
transferase complex (GO:1990234, 6.54E-03)
serine/threonine protein kinase complex (GO:1902554, 7.20E-03)
nuclear chromosome (GO:0000228, 7.20E-03)
Golgi apparatus subcompartment (GO:0098791, 7.93E-03)
phagophore assembly site (GO:0000407, 7.93E-03)
filopodium tip (GO:0032433, 9.29E-03)","catalytic complex (GO:1902494, 7.64E-05)
cell cortex (GO:0005938, 9.82E-05)
somatodendritic compartment (GO:0036477, 3.61E-04)
dendrite (GO:0030425, 1.14E-03)
dendritic tree (GO:0097447, 1.15E-03)
Rpd3L-Expanded complex (GO:0070210, 1.31E-03)
Set3 complex (GO:0034967, 1.31E-03)
anchoring junction (GO:0070161, 1.77E-03)
trans-Golgi network (GO:0005802, 4.34E-03)
postsynapse (GO:0098794, 4.34E-03)
ruffle (GO:0001726, 5.92E-03)
nuclear chromosome (GO:0000228, 5.92E-03)
Golgi apparatus subcompartment (GO:0098791, 6.12E-03)
phagophore assembly site (GO:0000407, 7.13E-03)
membrane (GO:0016020, 7.27E-03)
transcription regulator complex (GO:0005667, 8.48E-03)
filopodium tip (GO:0032433, 8.48E-03)
cell-cell junction (GO:0005911, 8.48E-03)
transferase complex (GO:1990234, 9.09E-03)","adherens junction (GO:0005912, 3.12E-03)
transcription regulator complex (GO:0005667, 4.56E-03)"
set5,"cell cortex (GO:0005938, 3.88E-05)
catalytic complex (GO:1902494, 8.97E-05)
dendritic tree (GO:0097447, 7.38E-04)
dendrite (GO:0030425, 7.38E-04)
Rpd3L-Expanded complex (GO:0070210, 1.49E-03)
Set3 complex (GO:0034967, 1.49E-03)
ruffle (GO:0001726, 1.92E-03)
anchoring junction (GO:0070161, 3.51E-03)
protein kinase complex (GO:1902911, 3.70E-03)
membrane (GO:0016020, 4.22E-03)
transcription regulator complex (GO:0005667, 5.47E-03)
trans-Golgi network (GO:0005802, 6.11E-03)
postsynapse (GO:0098794, 7.05E-03)
transferase complex (GO:1990234, 7.54E-03)
serine/threonine protein kinase complex (GO:1902554, 7.54E-03)
nuclear chromosome (GO:0000228, 7.67E-03)
phagophore assembly site (GO:0000407, 8.29E-03)
filopodium tip (GO:0032433, 9.42E-03)","dendrite (GO:0030425, 1.28E-04)
dendritic tree (GO:0097447, 1.28E-04)
cell cortex (GO:0005938, 2.65E-04)
anchoring junction (GO:0070161, 1.10E-03)
actin cytoskeleton (GO:0015629, 5.33E-03)
catalytic complex (GO:1902494, 5.36E-03)
transcription regulator complex (GO:0005667, 5.36E-03)
filopodium tip (GO:0032433, 5.71E-03)
dendritic spine (GO:0043197, 7.03E-03)
neuron spine (GO:0044309, 7.88E-03)","cell cortex (GO:0005938, 2.32E-05)
catalytic complex (GO:1902494, 3.95E-04)
dendrite (GO:0030425, 4.39E-04)
dendritic tree (GO:0097447, 4.43E-04)
Set3 complex (GO:0034967, 1.41E-03)
Rpd3L-Expanded complex (GO:0070210, 1.41E-03)
ruffle (GO:0001726, 1.43E-03)
anchoring junction (GO:0070161, 4.65E-03)
postsynapse (GO:0098794, 4.65E-03)
membrane (GO:0016020, 5.36E-03)
nuclear chromosome (GO:0000228, 6.22E-03)
phagophore assembly site (GO:0000407, 7.73E-03)
filopodium tip (GO:0032433, 9.20E-03)
transcription regulator complex (GO:0005667, 9.20E-03)
cell-cell junction (GO:0005911, 9.20E-03)
autophagosome (GO:0005776, 9.20E-03)","cell cortex (GO:0005938, 1.15E-04)
catalytic complex (GO:1902494, 1.15E-04)
dendrite (GO:0030425, 5.22E-04)
dendritic tree (GO:0097447, 5.29E-04)
Rpd3L-Expanded complex (GO:0070210, 1.40E-03)
Set3 complex (GO:0034967, 1.40E-03)
ruffle (GO:0001726, 1.57E-03)
anchoring junction (GO:0070161, 2.47E-03)
transcription regulator complex (GO:0005667, 4.41E-03)
trans-Golgi network (GO:0005802, 5.39E-03)
membrane (GO:0016020, 6.66E-03)
nuclear chromosome (GO:0000228, 7.13E-03)
phagophore assembly site (GO:0000407, 8.06E-03)
filopodium tip (GO:0032433, 9.68E-03)","catalytic complex (GO:1902494, 1.20E-04)
dendrite (GO:0030425, 3.43E-04)
dendritic tree (GO:0097447, 3.46E-04)
cell cortex (GO:0005938, 1.21E-03)
Set3 complex (GO:0034967, 1.28E-03)
Rpd3L-Expanded complex (GO:0070210, 1.28E-03)
anchoring junction (GO:0070161, 3.90E-03)
postsynapse (GO:0098794, 3.90E-03)
transcription regulator complex (GO:0005667, 8.84E-03)
transferase complex (GO:1990234, 8.98E-03)","cell cortex (GO:0005938, 6.05E-05)
catalytic complex (GO:1902494, 1.42E-04)
dendrite (GO:0030425, 2.19E-04)
dendritic tree (GO:0097447, 2.22E-04)
anchoring junction (GO:0070161, 1.09E-03)
Set3 complex (GO:0034967, 1.23E-03)
Rpd3L-Expanded complex (GO:0070210, 1.23E-03)
protein kinase complex (GO:1902911, 2.15E-03)
postsynapse (GO:0098794, 2.84E-03)
trans-Golgi network (GO:0005802, 3.24E-03)
ruffle (GO:0001726, 4.75E-03)
serine/threonine protein kinase complex (GO:1902554, 4.75E-03)
transcription regulator complex (GO:0005667, 6.00E-03)
cell-cell junction (GO:0005911, 6.00E-03)
transferase complex (GO:1990234, 6.00E-03)
phagophore assembly site (GO:0000407, 6.02E-03)
membrane (GO:0016020, 7.25E-03)
filopodium tip (GO:0032433, 7.52E-03)","catalytic complex (GO:1902494, 6.62E-05)
cell cortex (GO:0005938, 9.26E-05)
dendrite (GO:0030425, 1.07E-03)
dendritic tree (GO:0097447, 1.09E-03)
Set3 complex (GO:0034967, 1.36E-03)
Rpd3L-Expanded complex (GO:0070210, 1.36E-03)
protein kinase complex (GO:1902911, 2.69E-03)
anchoring junction (GO:0070161, 4.20E-03)
transferase complex (GO:1990234, 4.20E-03)
serine/threonine protein kinase complex (GO:1902554, 6.18E-03)
phagophore assembly site (GO:0000407, 7.83E-03)
cell-cell junction (GO:0005911, 9.12E-03)
transcription regulator complex (GO:0005667, 9.12E-03)
filopodium tip (GO:0032433, 9.15E-03)
autophagosome (GO:0005776, 9.15E-03)","cell cortex (GO:0005938, 3.11E-05)
catalytic complex (GO:1902494, 5.26E-05)
dendrite (GO:0030425, 5.43E-04)
dendritic tree (GO:0097447, 5.48E-04)
Rpd3L-Expanded complex (GO:0070210, 1.42E-03)
Set3 complex (GO:0034967, 1.42E-03)
ruffle (GO:0001726, 1.64E-03)
anchoring junction (GO:0070161, 2.66E-03)
protein kinase complex (GO:1902911, 3.28E-03)
transcription regulator complex (GO:0005667, 4.56E-03)
membrane (GO:0016020, 5.32E-03)
trans-Golgi network (GO:0005802, 5.39E-03)
transferase complex (GO:1990234, 6.18E-03)
serine/threonine protein kinase complex (GO:1902554, 6.98E-03)
nuclear chromosome (GO:0000228, 6.98E-03)
phagophore assembly site (GO:0000407, 7.66E-03)
filopodium tip (GO:0032433, 9.18E-03)
autophagosome (GO:0005776, 9.88E-03)","catalytic complex (GO:1902494, 1.18E-04)
cell cortex (GO:0005938, 1.21E-04)
Set3 complex (GO:0034967, 1.43E-03)
dendrite (GO:0030425, 1.43E-03)
dendritic tree (GO:0097447, 1.43E-03)
Rpd3L-Expanded complex (GO:0070210, 1.43E-03)
protein kinase complex (GO:1902911, 3.15E-03)
transcription regulator complex (GO:0005667, 4.23E-03)
transferase complex (GO:1990234, 5.84E-03)
serine/threonine protein kinase complex (GO:1902554, 6.92E-03)
ruffle (GO:0001726, 6.92E-03)
nuclear chromosome (GO:0000228, 6.92E-03)
phagophore assembly site (GO:0000407, 7.78E-03)
filopodium tip (GO:0032433, 9.38E-03)
autophagosome (GO:0005776, 9.88E-03)","cell cortex (GO:0005938, 2.56E-04)
catalytic complex (GO:1902494, 3.19E-04)
Rpd3L-Expanded complex (GO:0070210, 1.39E-03)
Set3 complex (GO:0034967, 1.39E-03)
dendrite (GO:0030425, 1.88E-03)
dendritic tree (GO:0097447, 1.90E-03)
ruffle (GO:0001726, 4.94E-03)
serine/threonine protein kinase complex (GO:1902554, 4.94E-03)
anchoring junction (GO:0070161, 5.78E-03)
transferase complex (GO:1990234, 5.78E-03)
membrane (GO:0016020, 6.15E-03)
phagophore assembly site (GO:0000407, 6.15E-03)
postsynapse (GO:0098794, 6.53E-03)
autophagosome (GO:0005776, 7.08E-03)
filopodium tip (GO:0032433, 7.54E-03)
protein kinase complex (GO:1902911, 8.90E-03)","cell cortex (GO:0005938, 3.25E-05)
catalytic complex (GO:1902494, 3.03E-04)
dendrite (GO:0030425, 6.03E-04)
dendritic tree (GO:0097447, 6.03E-04)
Set3 complex (GO:0034967, 1.46E-03)
Rpd3L-Expanded complex (GO:0070210, 1.46E-03)
ruffle (GO:0001726, 1.71E-03)
anchoring junction (GO:0070161, 2.73E-03)
protein kinase complex (GO:1902911, 3.26E-03)
transcription regulator complex (GO:0005667, 4.61E-03)
postsynapse (GO:0098794, 6.12E-03)
membrane (GO:0016020, 6.34E-03)
transferase complex (GO:1990234, 6.34E-03)
serine/threonine protein kinase complex (GO:1902554, 6.98E-03)
nuclear chromosome (GO:0000228, 6.98E-03)
phagophore assembly site (GO:0000407, 7.84E-03)
filopodium tip (GO:0032433, 9.19E-03)
autophagosome (GO:0005776, 9.99E-03)","cell cortex (GO:0005938, 1.01E-04)
catalytic complex (GO:1902494, 1.78E-04)
dendrite (GO:0030425, 4.49E-04)
dendritic tree (GO:0097447, 4.54E-04)
Rpd3L-Expanded complex (GO:0070210, 1.41E-03)
Set3 complex (GO:0034967, 1.41E-03)
ruffle (GO:0001726, 1.47E-03)
transcription regulator complex (GO:0005667, 3.65E-03)
membrane (GO:0016020, 4.19E-03)
anchoring junction (GO:0070161, 4.60E-03)
postsynapse (GO:0098794, 4.60E-03)
nuclear chromosome (GO:0000228, 6.01E-03)
phagophore assembly site (GO:0000407, 7.37E-03)
filopodium tip (GO:0032433, 8.99E-03)
cell-cell junction (GO:0005911, 9.18E-03)
autophagosome (GO:0005776, 9.18E-03)","cell cortex (GO:0005938, 1.41E-04)
Rpd3L-Expanded complex (GO:0070210, 1.27E-03)
Set3 complex (GO:0034967, 1.27E-03)
catalytic complex (GO:1902494, 2.22E-03)
ruffle (GO:0001726, 3.60E-03)
dendrite (GO:0030425, 7.30E-03)
filopodium tip (GO:0032433, 7.30E-03)
dendritic tree (GO:0097447, 7.36E-03)
trans-Golgi network (GO:0005802, 7.68E-03)
postsynaptic density (GO:0014069, 7.68E-03)
histone deacetylase complex (GO:0000118, 7.97E-03)
kinetochore (GO:0000776, 9.49E-03)
asymmetric synapse (GO:0032279, 9.78E-03)","cell cortex (GO:0005938, 3.68E-05)
catalytic complex (GO:1902494, 8.07E-05)
dendritic tree (GO:0097447, 6.96E-04)
dendrite (GO:0030425, 6.96E-04)
Rpd3L-Expanded complex (GO:0070210, 1.47E-03)
Set3 complex (GO:0034967, 1.47E-03)
ruffle (GO:0001726, 1.86E-03)
anchoring junction (GO:0070161, 3.31E-03)
membrane (GO:0016020, 3.38E-03)
protein kinase complex (GO:1902911, 3.52E-03)
transcription regulator complex (GO:0005667, 5.23E-03)
trans-Golgi network (GO:0005802, 5.91E-03)
postsynapse (GO:0098794, 6.72E-03)
transferase complex (GO:1990234, 7.28E-03)
serine/threonine protein kinase complex (GO:1902554, 7.34E-03)
nuclear chromosome (GO:0000228, 7.44E-03)
phagophore assembly site (GO:0000407, 8.14E-03)
filopodium tip (GO:0032433, 9.31E-03)","cell cortex (GO:0005938, 3.36E-05)
catalytic complex (GO:1902494, 7.26E-05)
dendrite (GO:0030425, 6.76E-04)
dendritic tree (GO:0097447, 6.76E-04)
Rpd3L-Expanded complex (GO:0070210, 1.46E-03)
Set3 complex (GO:0034967, 1.46E-03)
ruffle (GO:0001726, 1.80E-03)
anchoring junction (GO:0070161, 3.11E-03)
protein kinase complex (GO:1902911, 3.50E-03)
membrane (GO:0016020, 4.21E-03)
transcription regulator complex (GO:0005667, 4.90E-03)
trans-Golgi network (GO:0005802, 5.72E-03)
postsynapse (GO:0098794, 6.41E-03)
transferase complex (GO:1990234, 6.89E-03)
serine/threonine protein kinase complex (GO:1902554, 7.16E-03)
nuclear chromosome (GO:0000228, 7.22E-03)
phagophore assembly site (GO:0000407, 7.89E-03)
filopodium tip (GO:0032433, 9.19E-03)","cell cortex (GO:0005938, 3.28E-05)
catalytic complex (GO:1902494, 5.86E-05)
dendrite (GO:0030425, 5.76E-04)
dendritic tree (GO:0097447, 5.76E-04)
Rpd3L-Expanded complex (GO:0070210, 1.44E-03)
Set3 complex (GO:0034967, 1.44E-03)
ruffle (GO:0001726, 1.69E-03)
anchoring junction (GO:0070161, 2.82E-03)
protein kinase complex (GO:1902911, 3.37E-03)
membrane (GO:0016020, 4.29E-03)
transcription regulator complex (GO:0005667, 4.67E-03)
trans-Golgi network (GO:0005802, 5.57E-03)
transferase complex (GO:1990234, 6.54E-03)
serine/threonine protein kinase complex (GO:1902554, 7.20E-03)
nuclear chromosome (GO:0000228, 7.20E-03)
phagophore assembly site (GO:0000407, 7.93E-03)
filopodium tip (GO:0032433, 9.29E-03)","catalytic complex (GO:1902494, 7.64E-05)
cell cortex (GO:0005938, 9.82E-05)
dendrite (GO:0030425, 1.14E-03)
dendritic tree (GO:0097447, 1.15E-03)
Rpd3L-Expanded complex (GO:0070210, 1.31E-03)
Set3 complex (GO:0034967, 1.31E-03)
anchoring junction (GO:0070161, 1.77E-03)
trans-Golgi network (GO:0005802, 4.34E-03)
postsynapse (GO:0098794, 4.34E-03)
ruffle (GO:0001726, 5.92E-03)
nuclear chromosome (GO:0000228, 5.92E-03)
phagophore assembly site (GO:0000407, 7.13E-03)
membrane (GO:0016020, 7.27E-03)
transcription regulator complex (GO:0005667, 8.48E-03)
filopodium tip (GO:0032433, 8.48E-03)
cell-cell junction (GO:0005911, 8.48E-03)
transferase complex (GO:1990234, 9.09E-03)","adherens junction (GO:0005912, 3.12E-03)
transcription regulator complex (GO:0005667, 4.56E-03)"
set6,"cell projection (GO:0042995, 6.02E-07)
plasma membrane bounded cell projection (GO:0120025, 1.90E-06)
cell cortex (GO:0005938, 3.88E-05)
cell leading edge (GO:0031252, 8.38E-05)
catalytic complex (GO:1902494, 8.97E-05)
somatodendritic compartment (GO:0036477, 2.71E-04)
dendritic tree (GO:0097447, 7.38E-04)
dendrite (GO:0030425, 7.38E-04)
Rpd3L-Expanded complex (GO:0070210, 1.49E-03)
Set3 complex (GO:0034967, 1.49E-03)
ruffle (GO:0001726, 1.92E-03)
anchoring junction (GO:0070161, 3.51E-03)
protein kinase complex (GO:1902911, 3.70E-03)
membrane (GO:0016020, 4.22E-03)
transcription regulator complex (GO:0005667, 5.47E-03)
trans-Golgi network (GO:0005802, 6.11E-03)
postsynapse (GO:0098794, 7.05E-03)
transferase complex (GO:1990234, 7.54E-03)
serine/threonine protein kinase complex (GO:1902554, 7.54E-03)
nuclear chromosome (GO:0000228, 7.67E-03)
phagophore assembly site (GO:0000407, 8.29E-03)
Golgi apparatus subcompartment (GO:0098791, 8.56E-03)
filopodium tip (GO:0032433, 9.42E-03)","cell projection (GO:0042995, 1.28E-06)
plasma membrane bounded cell projection (GO:0120025, 2.17E-06)
somatodendritic compartment (GO:0036477, 7.06E-05)
dendrite (GO:0030425, 1.28E-04)
dendritic tree (GO:0097447, 1.28E-04)
cell cortex (GO:0005938, 2.65E-04)
anchoring junction (GO:0070161, 1.10E-03)
cell leading edge (GO:0031252, 3.58E-03)
actin cytoskeleton (GO:0015629, 5.33E-03)
catalytic complex (GO:1902494, 5.36E-03)
transcription regulator complex (GO:0005667, 5.36E-03)
filopodium tip (GO:0032433, 5.71E-03)
dendritic spine (GO:0043197, 7.03E-03)
neuron spine (GO:0044309, 7.88E-03)","cell projection (GO:0042995, 7.92E-07)
plasma membrane bounded cell projection (GO:0120025, 2.46E-06)
cell cortex (GO:0005938, 2.32E-05)
cell leading edge (GO:0031252, 4.94E-05)
somatodendritic compartment (GO:0036477, 3.95E-04)
catalytic complex (GO:1902494, 3.95E-04)
dendrite (GO:0030425, 4.39E-04)
dendritic tree (GO:0097447, 4.43E-04)
Set3 complex (GO:0034967, 1.41E-03)
Rpd3L-Expanded complex (GO:0070210, 1.41E-03)
ruffle (GO:0001726, 1.43E-03)
anchoring junction (GO:0070161, 4.65E-03)
postsynapse (GO:0098794, 4.65E-03)
membrane (GO:0016020, 5.36E-03)
nuclear chromosome (GO:0000228, 6.22E-03)
phagophore assembly site (GO:0000407, 7.73E-03)
filopodium tip (GO:0032433, 9.20E-03)
transcription regulator complex (GO:0005667, 9.20E-03)
cell-cell junction (GO:0005911, 9.20E-03)
autophagosome (GO:0005776, 9.20E-03)","cell projection (GO:0042995, 6.02E-07)
plasma membrane bounded cell projection (GO:0120025, 1.83E-06)
cell leading edge (GO:0031252, 6.37E-05)
cell cortex (GO:0005938, 1.15E-04)
catalytic complex (GO:1902494, 1.15E-04)
somatodendritic compartment (GO:0036477, 1.80E-04)
dendrite (GO:0030425, 5.22E-04)
dendritic tree (GO:0097447, 5.29E-04)
Rpd3L-Expanded complex (GO:0070210, 1.40E-03)
Set3 complex (GO:0034967, 1.40E-03)
ruffle (GO:0001726, 1.57E-03)
anchoring junction (GO:0070161, 2.47E-03)
transcription regulator complex (GO:0005667, 4.41E-03)
trans-Golgi network (GO:0005802, 5.39E-03)
membrane (GO:0016020, 6.66E-03)
nuclear chromosome (GO:0000228, 7.13E-03)
Golgi apparatus subcompartment (GO:0098791, 7.75E-03)
phagophore assembly site (GO:0000407, 8.06E-03)
filopodium tip (GO:0032433, 9.68E-03)","cell projection (GO:0042995, 6.62E-06)
plasma membrane bounded cell projection (GO:0120025, 1.90E-05)
somatodendritic compartment (GO:0036477, 1.11E-04)
catalytic complex (GO:1902494, 1.20E-04)
dendrite (GO:0030425, 3.43E-04)
dendritic tree (GO:0097447, 3.46E-04)
cell leading edge (GO:0031252, 4.66E-04)
cell cortex (GO:0005938, 1.21E-03)
Set3 complex (GO:0034967, 1.28E-03)
Rpd3L-Expanded complex (GO:0070210, 1.28E-03)
anchoring junction (GO:0070161, 3.90E-03)
postsynapse (GO:0098794, 3.90E-03)
transcription regulator complex (GO:0005667, 8.84E-03)
transferase complex (GO:1990234, 8.98E-03)","cell projection (GO:0042995, 3.87E-07)
plasma membrane bounded cell projection (GO:0120025, 1.36E-06)
cell cortex (GO:0005938, 6.05E-05)
somatodendritic compartment (GO:0036477, 6.66E-05)
cell leading edge (GO:0031252, 1.03E-04)
catalytic complex (GO:1902494, 1.42E-04)
dendrite (GO:0030425, 2.19E-04)
dendritic tree (GO:0097447, 2.22E-04)
anchoring junction (GO:0070161, 1.09E-03)
Set3 complex (GO:0034967, 1.23E-03)
Rpd3L-Expanded complex (GO:0070210, 1.23E-03)
protein kinase complex (GO:1902911, 2.15E-03)
postsynapse (GO:0098794, 2.84E-03)
trans-Golgi network (GO:0005802, 3.24E-03)
ruffle (GO:0001726, 4.75E-03)
serine/threonine protein kinase complex (GO:1902554, 4.75E-03)
transcription regulator complex (GO:0005667, 6.00E-03)
cell-cell junction (GO:0005911, 6.00E-03)
transferase complex (GO:1990234, 6.00E-03)
phagophore assembly site (GO:0000407, 6.02E-03)
membrane (GO:0016020, 7.25E-03)
filopodium tip (GO:0032433, 7.52E-03)","cell projection (GO:0042995, 1.50E-06)
plasma membrane bounded cell projection (GO:0120025, 4.18E-06)
catalytic complex (GO:1902494, 6.62E-05)
cell cortex (GO:0005938, 9.26E-05)
somatodendritic compartment (GO:0036477, 3.61E-04)
cell leading edge (GO:0031252, 5.75E-04)
dendrite (GO:0030425, 1.07E-03)
dendritic tree (GO:0097447, 1.09E-03)
Set3 complex (GO:0034967, 1.36E-03)
Rpd3L-Expanded complex (GO:0070210, 1.36E-03)
protein kinase complex (GO:1902911, 2.69E-03)
anchoring junction (GO:0070161, 4.20E-03)
transferase complex (GO:1990234, 4.20E-03)
serine/threonine protein kinase complex (GO:1902554, 6.18E-03)
phagophore assembly site (GO:0000407, 7.83E-03)
cell-cell junction (GO:0005911, 9.12E-03)
transcription regulator complex (GO:0005667, 9.12E-03)
filopodium tip (GO:0032433, 9.15E-03)
autophagosome (GO:0005776, 9.15E-03)","cell projection (GO:0042995, 2.66E-07)
plasma membrane bounded cell projection (GO:0120025, 8.86E-07)
cell cortex (GO:0005938, 3.11E-05)
catalytic complex (GO:1902494, 5.26E-05)
cell leading edge (GO:0031252, 5.81E-05)
somatodendritic compartment (GO:0036477, 1.89E-04)
dendrite (GO:0030425, 5.43E-04)
dendritic tree (GO:0097447, 5.48E-04)
Rpd3L-Expanded complex (GO:0070210, 1.42E-03)
Set3 complex (GO:0034967, 1.42E-03)
ruffle (GO:0001726, 1.64E-03)
anchoring junction (GO:0070161, 2.66E-03)
protein kinase complex (GO:1902911, 3.28E-03)
transcription regulator complex (GO:0005667, 4.56E-03)
membrane (GO:0016020, 5.32E-03)
trans-Golgi network (GO:0005802, 5.39E-03)
transferase complex (GO:1990234, 6.18E-03)
serine/threonine protein kinase complex (GO:1902554, 6.98E-03)
nuclear chromosome (GO:0000228, 6.98E-03)
Golgi apparatus subcompartment (GO:0098791, 7.65E-03)
phagophore assembly site (GO:0000407, 7.66E-03)
filopodium tip (GO:0032433, 9.18E-03)
autophagosome (GO:0005776, 9.88E-03)","cell projection (GO:0042995, 2.88E-06)
plasma membrane bounded cell projection (GO:0120025, 6.46E-06)
catalytic complex (GO:1902494, 1.18E-04)
cell cortex (GO:0005938, 1.21E-04)
cell leading edge (GO:0031252, 7.09E-04)
somatodendritic compartment (GO:0036477, 1.26E-03)
Set3 complex (GO:0034967, 1.43E-03)
dendrite (GO:0030425, 1.43E-03)
dendritic tree (GO:0097447, 1.43E-03)
Rpd3L-Expanded complex (GO:0070210, 1.43E-03)
protein kinase complex (GO:1902911, 3.15E-03)
transcription regulator complex (GO:0005667, 4.23E-03)
transferase complex (GO:1990234, 5.84E-03)
serine/threonine protein kinase complex (GO:1902554, 6.92E-03)
ruffle (GO:0001726, 6.92E-03)
nuclear chromosome (GO:0000228, 6.92E-03)
phagophore assembly site (GO:0000407, 7.78E-03)
filopodium tip (GO:0032433, 9.38E-03)
autophagosome (GO:0005776, 9.88E-03)","cell projection (GO:0042995, 5.32E-06)
plasma membrane bounded cell projection (GO:0120025, 1.45E-05)
cell leading edge (GO:0031252, 1.10E-04)
cell cortex (GO:0005938, 2.56E-04)
catalytic complex (GO:1902494, 3.19E-04)
somatodendritic compartment (GO:0036477, 1.39E-03)
Rpd3L-Expanded complex (GO:0070210, 1.39E-03)
Set3 complex (GO:0034967, 1.39E-03)
dendrite (GO:0030425, 1.88E-03)
dendritic tree (GO:0097447, 1.90E-03)
ruffle (GO:0001726, 4.94E-03)
serine/threonine protein kinase complex (GO:1902554, 4.94E-03)
anchoring junction (GO:0070161, 5.78E-03)
transferase complex (GO:1990234, 5.78E-03)
membrane (GO:0016020, 6.15E-03)
phagophore assembly site (GO:0000407, 6.15E-03)
postsynapse (GO:0098794, 6.53E-03)
autophagosome (GO:0005776, 7.08E-03)
filopodium tip (GO:0032433, 7.54E-03)
protein kinase complex (GO:1902911, 8.90E-03)","cell projection (GO:0042995, 3.45E-07)
plasma membrane bounded cell projection (GO:0120025, 1.02E-06)
cell cortex (GO:0005938, 3.25E-05)
cell leading edge (GO:0031252, 6.85E-05)
somatodendritic compartment (GO:0036477, 2.08E-04)
catalytic complex (GO:1902494, 3.03E-04)
dendrite (GO:0030425, 6.03E-04)
dendritic tree (GO:0097447, 6.03E-04)
Set3 complex (GO:0034967, 1.46E-03)
Rpd3L-Expanded complex (GO:0070210, 1.46E-03)
ruffle (GO:0001726, 1.71E-03)
anchoring junction (GO:0070161, 2.73E-03)
protein kinase complex (GO:1902911, 3.26E-03)
transcription regulator complex (GO:0005667, 4.61E-03)
postsynapse (GO:0098794, 6.12E-03)
membrane (GO:0016020, 6.34E-03)
transferase complex (GO:1990234, 6.34E-03)
serine/threonine protein kinase complex (GO:1902554, 6.98E-03)
nuclear chromosome (GO:0000228, 6.98E-03)
phagophore assembly site (GO:0000407, 7.84E-03)
filopodium tip (GO:0032433, 9.19E-03)
autophagosome (GO:0005776, 9.99E-03)","cell projection (GO:0042995, 3.44E-07)
plasma membrane bounded cell projection (GO:0120025, 1.07E-06)
cell leading edge (GO:0031252, 5.00E-05)
cell cortex (GO:0005938, 1.01E-04)
somatodendritic compartment (GO:0036477, 1.43E-04)
catalytic complex (GO:1902494, 1.78E-04)
dendrite (GO:0030425, 4.49E-04)
dendritic tree (GO:0097447, 4.54E-04)
Rpd3L-Expanded complex (GO:0070210, 1.41E-03)
Set3 complex (GO:0034967, 1.41E-03)
ruffle (GO:0001726, 1.47E-03)
transcription regulator complex (GO:0005667, 3.65E-03)
membrane (GO:0016020, 4.19E-03)
anchoring junction (GO:0070161, 4.60E-03)
postsynapse (GO:0098794, 4.60E-03)
nuclear chromosome (GO:0000228, 6.01E-03)
phagophore assembly site (GO:0000407, 7.37E-03)
filopodium tip (GO:0032433, 8.99E-03)
cell-cell junction (GO:0005911, 9.18E-03)
autophagosome (GO:0005776, 9.18E-03)","plasma membrane bounded cell projection (GO:0120025, 7.01E-05)
cell projection (GO:0042995, 9.60E-05)
cell cortex (GO:0005938, 1.41E-04)
cell leading edge (GO:0031252, 7.60E-04)
Rpd3L-Expanded complex (GO:0070210, 1.27E-03)
Set3 complex (GO:0034967, 1.27E-03)
catalytic complex (GO:1902494, 2.22E-03)
ruffle (GO:0001726, 3.60E-03)
somatodendritic compartment (GO:0036477, 3.77E-03)
dendrite (GO:0030425, 7.30E-03)
filopodium tip (GO:0032433, 7.30E-03)
dendritic tree (GO:0097447, 7.36E-03)
trans-Golgi network (GO:0005802, 7.68E-03)
postsynaptic density (GO:0014069, 7.68E-03)
histone deacetylase complex (GO:0000118, 7.97E-03)
Golgi apparatus subcompartment (GO:0098791, 8.25E-03)
kinetochore (GO:0000776, 9.49E-03)
asymmetric synapse (GO:0032279, 9.78E-03)","cell projection (GO:0042995, 5.13E-07)
plasma membrane bounded cell projection (GO:0120025, 1.50E-06)
cell cortex (GO:0005938, 3.68E-05)
cell leading edge (GO:0031252, 7.91E-05)
catalytic complex (GO:1902494, 8.07E-05)
somatodendritic compartment (GO:0036477, 2.48E-04)
dendritic tree (GO:0097447, 6.96E-04)
dendrite (GO:0030425, 6.96E-04)
Rpd3L-Expanded complex (GO:0070210, 1.47E-03)
Set3 complex (GO:0034967, 1.47E-03)
ruffle (GO:0001726, 1.86E-03)
anchoring junction (GO:0070161, 3.31E-03)
membrane (GO:0016020, 3.38E-03)
protein kinase complex (GO:1902911, 3.52E-03)
transcription regulator complex (GO:0005667, 5.23E-03)
trans-Golgi network (GO:0005802, 5.91E-03)
postsynapse (GO:0098794, 6.72E-03)
transferase complex (GO:1990234, 7.28E-03)
serine/threonine protein kinase complex (GO:1902554, 7.34E-03)
nuclear chromosome (GO:0000228, 7.44E-03)
phagophore assembly site (GO:0000407, 8.14E-03)
Golgi apparatus subcompartment (GO:0098791, 8.25E-03)
filopodium tip (GO:0032433, 9.31E-03)","cell projection (GO:0042995, 4.36E-07)
plasma membrane bounded cell projection (GO:0120025, 1.40E-06)
cell cortex (GO:0005938, 3.36E-05)
cell leading edge (GO:0031252, 7.26E-05)
catalytic complex (GO:1902494, 7.26E-05)
somatodendritic compartment (GO:0036477, 2.29E-04)
dendrite (GO:0030425, 6.76E-04)
dendritic tree (GO:0097447, 6.76E-04)
Rpd3L-Expanded complex (GO:0070210, 1.46E-03)
Set3 complex (GO:0034967, 1.46E-03)
ruffle (GO:0001726, 1.80E-03)
anchoring junction (GO:0070161, 3.11E-03)
protein kinase complex (GO:1902911, 3.50E-03)
membrane (GO:0016020, 4.21E-03)
transcription regulator complex (GO:0005667, 4.90E-03)
trans-Golgi network (GO:0005802, 5.72E-03)
postsynapse (GO:0098794, 6.41E-03)
transferase complex (GO:1990234, 6.89E-03)
serine/threonine protein kinase complex (GO:1902554, 7.16E-03)
nuclear chromosome (GO:0000228, 7.22E-03)
phagophore assembly site (GO:0000407, 7.89E-03)
Golgi apparatus subcompartment (GO:0098791, 7.95E-03)
filopodium tip (GO:0032433, 9.19E-03)","cell projection (GO:0042995, 3.14E-07)
plasma membrane bounded cell projection (GO:0120025, 9.69E-07)
cell cortex (GO:0005938, 3.28E-05)
catalytic complex (GO:1902494, 5.86E-05)
cell leading edge (GO:0031252, 6.16E-05)
somatodendritic compartment (GO:0036477, 1.91E-04)
dendrite (GO:0030425, 5.76E-04)
dendritic tree (GO:0097447, 5.76E-04)
Rpd3L-Expanded complex (GO:0070210, 1.44E-03)
Set3 complex (GO:0034967, 1.44E-03)
ruffle (GO:0001726, 1.69E-03)
anchoring junction (GO:0070161, 2.82E-03)
protein kinase complex (GO:1902911, 3.37E-03)
membrane (GO:0016020, 4.29E-03)
transcription regulator complex (GO:0005667, 4.67E-03)
trans-Golgi network (GO:0005802, 5.57E-03)
transferase complex (GO:1990234, 6.54E-03)
serine/threonine protein kinase complex (GO:1902554, 7.20E-03)
nuclear chromosome (GO:0000228, 7.20E-03)
Golgi apparatus subcompartment (GO:0098791, 7.93E-03)
phagophore assembly site (GO:0000407, 7.93E-03)
filopodium tip (GO:0032433, 9.29E-03)","cell projection (GO:0042995, 1.54E-06)
plasma membrane bounded cell projection (GO:0120025, 4.91E-06)
catalytic complex (GO:1902494, 7.64E-05)
cell cortex (GO:0005938, 9.82E-05)
cell leading edge (GO:0031252, 1.70E-04)
somatodendritic compartment (GO:0036477, 3.61E-04)
dendrite (GO:0030425, 1.14E-03)
dendritic tree (GO:0097447, 1.15E-03)
Rpd3L-Expanded complex (GO:0070210, 1.31E-03)
Set3 complex (GO:0034967, 1.31E-03)
anchoring junction (GO:0070161, 1.77E-03)
trans-Golgi network (GO:0005802, 4.34E-03)
postsynapse (GO:0098794, 4.34E-03)
ruffle (GO:0001726, 5.92E-03)
nuclear chromosome (GO:0000228, 5.92E-03)
Golgi apparatus subcompartment (GO:0098791, 6.12E-03)
phagophore assembly site (GO:0000407, 7.13E-03)
membrane (GO:0016020, 7.27E-03)
transcription regulator complex (GO:0005667, 8.48E-03)
filopodium tip (GO:0032433, 8.48E-03)
cell-cell junction (GO:0005911, 8.48E-03)
transferase complex (GO:1990234, 9.09E-03)","cell projection (GO:0042995, 1.07E-03)
plasma membrane bounded cell projection (GO:0120025, 2.51E-03)
adherens junction (GO:0005912, 3.12E-03)
transcription regulator complex (GO:0005667, 4.56E-03)"
set7,"cell cortex (GO:0005938, 3.88E-05)
catalytic complex (GO:1902494, 8.97E-05)
Rpd3L-Expanded complex (GO:0070210, 1.49E-03)
Set3 complex (GO:0034967, 1.49E-03)
ruffle (GO:0001726, 1.92E-03)
mitotic spindle (GO:0072686, 2.12E-03)
anchoring junction (GO:0070161, 3.51E-03)
protein kinase complex (GO:1902911, 3.70E-03)
membrane (GO:0016020, 4.22E-03)
transcription regulator complex (GO:0005667, 5.47E-03)
trans-Golgi network (GO:0005802, 6.11E-03)
transferase complex (GO:1990234, 7.54E-03)
serine/threonine protein kinase complex (GO:1902554, 7.54E-03)
nuclear chromosome (GO:0000228, 7.67E-03)
phagophore assembly site (GO:0000407, 8.29E-03)
Golgi apparatus subcompartment (GO:0098791, 8.56E-03)
filopodium tip (GO:0032433, 9.42E-03)","cell cortex (GO:0005938, 2.65E-04)
anchoring junction (GO:0070161, 1.10E-03)
actin cytoskeleton (GO:0015629, 5.33E-03)
catalytic complex (GO:1902494, 5.36E-03)
transcription regulator complex (GO:0005667, 5.36E-03)
filopodium tip (GO:0032433, 5.71E-03)
dendritic spine (GO:0043197, 7.03E-03)
neuron spine (GO:0044309, 7.88E-03)","cell cortex (GO:0005938, 2.32E-05)
catalytic complex (GO:1902494, 3.95E-04)
Set3 complex (GO:0034967, 1.41E-03)
Rpd3L-Expanded complex (GO:0070210, 1.41E-03)
ruffle (GO:0001726, 1.43E-03)
anchoring junction (GO:0070161, 4.65E-03)
membrane (GO:0016020, 5.36E-03)
nuclear chromosome (GO:0000228, 6.22E-03)
mitotic spindle (GO:0072686, 7.00E-03)
phagophore assembly site (GO:0000407, 7.73E-03)
filopodium tip (GO:0032433, 9.20E-03)
transcription regulator complex (GO:0005667, 9.20E-03)
cell-cell junction (GO:0005911, 9.20E-03)
autophagosome (GO:0005776, 9.20E-03)","cell cortex (GO:0005938, 1.15E-04)
catalytic complex (GO:1902494, 1.15E-04)
Rpd3L-Expanded complex (GO:0070210, 1.40E-03)
Set3 complex (GO:0034967, 1.40E-03)
ruffle (GO:0001726, 1.57E-03)
anchoring junction (GO:0070161, 2.47E-03)
transcription regulator complex (GO:0005667, 4.41E-03)
trans-Golgi network (GO:0005802, 5.39E-03)
membrane (GO:0016020, 6.66E-03)
nuclear chromosome (GO:0000228, 7.13E-03)
mitotic spindle (GO:0072686, 7.75E-03)
Golgi apparatus subcompartment (GO:0098791, 7.75E-03)
phagophore assembly site (GO:0000407, 8.06E-03)
filopodium tip (GO:0032433, 9.68E-03)","catalytic complex (GO:1902494, 1.20E-04)
cell cortex (GO:0005938, 1.21E-03)
Set3 complex (GO:0034967, 1.28E-03)
Rpd3L-Expanded complex (GO:0070210, 1.28E-03)
anchoring junction (GO:0070161, 3.90E-03)
mitotic spindle (GO:0072686, 6.70E-03)
transcription regulator complex (GO:0005667, 8.84E-03)
transferase complex (GO:1990234, 8.98E-03)","cell cortex (GO:0005938, 6.05E-05)
catalytic complex (GO:1902494, 1.42E-04)
anchoring junction (GO:0070161, 1.09E-03)
Set3 complex (GO:0034967, 1.23E-03)
Rpd3L-Expanded complex (GO:0070210, 1.23E-03)
protein kinase complex (GO:1902911, 2.15E-03)
trans-Golgi network (GO:0005802, 3.24E-03)
ruffle (GO:0001726, 4.75E-03)
serine/threonine protein kinase complex (GO:1902554, 4.75E-03)
transcription regulator complex (GO:0005667, 6.00E-03)
cell-cell junction (GO:0005911, 6.00E-03)
transferase complex (GO:1990234, 6.00E-03)
phagophore assembly site (GO:0000407, 6.02E-03)
membrane (GO:0016020, 7.25E-03)
filopodium tip (GO:0032433, 7.52E-03)","catalytic complex (GO:1902494, 6.62E-05)
cell cortex (GO:0005938, 9.26E-05)
Set3 complex (GO:0034967, 1.36E-03)
Rpd3L-Expanded complex (GO:0070210, 1.36E-03)
protein kinase complex (GO:1902911, 2.69E-03)
anchoring junction (GO:0070161, 4.20E-03)
transferase complex (GO:1990234, 4.20E-03)
serine/threonine protein kinase complex (GO:1902554, 6.18E-03)
phagophore assembly site (GO:0000407, 7.83E-03)
cell-cell junction (GO:0005911, 9.12E-03)
transcription regulator complex (GO:0005667, 9.12E-03)
filopodium tip (GO:0032433, 9.15E-03)
autophagosome (GO:0005776, 9.15E-03)","cell cortex (GO:0005938, 3.11E-05)
catalytic complex (GO:1902494, 5.26E-05)
Rpd3L-Expanded complex (GO:0070210, 1.42E-03)
Set3 complex (GO:0034967, 1.42E-03)
ruffle (GO:0001726, 1.64E-03)
anchoring junction (GO:0070161, 2.66E-03)
protein kinase complex (GO:1902911, 3.28E-03)
transcription regulator complex (GO:0005667, 4.56E-03)
membrane (GO:0016020, 5.32E-03)
trans-Golgi network (GO:0005802, 5.39E-03)
transferase complex (GO:1990234, 6.18E-03)
serine/threonine protein kinase complex (GO:1902554, 6.98E-03)
nuclear chromosome (GO:0000228, 6.98E-03)
Golgi apparatus subcompartment (GO:0098791, 7.65E-03)
mitotic spindle (GO:0072686, 7.65E-03)
phagophore assembly site (GO:0000407, 7.66E-03)
filopodium tip (GO:0032433, 9.18E-03)
autophagosome (GO:0005776, 9.88E-03)","catalytic complex (GO:1902494, 1.18E-04)
cell cortex (GO:0005938, 1.21E-04)
Set3 complex (GO:0034967, 1.43E-03)
Rpd3L-Expanded complex (GO:0070210, 1.43E-03)
protein kinase complex (GO:1902911, 3.15E-03)
transcription regulator complex (GO:0005667, 4.23E-03)
transferase complex (GO:1990234, 5.84E-03)
serine/threonine protein kinase complex (GO:1902554, 6.92E-03)
ruffle (GO:0001726, 6.92E-03)
nuclear chromosome (GO:0000228, 6.92E-03)
mitotic spindle (GO:0072686, 7.39E-03)
phagophore assembly site (GO:0000407, 7.78E-03)
filopodium tip (GO:0032433, 9.38E-03)
autophagosome (GO:0005776, 9.88E-03)","cell cortex (GO:0005938, 2.56E-04)
catalytic complex (GO:1902494, 3.19E-04)
Rpd3L-Expanded complex (GO:0070210, 1.39E-03)
Set3 complex (GO:0034967, 1.39E-03)
ruffle (GO:0001726, 4.94E-03)
serine/threonine protein kinase complex (GO:1902554, 4.94E-03)
mitotic spindle (GO:0072686, 5.15E-03)
anchoring junction (GO:0070161, 5.78E-03)
transferase complex (GO:1990234, 5.78E-03)
membrane (GO:0016020, 6.15E-03)
phagophore assembly site (GO:0000407, 6.15E-03)
autophagosome (GO:0005776, 7.08E-03)
filopodium tip (GO:0032433, 7.54E-03)
protein kinase complex (GO:1902911, 8.90E-03)","cell cortex (GO:0005938, 3.25E-05)
catalytic complex (GO:1902494, 3.03E-04)
Set3 complex (GO:0034967, 1.46E-03)
Rpd3L-Expanded complex (GO:0070210, 1.46E-03)
ruffle (GO:0001726, 1.71E-03)
mitotic spindle (GO:0072686, 1.89E-03)
anchoring junction (GO:0070161, 2.73E-03)
protein kinase complex (GO:1902911, 3.26E-03)
transcription regulator complex (GO:0005667, 4.61E-03)
membrane (GO:0016020, 6.34E-03)
transferase complex (GO:1990234, 6.34E-03)
serine/threonine protein kinase complex (GO:1902554, 6.98E-03)
nuclear chromosome (GO:0000228, 6.98E-03)
phagophore assembly site (GO:0000407, 7.84E-03)
filopodium tip (GO:0032433, 9.19E-03)
autophagosome (GO:0005776, 9.99E-03)","cell cortex (GO:0005938, 1.01E-04)
catalytic complex (GO:1902494, 1.78E-04)
Rpd3L-Expanded complex (GO:0070210, 1.41E-03)
Set3 complex (GO:0034967, 1.41E-03)
ruffle (GO:0001726, 1.47E-03)
mitotic spindle (GO:0072686, 1.59E-03)
transcription regulator complex (GO:0005667, 3.65E-03)
membrane (GO:0016020, 4.19E-03)
anchoring junction (GO:0070161, 4.60E-03)
nuclear chromosome (GO:0000228, 6.01E-03)
phagophore assembly site (GO:0000407, 7.37E-03)
filopodium tip (GO:0032433, 8.99E-03)
cell-cell junction (GO:0005911, 9.18E-03)
autophagosome (GO:0005776, 9.18E-03)","cell cortex (GO:0005938, 1.41E-04)
Rpd3L-Expanded complex (GO:0070210, 1.27E-03)
Set3 complex (GO:0034967, 1.27E-03)
catalytic complex (GO:1902494, 2.22E-03)
ruffle (GO:0001726, 3.60E-03)
mitotic spindle (GO:0072686, 3.77E-03)
filopodium tip (GO:0032433, 7.30E-03)
trans-Golgi network (GO:0005802, 7.68E-03)
histone deacetylase complex (GO:0000118, 7.97E-03)
Golgi apparatus subcompartment (GO:0098791, 8.25E-03)
kinetochore (GO:0000776, 9.49E-03)","cell cortex (GO:0005938, 3.68E-05)
catalytic complex (GO:1902494, 8.07E-05)
Rpd3L-Expanded complex (GO:0070210, 1.47E-03)
Set3 complex (GO:0034967, 1.47E-03)
ruffle (GO:0001726, 1.86E-03)
mitotic spindle (GO:0072686, 2.06E-03)
anchoring junction (GO:0070161, 3.31E-03)
membrane (GO:0016020, 3.38E-03)
protein kinase complex (GO:1902911, 3.52E-03)
transcription regulator complex (GO:0005667, 5.23E-03)
trans-Golgi network (GO:0005802, 5.91E-03)
transferase complex (GO:1990234, 7.28E-03)
serine/threonine protein kinase complex (GO:1902554, 7.34E-03)
nuclear chromosome (GO:0000228, 7.44E-03)
phagophore assembly site (GO:0000407, 8.14E-03)
Golgi apparatus subcompartment (GO:0098791, 8.25E-03)
filopodium tip (GO:0032433, 9.31E-03)","cell cortex (GO:0005938, 3.36E-05)
catalytic complex (GO:1902494, 7.26E-05)
Rpd3L-Expanded complex (GO:0070210, 1.46E-03)
Set3 complex (GO:0034967, 1.46E-03)
ruffle (GO:0001726, 1.80E-03)
mitotic spindle (GO:0072686, 1.99E-03)
anchoring junction (GO:0070161, 3.11E-03)
protein kinase complex (GO:1902911, 3.50E-03)
membrane (GO:0016020, 4.21E-03)
transcription regulator complex (GO:0005667, 4.90E-03)
trans-Golgi network (GO:0005802, 5.72E-03)
transferase complex (GO:1990234, 6.89E-03)
serine/threonine protein kinase complex (GO:1902554, 7.16E-03)
nuclear chromosome (GO:0000228, 7.22E-03)
phagophore assembly site (GO:0000407, 7.89E-03)
Golgi apparatus subcompartment (GO:0098791, 7.95E-03)
filopodium tip (GO:0032433, 9.19E-03)","cell cortex (GO:0005938, 3.28E-05)
catalytic complex (GO:1902494, 5.86E-05)
Rpd3L-Expanded complex (GO:0070210, 1.44E-03)
Set3 complex (GO:0034967, 1.44E-03)
ruffle (GO:0001726, 1.69E-03)
anchoring junction (GO:0070161, 2.82E-03)
protein kinase complex (GO:1902911, 3.37E-03)
membrane (GO:0016020, 4.29E-03)
transcription regulator complex (GO:0005667, 4.67E-03)
trans-Golgi network (GO:0005802, 5.57E-03)
transferase complex (GO:1990234, 6.54E-03)
serine/threonine protein kinase complex (GO:1902554, 7.20E-03)
nuclear chromosome (GO:0000228, 7.20E-03)
Golgi apparatus subcompartment (GO:0098791, 7.93E-03)
mitotic spindle (GO:0072686, 7.93E-03)
phagophore assembly site (GO:0000407, 7.93E-03)
filopodium tip (GO:0032433, 9.29E-03)","catalytic complex (GO:1902494, 7.64E-05)
cell cortex (GO:0005938, 9.82E-05)
Rpd3L-Expanded complex (GO:0070210, 1.31E-03)
Set3 complex (GO:0034967, 1.31E-03)
mitotic spindle (GO:0072686, 1.47E-03)
anchoring junction (GO:0070161, 1.77E-03)
trans-Golgi network (GO:0005802, 4.34E-03)
ruffle (GO:0001726, 5.92E-03)
nuclear chromosome (GO:0000228, 5.92E-03)
Golgi apparatus subcompartment (GO:0098791, 6.12E-03)
phagophore assembly site (GO:0000407, 7.13E-03)
membrane (GO:0016020, 7.27E-03)
transcription regulator complex (GO:0005667, 8.48E-03)
filopodium tip (GO:0032433, 8.48E-03)
cell-cell junction (GO:0005911, 8.48E-03)
transferase complex (GO:1990234, 9.09E-03)","adherens junction (GO:0005912, 3.12E-03)
transcription regulator complex (GO:0005667, 4.56E-03)"
set8,"cell cortex (GO:0005938, 3.88E-05)
centrosome (GO:0005813, 2.46E-04)
Rpd3L-Expanded complex (GO:0070210, 1.49E-03)
Set3 complex (GO:0034967, 1.49E-03)
ruffle (GO:0001726, 1.92E-03)
mitotic spindle (GO:0072686, 2.12E-03)
anchoring junction (GO:0070161, 3.51E-03)
protein kinase complex (GO:1902911, 3.70E-03)
membrane (GO:0016020, 4.22E-03)
transcription regulator complex (GO:0005667, 5.47E-03)
trans-Golgi network (GO:0005802, 6.11E-03)
transferase complex (GO:1990234, 7.54E-03)
serine/threonine protein kinase complex (GO:1902554, 7.54E-03)
nuclear chromosome (GO:0000228, 7.67E-03)
phagophore assembly site (GO:0000407, 8.29E-03)
Golgi apparatus subcompartment (GO:0098791, 8.56E-03)
filopodium tip (GO:0032433, 9.42E-03)","cell cortex (GO:0005938, 2.65E-04)
anchoring junction (GO:0070161, 1.10E-03)
centrosome (GO:0005813, 2.02E-03)
actin cytoskeleton (GO:0015629, 5.33E-03)
transcription regulator complex (GO:0005667, 5.36E-03)
filopodium tip (GO:0032433, 5.71E-03)
dendritic spine (GO:0043197, 7.03E-03)
neuron spine (GO:0044309, 7.88E-03)","cell cortex (GO:0005938, 2.32E-05)
centrosome (GO:0005813, 9.62E-04)
Set3 complex (GO:0034967, 1.41E-03)
Rpd3L-Expanded complex (GO:0070210, 1.41E-03)
ruffle (GO:0001726, 1.43E-03)
anchoring junction (GO:0070161, 4.65E-03)
membrane (GO:0016020, 5.36E-03)
nuclear chromosome (GO:0000228, 6.22E-03)
mitotic spindle (GO:0072686, 7.00E-03)
phagophore assembly site (GO:0000407, 7.73E-03)
filopodium tip (GO:0032433, 9.20E-03)
transcription regulator complex (GO:0005667, 9.20E-03)
cell-cell junction (GO:0005911, 9.20E-03)
autophagosome (GO:0005776, 9.20E-03)","cell cortex (GO:0005938, 1.15E-04)
centrosome (GO:0005813, 4.70E-04)
Rpd3L-Expanded complex (GO:0070210, 1.40E-03)
Set3 complex (GO:0034967, 1.40E-03)
ruffle (GO:0001726, 1.57E-03)
anchoring junction (GO:0070161, 2.47E-03)
transcription regulator complex (GO:0005667, 4.41E-03)
trans-Golgi network (GO:0005802, 5.39E-03)
membrane (GO:0016020, 6.66E-03)
nuclear chromosome (GO:0000228, 7.13E-03)
mitotic spindle (GO:0072686, 7.75E-03)
Golgi apparatus subcompartment (GO:0098791, 7.75E-03)
phagophore assembly site (GO:0000407, 8.06E-03)
filopodium tip (GO:0032433, 9.68E-03)","centrosome (GO:0005813, 2.97E-04)
cell cortex (GO:0005938, 1.21E-03)
Set3 complex (GO:0034967, 1.28E-03)
Rpd3L-Expanded complex (GO:0070210, 1.28E-03)
anchoring junction (GO:0070161, 3.90E-03)
mitotic spindle (GO:0072686, 6.70E-03)
transcription regulator complex (GO:0005667, 8.84E-03)
transferase complex (GO:1990234, 8.98E-03)","cell cortex (GO:0005938, 6.05E-05)
centrosome (GO:0005813, 1.83E-04)
anchoring junction (GO:0070161, 1.09E-03)
Set3 complex (GO:0034967, 1.23E-03)
Rpd3L-Expanded complex (GO:0070210, 1.23E-03)
protein kinase complex (GO:1902911, 2.15E-03)
trans-Golgi network (GO:0005802, 3.24E-03)
ruffle (GO:0001726, 4.75E-03)
serine/threonine protein kinase complex (GO:1902554, 4.75E-03)
transcription regulator complex (GO:0005667, 6.00E-03)
cell-cell junction (GO:0005911, 6.00E-03)
transferase complex (GO:1990234, 6.00E-03)
phagophore assembly site (GO:0000407, 6.02E-03)
membrane (GO:0016020, 7.25E-03)
filopodium tip (GO:0032433, 7.52E-03)","cell cortex (GO:0005938, 9.26E-05)
centrosome (GO:0005813, 9.11E-04)
Set3 complex (GO:0034967, 1.36E-03)
Rpd3L-Expanded complex (GO:0070210, 1.36E-03)
protein kinase complex (GO:1902911, 2.69E-03)
anchoring junction (GO:0070161, 4.20E-03)
transferase complex (GO:1990234, 4.20E-03)
serine/threonine protein kinase complex (GO:1902554, 6.18E-03)
phagophore assembly site (GO:0000407, 7.83E-03)
cell-cell junction (GO:0005911, 9.12E-03)
transcription regulator complex (GO:0005667, 9.12E-03)
filopodium tip (GO:0032433, 9.15E-03)
autophagosome (GO:0005776, 9.15E-03)","cell cortex (GO:0005938, 3.11E-05)
centrosome (GO:0005813, 1.82E-04)
Rpd3L-Expanded complex (GO:0070210, 1.42E-03)
Set3 complex (GO:0034967, 1.42E-03)
ruffle (GO:0001726, 1.64E-03)
anchoring junction (GO:0070161, 2.66E-03)
protein kinase complex (GO:1902911, 3.28E-03)
transcription regulator complex (GO:0005667, 4.56E-03)
membrane (GO:0016020, 5.32E-03)
trans-Golgi network (GO:0005802, 5.39E-03)
transferase complex (GO:1990234, 6.18E-03)
serine/threonine protein kinase complex (GO:1902554, 6.98E-03)
nuclear chromosome (GO:0000228, 6.98E-03)
Golgi apparatus subcompartment (GO:0098791, 7.65E-03)
mitotic spindle (GO:0072686, 7.65E-03)
phagophore assembly site (GO:0000407, 7.66E-03)
filopodium tip (GO:0032433, 9.18E-03)
autophagosome (GO:0005776, 9.88E-03)","cell cortex (GO:0005938, 1.21E-04)
centrosome (GO:0005813, 4.76E-04)
Set3 complex (GO:0034967, 1.43E-03)
Rpd3L-Expanded complex (GO:0070210, 1.43E-03)
protein kinase complex (GO:1902911, 3.15E-03)
transcription regulator complex (GO:0005667, 4.23E-03)
transferase complex (GO:1990234, 5.84E-03)
serine/threonine protein kinase complex (GO:1902554, 6.92E-03)
ruffle (GO:0001726, 6.92E-03)
nuclear chromosome (GO:0000228, 6.92E-03)
mitotic spindle (GO:0072686, 7.39E-03)
phagophore assembly site (GO:0000407, 7.78E-03)
filopodium tip (GO:0032433, 9.38E-03)
autophagosome (GO:0005776, 9.88E-03)","centrosome (GO:0005813, 1.97E-04)
cell cortex (GO:0005938, 2.56E-04)
Rpd3L-Expanded complex (GO:0070210, 1.39E-03)
Set3 complex (GO:0034967, 1.39E-03)
ruffle (GO:0001726, 4.94E-03)
serine/threonine protein kinase complex (GO:1902554, 4.94E-03)
mitotic spindle (GO:0072686, 5.15E-03)
anchoring junction (GO:0070161, 5.78E-03)
transferase complex (GO:1990234, 5.78E-03)
membrane (GO:0016020, 6.15E-03)
phagophore assembly site (GO:0000407, 6.15E-03)
autophagosome (GO:0005776, 7.08E-03)
filopodium tip (GO:0032433, 7.54E-03)
protein kinase complex (GO:1902911, 8.90E-03)","cell cortex (GO:0005938, 3.25E-05)
centrosome (GO:0005813, 1.99E-04)
Set3 complex (GO:0034967, 1.46E-03)
Rpd3L-Expanded complex (GO:0070210, 1.46E-03)
ruffle (GO:0001726, 1.71E-03)
mitotic spindle (GO:0072686, 1.89E-03)
anchoring junction (GO:0070161, 2.73E-03)
protein kinase complex (GO:1902911, 3.26E-03)
transcription regulator complex (GO:0005667, 4.61E-03)
membrane (GO:0016020, 6.34E-03)
transferase complex (GO:1990234, 6.34E-03)
serine/threonine protein kinase complex (GO:1902554, 6.98E-03)
nuclear chromosome (GO:0000228, 6.98E-03)
phagophore assembly site (GO:0000407, 7.84E-03)
filopodium tip (GO:0032433, 9.19E-03)
autophagosome (GO:0005776, 9.99E-03)","cell cortex (GO:0005938, 1.01E-04)
centrosome (GO:0005813, 3.97E-04)
Rpd3L-Expanded complex (GO:0070210, 1.41E-03)
Set3 complex (GO:0034967, 1.41E-03)
ruffle (GO:0001726, 1.47E-03)
mitotic spindle (GO:0072686, 1.59E-03)
transcription regulator complex (GO:0005667, 3.65E-03)
membrane (GO:0016020, 4.19E-03)
anchoring junction (GO:0070161, 4.60E-03)
nuclear chromosome (GO:0000228, 6.01E-03)
phagophore assembly site (GO:0000407, 7.37E-03)
filopodium tip (GO:0032433, 8.99E-03)
cell-cell junction (GO:0005911, 9.18E-03)
autophagosome (GO:0005776, 9.18E-03)","cell cortex (GO:0005938, 1.41E-04)
centrosome (GO:0005813, 2.59E-04)
Rpd3L-Expanded complex (GO:0070210, 1.27E-03)
Set3 complex (GO:0034967, 1.27E-03)
ruffle (GO:0001726, 3.60E-03)
mitotic spindle (GO:0072686, 3.77E-03)
filopodium tip (GO:0032433, 7.30E-03)
trans-Golgi network (GO:0005802, 7.68E-03)
histone deacetylase complex (GO:0000118, 7.97E-03)
Golgi apparatus subcompartment (GO:0098791, 8.25E-03)
kinetochore (GO:0000776, 9.49E-03)","cell cortex (GO:0005938, 3.68E-05)
centrosome (GO:0005813, 2.30E-04)
Rpd3L-Expanded complex (GO:0070210, 1.47E-03)
Set3 complex (GO:0034967, 1.47E-03)
ruffle (GO:0001726, 1.86E-03)
mitotic spindle (GO:0072686, 2.06E-03)
anchoring junction (GO:0070161, 3.31E-03)
membrane (GO:0016020, 3.38E-03)
protein kinase complex (GO:1902911, 3.52E-03)
transcription regulator complex (GO:0005667, 5.23E-03)
trans-Golgi network (GO:0005802, 5.91E-03)
transferase complex (GO:1990234, 7.28E-03)
serine/threonine protein kinase complex (GO:1902554, 7.34E-03)
nuclear chromosome (GO:0000228, 7.44E-03)
phagophore assembly site (GO:0000407, 8.14E-03)
Golgi apparatus subcompartment (GO:0098791, 8.25E-03)
filopodium tip (GO:0032433, 9.31E-03)","cell cortex (GO:0005938, 3.36E-05)
centrosome (GO:0005813, 2.23E-04)
Rpd3L-Expanded complex (GO:0070210, 1.46E-03)
Set3 complex (GO:0034967, 1.46E-03)
ruffle (GO:0001726, 1.80E-03)
mitotic spindle (GO:0072686, 1.99E-03)
anchoring junction (GO:0070161, 3.11E-03)
protein kinase complex (GO:1902911, 3.50E-03)
membrane (GO:0016020, 4.21E-03)
transcription regulator complex (GO:0005667, 4.90E-03)
trans-Golgi network (GO:0005802, 5.72E-03)
transferase complex (GO:1990234, 6.89E-03)
serine/threonine protein kinase complex (GO:1902554, 7.16E-03)
nuclear chromosome (GO:0000228, 7.22E-03)
phagophore assembly site (GO:0000407, 7.89E-03)
Golgi apparatus subcompartment (GO:0098791, 7.95E-03)
filopodium tip (GO:0032433, 9.19E-03)","cell cortex (GO:0005938, 3.28E-05)
centrosome (GO:0005813, 1.88E-04)
Rpd3L-Expanded complex (GO:0070210, 1.44E-03)
Set3 complex (GO:0034967, 1.44E-03)
ruffle (GO:0001726, 1.69E-03)
anchoring junction (GO:0070161, 2.82E-03)
protein kinase complex (GO:1902911, 3.37E-03)
membrane (GO:0016020, 4.29E-03)
transcription regulator complex (GO:0005667, 4.67E-03)
trans-Golgi network (GO:0005802, 5.57E-03)
transferase complex (GO:1990234, 6.54E-03)
serine/threonine protein kinase complex (GO:1902554, 7.20E-03)
nuclear chromosome (GO:0000228, 7.20E-03)
Golgi apparatus subcompartment (GO:0098791, 7.93E-03)
mitotic spindle (GO:0072686, 7.93E-03)
phagophore assembly site (GO:0000407, 7.93E-03)
filopodium tip (GO:0032433, 9.29E-03)","cell cortex (GO:0005938, 9.82E-05)
centrosome (GO:0005813, 1.24E-04)
Rpd3L-Expanded complex (GO:0070210, 1.31E-03)
Set3 complex (GO:0034967, 1.31E-03)
mitotic spindle (GO:0072686, 1.47E-03)
anchoring junction (GO:0070161, 1.77E-03)
trans-Golgi network (GO:0005802, 4.34E-03)
ruffle (GO:0001726, 5.92E-03)
nuclear chromosome (GO:0000228, 5.92E-03)
Golgi apparatus subcompartment (GO:0098791, 6.12E-03)
phagophore assembly site (GO:0000407, 7.13E-03)
membrane (GO:0016020, 7.27E-03)
transcription regulator complex (GO:0005667, 8.48E-03)
filopodium tip (GO:0032433, 8.48E-03)
cell-cell junction (GO:0005911, 8.48E-03)
transferase complex (GO:1990234, 9.09E-03)","adherens junction (GO:0005912, 3.12E-03)
transcription regulator complex (GO:0005667, 4.56E-03)"
