,set1,set2,set3,set4,set5,set6,set7,set8,set9,set10,set11,set12,set13,set14,set15,set16,set17,set18
set1,"Cohesin complex Cornelia de Lange syndrome (WP:WP5117, 3.96E-03)
Endoderm differentiation (WP:WP2853, 3.96E-03)
Mesodermal commitment pathway (WP:WP2857, 3.96E-03)
TGF beta signaling pathway (WP:WP366, 5.77E-03)","Cohesin complex Cornelia de Lange syndrome (WP:WP5117, 1.15E-03)","Cohesin complex Cornelia de Lange syndrome (WP:WP5117, 4.39E-03)","Cohesin complex Cornelia de Lange syndrome (WP:WP5117, 2.86E-03)
Endoderm differentiation (WP:WP2853, 2.86E-03)
Mesodermal commitment pathway (WP:WP2857, 2.86E-03)
TGF beta signaling pathway (WP:WP366, 4.29E-03)",,"Endoderm differentiation (WP:WP2853, 2.44E-03)
Mesodermal commitment pathway (WP:WP2857, 2.44E-03)
TGF beta signaling pathway (WP:WP366, 3.42E-03)","Cohesin complex Cornelia de Lange syndrome (WP:WP5117, 2.02E-03)
Endoderm differentiation (WP:WP2853, 2.02E-03)
Mesodermal commitment pathway (WP:WP2857, 2.02E-03)","Cohesin complex Cornelia de Lange syndrome (WP:WP5117, 3.05E-03)
Endoderm differentiation (WP:WP2853, 3.05E-03)
Mesodermal commitment pathway (WP:WP2857, 3.05E-03)
TGF beta signaling pathway (WP:WP366, 4.56E-03)","Cohesin complex Cornelia de Lange syndrome (WP:WP5117, 2.53E-03)
Endoderm differentiation (WP:WP2853, 2.53E-03)
Mesodermal commitment pathway (WP:WP2857, 2.53E-03)","Cohesin complex Cornelia de Lange syndrome (WP:WP5117, 1.32E-03)
Endoderm differentiation (WP:WP2853, 1.32E-03)
Mesodermal commitment pathway (WP:WP2857, 1.32E-03)","Cohesin complex Cornelia de Lange syndrome (WP:WP5117, 5.87E-03)","Cohesin complex Cornelia de Lange syndrome (WP:WP5117, 2.67E-03)
Endoderm differentiation (WP:WP2853, 2.67E-03)
Mesodermal commitment pathway (WP:WP2857, 2.67E-03)","Endoderm differentiation (WP:WP2853, 7.09E-03)
Mesodermal commitment pathway (WP:WP2857, 7.09E-03)
Cohesin complex Cornelia de Lange syndrome (WP:WP5117, 8.81E-03)
TGF beta signaling pathway (WP:WP366, 8.81E-03)","Cohesin complex Cornelia de Lange syndrome (WP:WP5117, 3.96E-03)
Endoderm differentiation (WP:WP2853, 3.96E-03)
Mesodermal commitment pathway (WP:WP2857, 3.96E-03)
TGF beta signaling pathway (WP:WP366, 5.77E-03)","Cohesin complex Cornelia de Lange syndrome (WP:WP5117, 3.57E-03)
Endoderm differentiation (WP:WP2853, 3.57E-03)
Mesodermal commitment pathway (WP:WP2857, 3.57E-03)
TGF beta signaling pathway (WP:WP366, 5.23E-03)","Cohesin complex Cornelia de Lange syndrome (WP:WP5117, 3.26E-03)
Endoderm differentiation (WP:WP2853, 3.26E-03)
Mesodermal commitment pathway (WP:WP2857, 3.26E-03)
TGF beta signaling pathway (WP:WP366, 4.84E-03)","Cohesin complex Cornelia de Lange syndrome (WP:WP5117, 2.84E-03)
Endoderm differentiation (WP:WP2853, 2.84E-03)
Mesodermal commitment pathway (WP:WP2857, 2.84E-03)",
set2,"Cohesin complex Cornelia de Lange syndrome (WP:WP5117, 3.96E-03)
Endoderm differentiation (WP:WP2853, 3.96E-03)
Mesodermal commitment pathway (WP:WP2857, 3.96E-03)
TGF beta signaling pathway (WP:WP366, 5.77E-03)","Cohesin complex Cornelia de Lange syndrome (WP:WP5117, 1.15E-03)","Cohesin complex Cornelia de Lange syndrome (WP:WP5117, 4.39E-03)","Cohesin complex Cornelia de Lange syndrome (WP:WP5117, 2.86E-03)
Endoderm differentiation (WP:WP2853, 2.86E-03)
Mesodermal commitment pathway (WP:WP2857, 2.86E-03)
TGF beta signaling pathway (WP:WP366, 4.29E-03)",,"Endoderm differentiation (WP:WP2853, 2.44E-03)
Mesodermal commitment pathway (WP:WP2857, 2.44E-03)
TGF beta signaling pathway (WP:WP366, 3.42E-03)","Cohesin complex Cornelia de Lange syndrome (WP:WP5117, 2.02E-03)
Endoderm differentiation (WP:WP2853, 2.02E-03)
Mesodermal commitment pathway (WP:WP2857, 2.02E-03)","Cohesin complex Cornelia de Lange syndrome (WP:WP5117, 3.05E-03)
Endoderm differentiation (WP:WP2853, 3.05E-03)
Mesodermal commitment pathway (WP:WP2857, 3.05E-03)
TGF beta signaling pathway (WP:WP366, 4.56E-03)","Cohesin complex Cornelia de Lange syndrome (WP:WP5117, 2.53E-03)
Endoderm differentiation (WP:WP2853, 2.53E-03)
Mesodermal commitment pathway (WP:WP2857, 2.53E-03)","Cohesin complex Cornelia de Lange syndrome (WP:WP5117, 1.32E-03)
Endoderm differentiation (WP:WP2853, 1.32E-03)
Mesodermal commitment pathway (WP:WP2857, 1.32E-03)","Cohesin complex Cornelia de Lange syndrome (WP:WP5117, 5.87E-03)","Cohesin complex Cornelia de Lange syndrome (WP:WP5117, 2.67E-03)
Endoderm differentiation (WP:WP2853, 2.67E-03)
Mesodermal commitment pathway (WP:WP2857, 2.67E-03)","Endoderm differentiation (WP:WP2853, 7.09E-03)
Mesodermal commitment pathway (WP:WP2857, 7.09E-03)
Cohesin complex Cornelia de Lange syndrome (WP:WP5117, 8.81E-03)
TGF beta signaling pathway (WP:WP366, 8.81E-03)","Cohesin complex Cornelia de Lange syndrome (WP:WP5117, 3.96E-03)
Endoderm differentiation (WP:WP2853, 3.96E-03)
Mesodermal commitment pathway (WP:WP2857, 3.96E-03)
TGF beta signaling pathway (WP:WP366, 5.77E-03)","Cohesin complex Cornelia de Lange syndrome (WP:WP5117, 3.57E-03)
Endoderm differentiation (WP:WP2853, 3.57E-03)
Mesodermal commitment pathway (WP:WP2857, 3.57E-03)
TGF beta signaling pathway (WP:WP366, 5.23E-03)","Cohesin complex Cornelia de Lange syndrome (WP:WP5117, 3.26E-03)
Endoderm differentiation (WP:WP2853, 3.26E-03)
Mesodermal commitment pathway (WP:WP2857, 3.26E-03)
TGF beta signaling pathway (WP:WP366, 4.84E-03)","Cohesin complex Cornelia de Lange syndrome (WP:WP5117, 2.84E-03)
Endoderm differentiation (WP:WP2853, 2.84E-03)
Mesodermal commitment pathway (WP:WP2857, 2.84E-03)",
set3,"Cohesin complex Cornelia de Lange syndrome (WP:WP5117, 3.96E-03)
Endoderm differentiation (WP:WP2853, 3.96E-03)
Mesodermal commitment pathway (WP:WP2857, 3.96E-03)
TGF beta signaling pathway (WP:WP366, 5.77E-03)","Cohesin complex Cornelia de Lange syndrome (WP:WP5117, 1.15E-03)","Cohesin complex Cornelia de Lange syndrome (WP:WP5117, 4.39E-03)","Cohesin complex Cornelia de Lange syndrome (WP:WP5117, 2.86E-03)
Endoderm differentiation (WP:WP2853, 2.86E-03)
Mesodermal commitment pathway (WP:WP2857, 2.86E-03)
TGF beta signaling pathway (WP:WP366, 4.29E-03)",,"Endoderm differentiation (WP:WP2853, 2.44E-03)
Mesodermal commitment pathway (WP:WP2857, 2.44E-03)
TGF beta signaling pathway (WP:WP366, 3.42E-03)","Cohesin complex Cornelia de Lange syndrome (WP:WP5117, 2.02E-03)
Endoderm differentiation (WP:WP2853, 2.02E-03)
Mesodermal commitment pathway (WP:WP2857, 2.02E-03)","Cohesin complex Cornelia de Lange syndrome (WP:WP5117, 3.05E-03)
Endoderm differentiation (WP:WP2853, 3.05E-03)
Mesodermal commitment pathway (WP:WP2857, 3.05E-03)
TGF beta signaling pathway (WP:WP366, 4.56E-03)","Cohesin complex Cornelia de Lange syndrome (WP:WP5117, 2.53E-03)
Endoderm differentiation (WP:WP2853, 2.53E-03)
Mesodermal commitment pathway (WP:WP2857, 2.53E-03)","Cohesin complex Cornelia de Lange syndrome (WP:WP5117, 1.32E-03)
Endoderm differentiation (WP:WP2853, 1.32E-03)
Mesodermal commitment pathway (WP:WP2857, 1.32E-03)","Cohesin complex Cornelia de Lange syndrome (WP:WP5117, 5.87E-03)","Cohesin complex Cornelia de Lange syndrome (WP:WP5117, 2.67E-03)
Endoderm differentiation (WP:WP2853, 2.67E-03)
Mesodermal commitment pathway (WP:WP2857, 2.67E-03)","Endoderm differentiation (WP:WP2853, 7.09E-03)
Mesodermal commitment pathway (WP:WP2857, 7.09E-03)
Cohesin complex Cornelia de Lange syndrome (WP:WP5117, 8.81E-03)
TGF beta signaling pathway (WP:WP366, 8.81E-03)","Cohesin complex Cornelia de Lange syndrome (WP:WP5117, 3.96E-03)
Endoderm differentiation (WP:WP2853, 3.96E-03)
Mesodermal commitment pathway (WP:WP2857, 3.96E-03)
TGF beta signaling pathway (WP:WP366, 5.77E-03)","Cohesin complex Cornelia de Lange syndrome (WP:WP5117, 3.57E-03)
Endoderm differentiation (WP:WP2853, 3.57E-03)
Mesodermal commitment pathway (WP:WP2857, 3.57E-03)
TGF beta signaling pathway (WP:WP366, 5.23E-03)","Cohesin complex Cornelia de Lange syndrome (WP:WP5117, 3.26E-03)
Endoderm differentiation (WP:WP2853, 3.26E-03)
Mesodermal commitment pathway (WP:WP2857, 3.26E-03)
TGF beta signaling pathway (WP:WP366, 4.84E-03)","Cohesin complex Cornelia de Lange syndrome (WP:WP5117, 2.84E-03)
Endoderm differentiation (WP:WP2853, 2.84E-03)
Mesodermal commitment pathway (WP:WP2857, 2.84E-03)",
set4,"Cohesin complex Cornelia de Lange syndrome (WP:WP5117, 3.96E-03)
Endoderm differentiation (WP:WP2853, 3.96E-03)
Mesodermal commitment pathway (WP:WP2857, 3.96E-03)
TGF beta signaling pathway (WP:WP366, 5.77E-03)","Cohesin complex Cornelia de Lange syndrome (WP:WP5117, 1.15E-03)","Cohesin complex Cornelia de Lange syndrome (WP:WP5117, 4.39E-03)","Cohesin complex Cornelia de Lange syndrome (WP:WP5117, 2.86E-03)
Endoderm differentiation (WP:WP2853, 2.86E-03)
Mesodermal commitment pathway (WP:WP2857, 2.86E-03)
TGF beta signaling pathway (WP:WP366, 4.29E-03)",,"Endoderm differentiation (WP:WP2853, 2.44E-03)
Mesodermal commitment pathway (WP:WP2857, 2.44E-03)
TGF beta signaling pathway (WP:WP366, 3.42E-03)","Cohesin complex Cornelia de Lange syndrome (WP:WP5117, 2.02E-03)
Endoderm differentiation (WP:WP2853, 2.02E-03)
Mesodermal commitment pathway (WP:WP2857, 2.02E-03)","Cohesin complex Cornelia de Lange syndrome (WP:WP5117, 3.05E-03)
Endoderm differentiation (WP:WP2853, 3.05E-03)
Mesodermal commitment pathway (WP:WP2857, 3.05E-03)
TGF beta signaling pathway (WP:WP366, 4.56E-03)","Cohesin complex Cornelia de Lange syndrome (WP:WP5117, 2.53E-03)
Endoderm differentiation (WP:WP2853, 2.53E-03)
Mesodermal commitment pathway (WP:WP2857, 2.53E-03)","Cohesin complex Cornelia de Lange syndrome (WP:WP5117, 1.32E-03)
Endoderm differentiation (WP:WP2853, 1.32E-03)
Mesodermal commitment pathway (WP:WP2857, 1.32E-03)","Cohesin complex Cornelia de Lange syndrome (WP:WP5117, 5.87E-03)","Cohesin complex Cornelia de Lange syndrome (WP:WP5117, 2.67E-03)
Endoderm differentiation (WP:WP2853, 2.67E-03)
Mesodermal commitment pathway (WP:WP2857, 2.67E-03)","Endoderm differentiation (WP:WP2853, 7.09E-03)
Mesodermal commitment pathway (WP:WP2857, 7.09E-03)
Cohesin complex Cornelia de Lange syndrome (WP:WP5117, 8.81E-03)
TGF beta signaling pathway (WP:WP366, 8.81E-03)","Cohesin complex Cornelia de Lange syndrome (WP:WP5117, 3.96E-03)
Endoderm differentiation (WP:WP2853, 3.96E-03)
Mesodermal commitment pathway (WP:WP2857, 3.96E-03)
TGF beta signaling pathway (WP:WP366, 5.77E-03)","Cohesin complex Cornelia de Lange syndrome (WP:WP5117, 3.57E-03)
Endoderm differentiation (WP:WP2853, 3.57E-03)
Mesodermal commitment pathway (WP:WP2857, 3.57E-03)
TGF beta signaling pathway (WP:WP366, 5.23E-03)","Cohesin complex Cornelia de Lange syndrome (WP:WP5117, 3.26E-03)
Endoderm differentiation (WP:WP2853, 3.26E-03)
Mesodermal commitment pathway (WP:WP2857, 3.26E-03)
TGF beta signaling pathway (WP:WP366, 4.84E-03)","Cohesin complex Cornelia de Lange syndrome (WP:WP5117, 2.84E-03)
Endoderm differentiation (WP:WP2853, 2.84E-03)
Mesodermal commitment pathway (WP:WP2857, 2.84E-03)",
set5,"Cohesin complex Cornelia de Lange syndrome (WP:WP5117, 3.96E-03)
Endoderm differentiation (WP:WP2853, 3.96E-03)
Mesodermal commitment pathway (WP:WP2857, 3.96E-03)
TGF beta signaling pathway (WP:WP366, 5.77E-03)","Cohesin complex Cornelia de Lange syndrome (WP:WP5117, 1.15E-03)","Cohesin complex Cornelia de Lange syndrome (WP:WP5117, 4.39E-03)","Cohesin complex Cornelia de Lange syndrome (WP:WP5117, 2.86E-03)
Endoderm differentiation (WP:WP2853, 2.86E-03)
Mesodermal commitment pathway (WP:WP2857, 2.86E-03)
TGF beta signaling pathway (WP:WP366, 4.29E-03)",,"Endoderm differentiation (WP:WP2853, 2.44E-03)
Mesodermal commitment pathway (WP:WP2857, 2.44E-03)
TGF beta signaling pathway (WP:WP366, 3.42E-03)","Cohesin complex Cornelia de Lange syndrome (WP:WP5117, 2.02E-03)
Endoderm differentiation (WP:WP2853, 2.02E-03)
Mesodermal commitment pathway (WP:WP2857, 2.02E-03)","Cohesin complex Cornelia de Lange syndrome (WP:WP5117, 3.05E-03)
Endoderm differentiation (WP:WP2853, 3.05E-03)
Mesodermal commitment pathway (WP:WP2857, 3.05E-03)
TGF beta signaling pathway (WP:WP366, 4.56E-03)","Cohesin complex Cornelia de Lange syndrome (WP:WP5117, 2.53E-03)
Endoderm differentiation (WP:WP2853, 2.53E-03)
Mesodermal commitment pathway (WP:WP2857, 2.53E-03)","Cohesin complex Cornelia de Lange syndrome (WP:WP5117, 1.32E-03)
Endoderm differentiation (WP:WP2853, 1.32E-03)
Mesodermal commitment pathway (WP:WP2857, 1.32E-03)","Cohesin complex Cornelia de Lange syndrome (WP:WP5117, 5.87E-03)","Cohesin complex Cornelia de Lange syndrome (WP:WP5117, 2.67E-03)
Endoderm differentiation (WP:WP2853, 2.67E-03)
Mesodermal commitment pathway (WP:WP2857, 2.67E-03)","Endoderm differentiation (WP:WP2853, 7.09E-03)
Mesodermal commitment pathway (WP:WP2857, 7.09E-03)
Cohesin complex Cornelia de Lange syndrome (WP:WP5117, 8.81E-03)
TGF beta signaling pathway (WP:WP366, 8.81E-03)","Cohesin complex Cornelia de Lange syndrome (WP:WP5117, 3.96E-03)
Endoderm differentiation (WP:WP2853, 3.96E-03)
Mesodermal commitment pathway (WP:WP2857, 3.96E-03)
TGF beta signaling pathway (WP:WP366, 5.77E-03)","Cohesin complex Cornelia de Lange syndrome (WP:WP5117, 3.57E-03)
Endoderm differentiation (WP:WP2853, 3.57E-03)
Mesodermal commitment pathway (WP:WP2857, 3.57E-03)
TGF beta signaling pathway (WP:WP366, 5.23E-03)","Cohesin complex Cornelia de Lange syndrome (WP:WP5117, 3.26E-03)
Endoderm differentiation (WP:WP2853, 3.26E-03)
Mesodermal commitment pathway (WP:WP2857, 3.26E-03)
TGF beta signaling pathway (WP:WP366, 4.84E-03)","Cohesin complex Cornelia de Lange syndrome (WP:WP5117, 2.84E-03)
Endoderm differentiation (WP:WP2853, 2.84E-03)
Mesodermal commitment pathway (WP:WP2857, 2.84E-03)",
set6,"Cohesin complex Cornelia de Lange syndrome (WP:WP5117, 3.96E-03)
Endoderm differentiation (WP:WP2853, 3.96E-03)
Mesodermal commitment pathway (WP:WP2857, 3.96E-03)
TGF beta signaling pathway (WP:WP366, 5.77E-03)","Cohesin complex Cornelia de Lange syndrome (WP:WP5117, 1.15E-03)","Cohesin complex Cornelia de Lange syndrome (WP:WP5117, 4.39E-03)","Cohesin complex Cornelia de Lange syndrome (WP:WP5117, 2.86E-03)
Endoderm differentiation (WP:WP2853, 2.86E-03)
Mesodermal commitment pathway (WP:WP2857, 2.86E-03)
TGF beta signaling pathway (WP:WP366, 4.29E-03)",,"Endoderm differentiation (WP:WP2853, 2.44E-03)
Mesodermal commitment pathway (WP:WP2857, 2.44E-03)
TGF beta signaling pathway (WP:WP366, 3.42E-03)","Cohesin complex Cornelia de Lange syndrome (WP:WP5117, 2.02E-03)
Endoderm differentiation (WP:WP2853, 2.02E-03)
Mesodermal commitment pathway (WP:WP2857, 2.02E-03)","Cohesin complex Cornelia de Lange syndrome (WP:WP5117, 3.05E-03)
Endoderm differentiation (WP:WP2853, 3.05E-03)
Mesodermal commitment pathway (WP:WP2857, 3.05E-03)
TGF beta signaling pathway (WP:WP366, 4.56E-03)","Cohesin complex Cornelia de Lange syndrome (WP:WP5117, 2.53E-03)
Endoderm differentiation (WP:WP2853, 2.53E-03)
Mesodermal commitment pathway (WP:WP2857, 2.53E-03)","Cohesin complex Cornelia de Lange syndrome (WP:WP5117, 1.32E-03)
Endoderm differentiation (WP:WP2853, 1.32E-03)
Mesodermal commitment pathway (WP:WP2857, 1.32E-03)","Cohesin complex Cornelia de Lange syndrome (WP:WP5117, 5.87E-03)","Cohesin complex Cornelia de Lange syndrome (WP:WP5117, 2.67E-03)
Endoderm differentiation (WP:WP2853, 2.67E-03)
Mesodermal commitment pathway (WP:WP2857, 2.67E-03)","Endoderm differentiation (WP:WP2853, 7.09E-03)
Mesodermal commitment pathway (WP:WP2857, 7.09E-03)
Cohesin complex Cornelia de Lange syndrome (WP:WP5117, 8.81E-03)
TGF beta signaling pathway (WP:WP366, 8.81E-03)","Cohesin complex Cornelia de Lange syndrome (WP:WP5117, 3.96E-03)
Endoderm differentiation (WP:WP2853, 3.96E-03)
Mesodermal commitment pathway (WP:WP2857, 3.96E-03)
TGF beta signaling pathway (WP:WP366, 5.77E-03)","Cohesin complex Cornelia de Lange syndrome (WP:WP5117, 3.57E-03)
Endoderm differentiation (WP:WP2853, 3.57E-03)
Mesodermal commitment pathway (WP:WP2857, 3.57E-03)
TGF beta signaling pathway (WP:WP366, 5.23E-03)","Cohesin complex Cornelia de Lange syndrome (WP:WP5117, 3.26E-03)
Endoderm differentiation (WP:WP2853, 3.26E-03)
Mesodermal commitment pathway (WP:WP2857, 3.26E-03)
TGF beta signaling pathway (WP:WP366, 4.84E-03)","Cohesin complex Cornelia de Lange syndrome (WP:WP5117, 2.84E-03)
Endoderm differentiation (WP:WP2853, 2.84E-03)
Mesodermal commitment pathway (WP:WP2857, 2.84E-03)",
set7,"Cohesin complex Cornelia de Lange syndrome (WP:WP5117, 3.96E-03)
Endoderm differentiation (WP:WP2853, 3.96E-03)
Mesodermal commitment pathway (WP:WP2857, 3.96E-03)
TGF beta signaling pathway (WP:WP366, 5.77E-03)","Cohesin complex Cornelia de Lange syndrome (WP:WP5117, 1.15E-03)","Cohesin complex Cornelia de Lange syndrome (WP:WP5117, 4.39E-03)","Cohesin complex Cornelia de Lange syndrome (WP:WP5117, 2.86E-03)
Endoderm differentiation (WP:WP2853, 2.86E-03)
Mesodermal commitment pathway (WP:WP2857, 2.86E-03)
TGF beta signaling pathway (WP:WP366, 4.29E-03)",,"Endoderm differentiation (WP:WP2853, 2.44E-03)
Mesodermal commitment pathway (WP:WP2857, 2.44E-03)
TGF beta signaling pathway (WP:WP366, 3.42E-03)","Cohesin complex Cornelia de Lange syndrome (WP:WP5117, 2.02E-03)
Endoderm differentiation (WP:WP2853, 2.02E-03)
Mesodermal commitment pathway (WP:WP2857, 2.02E-03)","Cohesin complex Cornelia de Lange syndrome (WP:WP5117, 3.05E-03)
Endoderm differentiation (WP:WP2853, 3.05E-03)
Mesodermal commitment pathway (WP:WP2857, 3.05E-03)
TGF beta signaling pathway (WP:WP366, 4.56E-03)","Cohesin complex Cornelia de Lange syndrome (WP:WP5117, 2.53E-03)
Endoderm differentiation (WP:WP2853, 2.53E-03)
Mesodermal commitment pathway (WP:WP2857, 2.53E-03)","Cohesin complex Cornelia de Lange syndrome (WP:WP5117, 1.32E-03)
Endoderm differentiation (WP:WP2853, 1.32E-03)
Mesodermal commitment pathway (WP:WP2857, 1.32E-03)","Cohesin complex Cornelia de Lange syndrome (WP:WP5117, 5.87E-03)","Cohesin complex Cornelia de Lange syndrome (WP:WP5117, 2.67E-03)
Endoderm differentiation (WP:WP2853, 2.67E-03)
Mesodermal commitment pathway (WP:WP2857, 2.67E-03)","Endoderm differentiation (WP:WP2853, 7.09E-03)
Mesodermal commitment pathway (WP:WP2857, 7.09E-03)
Cohesin complex Cornelia de Lange syndrome (WP:WP5117, 8.81E-03)
TGF beta signaling pathway (WP:WP366, 8.81E-03)","Cohesin complex Cornelia de Lange syndrome (WP:WP5117, 3.96E-03)
Endoderm differentiation (WP:WP2853, 3.96E-03)
Mesodermal commitment pathway (WP:WP2857, 3.96E-03)
TGF beta signaling pathway (WP:WP366, 5.77E-03)","Cohesin complex Cornelia de Lange syndrome (WP:WP5117, 3.57E-03)
Endoderm differentiation (WP:WP2853, 3.57E-03)
Mesodermal commitment pathway (WP:WP2857, 3.57E-03)
TGF beta signaling pathway (WP:WP366, 5.23E-03)","Cohesin complex Cornelia de Lange syndrome (WP:WP5117, 3.26E-03)
Endoderm differentiation (WP:WP2853, 3.26E-03)
Mesodermal commitment pathway (WP:WP2857, 3.26E-03)
TGF beta signaling pathway (WP:WP366, 4.84E-03)","Cohesin complex Cornelia de Lange syndrome (WP:WP5117, 2.84E-03)
Endoderm differentiation (WP:WP2853, 2.84E-03)
Mesodermal commitment pathway (WP:WP2857, 2.84E-03)",
set8,"Cohesin complex Cornelia de Lange syndrome (WP:WP5117, 3.96E-03)
Endoderm differentiation (WP:WP2853, 3.96E-03)
Mesodermal commitment pathway (WP:WP2857, 3.96E-03)
TGF beta signaling pathway (WP:WP366, 5.77E-03)","Cohesin complex Cornelia de Lange syndrome (WP:WP5117, 1.15E-03)","Cohesin complex Cornelia de Lange syndrome (WP:WP5117, 4.39E-03)","Cohesin complex Cornelia de Lange syndrome (WP:WP5117, 2.86E-03)
Endoderm differentiation (WP:WP2853, 2.86E-03)
Mesodermal commitment pathway (WP:WP2857, 2.86E-03)
TGF beta signaling pathway (WP:WP366, 4.29E-03)",,"Endoderm differentiation (WP:WP2853, 2.44E-03)
Mesodermal commitment pathway (WP:WP2857, 2.44E-03)
TGF beta signaling pathway (WP:WP366, 3.42E-03)","Cohesin complex Cornelia de Lange syndrome (WP:WP5117, 2.02E-03)
Endoderm differentiation (WP:WP2853, 2.02E-03)
Mesodermal commitment pathway (WP:WP2857, 2.02E-03)","Cohesin complex Cornelia de Lange syndrome (WP:WP5117, 3.05E-03)
Endoderm differentiation (WP:WP2853, 3.05E-03)
Mesodermal commitment pathway (WP:WP2857, 3.05E-03)
TGF beta signaling pathway (WP:WP366, 4.56E-03)","Cohesin complex Cornelia de Lange syndrome (WP:WP5117, 2.53E-03)
Endoderm differentiation (WP:WP2853, 2.53E-03)
Mesodermal commitment pathway (WP:WP2857, 2.53E-03)","Cohesin complex Cornelia de Lange syndrome (WP:WP5117, 1.32E-03)
Endoderm differentiation (WP:WP2853, 1.32E-03)
Mesodermal commitment pathway (WP:WP2857, 1.32E-03)","Cohesin complex Cornelia de Lange syndrome (WP:WP5117, 5.87E-03)","Cohesin complex Cornelia de Lange syndrome (WP:WP5117, 2.67E-03)
Endoderm differentiation (WP:WP2853, 2.67E-03)
Mesodermal commitment pathway (WP:WP2857, 2.67E-03)","Endoderm differentiation (WP:WP2853, 7.09E-03)
Mesodermal commitment pathway (WP:WP2857, 7.09E-03)
Cohesin complex Cornelia de Lange syndrome (WP:WP5117, 8.81E-03)
TGF beta signaling pathway (WP:WP366, 8.81E-03)","Cohesin complex Cornelia de Lange syndrome (WP:WP5117, 3.96E-03)
Endoderm differentiation (WP:WP2853, 3.96E-03)
Mesodermal commitment pathway (WP:WP2857, 3.96E-03)
TGF beta signaling pathway (WP:WP366, 5.77E-03)","Cohesin complex Cornelia de Lange syndrome (WP:WP5117, 3.57E-03)
Endoderm differentiation (WP:WP2853, 3.57E-03)
Mesodermal commitment pathway (WP:WP2857, 3.57E-03)
TGF beta signaling pathway (WP:WP366, 5.23E-03)","Cohesin complex Cornelia de Lange syndrome (WP:WP5117, 3.26E-03)
Endoderm differentiation (WP:WP2853, 3.26E-03)
Mesodermal commitment pathway (WP:WP2857, 3.26E-03)
TGF beta signaling pathway (WP:WP366, 4.84E-03)","Cohesin complex Cornelia de Lange syndrome (WP:WP5117, 2.84E-03)
Endoderm differentiation (WP:WP2853, 2.84E-03)
Mesodermal commitment pathway (WP:WP2857, 2.84E-03)",
