,set1,set2,set3,set4,set5,set6,set7,set8,set9,set10,set11,set12,set13,set14,set15,set16,set17,set18
set1,"protein serine kinase activity (GO:0106310, 7.72E-04)
protein serine/threonine kinase activity (GO:0004674, 4.21E-03)
transferase activity (GO:0016740, 4.84E-03)
molecular adaptor activity (GO:0060090, 5.22E-03)
tau-protein kinase activity (GO:0050321, 5.22E-03)
protein-macromolecule adaptor activity (GO:0030674, 8.44E-03)","protein serine kinase activity (GO:0106310, 2.80E-03)
DNA binding (GO:0003677, 1.00E-02)","protein serine kinase activity (GO:0106310, 4.07E-03)
tau-protein kinase activity (GO:0050321, 5.47E-03)
molecular adaptor activity (GO:0060090, 5.80E-03)","protein serine kinase activity (GO:0106310, 6.10E-04)
transferase activity (GO:0016740, 2.71E-03)
protein serine/threonine kinase activity (GO:0004674, 2.80E-03)
tau-protein kinase activity (GO:0050321, 4.73E-03)
protein-macromolecule adaptor activity (GO:0030674, 6.63E-03)
molecular adaptor activity (GO:0060090, 6.86E-03)
kinase activity (GO:0016301, 8.37E-03)","protein serine kinase activity (GO:0106310, 4.00E-03)
molecular adaptor activity (GO:0060090, 7.02E-03)
transferase activity (GO:0016740, 8.48E-03)","protein serine kinase activity (GO:0106310, 3.73E-04)
protein serine/threonine kinase activity (GO:0004674, 1.74E-03)
tau-protein kinase activity (GO:0050321, 4.54E-03)
kinase activity (GO:0016301, 4.84E-03)
transferase activity (GO:0016740, 5.21E-03)
protein kinase activity (GO:0004672, 6.92E-03)
transferase activity, transferring phosphorus-containing groups (GO:0016772, 7.49E-03)
PDZ domain binding (GO:0030165, 8.98E-03)","protein serine kinase activity (GO:0106310, 4.50E-04)
protein serine/threonine kinase activity (GO:0004674, 2.94E-03)
transferase activity (GO:0016740, 4.80E-03)
tau-protein kinase activity (GO:0050321, 4.80E-03)
molecular adaptor activity (GO:0060090, 4.80E-03)
protein-macromolecule adaptor activity (GO:0030674, 4.80E-03)
kinase activity (GO:0016301, 5.58E-03)
protein kinase activity (GO:0004672, 9.58E-03)","protein serine kinase activity (GO:0106310, 6.67E-04)
protein serine/threonine kinase activity (GO:0004674, 2.96E-03)
transferase activity (GO:0016740, 2.96E-03)
tau-protein kinase activity (GO:0050321, 4.79E-03)
protein-macromolecule adaptor activity (GO:0030674, 7.11E-03)
molecular adaptor activity (GO:0060090, 7.41E-03)
kinase activity (GO:0016301, 8.90E-03)","protein serine kinase activity (GO:0106310, 2.24E-03)
transferase activity (GO:0016740, 5.30E-03)
protein serine/threonine kinase activity (GO:0004674, 7.89E-03)","protein serine kinase activity (GO:0106310, 3.76E-03)
transferase activity (GO:0016740, 6.11E-03)
molecular adaptor activity (GO:0060090, 6.59E-03)
protein serine/threonine kinase activity (GO:0004674, 8.98E-03)
PDZ domain binding (GO:0030165, 9.63E-03)","protein serine kinase activity (GO:0106310, 6.14E-04)
protein serine/threonine kinase activity (GO:0004674, 4.52E-03)
transferase activity (GO:0016740, 5.30E-03)
tau-protein kinase activity (GO:0050321, 5.30E-03)
molecular adaptor activity (GO:0060090, 8.35E-03)
kinase activity (GO:0016301, 9.35E-03)","protein serine kinase activity (GO:0106310, 4.61E-04)
protein serine/threonine kinase activity (GO:0004674, 2.89E-03)
tau-protein kinase activity (GO:0050321, 4.19E-03)
transferase activity (GO:0016740, 4.69E-03)","molecular adaptor activity (GO:0060090, 5.29E-03)","protein serine kinase activity (GO:0106310, 7.30E-04)
protein serine/threonine kinase activity (GO:0004674, 4.00E-03)
transferase activity (GO:0016740, 4.33E-03)
molecular adaptor activity (GO:0060090, 5.06E-03)
tau-protein kinase activity (GO:0050321, 5.06E-03)
protein-macromolecule adaptor activity (GO:0030674, 7.89E-03)","protein serine kinase activity (GO:0106310, 1.83E-03)
tau-protein kinase activity (GO:0050321, 5.54E-03)
molecular adaptor activity (GO:0060090, 5.54E-03)
transferase activity (GO:0016740, 5.73E-03)
protein serine/threonine kinase activity (GO:0004674, 8.20E-03)
protein-macromolecule adaptor activity (GO:0030674, 8.55E-03)","protein serine kinase activity (GO:0106310, 7.26E-04)
protein serine/threonine kinase activity (GO:0004674, 3.12E-03)
transferase activity (GO:0016740, 3.12E-03)
tau-protein kinase activity (GO:0050321, 4.96E-03)
molecular adaptor activity (GO:0060090, 7.54E-03)
protein-macromolecule adaptor activity (GO:0030674, 7.54E-03)
kinase activity (GO:0016301, 9.44E-03)","protein serine kinase activity (GO:0106310, 1.69E-03)
transferase activity (GO:0016740, 7.81E-03)
protein serine/threonine kinase activity (GO:0004674, 8.72E-03)",
set2,"protein serine kinase activity (GO:0106310, 7.72E-04)
protein serine/threonine kinase activity (GO:0004674, 4.21E-03)
tau-protein kinase activity (GO:0050321, 5.22E-03)
protein-macromolecule adaptor activity (GO:0030674, 8.44E-03)","protein serine kinase activity (GO:0106310, 2.80E-03)","protein serine kinase activity (GO:0106310, 4.07E-03)
tau-protein kinase activity (GO:0050321, 5.47E-03)","protein serine kinase activity (GO:0106310, 6.10E-04)
protein serine/threonine kinase activity (GO:0004674, 2.80E-03)
tau-protein kinase activity (GO:0050321, 4.73E-03)
protein-macromolecule adaptor activity (GO:0030674, 6.63E-03)
kinase activity (GO:0016301, 8.37E-03)","protein serine kinase activity (GO:0106310, 4.00E-03)","protein serine kinase activity (GO:0106310, 3.73E-04)
protein serine/threonine kinase activity (GO:0004674, 1.74E-03)
tau-protein kinase activity (GO:0050321, 4.54E-03)
kinase activity (GO:0016301, 4.84E-03)
protein kinase activity (GO:0004672, 6.92E-03)
transferase activity, transferring phosphorus-containing groups (GO:0016772, 7.49E-03)
PDZ domain binding (GO:0030165, 8.98E-03)","protein serine kinase activity (GO:0106310, 4.50E-04)
protein serine/threonine kinase activity (GO:0004674, 2.94E-03)
tau-protein kinase activity (GO:0050321, 4.80E-03)
protein-macromolecule adaptor activity (GO:0030674, 4.80E-03)
kinase activity (GO:0016301, 5.58E-03)
protein kinase activity (GO:0004672, 9.58E-03)","protein serine kinase activity (GO:0106310, 6.67E-04)
protein serine/threonine kinase activity (GO:0004674, 2.96E-03)
tau-protein kinase activity (GO:0050321, 4.79E-03)
protein-macromolecule adaptor activity (GO:0030674, 7.11E-03)
kinase activity (GO:0016301, 8.90E-03)","protein serine kinase activity (GO:0106310, 2.24E-03)
protein serine/threonine kinase activity (GO:0004674, 7.89E-03)","protein serine kinase activity (GO:0106310, 3.76E-03)
protein serine/threonine kinase activity (GO:0004674, 8.98E-03)
PDZ domain binding (GO:0030165, 9.63E-03)","protein serine kinase activity (GO:0106310, 6.14E-04)
protein serine/threonine kinase activity (GO:0004674, 4.52E-03)
tau-protein kinase activity (GO:0050321, 5.30E-03)
kinase activity (GO:0016301, 9.35E-03)","protein serine kinase activity (GO:0106310, 4.61E-04)
protein serine/threonine kinase activity (GO:0004674, 2.89E-03)
tau-protein kinase activity (GO:0050321, 4.19E-03)",,"protein serine kinase activity (GO:0106310, 7.30E-04)
protein serine/threonine kinase activity (GO:0004674, 4.00E-03)
tau-protein kinase activity (GO:0050321, 5.06E-03)
protein-macromolecule adaptor activity (GO:0030674, 7.89E-03)","protein serine kinase activity (GO:0106310, 1.83E-03)
tau-protein kinase activity (GO:0050321, 5.54E-03)
protein serine/threonine kinase activity (GO:0004674, 8.20E-03)
protein-macromolecule adaptor activity (GO:0030674, 8.55E-03)","protein serine kinase activity (GO:0106310, 7.26E-04)
protein serine/threonine kinase activity (GO:0004674, 3.12E-03)
tau-protein kinase activity (GO:0050321, 4.96E-03)
protein-macromolecule adaptor activity (GO:0030674, 7.54E-03)
kinase activity (GO:0016301, 9.44E-03)","protein serine kinase activity (GO:0106310, 1.69E-03)
protein serine/threonine kinase activity (GO:0004674, 8.72E-03)",
set3,"protein serine kinase activity (GO:0106310, 7.72E-04)
protein serine/threonine kinase activity (GO:0004674, 4.21E-03)
tau-protein kinase activity (GO:0050321, 5.22E-03)
protein-macromolecule adaptor activity (GO:0030674, 8.44E-03)","protein serine kinase activity (GO:0106310, 2.80E-03)","protein serine kinase activity (GO:0106310, 4.07E-03)
tau-protein kinase activity (GO:0050321, 5.47E-03)","protein serine kinase activity (GO:0106310, 6.10E-04)
protein serine/threonine kinase activity (GO:0004674, 2.80E-03)
tau-protein kinase activity (GO:0050321, 4.73E-03)
protein-macromolecule adaptor activity (GO:0030674, 6.63E-03)
kinase activity (GO:0016301, 8.37E-03)","protein serine kinase activity (GO:0106310, 4.00E-03)","protein serine kinase activity (GO:0106310, 3.73E-04)
protein serine/threonine kinase activity (GO:0004674, 1.74E-03)
tau-protein kinase activity (GO:0050321, 4.54E-03)
kinase activity (GO:0016301, 4.84E-03)
protein kinase activity (GO:0004672, 6.92E-03)
transferase activity, transferring phosphorus-containing groups (GO:0016772, 7.49E-03)
PDZ domain binding (GO:0030165, 8.98E-03)","protein serine kinase activity (GO:0106310, 4.50E-04)
protein serine/threonine kinase activity (GO:0004674, 2.94E-03)
tau-protein kinase activity (GO:0050321, 4.80E-03)
protein-macromolecule adaptor activity (GO:0030674, 4.80E-03)
kinase activity (GO:0016301, 5.58E-03)
protein kinase activity (GO:0004672, 9.58E-03)","protein serine kinase activity (GO:0106310, 6.67E-04)
protein serine/threonine kinase activity (GO:0004674, 2.96E-03)
tau-protein kinase activity (GO:0050321, 4.79E-03)
protein-macromolecule adaptor activity (GO:0030674, 7.11E-03)
kinase activity (GO:0016301, 8.90E-03)","protein serine kinase activity (GO:0106310, 2.24E-03)
protein serine/threonine kinase activity (GO:0004674, 7.89E-03)","protein serine kinase activity (GO:0106310, 3.76E-03)
protein serine/threonine kinase activity (GO:0004674, 8.98E-03)
PDZ domain binding (GO:0030165, 9.63E-03)","protein serine kinase activity (GO:0106310, 6.14E-04)
protein serine/threonine kinase activity (GO:0004674, 4.52E-03)
tau-protein kinase activity (GO:0050321, 5.30E-03)
kinase activity (GO:0016301, 9.35E-03)","protein serine kinase activity (GO:0106310, 4.61E-04)
protein serine/threonine kinase activity (GO:0004674, 2.89E-03)
tau-protein kinase activity (GO:0050321, 4.19E-03)",,"protein serine kinase activity (GO:0106310, 7.30E-04)
protein serine/threonine kinase activity (GO:0004674, 4.00E-03)
tau-protein kinase activity (GO:0050321, 5.06E-03)
protein-macromolecule adaptor activity (GO:0030674, 7.89E-03)","protein serine kinase activity (GO:0106310, 1.83E-03)
tau-protein kinase activity (GO:0050321, 5.54E-03)
protein serine/threonine kinase activity (GO:0004674, 8.20E-03)
protein-macromolecule adaptor activity (GO:0030674, 8.55E-03)","protein serine kinase activity (GO:0106310, 7.26E-04)
protein serine/threonine kinase activity (GO:0004674, 3.12E-03)
tau-protein kinase activity (GO:0050321, 4.96E-03)
protein-macromolecule adaptor activity (GO:0030674, 7.54E-03)
kinase activity (GO:0016301, 9.44E-03)","protein serine kinase activity (GO:0106310, 1.69E-03)
protein serine/threonine kinase activity (GO:0004674, 8.72E-03)",
set4,"protein serine kinase activity (GO:0106310, 7.72E-04)
protein serine/threonine kinase activity (GO:0004674, 4.21E-03)
transferase activity (GO:0016740, 4.84E-03)
molecular adaptor activity (GO:0060090, 5.22E-03)
tau-protein kinase activity (GO:0050321, 5.22E-03)
protein-macromolecule adaptor activity (GO:0030674, 8.44E-03)","protein serine kinase activity (GO:0106310, 2.80E-03)
DNA binding (GO:0003677, 1.00E-02)","protein serine kinase activity (GO:0106310, 4.07E-03)
tau-protein kinase activity (GO:0050321, 5.47E-03)
molecular adaptor activity (GO:0060090, 5.80E-03)","protein serine kinase activity (GO:0106310, 6.10E-04)
transferase activity (GO:0016740, 2.71E-03)
protein serine/threonine kinase activity (GO:0004674, 2.80E-03)
tau-protein kinase activity (GO:0050321, 4.73E-03)
protein-macromolecule adaptor activity (GO:0030674, 6.63E-03)
molecular adaptor activity (GO:0060090, 6.86E-03)
kinase activity (GO:0016301, 8.37E-03)","protein serine kinase activity (GO:0106310, 4.00E-03)
molecular adaptor activity (GO:0060090, 7.02E-03)
transferase activity (GO:0016740, 8.48E-03)","protein serine kinase activity (GO:0106310, 3.73E-04)
protein serine/threonine kinase activity (GO:0004674, 1.74E-03)
tau-protein kinase activity (GO:0050321, 4.54E-03)
kinase activity (GO:0016301, 4.84E-03)
transferase activity (GO:0016740, 5.21E-03)
protein kinase activity (GO:0004672, 6.92E-03)
transferase activity, transferring phosphorus-containing groups (GO:0016772, 7.49E-03)
PDZ domain binding (GO:0030165, 8.98E-03)","protein serine kinase activity (GO:0106310, 4.50E-04)
protein serine/threonine kinase activity (GO:0004674, 2.94E-03)
transferase activity (GO:0016740, 4.80E-03)
tau-protein kinase activity (GO:0050321, 4.80E-03)
molecular adaptor activity (GO:0060090, 4.80E-03)
protein-macromolecule adaptor activity (GO:0030674, 4.80E-03)
kinase activity (GO:0016301, 5.58E-03)
protein kinase activity (GO:0004672, 9.58E-03)","protein serine kinase activity (GO:0106310, 6.67E-04)
protein serine/threonine kinase activity (GO:0004674, 2.96E-03)
transferase activity (GO:0016740, 2.96E-03)
tau-protein kinase activity (GO:0050321, 4.79E-03)
protein-macromolecule adaptor activity (GO:0030674, 7.11E-03)
molecular adaptor activity (GO:0060090, 7.41E-03)
kinase activity (GO:0016301, 8.90E-03)","protein serine kinase activity (GO:0106310, 2.24E-03)
transferase activity (GO:0016740, 5.30E-03)
protein serine/threonine kinase activity (GO:0004674, 7.89E-03)","protein serine kinase activity (GO:0106310, 3.76E-03)
transferase activity (GO:0016740, 6.11E-03)
molecular adaptor activity (GO:0060090, 6.59E-03)
protein serine/threonine kinase activity (GO:0004674, 8.98E-03)
PDZ domain binding (GO:0030165, 9.63E-03)","protein serine kinase activity (GO:0106310, 6.14E-04)
protein serine/threonine kinase activity (GO:0004674, 4.52E-03)
transferase activity (GO:0016740, 5.30E-03)
tau-protein kinase activity (GO:0050321, 5.30E-03)
molecular adaptor activity (GO:0060090, 8.35E-03)
kinase activity (GO:0016301, 9.35E-03)","protein serine kinase activity (GO:0106310, 4.61E-04)
protein serine/threonine kinase activity (GO:0004674, 2.89E-03)
tau-protein kinase activity (GO:0050321, 4.19E-03)
transferase activity (GO:0016740, 4.69E-03)","molecular adaptor activity (GO:0060090, 5.29E-03)","protein serine kinase activity (GO:0106310, 7.30E-04)
protein serine/threonine kinase activity (GO:0004674, 4.00E-03)
transferase activity (GO:0016740, 4.33E-03)
molecular adaptor activity (GO:0060090, 5.06E-03)
tau-protein kinase activity (GO:0050321, 5.06E-03)
protein-macromolecule adaptor activity (GO:0030674, 7.89E-03)","protein serine kinase activity (GO:0106310, 1.83E-03)
tau-protein kinase activity (GO:0050321, 5.54E-03)
molecular adaptor activity (GO:0060090, 5.54E-03)
transferase activity (GO:0016740, 5.73E-03)
protein serine/threonine kinase activity (GO:0004674, 8.20E-03)
protein-macromolecule adaptor activity (GO:0030674, 8.55E-03)","protein serine kinase activity (GO:0106310, 7.26E-04)
protein serine/threonine kinase activity (GO:0004674, 3.12E-03)
transferase activity (GO:0016740, 3.12E-03)
tau-protein kinase activity (GO:0050321, 4.96E-03)
molecular adaptor activity (GO:0060090, 7.54E-03)
protein-macromolecule adaptor activity (GO:0030674, 7.54E-03)
kinase activity (GO:0016301, 9.44E-03)","protein serine kinase activity (GO:0106310, 1.69E-03)
transferase activity (GO:0016740, 7.81E-03)
protein serine/threonine kinase activity (GO:0004674, 8.72E-03)",
set5,"protein serine kinase activity (GO:0106310, 7.72E-04)
protein serine/threonine kinase activity (GO:0004674, 4.21E-03)
transferase activity (GO:0016740, 4.84E-03)
tau-protein kinase activity (GO:0050321, 5.22E-03)
protein-macromolecule adaptor activity (GO:0030674, 8.44E-03)","protein serine kinase activity (GO:0106310, 2.80E-03)
DNA binding (GO:0003677, 1.00E-02)","protein serine kinase activity (GO:0106310, 4.07E-03)
tau-protein kinase activity (GO:0050321, 5.47E-03)","protein serine kinase activity (GO:0106310, 6.10E-04)
transferase activity (GO:0016740, 2.71E-03)
protein serine/threonine kinase activity (GO:0004674, 2.80E-03)
tau-protein kinase activity (GO:0050321, 4.73E-03)
protein-macromolecule adaptor activity (GO:0030674, 6.63E-03)
kinase activity (GO:0016301, 8.37E-03)","protein serine kinase activity (GO:0106310, 4.00E-03)
transferase activity (GO:0016740, 8.48E-03)","protein serine kinase activity (GO:0106310, 3.73E-04)
protein serine/threonine kinase activity (GO:0004674, 1.74E-03)
tau-protein kinase activity (GO:0050321, 4.54E-03)
kinase activity (GO:0016301, 4.84E-03)
transferase activity (GO:0016740, 5.21E-03)
protein kinase activity (GO:0004672, 6.92E-03)
transferase activity, transferring phosphorus-containing groups (GO:0016772, 7.49E-03)
PDZ domain binding (GO:0030165, 8.98E-03)","protein serine kinase activity (GO:0106310, 4.50E-04)
protein serine/threonine kinase activity (GO:0004674, 2.94E-03)
transferase activity (GO:0016740, 4.80E-03)
tau-protein kinase activity (GO:0050321, 4.80E-03)
protein-macromolecule adaptor activity (GO:0030674, 4.80E-03)
kinase activity (GO:0016301, 5.58E-03)
protein kinase activity (GO:0004672, 9.58E-03)","protein serine kinase activity (GO:0106310, 6.67E-04)
protein serine/threonine kinase activity (GO:0004674, 2.96E-03)
transferase activity (GO:0016740, 2.96E-03)
tau-protein kinase activity (GO:0050321, 4.79E-03)
protein-macromolecule adaptor activity (GO:0030674, 7.11E-03)
kinase activity (GO:0016301, 8.90E-03)","protein serine kinase activity (GO:0106310, 2.24E-03)
transferase activity (GO:0016740, 5.30E-03)
protein serine/threonine kinase activity (GO:0004674, 7.89E-03)","protein serine kinase activity (GO:0106310, 3.76E-03)
transferase activity (GO:0016740, 6.11E-03)
protein serine/threonine kinase activity (GO:0004674, 8.98E-03)
PDZ domain binding (GO:0030165, 9.63E-03)","protein serine kinase activity (GO:0106310, 6.14E-04)
protein serine/threonine kinase activity (GO:0004674, 4.52E-03)
transferase activity (GO:0016740, 5.30E-03)
tau-protein kinase activity (GO:0050321, 5.30E-03)
kinase activity (GO:0016301, 9.35E-03)","protein serine kinase activity (GO:0106310, 4.61E-04)
protein serine/threonine kinase activity (GO:0004674, 2.89E-03)
tau-protein kinase activity (GO:0050321, 4.19E-03)
transferase activity (GO:0016740, 4.69E-03)",,"protein serine kinase activity (GO:0106310, 7.30E-04)
protein serine/threonine kinase activity (GO:0004674, 4.00E-03)
transferase activity (GO:0016740, 4.33E-03)
tau-protein kinase activity (GO:0050321, 5.06E-03)
protein-macromolecule adaptor activity (GO:0030674, 7.89E-03)","protein serine kinase activity (GO:0106310, 1.83E-03)
tau-protein kinase activity (GO:0050321, 5.54E-03)
transferase activity (GO:0016740, 5.73E-03)
protein serine/threonine kinase activity (GO:0004674, 8.20E-03)
protein-macromolecule adaptor activity (GO:0030674, 8.55E-03)","protein serine kinase activity (GO:0106310, 7.26E-04)
protein serine/threonine kinase activity (GO:0004674, 3.12E-03)
transferase activity (GO:0016740, 3.12E-03)
tau-protein kinase activity (GO:0050321, 4.96E-03)
protein-macromolecule adaptor activity (GO:0030674, 7.54E-03)
kinase activity (GO:0016301, 9.44E-03)","protein serine kinase activity (GO:0106310, 1.69E-03)
transferase activity (GO:0016740, 7.81E-03)
protein serine/threonine kinase activity (GO:0004674, 8.72E-03)",
set6,"protein serine kinase activity (GO:0106310, 7.72E-04)
catalytic activity, acting on a protein (GO:0140096, 1.12E-03)
protein serine/threonine kinase activity (GO:0004674, 4.21E-03)
transferase activity (GO:0016740, 4.84E-03)
molecular adaptor activity (GO:0060090, 5.22E-03)
beta-tubulin binding (GO:0048487, 5.22E-03)
tau-protein kinase activity (GO:0050321, 5.22E-03)
protein-macromolecule adaptor activity (GO:0030674, 8.44E-03)","protein serine kinase activity (GO:0106310, 2.80E-03)
catalytic activity, acting on a protein (GO:0140096, 9.83E-03)
DNA binding (GO:0003677, 1.00E-02)","protein serine kinase activity (GO:0106310, 4.07E-03)
catalytic activity, acting on a protein (GO:0140096, 5.47E-03)
tau-protein kinase activity (GO:0050321, 5.47E-03)
beta-tubulin binding (GO:0048487, 5.47E-03)
molecular adaptor activity (GO:0060090, 5.80E-03)","protein serine kinase activity (GO:0106310, 6.10E-04)
catalytic activity, acting on a protein (GO:0140096, 1.14E-03)
transferase activity (GO:0016740, 2.71E-03)
protein serine/threonine kinase activity (GO:0004674, 2.80E-03)
tau-protein kinase activity (GO:0050321, 4.73E-03)
protein-macromolecule adaptor activity (GO:0030674, 6.63E-03)
molecular adaptor activity (GO:0060090, 6.86E-03)
kinase activity (GO:0016301, 8.37E-03)","catalytic activity, acting on a protein (GO:0140096, 3.56E-03)
protein serine kinase activity (GO:0106310, 4.00E-03)
molecular adaptor activity (GO:0060090, 7.02E-03)
transferase activity (GO:0016740, 8.48E-03)","protein serine kinase activity (GO:0106310, 3.73E-04)
catalytic activity, acting on a protein (GO:0140096, 1.74E-03)
protein serine/threonine kinase activity (GO:0004674, 1.74E-03)
tau-protein kinase activity (GO:0050321, 4.54E-03)
kinase activity (GO:0016301, 4.84E-03)
transferase activity (GO:0016740, 5.21E-03)
protein kinase activity (GO:0004672, 6.92E-03)
transferase activity, transferring phosphorus-containing groups (GO:0016772, 7.49E-03)
PDZ domain binding (GO:0030165, 8.98E-03)","protein serine kinase activity (GO:0106310, 4.50E-04)
catalytic activity, acting on a protein (GO:0140096, 2.18E-03)
protein serine/threonine kinase activity (GO:0004674, 2.94E-03)
transferase activity (GO:0016740, 4.80E-03)
tau-protein kinase activity (GO:0050321, 4.80E-03)
molecular adaptor activity (GO:0060090, 4.80E-03)
protein-macromolecule adaptor activity (GO:0030674, 4.80E-03)
kinase activity (GO:0016301, 5.58E-03)
protein kinase activity (GO:0004672, 9.58E-03)","protein serine kinase activity (GO:0106310, 6.67E-04)
catalytic activity, acting on a protein (GO:0140096, 1.30E-03)
protein serine/threonine kinase activity (GO:0004674, 2.96E-03)
transferase activity (GO:0016740, 2.96E-03)
tau-protein kinase activity (GO:0050321, 4.79E-03)
protein-macromolecule adaptor activity (GO:0030674, 7.11E-03)
molecular adaptor activity (GO:0060090, 7.41E-03)
kinase activity (GO:0016301, 8.90E-03)","catalytic activity, acting on a protein (GO:0140096, 1.50E-03)
protein serine kinase activity (GO:0106310, 2.24E-03)
transferase activity (GO:0016740, 5.30E-03)
beta-tubulin binding (GO:0048487, 6.46E-03)
protein serine/threonine kinase activity (GO:0004674, 7.89E-03)","protein serine kinase activity (GO:0106310, 3.76E-03)
catalytic activity, acting on a protein (GO:0140096, 3.76E-03)
beta-tubulin binding (GO:0048487, 5.29E-03)
transferase activity (GO:0016740, 6.11E-03)
molecular adaptor activity (GO:0060090, 6.59E-03)
protein serine/threonine kinase activity (GO:0004674, 8.98E-03)
PDZ domain binding (GO:0030165, 9.63E-03)","protein serine kinase activity (GO:0106310, 6.14E-04)
catalytic activity, acting on a protein (GO:0140096, 6.69E-04)
protein serine/threonine kinase activity (GO:0004674, 4.52E-03)
transferase activity (GO:0016740, 5.30E-03)
tau-protein kinase activity (GO:0050321, 5.30E-03)
beta-tubulin binding (GO:0048487, 5.39E-03)
molecular adaptor activity (GO:0060090, 8.35E-03)
kinase activity (GO:0016301, 9.35E-03)","protein serine kinase activity (GO:0106310, 4.61E-04)
catalytic activity, acting on a protein (GO:0140096, 1.26E-03)
protein serine/threonine kinase activity (GO:0004674, 2.89E-03)
tau-protein kinase activity (GO:0050321, 4.19E-03)
beta-tubulin binding (GO:0048487, 4.23E-03)
transferase activity (GO:0016740, 4.69E-03)","catalytic activity, acting on a protein (GO:0140096, 4.02E-03)
molecular adaptor activity (GO:0060090, 5.29E-03)","protein serine kinase activity (GO:0106310, 7.30E-04)
catalytic activity, acting on a protein (GO:0140096, 1.84E-03)
protein serine/threonine kinase activity (GO:0004674, 4.00E-03)
transferase activity (GO:0016740, 4.33E-03)
molecular adaptor activity (GO:0060090, 5.06E-03)
beta-tubulin binding (GO:0048487, 5.06E-03)
tau-protein kinase activity (GO:0050321, 5.06E-03)
protein-macromolecule adaptor activity (GO:0030674, 7.89E-03)","protein serine kinase activity (GO:0106310, 1.83E-03)
catalytic activity, acting on a protein (GO:0140096, 1.83E-03)
tau-protein kinase activity (GO:0050321, 5.54E-03)
molecular adaptor activity (GO:0060090, 5.54E-03)
beta-tubulin binding (GO:0048487, 5.68E-03)
transferase activity (GO:0016740, 5.73E-03)
protein serine/threonine kinase activity (GO:0004674, 8.20E-03)
protein-macromolecule adaptor activity (GO:0030674, 8.55E-03)","protein serine kinase activity (GO:0106310, 7.26E-04)
catalytic activity, acting on a protein (GO:0140096, 1.47E-03)
protein serine/threonine kinase activity (GO:0004674, 3.12E-03)
transferase activity (GO:0016740, 3.12E-03)
tau-protein kinase activity (GO:0050321, 4.96E-03)
molecular adaptor activity (GO:0060090, 7.54E-03)
protein-macromolecule adaptor activity (GO:0030674, 7.54E-03)
kinase activity (GO:0016301, 9.44E-03)","protein serine kinase activity (GO:0106310, 1.69E-03)
catalytic activity, acting on a protein (GO:0140096, 2.45E-03)
transferase activity (GO:0016740, 7.81E-03)
beta-tubulin binding (GO:0048487, 7.81E-03)
protein serine/threonine kinase activity (GO:0004674, 8.72E-03)",
set7,"protein serine kinase activity (GO:0106310, 7.72E-04)
protein serine/threonine kinase activity (GO:0004674, 4.21E-03)
tau-protein kinase activity (GO:0050321, 5.22E-03)
protein-macromolecule adaptor activity (GO:0030674, 8.44E-03)","protein serine kinase activity (GO:0106310, 2.80E-03)","protein serine kinase activity (GO:0106310, 4.07E-03)
tau-protein kinase activity (GO:0050321, 5.47E-03)","protein serine kinase activity (GO:0106310, 6.10E-04)
protein serine/threonine kinase activity (GO:0004674, 2.80E-03)
tau-protein kinase activity (GO:0050321, 4.73E-03)
protein-macromolecule adaptor activity (GO:0030674, 6.63E-03)
kinase activity (GO:0016301, 8.37E-03)","protein serine kinase activity (GO:0106310, 4.00E-03)","protein serine kinase activity (GO:0106310, 3.73E-04)
protein serine/threonine kinase activity (GO:0004674, 1.74E-03)
tau-protein kinase activity (GO:0050321, 4.54E-03)
kinase activity (GO:0016301, 4.84E-03)
protein kinase activity (GO:0004672, 6.92E-03)
transferase activity, transferring phosphorus-containing groups (GO:0016772, 7.49E-03)
PDZ domain binding (GO:0030165, 8.98E-03)","protein serine kinase activity (GO:0106310, 4.50E-04)
protein serine/threonine kinase activity (GO:0004674, 2.94E-03)
tau-protein kinase activity (GO:0050321, 4.80E-03)
protein-macromolecule adaptor activity (GO:0030674, 4.80E-03)
kinase activity (GO:0016301, 5.58E-03)
protein kinase activity (GO:0004672, 9.58E-03)","protein serine kinase activity (GO:0106310, 6.67E-04)
protein serine/threonine kinase activity (GO:0004674, 2.96E-03)
tau-protein kinase activity (GO:0050321, 4.79E-03)
protein-macromolecule adaptor activity (GO:0030674, 7.11E-03)
kinase activity (GO:0016301, 8.90E-03)","protein serine kinase activity (GO:0106310, 2.24E-03)
protein serine/threonine kinase activity (GO:0004674, 7.89E-03)","protein serine kinase activity (GO:0106310, 3.76E-03)
protein serine/threonine kinase activity (GO:0004674, 8.98E-03)
PDZ domain binding (GO:0030165, 9.63E-03)","protein serine kinase activity (GO:0106310, 6.14E-04)
protein serine/threonine kinase activity (GO:0004674, 4.52E-03)
tau-protein kinase activity (GO:0050321, 5.30E-03)
kinase activity (GO:0016301, 9.35E-03)","protein serine kinase activity (GO:0106310, 4.61E-04)
protein serine/threonine kinase activity (GO:0004674, 2.89E-03)
tau-protein kinase activity (GO:0050321, 4.19E-03)",,"protein serine kinase activity (GO:0106310, 7.30E-04)
protein serine/threonine kinase activity (GO:0004674, 4.00E-03)
tau-protein kinase activity (GO:0050321, 5.06E-03)
protein-macromolecule adaptor activity (GO:0030674, 7.89E-03)","protein serine kinase activity (GO:0106310, 1.83E-03)
tau-protein kinase activity (GO:0050321, 5.54E-03)
protein serine/threonine kinase activity (GO:0004674, 8.20E-03)
protein-macromolecule adaptor activity (GO:0030674, 8.55E-03)","protein serine kinase activity (GO:0106310, 7.26E-04)
protein serine/threonine kinase activity (GO:0004674, 3.12E-03)
tau-protein kinase activity (GO:0050321, 4.96E-03)
protein-macromolecule adaptor activity (GO:0030674, 7.54E-03)
kinase activity (GO:0016301, 9.44E-03)","protein serine kinase activity (GO:0106310, 1.69E-03)
protein serine/threonine kinase activity (GO:0004674, 8.72E-03)",
set8,"protein serine kinase activity (GO:0106310, 7.72E-04)
protein serine/threonine kinase activity (GO:0004674, 4.21E-03)
molecular adaptor activity (GO:0060090, 5.22E-03)
tau-protein kinase activity (GO:0050321, 5.22E-03)
protein-macromolecule adaptor activity (GO:0030674, 8.44E-03)","protein serine kinase activity (GO:0106310, 2.80E-03)","protein serine kinase activity (GO:0106310, 4.07E-03)
tau-protein kinase activity (GO:0050321, 5.47E-03)
molecular adaptor activity (GO:0060090, 5.80E-03)","protein serine kinase activity (GO:0106310, 6.10E-04)
protein serine/threonine kinase activity (GO:0004674, 2.80E-03)
tau-protein kinase activity (GO:0050321, 4.73E-03)
protein-macromolecule adaptor activity (GO:0030674, 6.63E-03)
molecular adaptor activity (GO:0060090, 6.86E-03)
kinase activity (GO:0016301, 8.37E-03)","protein serine kinase activity (GO:0106310, 4.00E-03)
molecular adaptor activity (GO:0060090, 7.02E-03)","protein serine kinase activity (GO:0106310, 3.73E-04)
protein serine/threonine kinase activity (GO:0004674, 1.74E-03)
tau-protein kinase activity (GO:0050321, 4.54E-03)
kinase activity (GO:0016301, 4.84E-03)
protein kinase activity (GO:0004672, 6.92E-03)
transferase activity, transferring phosphorus-containing groups (GO:0016772, 7.49E-03)
PDZ domain binding (GO:0030165, 8.98E-03)","protein serine kinase activity (GO:0106310, 4.50E-04)
protein serine/threonine kinase activity (GO:0004674, 2.94E-03)
tau-protein kinase activity (GO:0050321, 4.80E-03)
molecular adaptor activity (GO:0060090, 4.80E-03)
protein-macromolecule adaptor activity (GO:0030674, 4.80E-03)
kinase activity (GO:0016301, 5.58E-03)
protein kinase activity (GO:0004672, 9.58E-03)","protein serine kinase activity (GO:0106310, 6.67E-04)
protein serine/threonine kinase activity (GO:0004674, 2.96E-03)
tau-protein kinase activity (GO:0050321, 4.79E-03)
protein-macromolecule adaptor activity (GO:0030674, 7.11E-03)
molecular adaptor activity (GO:0060090, 7.41E-03)
kinase activity (GO:0016301, 8.90E-03)","protein serine kinase activity (GO:0106310, 2.24E-03)
protein serine/threonine kinase activity (GO:0004674, 7.89E-03)","protein serine kinase activity (GO:0106310, 3.76E-03)
molecular adaptor activity (GO:0060090, 6.59E-03)
protein serine/threonine kinase activity (GO:0004674, 8.98E-03)
PDZ domain binding (GO:0030165, 9.63E-03)","protein serine kinase activity (GO:0106310, 6.14E-04)
protein serine/threonine kinase activity (GO:0004674, 4.52E-03)
tau-protein kinase activity (GO:0050321, 5.30E-03)
molecular adaptor activity (GO:0060090, 8.35E-03)
kinase activity (GO:0016301, 9.35E-03)","protein serine kinase activity (GO:0106310, 4.61E-04)
protein serine/threonine kinase activity (GO:0004674, 2.89E-03)
tau-protein kinase activity (GO:0050321, 4.19E-03)","molecular adaptor activity (GO:0060090, 5.29E-03)","protein serine kinase activity (GO:0106310, 7.30E-04)
protein serine/threonine kinase activity (GO:0004674, 4.00E-03)
molecular adaptor activity (GO:0060090, 5.06E-03)
tau-protein kinase activity (GO:0050321, 5.06E-03)
protein-macromolecule adaptor activity (GO:0030674, 7.89E-03)","protein serine kinase activity (GO:0106310, 1.83E-03)
tau-protein kinase activity (GO:0050321, 5.54E-03)
molecular adaptor activity (GO:0060090, 5.54E-03)
protein serine/threonine kinase activity (GO:0004674, 8.20E-03)
protein-macromolecule adaptor activity (GO:0030674, 8.55E-03)","protein serine kinase activity (GO:0106310, 7.26E-04)
protein serine/threonine kinase activity (GO:0004674, 3.12E-03)
tau-protein kinase activity (GO:0050321, 4.96E-03)
molecular adaptor activity (GO:0060090, 7.54E-03)
protein-macromolecule adaptor activity (GO:0030674, 7.54E-03)
kinase activity (GO:0016301, 9.44E-03)","protein serine kinase activity (GO:0106310, 1.69E-03)
protein serine/threonine kinase activity (GO:0004674, 8.72E-03)",
