,set1,set2,set3,set4,set5,set6,set7,set8,set9,set10,set11,set12,set13,set14,set15,set16,set17,set18
set1,"Cohesin Loading onto Chromatin (REAC:R-HSA-2470946, 1.09E-06)
Mitotic Telophase/Cytokinesis (REAC:R-HSA-68884, 4.30E-06)
Establishment of Sister Chromatid Cohesion (REAC:R-HSA-2468052, 5.80E-05)
Resolution of Sister Chromatid Cohesion (REAC:R-HSA-2500257, 1.64E-03)
Mitotic Prometaphase (REAC:R-HSA-68877, 3.47E-03)
Separation of Sister Chromatids (REAC:R-HSA-2467813, 8.16E-03)
Cell Cycle, Mitotic (REAC:R-HSA-69278, 8.16E-03)
S Phase (REAC:R-HSA-69242, 8.87E-03)","Cohesin Loading onto Chromatin (REAC:R-HSA-2470946, 1.58E-07)
Mitotic Telophase/Cytokinesis (REAC:R-HSA-68884, 6.27E-07)
Establishment of Sister Chromatid Cohesion (REAC:R-HSA-2468052, 1.14E-05)
Resolution of Sister Chromatid Cohesion (REAC:R-HSA-2500257, 9.88E-05)
Separation of Sister Chromatids (REAC:R-HSA-2467813, 5.55E-04)
Mitotic Prometaphase (REAC:R-HSA-68877, 7.99E-04)
Mitotic Anaphase (REAC:R-HSA-68882, 2.24E-03)
Mitotic Metaphase and Anaphase (REAC:R-HSA-2555396, 2.24E-03)
Cell Cycle, Mitotic (REAC:R-HSA-69278, 3.75E-03)
Cell Cycle (REAC:R-HSA-1640170, 4.67E-03)","Cohesin Loading onto Chromatin (REAC:R-HSA-2470946, 7.19E-05)
Mitotic Telophase/Cytokinesis (REAC:R-HSA-68884, 1.78E-04)
Establishment of Sister Chromatid Cohesion (REAC:R-HSA-2468052, 2.40E-03)","Cohesin Loading onto Chromatin (REAC:R-HSA-2470946, 9.61E-07)
Mitotic Telophase/Cytokinesis (REAC:R-HSA-68884, 3.80E-06)
Establishment of Sister Chromatid Cohesion (REAC:R-HSA-2468052, 5.23E-05)
Resolution of Sister Chromatid Cohesion (REAC:R-HSA-2500257, 1.36E-03)
Separation of Sister Chromatids (REAC:R-HSA-2467813, 8.46E-03)
S Phase (REAC:R-HSA-69242, 9.97E-03)","Cohesin Loading onto Chromatin (REAC:R-HSA-2470946, 7.67E-07)
Mitotic Telophase/Cytokinesis (REAC:R-HSA-68884, 3.03E-06)
Establishment of Sister Chromatid Cohesion (REAC:R-HSA-2468052, 4.32E-05)
Resolution of Sister Chromatid Cohesion (REAC:R-HSA-2500257, 9.86E-04)
Separation of Sister Chromatids (REAC:R-HSA-2467813, 6.06E-03)
Mitotic Prometaphase (REAC:R-HSA-68877, 7.27E-03)
S Phase (REAC:R-HSA-69242, 7.27E-03)","Cohesin Loading onto Chromatin (REAC:R-HSA-2470946, 5.60E-05)
Mitotic Telophase/Cytokinesis (REAC:R-HSA-68884, 1.39E-04)
Establishment of Sister Chromatid Cohesion (REAC:R-HSA-2468052, 1.97E-03)
Resolution of Sister Chromatid Cohesion (REAC:R-HSA-2500257, 4.70E-03)","Cohesin Loading onto Chromatin (REAC:R-HSA-2470946, 6.93E-07)
Mitotic Telophase/Cytokinesis (REAC:R-HSA-68884, 2.74E-06)
Establishment of Sister Chromatid Cohesion (REAC:R-HSA-2468052, 3.97E-05)","Cohesin Loading onto Chromatin (REAC:R-HSA-2470946, 9.61E-07)
Mitotic Telophase/Cytokinesis (REAC:R-HSA-68884, 3.80E-06)
Establishment of Sister Chromatid Cohesion (REAC:R-HSA-2468052, 5.23E-05)
Resolution of Sister Chromatid Cohesion (REAC:R-HSA-2500257, 1.36E-03)
Separation of Sister Chromatids (REAC:R-HSA-2467813, 8.46E-03)
S Phase (REAC:R-HSA-69242, 9.97E-03)","Cohesin Loading onto Chromatin (REAC:R-HSA-2470946, 7.59E-07)
Mitotic Telophase/Cytokinesis (REAC:R-HSA-68884, 3.00E-06)
Establishment of Sister Chromatid Cohesion (REAC:R-HSA-2468052, 4.22E-05)
Resolution of Sister Chromatid Cohesion (REAC:R-HSA-2500257, 7.05E-03)
Mitotic Prometaphase (REAC:R-HSA-68877, 8.75E-03)
S Phase (REAC:R-HSA-69242, 8.75E-03)","Cohesin Loading onto Chromatin (REAC:R-HSA-2470946, 6.00E-07)
Mitotic Telophase/Cytokinesis (REAC:R-HSA-68884, 2.38E-06)
Establishment of Sister Chromatid Cohesion (REAC:R-HSA-2468052, 3.51E-05)
Resolution of Sister Chromatid Cohesion (REAC:R-HSA-2500257, 5.09E-03)
Mitotic Prometaphase (REAC:R-HSA-68877, 7.14E-03)
Neurexins and neuroligins (REAC:R-HSA-6794361, 9.56E-03)","Cohesin Loading onto Chromatin (REAC:R-HSA-2470946, 9.56E-07)
Mitotic Telophase/Cytokinesis (REAC:R-HSA-68884, 3.77E-06)
Establishment of Sister Chromatid Cohesion (REAC:R-HSA-2468052, 5.20E-05)
Resolution of Sister Chromatid Cohesion (REAC:R-HSA-2500257, 1.36E-03)
Mitotic Prometaphase (REAC:R-HSA-68877, 2.81E-03)
Separation of Sister Chromatids (REAC:R-HSA-2467813, 6.07E-03)
Cell Cycle, Mitotic (REAC:R-HSA-69278, 6.07E-03)
S Phase (REAC:R-HSA-69242, 7.43E-03)
Neurexins and neuroligins (REAC:R-HSA-6794361, 9.79E-03)","Cohesin Loading onto Chromatin (REAC:R-HSA-2470946, 9.45E-07)
Mitotic Telophase/Cytokinesis (REAC:R-HSA-68884, 3.73E-06)
Establishment of Sister Chromatid Cohesion (REAC:R-HSA-2468052, 5.14E-05)
Resolution of Sister Chromatid Cohesion (REAC:R-HSA-2500257, 1.34E-03)
Mitotic Prometaphase (REAC:R-HSA-68877, 2.78E-03)
Separation of Sister Chromatids (REAC:R-HSA-2467813, 6.93E-03)
S Phase (REAC:R-HSA-69242, 8.40E-03)","Cohesin Loading onto Chromatin (REAC:R-HSA-2470946, 4.75E-05)
Mitotic Telophase/Cytokinesis (REAC:R-HSA-68884, 1.18E-04)
Establishment of Sister Chromatid Cohesion (REAC:R-HSA-2468052, 1.71E-03)
Resolution of Sister Chromatid Cohesion (REAC:R-HSA-2500257, 3.74E-03)
Mitotic Prometaphase (REAC:R-HSA-68877, 5.00E-03)
Neurexins and neuroligins (REAC:R-HSA-6794361, 7.66E-03)","Cohesin Loading onto Chromatin (REAC:R-HSA-2470946, 1.04E-06)
Mitotic Telophase/Cytokinesis (REAC:R-HSA-68884, 4.12E-06)
Establishment of Sister Chromatid Cohesion (REAC:R-HSA-2468052, 5.60E-05)
Resolution of Sister Chromatid Cohesion (REAC:R-HSA-2500257, 1.54E-03)
Mitotic Prometaphase (REAC:R-HSA-68877, 3.24E-03)
Separation of Sister Chromatids (REAC:R-HSA-2467813, 7.40E-03)
Cell Cycle, Mitotic (REAC:R-HSA-69278, 7.40E-03)
S Phase (REAC:R-HSA-69242, 8.37E-03)","Cohesin Loading onto Chromatin (REAC:R-HSA-2470946, 9.83E-07)
Mitotic Telophase/Cytokinesis (REAC:R-HSA-68884, 3.88E-06)
Establishment of Sister Chromatid Cohesion (REAC:R-HSA-2468052, 5.31E-05)
Resolution of Sister Chromatid Cohesion (REAC:R-HSA-2500257, 1.42E-03)
Mitotic Prometaphase (REAC:R-HSA-68877, 2.97E-03)
Separation of Sister Chromatids (REAC:R-HSA-2467813, 7.36E-03)","Cohesin Loading onto Chromatin (REAC:R-HSA-2470946, 9.61E-07)
Mitotic Telophase/Cytokinesis (REAC:R-HSA-68884, 3.80E-06)
Establishment of Sister Chromatid Cohesion (REAC:R-HSA-2468052, 5.23E-05)
Resolution of Sister Chromatid Cohesion (REAC:R-HSA-2500257, 1.36E-03)
Separation of Sister Chromatids (REAC:R-HSA-2467813, 8.46E-03)
S Phase (REAC:R-HSA-69242, 9.97E-03)","Cohesin Loading onto Chromatin (REAC:R-HSA-2470946, 7.65E-07)
Mitotic Telophase/Cytokinesis (REAC:R-HSA-68884, 3.02E-06)
Establishment of Sister Chromatid Cohesion (REAC:R-HSA-2468052, 4.31E-05)
Resolution of Sister Chromatid Cohesion (REAC:R-HSA-2500257, 9.84E-04)
Mitotic Prometaphase (REAC:R-HSA-68877, 1.96E-03)
Cell Cycle, Mitotic (REAC:R-HSA-69278, 4.24E-03)
Separation of Sister Chromatids (REAC:R-HSA-2467813, 4.32E-03)
S Phase (REAC:R-HSA-69242, 5.48E-03)
Cell Cycle (REAC:R-HSA-1640170, 6.55E-03)
Neurexins and neuroligins (REAC:R-HSA-6794361, 7.18E-03)","Cohesin Loading onto Chromatin (REAC:R-HSA-2470946, 2.72E-04)
Establishment of Sister Chromatid Cohesion (REAC:R-HSA-2468052, 2.72E-04)
Mitotic Telophase/Cytokinesis (REAC:R-HSA-68884, 3.88E-04)"
set2,"Cohesin Loading onto Chromatin (REAC:R-HSA-2470946, 1.09E-06)
Mitotic Telophase/Cytokinesis (REAC:R-HSA-68884, 4.30E-06)
Establishment of Sister Chromatid Cohesion (REAC:R-HSA-2468052, 5.80E-05)
Resolution of Sister Chromatid Cohesion (REAC:R-HSA-2500257, 1.64E-03)
Mitotic Prometaphase (REAC:R-HSA-68877, 3.47E-03)
Separation of Sister Chromatids (REAC:R-HSA-2467813, 8.16E-03)
Cell Cycle, Mitotic (REAC:R-HSA-69278, 8.16E-03)
S Phase (REAC:R-HSA-69242, 8.87E-03)","Cohesin Loading onto Chromatin (REAC:R-HSA-2470946, 1.58E-07)
Mitotic Telophase/Cytokinesis (REAC:R-HSA-68884, 6.27E-07)
Establishment of Sister Chromatid Cohesion (REAC:R-HSA-2468052, 1.14E-05)
Resolution of Sister Chromatid Cohesion (REAC:R-HSA-2500257, 9.88E-05)
Separation of Sister Chromatids (REAC:R-HSA-2467813, 5.55E-04)
Mitotic Prometaphase (REAC:R-HSA-68877, 7.99E-04)
Mitotic Anaphase (REAC:R-HSA-68882, 2.24E-03)
Mitotic Metaphase and Anaphase (REAC:R-HSA-2555396, 2.24E-03)
Cell Cycle, Mitotic (REAC:R-HSA-69278, 3.75E-03)
Cell Cycle (REAC:R-HSA-1640170, 4.67E-03)","Cohesin Loading onto Chromatin (REAC:R-HSA-2470946, 7.19E-05)
Mitotic Telophase/Cytokinesis (REAC:R-HSA-68884, 1.78E-04)
Establishment of Sister Chromatid Cohesion (REAC:R-HSA-2468052, 2.40E-03)","Cohesin Loading onto Chromatin (REAC:R-HSA-2470946, 9.61E-07)
Mitotic Telophase/Cytokinesis (REAC:R-HSA-68884, 3.80E-06)
Establishment of Sister Chromatid Cohesion (REAC:R-HSA-2468052, 5.23E-05)
Resolution of Sister Chromatid Cohesion (REAC:R-HSA-2500257, 1.36E-03)
Separation of Sister Chromatids (REAC:R-HSA-2467813, 8.46E-03)
S Phase (REAC:R-HSA-69242, 9.97E-03)","Cohesin Loading onto Chromatin (REAC:R-HSA-2470946, 7.67E-07)
Mitotic Telophase/Cytokinesis (REAC:R-HSA-68884, 3.03E-06)
Establishment of Sister Chromatid Cohesion (REAC:R-HSA-2468052, 4.32E-05)
Resolution of Sister Chromatid Cohesion (REAC:R-HSA-2500257, 9.86E-04)
Separation of Sister Chromatids (REAC:R-HSA-2467813, 6.06E-03)
Mitotic Prometaphase (REAC:R-HSA-68877, 7.27E-03)
S Phase (REAC:R-HSA-69242, 7.27E-03)","Cohesin Loading onto Chromatin (REAC:R-HSA-2470946, 5.60E-05)
Mitotic Telophase/Cytokinesis (REAC:R-HSA-68884, 1.39E-04)
Establishment of Sister Chromatid Cohesion (REAC:R-HSA-2468052, 1.97E-03)
Resolution of Sister Chromatid Cohesion (REAC:R-HSA-2500257, 4.70E-03)","Cohesin Loading onto Chromatin (REAC:R-HSA-2470946, 6.93E-07)
Mitotic Telophase/Cytokinesis (REAC:R-HSA-68884, 2.74E-06)
Establishment of Sister Chromatid Cohesion (REAC:R-HSA-2468052, 3.97E-05)","Cohesin Loading onto Chromatin (REAC:R-HSA-2470946, 9.61E-07)
Mitotic Telophase/Cytokinesis (REAC:R-HSA-68884, 3.80E-06)
Establishment of Sister Chromatid Cohesion (REAC:R-HSA-2468052, 5.23E-05)
Resolution of Sister Chromatid Cohesion (REAC:R-HSA-2500257, 1.36E-03)
Separation of Sister Chromatids (REAC:R-HSA-2467813, 8.46E-03)
S Phase (REAC:R-HSA-69242, 9.97E-03)","Cohesin Loading onto Chromatin (REAC:R-HSA-2470946, 7.59E-07)
Mitotic Telophase/Cytokinesis (REAC:R-HSA-68884, 3.00E-06)
Establishment of Sister Chromatid Cohesion (REAC:R-HSA-2468052, 4.22E-05)
Resolution of Sister Chromatid Cohesion (REAC:R-HSA-2500257, 7.05E-03)
Mitotic Prometaphase (REAC:R-HSA-68877, 8.75E-03)
S Phase (REAC:R-HSA-69242, 8.75E-03)","Cohesin Loading onto Chromatin (REAC:R-HSA-2470946, 6.00E-07)
Mitotic Telophase/Cytokinesis (REAC:R-HSA-68884, 2.38E-06)
Establishment of Sister Chromatid Cohesion (REAC:R-HSA-2468052, 3.51E-05)
Resolution of Sister Chromatid Cohesion (REAC:R-HSA-2500257, 5.09E-03)
Mitotic Prometaphase (REAC:R-HSA-68877, 7.14E-03)
Neurexins and neuroligins (REAC:R-HSA-6794361, 9.56E-03)","Cohesin Loading onto Chromatin (REAC:R-HSA-2470946, 9.56E-07)
Mitotic Telophase/Cytokinesis (REAC:R-HSA-68884, 3.77E-06)
Establishment of Sister Chromatid Cohesion (REAC:R-HSA-2468052, 5.20E-05)
Resolution of Sister Chromatid Cohesion (REAC:R-HSA-2500257, 1.36E-03)
Mitotic Prometaphase (REAC:R-HSA-68877, 2.81E-03)
Separation of Sister Chromatids (REAC:R-HSA-2467813, 6.07E-03)
Cell Cycle, Mitotic (REAC:R-HSA-69278, 6.07E-03)
S Phase (REAC:R-HSA-69242, 7.43E-03)
Neurexins and neuroligins (REAC:R-HSA-6794361, 9.79E-03)","Cohesin Loading onto Chromatin (REAC:R-HSA-2470946, 9.45E-07)
Mitotic Telophase/Cytokinesis (REAC:R-HSA-68884, 3.73E-06)
Establishment of Sister Chromatid Cohesion (REAC:R-HSA-2468052, 5.14E-05)
Resolution of Sister Chromatid Cohesion (REAC:R-HSA-2500257, 1.34E-03)
Mitotic Prometaphase (REAC:R-HSA-68877, 2.78E-03)
Separation of Sister Chromatids (REAC:R-HSA-2467813, 6.93E-03)
S Phase (REAC:R-HSA-69242, 8.40E-03)","Cohesin Loading onto Chromatin (REAC:R-HSA-2470946, 4.75E-05)
Mitotic Telophase/Cytokinesis (REAC:R-HSA-68884, 1.18E-04)
Establishment of Sister Chromatid Cohesion (REAC:R-HSA-2468052, 1.71E-03)
Resolution of Sister Chromatid Cohesion (REAC:R-HSA-2500257, 3.74E-03)
Mitotic Prometaphase (REAC:R-HSA-68877, 5.00E-03)
Neurexins and neuroligins (REAC:R-HSA-6794361, 7.66E-03)","Cohesin Loading onto Chromatin (REAC:R-HSA-2470946, 1.04E-06)
Mitotic Telophase/Cytokinesis (REAC:R-HSA-68884, 4.12E-06)
Establishment of Sister Chromatid Cohesion (REAC:R-HSA-2468052, 5.60E-05)
Resolution of Sister Chromatid Cohesion (REAC:R-HSA-2500257, 1.54E-03)
Mitotic Prometaphase (REAC:R-HSA-68877, 3.24E-03)
Separation of Sister Chromatids (REAC:R-HSA-2467813, 7.40E-03)
Cell Cycle, Mitotic (REAC:R-HSA-69278, 7.40E-03)
S Phase (REAC:R-HSA-69242, 8.37E-03)","Cohesin Loading onto Chromatin (REAC:R-HSA-2470946, 9.83E-07)
Mitotic Telophase/Cytokinesis (REAC:R-HSA-68884, 3.88E-06)
Establishment of Sister Chromatid Cohesion (REAC:R-HSA-2468052, 5.31E-05)
Resolution of Sister Chromatid Cohesion (REAC:R-HSA-2500257, 1.42E-03)
Mitotic Prometaphase (REAC:R-HSA-68877, 2.97E-03)
Separation of Sister Chromatids (REAC:R-HSA-2467813, 7.36E-03)","Cohesin Loading onto Chromatin (REAC:R-HSA-2470946, 9.61E-07)
Mitotic Telophase/Cytokinesis (REAC:R-HSA-68884, 3.80E-06)
Establishment of Sister Chromatid Cohesion (REAC:R-HSA-2468052, 5.23E-05)
Resolution of Sister Chromatid Cohesion (REAC:R-HSA-2500257, 1.36E-03)
Separation of Sister Chromatids (REAC:R-HSA-2467813, 8.46E-03)
S Phase (REAC:R-HSA-69242, 9.97E-03)","Cohesin Loading onto Chromatin (REAC:R-HSA-2470946, 7.65E-07)
Mitotic Telophase/Cytokinesis (REAC:R-HSA-68884, 3.02E-06)
Establishment of Sister Chromatid Cohesion (REAC:R-HSA-2468052, 4.31E-05)
Resolution of Sister Chromatid Cohesion (REAC:R-HSA-2500257, 9.84E-04)
Mitotic Prometaphase (REAC:R-HSA-68877, 1.96E-03)
Cell Cycle, Mitotic (REAC:R-HSA-69278, 4.24E-03)
Separation of Sister Chromatids (REAC:R-HSA-2467813, 4.32E-03)
S Phase (REAC:R-HSA-69242, 5.48E-03)
Cell Cycle (REAC:R-HSA-1640170, 6.55E-03)
Neurexins and neuroligins (REAC:R-HSA-6794361, 7.18E-03)","Cohesin Loading onto Chromatin (REAC:R-HSA-2470946, 2.72E-04)
Establishment of Sister Chromatid Cohesion (REAC:R-HSA-2468052, 2.72E-04)
Mitotic Telophase/Cytokinesis (REAC:R-HSA-68884, 3.88E-04)"
set3,"Cohesin Loading onto Chromatin (REAC:R-HSA-2470946, 1.09E-06)
Mitotic Telophase/Cytokinesis (REAC:R-HSA-68884, 4.30E-06)
Establishment of Sister Chromatid Cohesion (REAC:R-HSA-2468052, 5.80E-05)
Resolution of Sister Chromatid Cohesion (REAC:R-HSA-2500257, 1.64E-03)
Mitotic Prometaphase (REAC:R-HSA-68877, 3.47E-03)
Separation of Sister Chromatids (REAC:R-HSA-2467813, 8.16E-03)
Cell Cycle, Mitotic (REAC:R-HSA-69278, 8.16E-03)
S Phase (REAC:R-HSA-69242, 8.87E-03)","Cohesin Loading onto Chromatin (REAC:R-HSA-2470946, 1.58E-07)
Mitotic Telophase/Cytokinesis (REAC:R-HSA-68884, 6.27E-07)
Establishment of Sister Chromatid Cohesion (REAC:R-HSA-2468052, 1.14E-05)
Resolution of Sister Chromatid Cohesion (REAC:R-HSA-2500257, 9.88E-05)
Separation of Sister Chromatids (REAC:R-HSA-2467813, 5.55E-04)
Mitotic Prometaphase (REAC:R-HSA-68877, 7.99E-04)
Mitotic Anaphase (REAC:R-HSA-68882, 2.24E-03)
Mitotic Metaphase and Anaphase (REAC:R-HSA-2555396, 2.24E-03)
Cell Cycle, Mitotic (REAC:R-HSA-69278, 3.75E-03)
Cell Cycle (REAC:R-HSA-1640170, 4.67E-03)","Cohesin Loading onto Chromatin (REAC:R-HSA-2470946, 7.19E-05)
Mitotic Telophase/Cytokinesis (REAC:R-HSA-68884, 1.78E-04)
Establishment of Sister Chromatid Cohesion (REAC:R-HSA-2468052, 2.40E-03)","Cohesin Loading onto Chromatin (REAC:R-HSA-2470946, 9.61E-07)
Mitotic Telophase/Cytokinesis (REAC:R-HSA-68884, 3.80E-06)
Establishment of Sister Chromatid Cohesion (REAC:R-HSA-2468052, 5.23E-05)
Resolution of Sister Chromatid Cohesion (REAC:R-HSA-2500257, 1.36E-03)
Separation of Sister Chromatids (REAC:R-HSA-2467813, 8.46E-03)
S Phase (REAC:R-HSA-69242, 9.97E-03)","Cohesin Loading onto Chromatin (REAC:R-HSA-2470946, 7.67E-07)
Mitotic Telophase/Cytokinesis (REAC:R-HSA-68884, 3.03E-06)
Establishment of Sister Chromatid Cohesion (REAC:R-HSA-2468052, 4.32E-05)
Resolution of Sister Chromatid Cohesion (REAC:R-HSA-2500257, 9.86E-04)
Separation of Sister Chromatids (REAC:R-HSA-2467813, 6.06E-03)
Mitotic Prometaphase (REAC:R-HSA-68877, 7.27E-03)
S Phase (REAC:R-HSA-69242, 7.27E-03)","Cohesin Loading onto Chromatin (REAC:R-HSA-2470946, 5.60E-05)
Mitotic Telophase/Cytokinesis (REAC:R-HSA-68884, 1.39E-04)
Establishment of Sister Chromatid Cohesion (REAC:R-HSA-2468052, 1.97E-03)
Resolution of Sister Chromatid Cohesion (REAC:R-HSA-2500257, 4.70E-03)","Cohesin Loading onto Chromatin (REAC:R-HSA-2470946, 6.93E-07)
Mitotic Telophase/Cytokinesis (REAC:R-HSA-68884, 2.74E-06)
Establishment of Sister Chromatid Cohesion (REAC:R-HSA-2468052, 3.97E-05)","Cohesin Loading onto Chromatin (REAC:R-HSA-2470946, 9.61E-07)
Mitotic Telophase/Cytokinesis (REAC:R-HSA-68884, 3.80E-06)
Establishment of Sister Chromatid Cohesion (REAC:R-HSA-2468052, 5.23E-05)
Resolution of Sister Chromatid Cohesion (REAC:R-HSA-2500257, 1.36E-03)
Separation of Sister Chromatids (REAC:R-HSA-2467813, 8.46E-03)
S Phase (REAC:R-HSA-69242, 9.97E-03)","Cohesin Loading onto Chromatin (REAC:R-HSA-2470946, 7.59E-07)
Mitotic Telophase/Cytokinesis (REAC:R-HSA-68884, 3.00E-06)
Establishment of Sister Chromatid Cohesion (REAC:R-HSA-2468052, 4.22E-05)
Resolution of Sister Chromatid Cohesion (REAC:R-HSA-2500257, 7.05E-03)
Mitotic Prometaphase (REAC:R-HSA-68877, 8.75E-03)
S Phase (REAC:R-HSA-69242, 8.75E-03)","Cohesin Loading onto Chromatin (REAC:R-HSA-2470946, 6.00E-07)
Mitotic Telophase/Cytokinesis (REAC:R-HSA-68884, 2.38E-06)
Establishment of Sister Chromatid Cohesion (REAC:R-HSA-2468052, 3.51E-05)
Resolution of Sister Chromatid Cohesion (REAC:R-HSA-2500257, 5.09E-03)
Mitotic Prometaphase (REAC:R-HSA-68877, 7.14E-03)
Neurexins and neuroligins (REAC:R-HSA-6794361, 9.56E-03)","Cohesin Loading onto Chromatin (REAC:R-HSA-2470946, 9.56E-07)
Mitotic Telophase/Cytokinesis (REAC:R-HSA-68884, 3.77E-06)
Establishment of Sister Chromatid Cohesion (REAC:R-HSA-2468052, 5.20E-05)
Resolution of Sister Chromatid Cohesion (REAC:R-HSA-2500257, 1.36E-03)
Mitotic Prometaphase (REAC:R-HSA-68877, 2.81E-03)
Separation of Sister Chromatids (REAC:R-HSA-2467813, 6.07E-03)
Cell Cycle, Mitotic (REAC:R-HSA-69278, 6.07E-03)
S Phase (REAC:R-HSA-69242, 7.43E-03)
Neurexins and neuroligins (REAC:R-HSA-6794361, 9.79E-03)","Cohesin Loading onto Chromatin (REAC:R-HSA-2470946, 9.45E-07)
Mitotic Telophase/Cytokinesis (REAC:R-HSA-68884, 3.73E-06)
Establishment of Sister Chromatid Cohesion (REAC:R-HSA-2468052, 5.14E-05)
Resolution of Sister Chromatid Cohesion (REAC:R-HSA-2500257, 1.34E-03)
Mitotic Prometaphase (REAC:R-HSA-68877, 2.78E-03)
Separation of Sister Chromatids (REAC:R-HSA-2467813, 6.93E-03)
S Phase (REAC:R-HSA-69242, 8.40E-03)","Cohesin Loading onto Chromatin (REAC:R-HSA-2470946, 4.75E-05)
Mitotic Telophase/Cytokinesis (REAC:R-HSA-68884, 1.18E-04)
Establishment of Sister Chromatid Cohesion (REAC:R-HSA-2468052, 1.71E-03)
Resolution of Sister Chromatid Cohesion (REAC:R-HSA-2500257, 3.74E-03)
Mitotic Prometaphase (REAC:R-HSA-68877, 5.00E-03)
Neurexins and neuroligins (REAC:R-HSA-6794361, 7.66E-03)","Cohesin Loading onto Chromatin (REAC:R-HSA-2470946, 1.04E-06)
Mitotic Telophase/Cytokinesis (REAC:R-HSA-68884, 4.12E-06)
Establishment of Sister Chromatid Cohesion (REAC:R-HSA-2468052, 5.60E-05)
Resolution of Sister Chromatid Cohesion (REAC:R-HSA-2500257, 1.54E-03)
Mitotic Prometaphase (REAC:R-HSA-68877, 3.24E-03)
Separation of Sister Chromatids (REAC:R-HSA-2467813, 7.40E-03)
Cell Cycle, Mitotic (REAC:R-HSA-69278, 7.40E-03)
S Phase (REAC:R-HSA-69242, 8.37E-03)","Cohesin Loading onto Chromatin (REAC:R-HSA-2470946, 9.83E-07)
Mitotic Telophase/Cytokinesis (REAC:R-HSA-68884, 3.88E-06)
Establishment of Sister Chromatid Cohesion (REAC:R-HSA-2468052, 5.31E-05)
Resolution of Sister Chromatid Cohesion (REAC:R-HSA-2500257, 1.42E-03)
Mitotic Prometaphase (REAC:R-HSA-68877, 2.97E-03)
Separation of Sister Chromatids (REAC:R-HSA-2467813, 7.36E-03)","Cohesin Loading onto Chromatin (REAC:R-HSA-2470946, 9.61E-07)
Mitotic Telophase/Cytokinesis (REAC:R-HSA-68884, 3.80E-06)
Establishment of Sister Chromatid Cohesion (REAC:R-HSA-2468052, 5.23E-05)
Resolution of Sister Chromatid Cohesion (REAC:R-HSA-2500257, 1.36E-03)
Separation of Sister Chromatids (REAC:R-HSA-2467813, 8.46E-03)
S Phase (REAC:R-HSA-69242, 9.97E-03)","Cohesin Loading onto Chromatin (REAC:R-HSA-2470946, 7.65E-07)
Mitotic Telophase/Cytokinesis (REAC:R-HSA-68884, 3.02E-06)
Establishment of Sister Chromatid Cohesion (REAC:R-HSA-2468052, 4.31E-05)
Resolution of Sister Chromatid Cohesion (REAC:R-HSA-2500257, 9.84E-04)
Mitotic Prometaphase (REAC:R-HSA-68877, 1.96E-03)
Cell Cycle, Mitotic (REAC:R-HSA-69278, 4.24E-03)
Separation of Sister Chromatids (REAC:R-HSA-2467813, 4.32E-03)
S Phase (REAC:R-HSA-69242, 5.48E-03)
Cell Cycle (REAC:R-HSA-1640170, 6.55E-03)
Neurexins and neuroligins (REAC:R-HSA-6794361, 7.18E-03)","Cohesin Loading onto Chromatin (REAC:R-HSA-2470946, 2.72E-04)
Establishment of Sister Chromatid Cohesion (REAC:R-HSA-2468052, 2.72E-04)
Mitotic Telophase/Cytokinesis (REAC:R-HSA-68884, 3.88E-04)"
set4,"Cohesin Loading onto Chromatin (REAC:R-HSA-2470946, 1.09E-06)
Mitotic Telophase/Cytokinesis (REAC:R-HSA-68884, 4.30E-06)
Establishment of Sister Chromatid Cohesion (REAC:R-HSA-2468052, 5.80E-05)
Resolution of Sister Chromatid Cohesion (REAC:R-HSA-2500257, 1.64E-03)
Mitotic Prometaphase (REAC:R-HSA-68877, 3.47E-03)
Separation of Sister Chromatids (REAC:R-HSA-2467813, 8.16E-03)
Cell Cycle, Mitotic (REAC:R-HSA-69278, 8.16E-03)
S Phase (REAC:R-HSA-69242, 8.87E-03)","Cohesin Loading onto Chromatin (REAC:R-HSA-2470946, 1.58E-07)
Mitotic Telophase/Cytokinesis (REAC:R-HSA-68884, 6.27E-07)
Establishment of Sister Chromatid Cohesion (REAC:R-HSA-2468052, 1.14E-05)
Resolution of Sister Chromatid Cohesion (REAC:R-HSA-2500257, 9.88E-05)
Separation of Sister Chromatids (REAC:R-HSA-2467813, 5.55E-04)
Mitotic Prometaphase (REAC:R-HSA-68877, 7.99E-04)
Mitotic Anaphase (REAC:R-HSA-68882, 2.24E-03)
Mitotic Metaphase and Anaphase (REAC:R-HSA-2555396, 2.24E-03)
Cell Cycle, Mitotic (REAC:R-HSA-69278, 3.75E-03)
Cell Cycle (REAC:R-HSA-1640170, 4.67E-03)","Cohesin Loading onto Chromatin (REAC:R-HSA-2470946, 7.19E-05)
Mitotic Telophase/Cytokinesis (REAC:R-HSA-68884, 1.78E-04)
Establishment of Sister Chromatid Cohesion (REAC:R-HSA-2468052, 2.40E-03)","Cohesin Loading onto Chromatin (REAC:R-HSA-2470946, 9.61E-07)
Mitotic Telophase/Cytokinesis (REAC:R-HSA-68884, 3.80E-06)
Establishment of Sister Chromatid Cohesion (REAC:R-HSA-2468052, 5.23E-05)
Resolution of Sister Chromatid Cohesion (REAC:R-HSA-2500257, 1.36E-03)
Separation of Sister Chromatids (REAC:R-HSA-2467813, 8.46E-03)
S Phase (REAC:R-HSA-69242, 9.97E-03)","Cohesin Loading onto Chromatin (REAC:R-HSA-2470946, 7.67E-07)
Mitotic Telophase/Cytokinesis (REAC:R-HSA-68884, 3.03E-06)
Establishment of Sister Chromatid Cohesion (REAC:R-HSA-2468052, 4.32E-05)
Resolution of Sister Chromatid Cohesion (REAC:R-HSA-2500257, 9.86E-04)
Separation of Sister Chromatids (REAC:R-HSA-2467813, 6.06E-03)
Mitotic Prometaphase (REAC:R-HSA-68877, 7.27E-03)
S Phase (REAC:R-HSA-69242, 7.27E-03)","Cohesin Loading onto Chromatin (REAC:R-HSA-2470946, 5.60E-05)
Mitotic Telophase/Cytokinesis (REAC:R-HSA-68884, 1.39E-04)
Establishment of Sister Chromatid Cohesion (REAC:R-HSA-2468052, 1.97E-03)
Resolution of Sister Chromatid Cohesion (REAC:R-HSA-2500257, 4.70E-03)","Cohesin Loading onto Chromatin (REAC:R-HSA-2470946, 6.93E-07)
Mitotic Telophase/Cytokinesis (REAC:R-HSA-68884, 2.74E-06)
Establishment of Sister Chromatid Cohesion (REAC:R-HSA-2468052, 3.97E-05)","Cohesin Loading onto Chromatin (REAC:R-HSA-2470946, 9.61E-07)
Mitotic Telophase/Cytokinesis (REAC:R-HSA-68884, 3.80E-06)
Establishment of Sister Chromatid Cohesion (REAC:R-HSA-2468052, 5.23E-05)
Resolution of Sister Chromatid Cohesion (REAC:R-HSA-2500257, 1.36E-03)
Separation of Sister Chromatids (REAC:R-HSA-2467813, 8.46E-03)
S Phase (REAC:R-HSA-69242, 9.97E-03)","Cohesin Loading onto Chromatin (REAC:R-HSA-2470946, 7.59E-07)
Mitotic Telophase/Cytokinesis (REAC:R-HSA-68884, 3.00E-06)
Establishment of Sister Chromatid Cohesion (REAC:R-HSA-2468052, 4.22E-05)
Resolution of Sister Chromatid Cohesion (REAC:R-HSA-2500257, 7.05E-03)
Mitotic Prometaphase (REAC:R-HSA-68877, 8.75E-03)
S Phase (REAC:R-HSA-69242, 8.75E-03)","Cohesin Loading onto Chromatin (REAC:R-HSA-2470946, 6.00E-07)
Mitotic Telophase/Cytokinesis (REAC:R-HSA-68884, 2.38E-06)
Establishment of Sister Chromatid Cohesion (REAC:R-HSA-2468052, 3.51E-05)
Resolution of Sister Chromatid Cohesion (REAC:R-HSA-2500257, 5.09E-03)
Mitotic Prometaphase (REAC:R-HSA-68877, 7.14E-03)
Neurexins and neuroligins (REAC:R-HSA-6794361, 9.56E-03)","Cohesin Loading onto Chromatin (REAC:R-HSA-2470946, 9.56E-07)
Mitotic Telophase/Cytokinesis (REAC:R-HSA-68884, 3.77E-06)
Establishment of Sister Chromatid Cohesion (REAC:R-HSA-2468052, 5.20E-05)
Resolution of Sister Chromatid Cohesion (REAC:R-HSA-2500257, 1.36E-03)
Mitotic Prometaphase (REAC:R-HSA-68877, 2.81E-03)
Separation of Sister Chromatids (REAC:R-HSA-2467813, 6.07E-03)
Cell Cycle, Mitotic (REAC:R-HSA-69278, 6.07E-03)
S Phase (REAC:R-HSA-69242, 7.43E-03)
Neurexins and neuroligins (REAC:R-HSA-6794361, 9.79E-03)","Cohesin Loading onto Chromatin (REAC:R-HSA-2470946, 9.45E-07)
Mitotic Telophase/Cytokinesis (REAC:R-HSA-68884, 3.73E-06)
Establishment of Sister Chromatid Cohesion (REAC:R-HSA-2468052, 5.14E-05)
Resolution of Sister Chromatid Cohesion (REAC:R-HSA-2500257, 1.34E-03)
Mitotic Prometaphase (REAC:R-HSA-68877, 2.78E-03)
Separation of Sister Chromatids (REAC:R-HSA-2467813, 6.93E-03)
S Phase (REAC:R-HSA-69242, 8.40E-03)","Cohesin Loading onto Chromatin (REAC:R-HSA-2470946, 4.75E-05)
Mitotic Telophase/Cytokinesis (REAC:R-HSA-68884, 1.18E-04)
Establishment of Sister Chromatid Cohesion (REAC:R-HSA-2468052, 1.71E-03)
Resolution of Sister Chromatid Cohesion (REAC:R-HSA-2500257, 3.74E-03)
Mitotic Prometaphase (REAC:R-HSA-68877, 5.00E-03)
Neurexins and neuroligins (REAC:R-HSA-6794361, 7.66E-03)","Cohesin Loading onto Chromatin (REAC:R-HSA-2470946, 1.04E-06)
Mitotic Telophase/Cytokinesis (REAC:R-HSA-68884, 4.12E-06)
Establishment of Sister Chromatid Cohesion (REAC:R-HSA-2468052, 5.60E-05)
Resolution of Sister Chromatid Cohesion (REAC:R-HSA-2500257, 1.54E-03)
Mitotic Prometaphase (REAC:R-HSA-68877, 3.24E-03)
Separation of Sister Chromatids (REAC:R-HSA-2467813, 7.40E-03)
Cell Cycle, Mitotic (REAC:R-HSA-69278, 7.40E-03)
S Phase (REAC:R-HSA-69242, 8.37E-03)","Cohesin Loading onto Chromatin (REAC:R-HSA-2470946, 9.83E-07)
Mitotic Telophase/Cytokinesis (REAC:R-HSA-68884, 3.88E-06)
Establishment of Sister Chromatid Cohesion (REAC:R-HSA-2468052, 5.31E-05)
Resolution of Sister Chromatid Cohesion (REAC:R-HSA-2500257, 1.42E-03)
Mitotic Prometaphase (REAC:R-HSA-68877, 2.97E-03)
Separation of Sister Chromatids (REAC:R-HSA-2467813, 7.36E-03)","Cohesin Loading onto Chromatin (REAC:R-HSA-2470946, 9.61E-07)
Mitotic Telophase/Cytokinesis (REAC:R-HSA-68884, 3.80E-06)
Establishment of Sister Chromatid Cohesion (REAC:R-HSA-2468052, 5.23E-05)
Resolution of Sister Chromatid Cohesion (REAC:R-HSA-2500257, 1.36E-03)
Separation of Sister Chromatids (REAC:R-HSA-2467813, 8.46E-03)
S Phase (REAC:R-HSA-69242, 9.97E-03)","Cohesin Loading onto Chromatin (REAC:R-HSA-2470946, 7.65E-07)
Mitotic Telophase/Cytokinesis (REAC:R-HSA-68884, 3.02E-06)
Establishment of Sister Chromatid Cohesion (REAC:R-HSA-2468052, 4.31E-05)
Resolution of Sister Chromatid Cohesion (REAC:R-HSA-2500257, 9.84E-04)
Mitotic Prometaphase (REAC:R-HSA-68877, 1.96E-03)
Cell Cycle, Mitotic (REAC:R-HSA-69278, 4.24E-03)
Separation of Sister Chromatids (REAC:R-HSA-2467813, 4.32E-03)
S Phase (REAC:R-HSA-69242, 5.48E-03)
Cell Cycle (REAC:R-HSA-1640170, 6.55E-03)
Neurexins and neuroligins (REAC:R-HSA-6794361, 7.18E-03)","Cohesin Loading onto Chromatin (REAC:R-HSA-2470946, 2.72E-04)
Establishment of Sister Chromatid Cohesion (REAC:R-HSA-2468052, 2.72E-04)
Mitotic Telophase/Cytokinesis (REAC:R-HSA-68884, 3.88E-04)"
set5,"Cohesin Loading onto Chromatin (REAC:R-HSA-2470946, 1.09E-06)
Mitotic Telophase/Cytokinesis (REAC:R-HSA-68884, 4.30E-06)
Establishment of Sister Chromatid Cohesion (REAC:R-HSA-2468052, 5.80E-05)
Resolution of Sister Chromatid Cohesion (REAC:R-HSA-2500257, 1.64E-03)
Mitotic Prometaphase (REAC:R-HSA-68877, 3.47E-03)
Separation of Sister Chromatids (REAC:R-HSA-2467813, 8.16E-03)
Cell Cycle, Mitotic (REAC:R-HSA-69278, 8.16E-03)
S Phase (REAC:R-HSA-69242, 8.87E-03)","Cohesin Loading onto Chromatin (REAC:R-HSA-2470946, 1.58E-07)
Mitotic Telophase/Cytokinesis (REAC:R-HSA-68884, 6.27E-07)
Establishment of Sister Chromatid Cohesion (REAC:R-HSA-2468052, 1.14E-05)
Resolution of Sister Chromatid Cohesion (REAC:R-HSA-2500257, 9.88E-05)
Separation of Sister Chromatids (REAC:R-HSA-2467813, 5.55E-04)
Mitotic Prometaphase (REAC:R-HSA-68877, 7.99E-04)
Mitotic Anaphase (REAC:R-HSA-68882, 2.24E-03)
Mitotic Metaphase and Anaphase (REAC:R-HSA-2555396, 2.24E-03)
Cell Cycle, Mitotic (REAC:R-HSA-69278, 3.75E-03)
Cell Cycle (REAC:R-HSA-1640170, 4.67E-03)","Cohesin Loading onto Chromatin (REAC:R-HSA-2470946, 7.19E-05)
Mitotic Telophase/Cytokinesis (REAC:R-HSA-68884, 1.78E-04)
Establishment of Sister Chromatid Cohesion (REAC:R-HSA-2468052, 2.40E-03)","Cohesin Loading onto Chromatin (REAC:R-HSA-2470946, 9.61E-07)
Mitotic Telophase/Cytokinesis (REAC:R-HSA-68884, 3.80E-06)
Establishment of Sister Chromatid Cohesion (REAC:R-HSA-2468052, 5.23E-05)
Resolution of Sister Chromatid Cohesion (REAC:R-HSA-2500257, 1.36E-03)
Separation of Sister Chromatids (REAC:R-HSA-2467813, 8.46E-03)
S Phase (REAC:R-HSA-69242, 9.97E-03)","Cohesin Loading onto Chromatin (REAC:R-HSA-2470946, 7.67E-07)
Mitotic Telophase/Cytokinesis (REAC:R-HSA-68884, 3.03E-06)
Establishment of Sister Chromatid Cohesion (REAC:R-HSA-2468052, 4.32E-05)
Resolution of Sister Chromatid Cohesion (REAC:R-HSA-2500257, 9.86E-04)
Separation of Sister Chromatids (REAC:R-HSA-2467813, 6.06E-03)
Mitotic Prometaphase (REAC:R-HSA-68877, 7.27E-03)
S Phase (REAC:R-HSA-69242, 7.27E-03)","Cohesin Loading onto Chromatin (REAC:R-HSA-2470946, 5.60E-05)
Mitotic Telophase/Cytokinesis (REAC:R-HSA-68884, 1.39E-04)
Establishment of Sister Chromatid Cohesion (REAC:R-HSA-2468052, 1.97E-03)
Resolution of Sister Chromatid Cohesion (REAC:R-HSA-2500257, 4.70E-03)","Cohesin Loading onto Chromatin (REAC:R-HSA-2470946, 6.93E-07)
Mitotic Telophase/Cytokinesis (REAC:R-HSA-68884, 2.74E-06)
Establishment of Sister Chromatid Cohesion (REAC:R-HSA-2468052, 3.97E-05)","Cohesin Loading onto Chromatin (REAC:R-HSA-2470946, 9.61E-07)
Mitotic Telophase/Cytokinesis (REAC:R-HSA-68884, 3.80E-06)
Establishment of Sister Chromatid Cohesion (REAC:R-HSA-2468052, 5.23E-05)
Resolution of Sister Chromatid Cohesion (REAC:R-HSA-2500257, 1.36E-03)
Separation of Sister Chromatids (REAC:R-HSA-2467813, 8.46E-03)
S Phase (REAC:R-HSA-69242, 9.97E-03)","Cohesin Loading onto Chromatin (REAC:R-HSA-2470946, 7.59E-07)
Mitotic Telophase/Cytokinesis (REAC:R-HSA-68884, 3.00E-06)
Establishment of Sister Chromatid Cohesion (REAC:R-HSA-2468052, 4.22E-05)
Resolution of Sister Chromatid Cohesion (REAC:R-HSA-2500257, 7.05E-03)
Mitotic Prometaphase (REAC:R-HSA-68877, 8.75E-03)
S Phase (REAC:R-HSA-69242, 8.75E-03)","Cohesin Loading onto Chromatin (REAC:R-HSA-2470946, 6.00E-07)
Mitotic Telophase/Cytokinesis (REAC:R-HSA-68884, 2.38E-06)
Establishment of Sister Chromatid Cohesion (REAC:R-HSA-2468052, 3.51E-05)
Resolution of Sister Chromatid Cohesion (REAC:R-HSA-2500257, 5.09E-03)
Mitotic Prometaphase (REAC:R-HSA-68877, 7.14E-03)
Neurexins and neuroligins (REAC:R-HSA-6794361, 9.56E-03)","Cohesin Loading onto Chromatin (REAC:R-HSA-2470946, 9.56E-07)
Mitotic Telophase/Cytokinesis (REAC:R-HSA-68884, 3.77E-06)
Establishment of Sister Chromatid Cohesion (REAC:R-HSA-2468052, 5.20E-05)
Resolution of Sister Chromatid Cohesion (REAC:R-HSA-2500257, 1.36E-03)
Mitotic Prometaphase (REAC:R-HSA-68877, 2.81E-03)
Separation of Sister Chromatids (REAC:R-HSA-2467813, 6.07E-03)
Cell Cycle, Mitotic (REAC:R-HSA-69278, 6.07E-03)
S Phase (REAC:R-HSA-69242, 7.43E-03)
Neurexins and neuroligins (REAC:R-HSA-6794361, 9.79E-03)","Cohesin Loading onto Chromatin (REAC:R-HSA-2470946, 9.45E-07)
Mitotic Telophase/Cytokinesis (REAC:R-HSA-68884, 3.73E-06)
Establishment of Sister Chromatid Cohesion (REAC:R-HSA-2468052, 5.14E-05)
Resolution of Sister Chromatid Cohesion (REAC:R-HSA-2500257, 1.34E-03)
Mitotic Prometaphase (REAC:R-HSA-68877, 2.78E-03)
Separation of Sister Chromatids (REAC:R-HSA-2467813, 6.93E-03)
S Phase (REAC:R-HSA-69242, 8.40E-03)","Cohesin Loading onto Chromatin (REAC:R-HSA-2470946, 4.75E-05)
Mitotic Telophase/Cytokinesis (REAC:R-HSA-68884, 1.18E-04)
Establishment of Sister Chromatid Cohesion (REAC:R-HSA-2468052, 1.71E-03)
Resolution of Sister Chromatid Cohesion (REAC:R-HSA-2500257, 3.74E-03)
Mitotic Prometaphase (REAC:R-HSA-68877, 5.00E-03)
Neurexins and neuroligins (REAC:R-HSA-6794361, 7.66E-03)","Cohesin Loading onto Chromatin (REAC:R-HSA-2470946, 1.04E-06)
Mitotic Telophase/Cytokinesis (REAC:R-HSA-68884, 4.12E-06)
Establishment of Sister Chromatid Cohesion (REAC:R-HSA-2468052, 5.60E-05)
Resolution of Sister Chromatid Cohesion (REAC:R-HSA-2500257, 1.54E-03)
Mitotic Prometaphase (REAC:R-HSA-68877, 3.24E-03)
Separation of Sister Chromatids (REAC:R-HSA-2467813, 7.40E-03)
Cell Cycle, Mitotic (REAC:R-HSA-69278, 7.40E-03)
S Phase (REAC:R-HSA-69242, 8.37E-03)","Cohesin Loading onto Chromatin (REAC:R-HSA-2470946, 9.83E-07)
Mitotic Telophase/Cytokinesis (REAC:R-HSA-68884, 3.88E-06)
Establishment of Sister Chromatid Cohesion (REAC:R-HSA-2468052, 5.31E-05)
Resolution of Sister Chromatid Cohesion (REAC:R-HSA-2500257, 1.42E-03)
Mitotic Prometaphase (REAC:R-HSA-68877, 2.97E-03)
Separation of Sister Chromatids (REAC:R-HSA-2467813, 7.36E-03)","Cohesin Loading onto Chromatin (REAC:R-HSA-2470946, 9.61E-07)
Mitotic Telophase/Cytokinesis (REAC:R-HSA-68884, 3.80E-06)
Establishment of Sister Chromatid Cohesion (REAC:R-HSA-2468052, 5.23E-05)
Resolution of Sister Chromatid Cohesion (REAC:R-HSA-2500257, 1.36E-03)
Separation of Sister Chromatids (REAC:R-HSA-2467813, 8.46E-03)
S Phase (REAC:R-HSA-69242, 9.97E-03)","Cohesin Loading onto Chromatin (REAC:R-HSA-2470946, 7.65E-07)
Mitotic Telophase/Cytokinesis (REAC:R-HSA-68884, 3.02E-06)
Establishment of Sister Chromatid Cohesion (REAC:R-HSA-2468052, 4.31E-05)
Resolution of Sister Chromatid Cohesion (REAC:R-HSA-2500257, 9.84E-04)
Mitotic Prometaphase (REAC:R-HSA-68877, 1.96E-03)
Cell Cycle, Mitotic (REAC:R-HSA-69278, 4.24E-03)
Separation of Sister Chromatids (REAC:R-HSA-2467813, 4.32E-03)
S Phase (REAC:R-HSA-69242, 5.48E-03)
Cell Cycle (REAC:R-HSA-1640170, 6.55E-03)
Neurexins and neuroligins (REAC:R-HSA-6794361, 7.18E-03)","Cohesin Loading onto Chromatin (REAC:R-HSA-2470946, 2.72E-04)
Establishment of Sister Chromatid Cohesion (REAC:R-HSA-2468052, 2.72E-04)
Mitotic Telophase/Cytokinesis (REAC:R-HSA-68884, 3.88E-04)"
set6,"Cohesin Loading onto Chromatin (REAC:R-HSA-2470946, 1.09E-06)
Mitotic Telophase/Cytokinesis (REAC:R-HSA-68884, 4.30E-06)
Establishment of Sister Chromatid Cohesion (REAC:R-HSA-2468052, 5.80E-05)
Resolution of Sister Chromatid Cohesion (REAC:R-HSA-2500257, 1.64E-03)
Mitotic Prometaphase (REAC:R-HSA-68877, 3.47E-03)
Separation of Sister Chromatids (REAC:R-HSA-2467813, 8.16E-03)
Cell Cycle, Mitotic (REAC:R-HSA-69278, 8.16E-03)
S Phase (REAC:R-HSA-69242, 8.87E-03)","Cohesin Loading onto Chromatin (REAC:R-HSA-2470946, 1.58E-07)
Mitotic Telophase/Cytokinesis (REAC:R-HSA-68884, 6.27E-07)
Establishment of Sister Chromatid Cohesion (REAC:R-HSA-2468052, 1.14E-05)
Resolution of Sister Chromatid Cohesion (REAC:R-HSA-2500257, 9.88E-05)
Separation of Sister Chromatids (REAC:R-HSA-2467813, 5.55E-04)
Mitotic Prometaphase (REAC:R-HSA-68877, 7.99E-04)
Mitotic Anaphase (REAC:R-HSA-68882, 2.24E-03)
Mitotic Metaphase and Anaphase (REAC:R-HSA-2555396, 2.24E-03)
Cell Cycle, Mitotic (REAC:R-HSA-69278, 3.75E-03)
Cell Cycle (REAC:R-HSA-1640170, 4.67E-03)","Cohesin Loading onto Chromatin (REAC:R-HSA-2470946, 7.19E-05)
Mitotic Telophase/Cytokinesis (REAC:R-HSA-68884, 1.78E-04)
Establishment of Sister Chromatid Cohesion (REAC:R-HSA-2468052, 2.40E-03)","Cohesin Loading onto Chromatin (REAC:R-HSA-2470946, 9.61E-07)
Mitotic Telophase/Cytokinesis (REAC:R-HSA-68884, 3.80E-06)
Establishment of Sister Chromatid Cohesion (REAC:R-HSA-2468052, 5.23E-05)
Resolution of Sister Chromatid Cohesion (REAC:R-HSA-2500257, 1.36E-03)
Separation of Sister Chromatids (REAC:R-HSA-2467813, 8.46E-03)
S Phase (REAC:R-HSA-69242, 9.97E-03)","Cohesin Loading onto Chromatin (REAC:R-HSA-2470946, 7.67E-07)
Mitotic Telophase/Cytokinesis (REAC:R-HSA-68884, 3.03E-06)
Establishment of Sister Chromatid Cohesion (REAC:R-HSA-2468052, 4.32E-05)
Resolution of Sister Chromatid Cohesion (REAC:R-HSA-2500257, 9.86E-04)
Separation of Sister Chromatids (REAC:R-HSA-2467813, 6.06E-03)
Mitotic Prometaphase (REAC:R-HSA-68877, 7.27E-03)
S Phase (REAC:R-HSA-69242, 7.27E-03)","Cohesin Loading onto Chromatin (REAC:R-HSA-2470946, 5.60E-05)
Mitotic Telophase/Cytokinesis (REAC:R-HSA-68884, 1.39E-04)
Establishment of Sister Chromatid Cohesion (REAC:R-HSA-2468052, 1.97E-03)
Resolution of Sister Chromatid Cohesion (REAC:R-HSA-2500257, 4.70E-03)","Cohesin Loading onto Chromatin (REAC:R-HSA-2470946, 6.93E-07)
Mitotic Telophase/Cytokinesis (REAC:R-HSA-68884, 2.74E-06)
Establishment of Sister Chromatid Cohesion (REAC:R-HSA-2468052, 3.97E-05)","Cohesin Loading onto Chromatin (REAC:R-HSA-2470946, 9.61E-07)
Mitotic Telophase/Cytokinesis (REAC:R-HSA-68884, 3.80E-06)
Establishment of Sister Chromatid Cohesion (REAC:R-HSA-2468052, 5.23E-05)
Resolution of Sister Chromatid Cohesion (REAC:R-HSA-2500257, 1.36E-03)
Separation of Sister Chromatids (REAC:R-HSA-2467813, 8.46E-03)
S Phase (REAC:R-HSA-69242, 9.97E-03)","Cohesin Loading onto Chromatin (REAC:R-HSA-2470946, 7.59E-07)
Mitotic Telophase/Cytokinesis (REAC:R-HSA-68884, 3.00E-06)
Establishment of Sister Chromatid Cohesion (REAC:R-HSA-2468052, 4.22E-05)
Resolution of Sister Chromatid Cohesion (REAC:R-HSA-2500257, 7.05E-03)
Mitotic Prometaphase (REAC:R-HSA-68877, 8.75E-03)
S Phase (REAC:R-HSA-69242, 8.75E-03)","Cohesin Loading onto Chromatin (REAC:R-HSA-2470946, 6.00E-07)
Mitotic Telophase/Cytokinesis (REAC:R-HSA-68884, 2.38E-06)
Establishment of Sister Chromatid Cohesion (REAC:R-HSA-2468052, 3.51E-05)
Resolution of Sister Chromatid Cohesion (REAC:R-HSA-2500257, 5.09E-03)
Mitotic Prometaphase (REAC:R-HSA-68877, 7.14E-03)
Neurexins and neuroligins (REAC:R-HSA-6794361, 9.56E-03)","Cohesin Loading onto Chromatin (REAC:R-HSA-2470946, 9.56E-07)
Mitotic Telophase/Cytokinesis (REAC:R-HSA-68884, 3.77E-06)
Establishment of Sister Chromatid Cohesion (REAC:R-HSA-2468052, 5.20E-05)
Resolution of Sister Chromatid Cohesion (REAC:R-HSA-2500257, 1.36E-03)
Mitotic Prometaphase (REAC:R-HSA-68877, 2.81E-03)
Separation of Sister Chromatids (REAC:R-HSA-2467813, 6.07E-03)
Cell Cycle, Mitotic (REAC:R-HSA-69278, 6.07E-03)
S Phase (REAC:R-HSA-69242, 7.43E-03)
Neurexins and neuroligins (REAC:R-HSA-6794361, 9.79E-03)","Cohesin Loading onto Chromatin (REAC:R-HSA-2470946, 9.45E-07)
Mitotic Telophase/Cytokinesis (REAC:R-HSA-68884, 3.73E-06)
Establishment of Sister Chromatid Cohesion (REAC:R-HSA-2468052, 5.14E-05)
Resolution of Sister Chromatid Cohesion (REAC:R-HSA-2500257, 1.34E-03)
Mitotic Prometaphase (REAC:R-HSA-68877, 2.78E-03)
Separation of Sister Chromatids (REAC:R-HSA-2467813, 6.93E-03)
S Phase (REAC:R-HSA-69242, 8.40E-03)","Cohesin Loading onto Chromatin (REAC:R-HSA-2470946, 4.75E-05)
Mitotic Telophase/Cytokinesis (REAC:R-HSA-68884, 1.18E-04)
Establishment of Sister Chromatid Cohesion (REAC:R-HSA-2468052, 1.71E-03)
Resolution of Sister Chromatid Cohesion (REAC:R-HSA-2500257, 3.74E-03)
Mitotic Prometaphase (REAC:R-HSA-68877, 5.00E-03)
Neurexins and neuroligins (REAC:R-HSA-6794361, 7.66E-03)","Cohesin Loading onto Chromatin (REAC:R-HSA-2470946, 1.04E-06)
Mitotic Telophase/Cytokinesis (REAC:R-HSA-68884, 4.12E-06)
Establishment of Sister Chromatid Cohesion (REAC:R-HSA-2468052, 5.60E-05)
Resolution of Sister Chromatid Cohesion (REAC:R-HSA-2500257, 1.54E-03)
Mitotic Prometaphase (REAC:R-HSA-68877, 3.24E-03)
Separation of Sister Chromatids (REAC:R-HSA-2467813, 7.40E-03)
Cell Cycle, Mitotic (REAC:R-HSA-69278, 7.40E-03)
S Phase (REAC:R-HSA-69242, 8.37E-03)","Cohesin Loading onto Chromatin (REAC:R-HSA-2470946, 9.83E-07)
Mitotic Telophase/Cytokinesis (REAC:R-HSA-68884, 3.88E-06)
Establishment of Sister Chromatid Cohesion (REAC:R-HSA-2468052, 5.31E-05)
Resolution of Sister Chromatid Cohesion (REAC:R-HSA-2500257, 1.42E-03)
Mitotic Prometaphase (REAC:R-HSA-68877, 2.97E-03)
Separation of Sister Chromatids (REAC:R-HSA-2467813, 7.36E-03)","Cohesin Loading onto Chromatin (REAC:R-HSA-2470946, 9.61E-07)
Mitotic Telophase/Cytokinesis (REAC:R-HSA-68884, 3.80E-06)
Establishment of Sister Chromatid Cohesion (REAC:R-HSA-2468052, 5.23E-05)
Resolution of Sister Chromatid Cohesion (REAC:R-HSA-2500257, 1.36E-03)
Separation of Sister Chromatids (REAC:R-HSA-2467813, 8.46E-03)
S Phase (REAC:R-HSA-69242, 9.97E-03)","Cohesin Loading onto Chromatin (REAC:R-HSA-2470946, 7.65E-07)
Mitotic Telophase/Cytokinesis (REAC:R-HSA-68884, 3.02E-06)
Establishment of Sister Chromatid Cohesion (REAC:R-HSA-2468052, 4.31E-05)
Resolution of Sister Chromatid Cohesion (REAC:R-HSA-2500257, 9.84E-04)
Mitotic Prometaphase (REAC:R-HSA-68877, 1.96E-03)
Cell Cycle, Mitotic (REAC:R-HSA-69278, 4.24E-03)
Separation of Sister Chromatids (REAC:R-HSA-2467813, 4.32E-03)
S Phase (REAC:R-HSA-69242, 5.48E-03)
Cell Cycle (REAC:R-HSA-1640170, 6.55E-03)
Neurexins and neuroligins (REAC:R-HSA-6794361, 7.18E-03)","Cohesin Loading onto Chromatin (REAC:R-HSA-2470946, 2.72E-04)
Establishment of Sister Chromatid Cohesion (REAC:R-HSA-2468052, 2.72E-04)
Mitotic Telophase/Cytokinesis (REAC:R-HSA-68884, 3.88E-04)"
set7,"Cohesin Loading onto Chromatin (REAC:R-HSA-2470946, 1.09E-06)
Mitotic Telophase/Cytokinesis (REAC:R-HSA-68884, 4.30E-06)
Establishment of Sister Chromatid Cohesion (REAC:R-HSA-2468052, 5.80E-05)
Resolution of Sister Chromatid Cohesion (REAC:R-HSA-2500257, 1.64E-03)
Mitotic Prometaphase (REAC:R-HSA-68877, 3.47E-03)
Separation of Sister Chromatids (REAC:R-HSA-2467813, 8.16E-03)
Cell Cycle, Mitotic (REAC:R-HSA-69278, 8.16E-03)
S Phase (REAC:R-HSA-69242, 8.87E-03)","Cohesin Loading onto Chromatin (REAC:R-HSA-2470946, 1.58E-07)
Mitotic Telophase/Cytokinesis (REAC:R-HSA-68884, 6.27E-07)
Establishment of Sister Chromatid Cohesion (REAC:R-HSA-2468052, 1.14E-05)
Resolution of Sister Chromatid Cohesion (REAC:R-HSA-2500257, 9.88E-05)
Separation of Sister Chromatids (REAC:R-HSA-2467813, 5.55E-04)
Mitotic Prometaphase (REAC:R-HSA-68877, 7.99E-04)
Mitotic Anaphase (REAC:R-HSA-68882, 2.24E-03)
Mitotic Metaphase and Anaphase (REAC:R-HSA-2555396, 2.24E-03)
Cell Cycle, Mitotic (REAC:R-HSA-69278, 3.75E-03)
Cell Cycle (REAC:R-HSA-1640170, 4.67E-03)","Cohesin Loading onto Chromatin (REAC:R-HSA-2470946, 7.19E-05)
Mitotic Telophase/Cytokinesis (REAC:R-HSA-68884, 1.78E-04)
Establishment of Sister Chromatid Cohesion (REAC:R-HSA-2468052, 2.40E-03)","Cohesin Loading onto Chromatin (REAC:R-HSA-2470946, 9.61E-07)
Mitotic Telophase/Cytokinesis (REAC:R-HSA-68884, 3.80E-06)
Establishment of Sister Chromatid Cohesion (REAC:R-HSA-2468052, 5.23E-05)
Resolution of Sister Chromatid Cohesion (REAC:R-HSA-2500257, 1.36E-03)
Separation of Sister Chromatids (REAC:R-HSA-2467813, 8.46E-03)
S Phase (REAC:R-HSA-69242, 9.97E-03)","Cohesin Loading onto Chromatin (REAC:R-HSA-2470946, 7.67E-07)
Mitotic Telophase/Cytokinesis (REAC:R-HSA-68884, 3.03E-06)
Establishment of Sister Chromatid Cohesion (REAC:R-HSA-2468052, 4.32E-05)
Resolution of Sister Chromatid Cohesion (REAC:R-HSA-2500257, 9.86E-04)
Separation of Sister Chromatids (REAC:R-HSA-2467813, 6.06E-03)
Mitotic Prometaphase (REAC:R-HSA-68877, 7.27E-03)
S Phase (REAC:R-HSA-69242, 7.27E-03)","Cohesin Loading onto Chromatin (REAC:R-HSA-2470946, 5.60E-05)
Mitotic Telophase/Cytokinesis (REAC:R-HSA-68884, 1.39E-04)
Establishment of Sister Chromatid Cohesion (REAC:R-HSA-2468052, 1.97E-03)
Resolution of Sister Chromatid Cohesion (REAC:R-HSA-2500257, 4.70E-03)","Cohesin Loading onto Chromatin (REAC:R-HSA-2470946, 6.93E-07)
Mitotic Telophase/Cytokinesis (REAC:R-HSA-68884, 2.74E-06)
Establishment of Sister Chromatid Cohesion (REAC:R-HSA-2468052, 3.97E-05)","Cohesin Loading onto Chromatin (REAC:R-HSA-2470946, 9.61E-07)
Mitotic Telophase/Cytokinesis (REAC:R-HSA-68884, 3.80E-06)
Establishment of Sister Chromatid Cohesion (REAC:R-HSA-2468052, 5.23E-05)
Resolution of Sister Chromatid Cohesion (REAC:R-HSA-2500257, 1.36E-03)
Separation of Sister Chromatids (REAC:R-HSA-2467813, 8.46E-03)
S Phase (REAC:R-HSA-69242, 9.97E-03)","Cohesin Loading onto Chromatin (REAC:R-HSA-2470946, 7.59E-07)
Mitotic Telophase/Cytokinesis (REAC:R-HSA-68884, 3.00E-06)
Establishment of Sister Chromatid Cohesion (REAC:R-HSA-2468052, 4.22E-05)
Resolution of Sister Chromatid Cohesion (REAC:R-HSA-2500257, 7.05E-03)
Mitotic Prometaphase (REAC:R-HSA-68877, 8.75E-03)
S Phase (REAC:R-HSA-69242, 8.75E-03)","Cohesin Loading onto Chromatin (REAC:R-HSA-2470946, 6.00E-07)
Mitotic Telophase/Cytokinesis (REAC:R-HSA-68884, 2.38E-06)
Establishment of Sister Chromatid Cohesion (REAC:R-HSA-2468052, 3.51E-05)
Resolution of Sister Chromatid Cohesion (REAC:R-HSA-2500257, 5.09E-03)
Mitotic Prometaphase (REAC:R-HSA-68877, 7.14E-03)
Neurexins and neuroligins (REAC:R-HSA-6794361, 9.56E-03)","Cohesin Loading onto Chromatin (REAC:R-HSA-2470946, 9.56E-07)
Mitotic Telophase/Cytokinesis (REAC:R-HSA-68884, 3.77E-06)
Establishment of Sister Chromatid Cohesion (REAC:R-HSA-2468052, 5.20E-05)
Resolution of Sister Chromatid Cohesion (REAC:R-HSA-2500257, 1.36E-03)
Mitotic Prometaphase (REAC:R-HSA-68877, 2.81E-03)
Separation of Sister Chromatids (REAC:R-HSA-2467813, 6.07E-03)
Cell Cycle, Mitotic (REAC:R-HSA-69278, 6.07E-03)
S Phase (REAC:R-HSA-69242, 7.43E-03)
Neurexins and neuroligins (REAC:R-HSA-6794361, 9.79E-03)","Cohesin Loading onto Chromatin (REAC:R-HSA-2470946, 9.45E-07)
Mitotic Telophase/Cytokinesis (REAC:R-HSA-68884, 3.73E-06)
Establishment of Sister Chromatid Cohesion (REAC:R-HSA-2468052, 5.14E-05)
Resolution of Sister Chromatid Cohesion (REAC:R-HSA-2500257, 1.34E-03)
Mitotic Prometaphase (REAC:R-HSA-68877, 2.78E-03)
Separation of Sister Chromatids (REAC:R-HSA-2467813, 6.93E-03)
S Phase (REAC:R-HSA-69242, 8.40E-03)","Cohesin Loading onto Chromatin (REAC:R-HSA-2470946, 4.75E-05)
Mitotic Telophase/Cytokinesis (REAC:R-HSA-68884, 1.18E-04)
Establishment of Sister Chromatid Cohesion (REAC:R-HSA-2468052, 1.71E-03)
Resolution of Sister Chromatid Cohesion (REAC:R-HSA-2500257, 3.74E-03)
Mitotic Prometaphase (REAC:R-HSA-68877, 5.00E-03)
Neurexins and neuroligins (REAC:R-HSA-6794361, 7.66E-03)","Cohesin Loading onto Chromatin (REAC:R-HSA-2470946, 1.04E-06)
Mitotic Telophase/Cytokinesis (REAC:R-HSA-68884, 4.12E-06)
Establishment of Sister Chromatid Cohesion (REAC:R-HSA-2468052, 5.60E-05)
Resolution of Sister Chromatid Cohesion (REAC:R-HSA-2500257, 1.54E-03)
Mitotic Prometaphase (REAC:R-HSA-68877, 3.24E-03)
Separation of Sister Chromatids (REAC:R-HSA-2467813, 7.40E-03)
Cell Cycle, Mitotic (REAC:R-HSA-69278, 7.40E-03)
S Phase (REAC:R-HSA-69242, 8.37E-03)","Cohesin Loading onto Chromatin (REAC:R-HSA-2470946, 9.83E-07)
Mitotic Telophase/Cytokinesis (REAC:R-HSA-68884, 3.88E-06)
Establishment of Sister Chromatid Cohesion (REAC:R-HSA-2468052, 5.31E-05)
Resolution of Sister Chromatid Cohesion (REAC:R-HSA-2500257, 1.42E-03)
Mitotic Prometaphase (REAC:R-HSA-68877, 2.97E-03)
Separation of Sister Chromatids (REAC:R-HSA-2467813, 7.36E-03)","Cohesin Loading onto Chromatin (REAC:R-HSA-2470946, 9.61E-07)
Mitotic Telophase/Cytokinesis (REAC:R-HSA-68884, 3.80E-06)
Establishment of Sister Chromatid Cohesion (REAC:R-HSA-2468052, 5.23E-05)
Resolution of Sister Chromatid Cohesion (REAC:R-HSA-2500257, 1.36E-03)
Separation of Sister Chromatids (REAC:R-HSA-2467813, 8.46E-03)
S Phase (REAC:R-HSA-69242, 9.97E-03)","Cohesin Loading onto Chromatin (REAC:R-HSA-2470946, 7.65E-07)
Mitotic Telophase/Cytokinesis (REAC:R-HSA-68884, 3.02E-06)
Establishment of Sister Chromatid Cohesion (REAC:R-HSA-2468052, 4.31E-05)
Resolution of Sister Chromatid Cohesion (REAC:R-HSA-2500257, 9.84E-04)
Mitotic Prometaphase (REAC:R-HSA-68877, 1.96E-03)
Cell Cycle, Mitotic (REAC:R-HSA-69278, 4.24E-03)
Separation of Sister Chromatids (REAC:R-HSA-2467813, 4.32E-03)
S Phase (REAC:R-HSA-69242, 5.48E-03)
Cell Cycle (REAC:R-HSA-1640170, 6.55E-03)
Neurexins and neuroligins (REAC:R-HSA-6794361, 7.18E-03)","Cohesin Loading onto Chromatin (REAC:R-HSA-2470946, 2.72E-04)
Establishment of Sister Chromatid Cohesion (REAC:R-HSA-2468052, 2.72E-04)
Mitotic Telophase/Cytokinesis (REAC:R-HSA-68884, 3.88E-04)"
set8,"Cohesin Loading onto Chromatin (REAC:R-HSA-2470946, 1.09E-06)
Mitotic Telophase/Cytokinesis (REAC:R-HSA-68884, 4.30E-06)
Establishment of Sister Chromatid Cohesion (REAC:R-HSA-2468052, 5.80E-05)
Resolution of Sister Chromatid Cohesion (REAC:R-HSA-2500257, 1.64E-03)
Mitotic Prometaphase (REAC:R-HSA-68877, 3.47E-03)
Separation of Sister Chromatids (REAC:R-HSA-2467813, 8.16E-03)
Cell Cycle, Mitotic (REAC:R-HSA-69278, 8.16E-03)
S Phase (REAC:R-HSA-69242, 8.87E-03)","Cohesin Loading onto Chromatin (REAC:R-HSA-2470946, 1.58E-07)
Mitotic Telophase/Cytokinesis (REAC:R-HSA-68884, 6.27E-07)
Establishment of Sister Chromatid Cohesion (REAC:R-HSA-2468052, 1.14E-05)
Resolution of Sister Chromatid Cohesion (REAC:R-HSA-2500257, 9.88E-05)
Separation of Sister Chromatids (REAC:R-HSA-2467813, 5.55E-04)
Mitotic Prometaphase (REAC:R-HSA-68877, 7.99E-04)
Mitotic Anaphase (REAC:R-HSA-68882, 2.24E-03)
Mitotic Metaphase and Anaphase (REAC:R-HSA-2555396, 2.24E-03)
Cell Cycle, Mitotic (REAC:R-HSA-69278, 3.75E-03)
Cell Cycle (REAC:R-HSA-1640170, 4.67E-03)","Cohesin Loading onto Chromatin (REAC:R-HSA-2470946, 7.19E-05)
Mitotic Telophase/Cytokinesis (REAC:R-HSA-68884, 1.78E-04)
Establishment of Sister Chromatid Cohesion (REAC:R-HSA-2468052, 2.40E-03)","Cohesin Loading onto Chromatin (REAC:R-HSA-2470946, 9.61E-07)
Mitotic Telophase/Cytokinesis (REAC:R-HSA-68884, 3.80E-06)
Establishment of Sister Chromatid Cohesion (REAC:R-HSA-2468052, 5.23E-05)
Resolution of Sister Chromatid Cohesion (REAC:R-HSA-2500257, 1.36E-03)
Separation of Sister Chromatids (REAC:R-HSA-2467813, 8.46E-03)
S Phase (REAC:R-HSA-69242, 9.97E-03)","Cohesin Loading onto Chromatin (REAC:R-HSA-2470946, 7.67E-07)
Mitotic Telophase/Cytokinesis (REAC:R-HSA-68884, 3.03E-06)
Establishment of Sister Chromatid Cohesion (REAC:R-HSA-2468052, 4.32E-05)
Resolution of Sister Chromatid Cohesion (REAC:R-HSA-2500257, 9.86E-04)
Separation of Sister Chromatids (REAC:R-HSA-2467813, 6.06E-03)
Mitotic Prometaphase (REAC:R-HSA-68877, 7.27E-03)
S Phase (REAC:R-HSA-69242, 7.27E-03)","Cohesin Loading onto Chromatin (REAC:R-HSA-2470946, 5.60E-05)
Mitotic Telophase/Cytokinesis (REAC:R-HSA-68884, 1.39E-04)
Establishment of Sister Chromatid Cohesion (REAC:R-HSA-2468052, 1.97E-03)
Resolution of Sister Chromatid Cohesion (REAC:R-HSA-2500257, 4.70E-03)","Cohesin Loading onto Chromatin (REAC:R-HSA-2470946, 6.93E-07)
Mitotic Telophase/Cytokinesis (REAC:R-HSA-68884, 2.74E-06)
Establishment of Sister Chromatid Cohesion (REAC:R-HSA-2468052, 3.97E-05)","Cohesin Loading onto Chromatin (REAC:R-HSA-2470946, 9.61E-07)
Mitotic Telophase/Cytokinesis (REAC:R-HSA-68884, 3.80E-06)
Establishment of Sister Chromatid Cohesion (REAC:R-HSA-2468052, 5.23E-05)
Resolution of Sister Chromatid Cohesion (REAC:R-HSA-2500257, 1.36E-03)
Separation of Sister Chromatids (REAC:R-HSA-2467813, 8.46E-03)
S Phase (REAC:R-HSA-69242, 9.97E-03)","Cohesin Loading onto Chromatin (REAC:R-HSA-2470946, 7.59E-07)
Mitotic Telophase/Cytokinesis (REAC:R-HSA-68884, 3.00E-06)
Establishment of Sister Chromatid Cohesion (REAC:R-HSA-2468052, 4.22E-05)
Resolution of Sister Chromatid Cohesion (REAC:R-HSA-2500257, 7.05E-03)
Mitotic Prometaphase (REAC:R-HSA-68877, 8.75E-03)
S Phase (REAC:R-HSA-69242, 8.75E-03)","Cohesin Loading onto Chromatin (REAC:R-HSA-2470946, 6.00E-07)
Mitotic Telophase/Cytokinesis (REAC:R-HSA-68884, 2.38E-06)
Establishment of Sister Chromatid Cohesion (REAC:R-HSA-2468052, 3.51E-05)
Resolution of Sister Chromatid Cohesion (REAC:R-HSA-2500257, 5.09E-03)
Mitotic Prometaphase (REAC:R-HSA-68877, 7.14E-03)
Neurexins and neuroligins (REAC:R-HSA-6794361, 9.56E-03)","Cohesin Loading onto Chromatin (REAC:R-HSA-2470946, 9.56E-07)
Mitotic Telophase/Cytokinesis (REAC:R-HSA-68884, 3.77E-06)
Establishment of Sister Chromatid Cohesion (REAC:R-HSA-2468052, 5.20E-05)
Resolution of Sister Chromatid Cohesion (REAC:R-HSA-2500257, 1.36E-03)
Mitotic Prometaphase (REAC:R-HSA-68877, 2.81E-03)
Separation of Sister Chromatids (REAC:R-HSA-2467813, 6.07E-03)
Cell Cycle, Mitotic (REAC:R-HSA-69278, 6.07E-03)
S Phase (REAC:R-HSA-69242, 7.43E-03)
Neurexins and neuroligins (REAC:R-HSA-6794361, 9.79E-03)","Cohesin Loading onto Chromatin (REAC:R-HSA-2470946, 9.45E-07)
Mitotic Telophase/Cytokinesis (REAC:R-HSA-68884, 3.73E-06)
Establishment of Sister Chromatid Cohesion (REAC:R-HSA-2468052, 5.14E-05)
Resolution of Sister Chromatid Cohesion (REAC:R-HSA-2500257, 1.34E-03)
Mitotic Prometaphase (REAC:R-HSA-68877, 2.78E-03)
Separation of Sister Chromatids (REAC:R-HSA-2467813, 6.93E-03)
S Phase (REAC:R-HSA-69242, 8.40E-03)","Cohesin Loading onto Chromatin (REAC:R-HSA-2470946, 4.75E-05)
Mitotic Telophase/Cytokinesis (REAC:R-HSA-68884, 1.18E-04)
Establishment of Sister Chromatid Cohesion (REAC:R-HSA-2468052, 1.71E-03)
Resolution of Sister Chromatid Cohesion (REAC:R-HSA-2500257, 3.74E-03)
Mitotic Prometaphase (REAC:R-HSA-68877, 5.00E-03)
Neurexins and neuroligins (REAC:R-HSA-6794361, 7.66E-03)","Cohesin Loading onto Chromatin (REAC:R-HSA-2470946, 1.04E-06)
Mitotic Telophase/Cytokinesis (REAC:R-HSA-68884, 4.12E-06)
Establishment of Sister Chromatid Cohesion (REAC:R-HSA-2468052, 5.60E-05)
Resolution of Sister Chromatid Cohesion (REAC:R-HSA-2500257, 1.54E-03)
Mitotic Prometaphase (REAC:R-HSA-68877, 3.24E-03)
Separation of Sister Chromatids (REAC:R-HSA-2467813, 7.40E-03)
Cell Cycle, Mitotic (REAC:R-HSA-69278, 7.40E-03)
S Phase (REAC:R-HSA-69242, 8.37E-03)","Cohesin Loading onto Chromatin (REAC:R-HSA-2470946, 9.83E-07)
Mitotic Telophase/Cytokinesis (REAC:R-HSA-68884, 3.88E-06)
Establishment of Sister Chromatid Cohesion (REAC:R-HSA-2468052, 5.31E-05)
Resolution of Sister Chromatid Cohesion (REAC:R-HSA-2500257, 1.42E-03)
Mitotic Prometaphase (REAC:R-HSA-68877, 2.97E-03)
Separation of Sister Chromatids (REAC:R-HSA-2467813, 7.36E-03)","Cohesin Loading onto Chromatin (REAC:R-HSA-2470946, 9.61E-07)
Mitotic Telophase/Cytokinesis (REAC:R-HSA-68884, 3.80E-06)
Establishment of Sister Chromatid Cohesion (REAC:R-HSA-2468052, 5.23E-05)
Resolution of Sister Chromatid Cohesion (REAC:R-HSA-2500257, 1.36E-03)
Separation of Sister Chromatids (REAC:R-HSA-2467813, 8.46E-03)
S Phase (REAC:R-HSA-69242, 9.97E-03)","Cohesin Loading onto Chromatin (REAC:R-HSA-2470946, 7.65E-07)
Mitotic Telophase/Cytokinesis (REAC:R-HSA-68884, 3.02E-06)
Establishment of Sister Chromatid Cohesion (REAC:R-HSA-2468052, 4.31E-05)
Resolution of Sister Chromatid Cohesion (REAC:R-HSA-2500257, 9.84E-04)
Mitotic Prometaphase (REAC:R-HSA-68877, 1.96E-03)
Cell Cycle, Mitotic (REAC:R-HSA-69278, 4.24E-03)
Separation of Sister Chromatids (REAC:R-HSA-2467813, 4.32E-03)
S Phase (REAC:R-HSA-69242, 5.48E-03)
Cell Cycle (REAC:R-HSA-1640170, 6.55E-03)
Neurexins and neuroligins (REAC:R-HSA-6794361, 7.18E-03)","Cohesin Loading onto Chromatin (REAC:R-HSA-2470946, 2.72E-04)
Establishment of Sister Chromatid Cohesion (REAC:R-HSA-2468052, 2.72E-04)
Mitotic Telophase/Cytokinesis (REAC:R-HSA-68884, 3.88E-04)"
