,set1,set2,set3,set4,set5,set6,set7,set8,set9,set10,set11,set12,set13,set14,set15,set16,set17,set18
set1,,,,,,,,,,,,,"Cell cycle (KEGG:04110, 1.02E-03)",,,,,"Cell cycle (KEGG:04110, 1.02E-03)"
set2,,,,,,,,,,,,,"Cell cycle (KEGG:04110, 1.04E-03)",,,,,"Cell cycle (KEGG:04110, 1.04E-03)"
set3,,,,,,,,,,,,,"Cell cycle (KEGG:04110, 1.67E-03)",,,,,"Cell cycle (KEGG:04110, 1.67E-03)"
set4,,,,,,,,,,,,,"Cell cycle (KEGG:04110, 8.04E-05)",,,,,"Cell cycle (KEGG:04110, 8.04E-05)"
set5,,,,,,,,,,,,,"Cell cycle (KEGG:04110, 1.52E-03)",,,,,"Cell cycle (KEGG:04110, 1.52E-03)"
set6,,,,,,,,,,,,,"Cell cycle (KEGG:04110, 6.26E-04)",,,,,"Cell cycle (KEGG:04110, 6.26E-04)"
set7,,,,,,,,,,,,,"Cell cycle (KEGG:04110, 1.36E-03)",,,,,"Cell cycle (KEGG:04110, 1.36E-03)"
set8,,,,,,,,,,,,,"Cell cycle (KEGG:04110, 1.22E-03)",,,,,"Cell cycle (KEGG:04110, 1.22E-03)"
