,set1,set2,set3,set4,set5,set6,set7,set8,set9,set10,set11,set12,set13,set14,set15,set16,set17,set18
set1,"protein binding (GO:0005515, 1.77E-11)
protein domain specific binding (GO:0019904, 2.05E-05)
chromatin binding (GO:0003682, 1.65E-04)
cytoskeletal protein binding (GO:0008092, 4.46E-04)
catalytic activity, acting on a protein (GO:0140096, 1.12E-03)
nucleoside-triphosphatase regulator activity (GO:0060589, 1.95E-03)
GTPase regulator activity (GO:0030695, 1.95E-03)
enzyme regulator activity (GO:0030234, 4.21E-03)
enzyme binding (GO:0019899, 5.22E-03)
adenyl ribonucleotide binding (GO:0032559, 5.22E-03)
beta-tubulin binding (GO:0048487, 5.22E-03)
binding (GO:0005488, 6.08E-03)
ATP binding (GO:0005524, 6.08E-03)
adenyl nucleotide binding (GO:0030554, 6.34E-03)","protein binding (GO:0005515, 1.50E-09)
protein domain specific binding (GO:0019904, 1.04E-05)
chromatin binding (GO:0003682, 5.77E-04)
cytoskeletal protein binding (GO:0008092, 8.28E-04)
enzyme regulator activity (GO:0030234, 2.58E-03)
GTPase regulator activity (GO:0030695, 3.88E-03)
nucleoside-triphosphatase regulator activity (GO:0060589, 3.88E-03)
enzyme activator activity (GO:0008047, 7.57E-03)
catalytic activity, acting on a protein (GO:0140096, 9.83E-03)","protein binding (GO:0005515, 1.62E-11)
protein domain specific binding (GO:0019904, 3.59E-04)
cytoskeletal protein binding (GO:0008092, 5.23E-04)
chromatin binding (GO:0003682, 6.11E-04)
GTPase regulator activity (GO:0030695, 1.15E-03)
nucleoside-triphosphatase regulator activity (GO:0060589, 1.15E-03)
enzyme regulator activity (GO:0030234, 4.07E-03)
catalytic activity, acting on a protein (GO:0140096, 5.47E-03)
beta-tubulin binding (GO:0048487, 5.47E-03)","protein binding (GO:0005515, 7.23E-11)
protein domain specific binding (GO:0019904, 4.76E-05)
chromatin binding (GO:0003682, 1.04E-04)
cytoskeletal protein binding (GO:0008092, 6.10E-04)
catalytic activity, acting on a protein (GO:0140096, 1.14E-03)
nucleoside-triphosphatase regulator activity (GO:0060589, 1.37E-03)
GTPase regulator activity (GO:0030695, 1.37E-03)
enzyme regulator activity (GO:0030234, 2.67E-03)
adenyl ribonucleotide binding (GO:0032559, 4.10E-03)
adenyl nucleotide binding (GO:0030554, 4.73E-03)
ATP binding (GO:0005524, 4.73E-03)
enzyme binding (GO:0019899, 4.80E-03)
binding (GO:0005488, 8.32E-03)","protein binding (GO:0005515, 4.59E-10)
protein domain specific binding (GO:0019904, 8.15E-04)
chromatin binding (GO:0003682, 8.15E-04)
cytoskeletal protein binding (GO:0008092, 3.07E-03)
catalytic activity, acting on a protein (GO:0140096, 3.56E-03)
nucleoside-triphosphatase regulator activity (GO:0060589, 3.56E-03)
GTPase regulator activity (GO:0030695, 3.56E-03)
enzyme regulator activity (GO:0030234, 7.02E-03)","protein binding (GO:0005515, 2.26E-09)
protein domain specific binding (GO:0019904, 1.23E-05)
cytoskeletal protein binding (GO:0008092, 1.68E-03)
chromatin binding (GO:0003682, 1.74E-03)
catalytic activity, acting on a protein (GO:0140096, 1.74E-03)
nucleoside-triphosphatase regulator activity (GO:0060589, 1.74E-03)
GTPase regulator activity (GO:0030695, 1.74E-03)
enzyme regulator activity (GO:0030234, 1.74E-03)
enzyme binding (GO:0019899, 4.84E-03)
adenyl ribonucleotide binding (GO:0032559, 4.84E-03)
ATP binding (GO:0005524, 5.21E-03)
adenyl nucleotide binding (GO:0030554, 5.21E-03)
enzyme activator activity (GO:0008047, 7.49E-03)","protein binding (GO:0005515, 3.58E-10)
chromatin binding (GO:0003682, 8.73E-05)
protein domain specific binding (GO:0019904, 2.43E-04)
cytoskeletal protein binding (GO:0008092, 2.18E-03)
catalytic activity, acting on a protein (GO:0140096, 2.18E-03)
nucleoside-triphosphatase regulator activity (GO:0060589, 4.80E-03)
GTPase regulator activity (GO:0030695, 4.80E-03)
enzyme regulator activity (GO:0030234, 4.80E-03)
enzyme binding (GO:0019899, 4.80E-03)
adenyl ribonucleotide binding (GO:0032559, 4.80E-03)
ATP binding (GO:0005524, 4.80E-03)
adenyl nucleotide binding (GO:0030554, 4.80E-03)","protein binding (GO:0005515, 5.74E-11)
protein domain specific binding (GO:0019904, 1.33E-05)
chromatin binding (GO:0003682, 1.13E-04)
cytoskeletal protein binding (GO:0008092, 6.67E-04)
catalytic activity, acting on a protein (GO:0140096, 1.30E-03)
nucleoside-triphosphatase regulator activity (GO:0060589, 1.46E-03)
GTPase regulator activity (GO:0030695, 1.46E-03)
enzyme regulator activity (GO:0030234, 2.92E-03)
enzyme binding (GO:0019899, 3.43E-03)
adenyl ribonucleotide binding (GO:0032559, 4.15E-03)
ATP binding (GO:0005524, 4.79E-03)
adenyl nucleotide binding (GO:0030554, 4.86E-03)
binding (GO:0005488, 7.80E-03)","protein binding (GO:0005515, 9.09E-11)
protein domain specific binding (GO:0019904, 4.34E-05)
chromatin binding (GO:0003682, 9.59E-05)
catalytic activity, acting on a protein (GO:0140096, 1.50E-03)
cytoskeletal protein binding (GO:0008092, 3.59E-03)
nucleoside-triphosphatase regulator activity (GO:0060589, 4.53E-03)
GTPase regulator activity (GO:0030695, 4.53E-03)
enzyme regulator activity (GO:0030234, 5.30E-03)
beta-tubulin binding (GO:0048487, 6.46E-03)
adenyl ribonucleotide binding (GO:0032559, 7.89E-03)
enzyme binding (GO:0019899, 8.77E-03)
adenyl nucleotide binding (GO:0030554, 8.77E-03)
ATP binding (GO:0005524, 8.77E-03)
binding (GO:0005488, 9.88E-03)","protein binding (GO:0005515, 4.44E-09)
protein domain specific binding (GO:0019904, 3.78E-05)
cytoskeletal protein binding (GO:0008092, 1.71E-03)
catalytic activity, acting on a protein (GO:0140096, 3.76E-03)
enzyme regulator activity (GO:0030234, 4.84E-03)
GTPase regulator activity (GO:0030695, 5.29E-03)
nucleoside-triphosphatase regulator activity (GO:0060589, 5.29E-03)
beta-tubulin binding (GO:0048487, 5.29E-03)
adenyl ribonucleotide binding (GO:0032559, 8.46E-03)
enzyme binding (GO:0019899, 8.46E-03)
chromatin binding (GO:0003682, 8.98E-03)
ATP binding (GO:0005524, 8.98E-03)
adenyl nucleotide binding (GO:0030554, 8.98E-03)","protein binding (GO:0005515, 9.54E-12)
protein domain specific binding (GO:0019904, 1.43E-05)
chromatin binding (GO:0003682, 3.35E-04)
cytoskeletal protein binding (GO:0008092, 3.35E-04)
catalytic activity, acting on a protein (GO:0140096, 6.69E-04)
nucleoside-triphosphatase regulator activity (GO:0060589, 4.52E-03)
GTPase regulator activity (GO:0030695, 4.52E-03)
enzyme binding (GO:0019899, 4.52E-03)
enzyme regulator activity (GO:0030234, 5.30E-03)
beta-tubulin binding (GO:0048487, 5.39E-03)
binding (GO:0005488, 8.35E-03)
adenyl ribonucleotide binding (GO:0032559, 8.35E-03)
ATP binding (GO:0005524, 9.35E-03)
adenyl nucleotide binding (GO:0030554, 9.35E-03)","protein binding (GO:0005515, 1.44E-10)
protein domain specific binding (GO:0019904, 3.64E-05)
chromatin binding (GO:0003682, 2.31E-04)
cytoskeletal protein binding (GO:0008092, 2.31E-04)
catalytic activity, acting on a protein (GO:0140096, 1.26E-03)
nucleoside-triphosphatase regulator activity (GO:0060589, 1.26E-03)
GTPase regulator activity (GO:0030695, 1.26E-03)
adenyl ribonucleotide binding (GO:0032559, 3.70E-03)
enzyme binding (GO:0019899, 3.97E-03)
enzyme regulator activity (GO:0030234, 3.97E-03)
adenyl nucleotide binding (GO:0030554, 3.97E-03)
ATP binding (GO:0005524, 3.97E-03)
beta-tubulin binding (GO:0048487, 4.23E-03)","protein binding (GO:0005515, 1.64E-08)
protein domain specific binding (GO:0019904, 5.19E-05)
chromatin binding (GO:0003682, 1.41E-04)
catalytic activity, acting on a protein (GO:0140096, 4.02E-03)
cytoskeletal protein binding (GO:0008092, 7.03E-03)
enzyme binding (GO:0019899, 8.55E-03)","protein binding (GO:0005515, 2.24E-11)
protein domain specific binding (GO:0019904, 1.88E-05)
chromatin binding (GO:0003682, 1.53E-04)
cytoskeletal protein binding (GO:0008092, 4.08E-04)
catalytic activity, acting on a protein (GO:0140096, 1.84E-03)
nucleoside-triphosphatase regulator activity (GO:0060589, 1.84E-03)
GTPase regulator activity (GO:0030695, 1.84E-03)
enzyme regulator activity (GO:0030234, 4.00E-03)
enzyme binding (GO:0019899, 5.06E-03)
adenyl ribonucleotide binding (GO:0032559, 5.06E-03)
beta-tubulin binding (GO:0048487, 5.06E-03)
ATP binding (GO:0005524, 5.92E-03)
binding (GO:0005488, 5.98E-03)
adenyl nucleotide binding (GO:0030554, 5.98E-03)","protein binding (GO:0005515, 5.98E-12)
protein domain specific binding (GO:0019904, 1.73E-05)
chromatin binding (GO:0003682, 1.42E-04)
cytoskeletal protein binding (GO:0008092, 3.74E-04)
catalytic activity, acting on a protein (GO:0140096, 1.83E-03)
nucleoside-triphosphatase regulator activity (GO:0060589, 1.83E-03)
GTPase regulator activity (GO:0030695, 1.83E-03)
enzyme regulator activity (GO:0030234, 3.49E-03)
binding (GO:0005488, 3.49E-03)
enzyme binding (GO:0019899, 5.12E-03)
beta-tubulin binding (GO:0048487, 5.68E-03)
adenyl ribonucleotide binding (GO:0032559, 8.55E-03)","protein binding (GO:0005515, 4.54E-11)
protein domain specific binding (GO:0019904, 1.45E-05)
chromatin binding (GO:0003682, 1.22E-04)
cytoskeletal protein binding (GO:0008092, 7.26E-04)
catalytic activity, acting on a protein (GO:0140096, 1.47E-03)
nucleoside-triphosphatase regulator activity (GO:0060589, 1.55E-03)
GTPase regulator activity (GO:0030695, 1.55E-03)
enzyme regulator activity (GO:0030234, 3.12E-03)
enzyme binding (GO:0019899, 3.80E-03)
adenyl ribonucleotide binding (GO:0032559, 4.54E-03)
ATP binding (GO:0005524, 5.21E-03)
adenyl nucleotide binding (GO:0030554, 5.31E-03)
binding (GO:0005488, 7.54E-03)","protein binding (GO:0005515, 2.84E-10)
protein domain specific binding (GO:0019904, 2.76E-05)
chromatin binding (GO:0003682, 8.88E-04)
cytoskeletal protein binding (GO:0008092, 1.27E-03)
catalytic activity, acting on a protein (GO:0140096, 2.45E-03)
beta-tubulin binding (GO:0048487, 7.81E-03)","protein binding (GO:0005515, 5.64E-07)
chromatin binding (GO:0003682, 1.29E-03)
protein domain specific binding (GO:0019904, 9.53E-03)"
set2,"protein binding (GO:0005515, 1.77E-11)
protein domain specific binding (GO:0019904, 2.05E-05)
chromatin binding (GO:0003682, 1.65E-04)
cytoskeletal protein binding (GO:0008092, 4.46E-04)
catalytic activity, acting on a protein (GO:0140096, 1.12E-03)
nucleoside-triphosphatase regulator activity (GO:0060589, 1.95E-03)
GTPase regulator activity (GO:0030695, 1.95E-03)
enzyme regulator activity (GO:0030234, 4.21E-03)
transferase activity (GO:0016740, 4.84E-03)
enzyme binding (GO:0019899, 5.22E-03)
adenyl ribonucleotide binding (GO:0032559, 5.22E-03)
molecular adaptor activity (GO:0060090, 5.22E-03)
beta-tubulin binding (GO:0048487, 5.22E-03)
binding (GO:0005488, 6.08E-03)
ATP binding (GO:0005524, 6.08E-03)
adenyl nucleotide binding (GO:0030554, 6.34E-03)","protein binding (GO:0005515, 1.50E-09)
protein domain specific binding (GO:0019904, 1.04E-05)
chromatin binding (GO:0003682, 5.77E-04)
cytoskeletal protein binding (GO:0008092, 8.28E-04)
enzyme regulator activity (GO:0030234, 2.58E-03)
GTPase regulator activity (GO:0030695, 3.88E-03)
nucleoside-triphosphatase regulator activity (GO:0060589, 3.88E-03)
enzyme activator activity (GO:0008047, 7.57E-03)
catalytic activity, acting on a protein (GO:0140096, 9.83E-03)
DNA binding (GO:0003677, 1.00E-02)","protein binding (GO:0005515, 1.62E-11)
protein domain specific binding (GO:0019904, 3.59E-04)
cytoskeletal protein binding (GO:0008092, 5.23E-04)
chromatin binding (GO:0003682, 6.11E-04)
GTPase regulator activity (GO:0030695, 1.15E-03)
nucleoside-triphosphatase regulator activity (GO:0060589, 1.15E-03)
enzyme regulator activity (GO:0030234, 4.07E-03)
catalytic activity, acting on a protein (GO:0140096, 5.47E-03)
beta-tubulin binding (GO:0048487, 5.47E-03)
molecular adaptor activity (GO:0060090, 5.80E-03)","protein binding (GO:0005515, 7.23E-11)
protein domain specific binding (GO:0019904, 4.76E-05)
chromatin binding (GO:0003682, 1.04E-04)
cytoskeletal protein binding (GO:0008092, 6.10E-04)
catalytic activity, acting on a protein (GO:0140096, 1.14E-03)
nucleoside-triphosphatase regulator activity (GO:0060589, 1.37E-03)
GTPase regulator activity (GO:0030695, 1.37E-03)
enzyme regulator activity (GO:0030234, 2.67E-03)
transferase activity (GO:0016740, 2.71E-03)
adenyl ribonucleotide binding (GO:0032559, 4.10E-03)
adenyl nucleotide binding (GO:0030554, 4.73E-03)
ATP binding (GO:0005524, 4.73E-03)
enzyme binding (GO:0019899, 4.80E-03)
molecular adaptor activity (GO:0060090, 6.86E-03)
binding (GO:0005488, 8.32E-03)","protein binding (GO:0005515, 4.59E-10)
protein domain specific binding (GO:0019904, 8.15E-04)
chromatin binding (GO:0003682, 8.15E-04)
cytoskeletal protein binding (GO:0008092, 3.07E-03)
catalytic activity, acting on a protein (GO:0140096, 3.56E-03)
nucleoside-triphosphatase regulator activity (GO:0060589, 3.56E-03)
GTPase regulator activity (GO:0030695, 3.56E-03)
enzyme regulator activity (GO:0030234, 7.02E-03)
molecular adaptor activity (GO:0060090, 7.02E-03)
transferase activity (GO:0016740, 8.48E-03)","protein binding (GO:0005515, 2.26E-09)
protein domain specific binding (GO:0019904, 1.23E-05)
cytoskeletal protein binding (GO:0008092, 1.68E-03)
chromatin binding (GO:0003682, 1.74E-03)
catalytic activity, acting on a protein (GO:0140096, 1.74E-03)
nucleoside-triphosphatase regulator activity (GO:0060589, 1.74E-03)
GTPase regulator activity (GO:0030695, 1.74E-03)
enzyme regulator activity (GO:0030234, 1.74E-03)
enzyme binding (GO:0019899, 4.84E-03)
adenyl ribonucleotide binding (GO:0032559, 4.84E-03)
ATP binding (GO:0005524, 5.21E-03)
transferase activity (GO:0016740, 5.21E-03)
adenyl nucleotide binding (GO:0030554, 5.21E-03)
enzyme activator activity (GO:0008047, 7.49E-03)","protein binding (GO:0005515, 3.58E-10)
chromatin binding (GO:0003682, 8.73E-05)
protein domain specific binding (GO:0019904, 2.43E-04)
cytoskeletal protein binding (GO:0008092, 2.18E-03)
catalytic activity, acting on a protein (GO:0140096, 2.18E-03)
nucleoside-triphosphatase regulator activity (GO:0060589, 4.80E-03)
GTPase regulator activity (GO:0030695, 4.80E-03)
enzyme regulator activity (GO:0030234, 4.80E-03)
transferase activity (GO:0016740, 4.80E-03)
enzyme binding (GO:0019899, 4.80E-03)
adenyl ribonucleotide binding (GO:0032559, 4.80E-03)
ATP binding (GO:0005524, 4.80E-03)
adenyl nucleotide binding (GO:0030554, 4.80E-03)
molecular adaptor activity (GO:0060090, 4.80E-03)","protein binding (GO:0005515, 5.74E-11)
protein domain specific binding (GO:0019904, 1.33E-05)
chromatin binding (GO:0003682, 1.13E-04)
cytoskeletal protein binding (GO:0008092, 6.67E-04)
catalytic activity, acting on a protein (GO:0140096, 1.30E-03)
nucleoside-triphosphatase regulator activity (GO:0060589, 1.46E-03)
GTPase regulator activity (GO:0030695, 1.46E-03)
enzyme regulator activity (GO:0030234, 2.92E-03)
transferase activity (GO:0016740, 2.96E-03)
enzyme binding (GO:0019899, 3.43E-03)
adenyl ribonucleotide binding (GO:0032559, 4.15E-03)
ATP binding (GO:0005524, 4.79E-03)
adenyl nucleotide binding (GO:0030554, 4.86E-03)
molecular adaptor activity (GO:0060090, 7.41E-03)
binding (GO:0005488, 7.80E-03)","protein binding (GO:0005515, 9.09E-11)
protein domain specific binding (GO:0019904, 4.34E-05)
chromatin binding (GO:0003682, 9.59E-05)
catalytic activity, acting on a protein (GO:0140096, 1.50E-03)
cytoskeletal protein binding (GO:0008092, 3.59E-03)
nucleoside-triphosphatase regulator activity (GO:0060589, 4.53E-03)
GTPase regulator activity (GO:0030695, 4.53E-03)
enzyme regulator activity (GO:0030234, 5.30E-03)
transferase activity (GO:0016740, 5.30E-03)
beta-tubulin binding (GO:0048487, 6.46E-03)
adenyl ribonucleotide binding (GO:0032559, 7.89E-03)
enzyme binding (GO:0019899, 8.77E-03)
adenyl nucleotide binding (GO:0030554, 8.77E-03)
ATP binding (GO:0005524, 8.77E-03)
binding (GO:0005488, 9.88E-03)","protein binding (GO:0005515, 4.44E-09)
protein domain specific binding (GO:0019904, 3.78E-05)
cytoskeletal protein binding (GO:0008092, 1.71E-03)
catalytic activity, acting on a protein (GO:0140096, 3.76E-03)
enzyme regulator activity (GO:0030234, 4.84E-03)
GTPase regulator activity (GO:0030695, 5.29E-03)
nucleoside-triphosphatase regulator activity (GO:0060589, 5.29E-03)
beta-tubulin binding (GO:0048487, 5.29E-03)
transferase activity (GO:0016740, 6.11E-03)
molecular adaptor activity (GO:0060090, 6.59E-03)
adenyl ribonucleotide binding (GO:0032559, 8.46E-03)
enzyme binding (GO:0019899, 8.46E-03)
chromatin binding (GO:0003682, 8.98E-03)
ATP binding (GO:0005524, 8.98E-03)
adenyl nucleotide binding (GO:0030554, 8.98E-03)","protein binding (GO:0005515, 9.54E-12)
protein domain specific binding (GO:0019904, 1.43E-05)
chromatin binding (GO:0003682, 3.35E-04)
cytoskeletal protein binding (GO:0008092, 3.35E-04)
catalytic activity, acting on a protein (GO:0140096, 6.69E-04)
nucleoside-triphosphatase regulator activity (GO:0060589, 4.52E-03)
GTPase regulator activity (GO:0030695, 4.52E-03)
enzyme binding (GO:0019899, 4.52E-03)
enzyme regulator activity (GO:0030234, 5.30E-03)
transferase activity (GO:0016740, 5.30E-03)
beta-tubulin binding (GO:0048487, 5.39E-03)
binding (GO:0005488, 8.35E-03)
adenyl ribonucleotide binding (GO:0032559, 8.35E-03)
molecular adaptor activity (GO:0060090, 8.35E-03)
ATP binding (GO:0005524, 9.35E-03)
adenyl nucleotide binding (GO:0030554, 9.35E-03)","protein binding (GO:0005515, 1.44E-10)
protein domain specific binding (GO:0019904, 3.64E-05)
chromatin binding (GO:0003682, 2.31E-04)
cytoskeletal protein binding (GO:0008092, 2.31E-04)
catalytic activity, acting on a protein (GO:0140096, 1.26E-03)
nucleoside-triphosphatase regulator activity (GO:0060589, 1.26E-03)
GTPase regulator activity (GO:0030695, 1.26E-03)
adenyl ribonucleotide binding (GO:0032559, 3.70E-03)
enzyme binding (GO:0019899, 3.97E-03)
enzyme regulator activity (GO:0030234, 3.97E-03)
adenyl nucleotide binding (GO:0030554, 3.97E-03)
ATP binding (GO:0005524, 3.97E-03)
beta-tubulin binding (GO:0048487, 4.23E-03)
transferase activity (GO:0016740, 4.69E-03)","protein binding (GO:0005515, 1.64E-08)
protein domain specific binding (GO:0019904, 5.19E-05)
chromatin binding (GO:0003682, 1.41E-04)
catalytic activity, acting on a protein (GO:0140096, 4.02E-03)
molecular adaptor activity (GO:0060090, 5.29E-03)
cytoskeletal protein binding (GO:0008092, 7.03E-03)
enzyme binding (GO:0019899, 8.55E-03)","protein binding (GO:0005515, 2.24E-11)
protein domain specific binding (GO:0019904, 1.88E-05)
chromatin binding (GO:0003682, 1.53E-04)
cytoskeletal protein binding (GO:0008092, 4.08E-04)
catalytic activity, acting on a protein (GO:0140096, 1.84E-03)
nucleoside-triphosphatase regulator activity (GO:0060589, 1.84E-03)
GTPase regulator activity (GO:0030695, 1.84E-03)
enzyme regulator activity (GO:0030234, 4.00E-03)
transferase activity (GO:0016740, 4.33E-03)
enzyme binding (GO:0019899, 5.06E-03)
adenyl ribonucleotide binding (GO:0032559, 5.06E-03)
molecular adaptor activity (GO:0060090, 5.06E-03)
beta-tubulin binding (GO:0048487, 5.06E-03)
ATP binding (GO:0005524, 5.92E-03)
binding (GO:0005488, 5.98E-03)
adenyl nucleotide binding (GO:0030554, 5.98E-03)","protein binding (GO:0005515, 5.98E-12)
protein domain specific binding (GO:0019904, 1.73E-05)
chromatin binding (GO:0003682, 1.42E-04)
cytoskeletal protein binding (GO:0008092, 3.74E-04)
catalytic activity, acting on a protein (GO:0140096, 1.83E-03)
nucleoside-triphosphatase regulator activity (GO:0060589, 1.83E-03)
GTPase regulator activity (GO:0030695, 1.83E-03)
enzyme regulator activity (GO:0030234, 3.49E-03)
binding (GO:0005488, 3.49E-03)
enzyme binding (GO:0019899, 5.12E-03)
molecular adaptor activity (GO:0060090, 5.54E-03)
beta-tubulin binding (GO:0048487, 5.68E-03)
transferase activity (GO:0016740, 5.73E-03)
adenyl ribonucleotide binding (GO:0032559, 8.55E-03)","protein binding (GO:0005515, 4.54E-11)
protein domain specific binding (GO:0019904, 1.45E-05)
chromatin binding (GO:0003682, 1.22E-04)
cytoskeletal protein binding (GO:0008092, 7.26E-04)
catalytic activity, acting on a protein (GO:0140096, 1.47E-03)
nucleoside-triphosphatase regulator activity (GO:0060589, 1.55E-03)
GTPase regulator activity (GO:0030695, 1.55E-03)
enzyme regulator activity (GO:0030234, 3.12E-03)
transferase activity (GO:0016740, 3.12E-03)
enzyme binding (GO:0019899, 3.80E-03)
adenyl ribonucleotide binding (GO:0032559, 4.54E-03)
ATP binding (GO:0005524, 5.21E-03)
adenyl nucleotide binding (GO:0030554, 5.31E-03)
binding (GO:0005488, 7.54E-03)
molecular adaptor activity (GO:0060090, 7.54E-03)","protein binding (GO:0005515, 2.84E-10)
protein domain specific binding (GO:0019904, 2.76E-05)
chromatin binding (GO:0003682, 8.88E-04)
cytoskeletal protein binding (GO:0008092, 1.27E-03)
catalytic activity, acting on a protein (GO:0140096, 2.45E-03)
transferase activity (GO:0016740, 7.81E-03)
beta-tubulin binding (GO:0048487, 7.81E-03)","protein binding (GO:0005515, 5.64E-07)
chromatin binding (GO:0003682, 1.29E-03)
protein domain specific binding (GO:0019904, 9.53E-03)"
set3,"protein binding (GO:0005515, 1.77E-11)
protein domain specific binding (GO:0019904, 2.05E-05)
chromatin binding (GO:0003682, 1.65E-04)
cytoskeletal protein binding (GO:0008092, 4.46E-04)
catalytic activity, acting on a protein (GO:0140096, 1.12E-03)
nucleoside-triphosphatase regulator activity (GO:0060589, 1.95E-03)
GTPase regulator activity (GO:0030695, 1.95E-03)
enzyme regulator activity (GO:0030234, 4.21E-03)
transferase activity (GO:0016740, 4.84E-03)
enzyme binding (GO:0019899, 5.22E-03)
adenyl ribonucleotide binding (GO:0032559, 5.22E-03)
molecular adaptor activity (GO:0060090, 5.22E-03)
beta-tubulin binding (GO:0048487, 5.22E-03)
binding (GO:0005488, 6.08E-03)
ATP binding (GO:0005524, 6.08E-03)
adenyl nucleotide binding (GO:0030554, 6.34E-03)","protein binding (GO:0005515, 1.50E-09)
protein domain specific binding (GO:0019904, 1.04E-05)
chromatin binding (GO:0003682, 5.77E-04)
cytoskeletal protein binding (GO:0008092, 8.28E-04)
enzyme regulator activity (GO:0030234, 2.58E-03)
GTPase regulator activity (GO:0030695, 3.88E-03)
nucleoside-triphosphatase regulator activity (GO:0060589, 3.88E-03)
enzyme activator activity (GO:0008047, 7.57E-03)
catalytic activity, acting on a protein (GO:0140096, 9.83E-03)
DNA binding (GO:0003677, 1.00E-02)","protein binding (GO:0005515, 1.62E-11)
protein domain specific binding (GO:0019904, 3.59E-04)
cytoskeletal protein binding (GO:0008092, 5.23E-04)
chromatin binding (GO:0003682, 6.11E-04)
GTPase regulator activity (GO:0030695, 1.15E-03)
nucleoside-triphosphatase regulator activity (GO:0060589, 1.15E-03)
enzyme regulator activity (GO:0030234, 4.07E-03)
catalytic activity, acting on a protein (GO:0140096, 5.47E-03)
beta-tubulin binding (GO:0048487, 5.47E-03)
molecular adaptor activity (GO:0060090, 5.80E-03)","protein binding (GO:0005515, 7.23E-11)
protein domain specific binding (GO:0019904, 4.76E-05)
chromatin binding (GO:0003682, 1.04E-04)
cytoskeletal protein binding (GO:0008092, 6.10E-04)
catalytic activity, acting on a protein (GO:0140096, 1.14E-03)
nucleoside-triphosphatase regulator activity (GO:0060589, 1.37E-03)
GTPase regulator activity (GO:0030695, 1.37E-03)
enzyme regulator activity (GO:0030234, 2.67E-03)
transferase activity (GO:0016740, 2.71E-03)
adenyl ribonucleotide binding (GO:0032559, 4.10E-03)
adenyl nucleotide binding (GO:0030554, 4.73E-03)
ATP binding (GO:0005524, 4.73E-03)
enzyme binding (GO:0019899, 4.80E-03)
molecular adaptor activity (GO:0060090, 6.86E-03)
binding (GO:0005488, 8.32E-03)","protein binding (GO:0005515, 4.59E-10)
protein domain specific binding (GO:0019904, 8.15E-04)
chromatin binding (GO:0003682, 8.15E-04)
cytoskeletal protein binding (GO:0008092, 3.07E-03)
catalytic activity, acting on a protein (GO:0140096, 3.56E-03)
nucleoside-triphosphatase regulator activity (GO:0060589, 3.56E-03)
GTPase regulator activity (GO:0030695, 3.56E-03)
enzyme regulator activity (GO:0030234, 7.02E-03)
molecular adaptor activity (GO:0060090, 7.02E-03)
transferase activity (GO:0016740, 8.48E-03)","protein binding (GO:0005515, 2.26E-09)
protein domain specific binding (GO:0019904, 1.23E-05)
cytoskeletal protein binding (GO:0008092, 1.68E-03)
chromatin binding (GO:0003682, 1.74E-03)
catalytic activity, acting on a protein (GO:0140096, 1.74E-03)
nucleoside-triphosphatase regulator activity (GO:0060589, 1.74E-03)
GTPase regulator activity (GO:0030695, 1.74E-03)
enzyme regulator activity (GO:0030234, 1.74E-03)
enzyme binding (GO:0019899, 4.84E-03)
adenyl ribonucleotide binding (GO:0032559, 4.84E-03)
ATP binding (GO:0005524, 5.21E-03)
transferase activity (GO:0016740, 5.21E-03)
adenyl nucleotide binding (GO:0030554, 5.21E-03)
enzyme activator activity (GO:0008047, 7.49E-03)","protein binding (GO:0005515, 3.58E-10)
chromatin binding (GO:0003682, 8.73E-05)
protein domain specific binding (GO:0019904, 2.43E-04)
cytoskeletal protein binding (GO:0008092, 2.18E-03)
catalytic activity, acting on a protein (GO:0140096, 2.18E-03)
nucleoside-triphosphatase regulator activity (GO:0060589, 4.80E-03)
GTPase regulator activity (GO:0030695, 4.80E-03)
enzyme regulator activity (GO:0030234, 4.80E-03)
transferase activity (GO:0016740, 4.80E-03)
enzyme binding (GO:0019899, 4.80E-03)
adenyl ribonucleotide binding (GO:0032559, 4.80E-03)
ATP binding (GO:0005524, 4.80E-03)
adenyl nucleotide binding (GO:0030554, 4.80E-03)
molecular adaptor activity (GO:0060090, 4.80E-03)","protein binding (GO:0005515, 5.74E-11)
protein domain specific binding (GO:0019904, 1.33E-05)
chromatin binding (GO:0003682, 1.13E-04)
cytoskeletal protein binding (GO:0008092, 6.67E-04)
catalytic activity, acting on a protein (GO:0140096, 1.30E-03)
nucleoside-triphosphatase regulator activity (GO:0060589, 1.46E-03)
GTPase regulator activity (GO:0030695, 1.46E-03)
enzyme regulator activity (GO:0030234, 2.92E-03)
transferase activity (GO:0016740, 2.96E-03)
enzyme binding (GO:0019899, 3.43E-03)
adenyl ribonucleotide binding (GO:0032559, 4.15E-03)
ATP binding (GO:0005524, 4.79E-03)
adenyl nucleotide binding (GO:0030554, 4.86E-03)
molecular adaptor activity (GO:0060090, 7.41E-03)
binding (GO:0005488, 7.80E-03)","protein binding (GO:0005515, 9.09E-11)
protein domain specific binding (GO:0019904, 4.34E-05)
chromatin binding (GO:0003682, 9.59E-05)
catalytic activity, acting on a protein (GO:0140096, 1.50E-03)
cytoskeletal protein binding (GO:0008092, 3.59E-03)
nucleoside-triphosphatase regulator activity (GO:0060589, 4.53E-03)
GTPase regulator activity (GO:0030695, 4.53E-03)
enzyme regulator activity (GO:0030234, 5.30E-03)
transferase activity (GO:0016740, 5.30E-03)
beta-tubulin binding (GO:0048487, 6.46E-03)
adenyl ribonucleotide binding (GO:0032559, 7.89E-03)
enzyme binding (GO:0019899, 8.77E-03)
adenyl nucleotide binding (GO:0030554, 8.77E-03)
ATP binding (GO:0005524, 8.77E-03)
binding (GO:0005488, 9.88E-03)","protein binding (GO:0005515, 4.44E-09)
protein domain specific binding (GO:0019904, 3.78E-05)
cytoskeletal protein binding (GO:0008092, 1.71E-03)
catalytic activity, acting on a protein (GO:0140096, 3.76E-03)
enzyme regulator activity (GO:0030234, 4.84E-03)
GTPase regulator activity (GO:0030695, 5.29E-03)
nucleoside-triphosphatase regulator activity (GO:0060589, 5.29E-03)
beta-tubulin binding (GO:0048487, 5.29E-03)
transferase activity (GO:0016740, 6.11E-03)
molecular adaptor activity (GO:0060090, 6.59E-03)
adenyl ribonucleotide binding (GO:0032559, 8.46E-03)
enzyme binding (GO:0019899, 8.46E-03)
chromatin binding (GO:0003682, 8.98E-03)
ATP binding (GO:0005524, 8.98E-03)
adenyl nucleotide binding (GO:0030554, 8.98E-03)","protein binding (GO:0005515, 9.54E-12)
protein domain specific binding (GO:0019904, 1.43E-05)
chromatin binding (GO:0003682, 3.35E-04)
cytoskeletal protein binding (GO:0008092, 3.35E-04)
catalytic activity, acting on a protein (GO:0140096, 6.69E-04)
nucleoside-triphosphatase regulator activity (GO:0060589, 4.52E-03)
GTPase regulator activity (GO:0030695, 4.52E-03)
enzyme binding (GO:0019899, 4.52E-03)
enzyme regulator activity (GO:0030234, 5.30E-03)
transferase activity (GO:0016740, 5.30E-03)
beta-tubulin binding (GO:0048487, 5.39E-03)
binding (GO:0005488, 8.35E-03)
adenyl ribonucleotide binding (GO:0032559, 8.35E-03)
molecular adaptor activity (GO:0060090, 8.35E-03)
ATP binding (GO:0005524, 9.35E-03)
adenyl nucleotide binding (GO:0030554, 9.35E-03)","protein binding (GO:0005515, 1.44E-10)
protein domain specific binding (GO:0019904, 3.64E-05)
chromatin binding (GO:0003682, 2.31E-04)
cytoskeletal protein binding (GO:0008092, 2.31E-04)
catalytic activity, acting on a protein (GO:0140096, 1.26E-03)
nucleoside-triphosphatase regulator activity (GO:0060589, 1.26E-03)
GTPase regulator activity (GO:0030695, 1.26E-03)
adenyl ribonucleotide binding (GO:0032559, 3.70E-03)
enzyme binding (GO:0019899, 3.97E-03)
enzyme regulator activity (GO:0030234, 3.97E-03)
adenyl nucleotide binding (GO:0030554, 3.97E-03)
ATP binding (GO:0005524, 3.97E-03)
beta-tubulin binding (GO:0048487, 4.23E-03)
transferase activity (GO:0016740, 4.69E-03)","protein binding (GO:0005515, 1.64E-08)
protein domain specific binding (GO:0019904, 5.19E-05)
chromatin binding (GO:0003682, 1.41E-04)
catalytic activity, acting on a protein (GO:0140096, 4.02E-03)
molecular adaptor activity (GO:0060090, 5.29E-03)
cytoskeletal protein binding (GO:0008092, 7.03E-03)
enzyme binding (GO:0019899, 8.55E-03)","protein binding (GO:0005515, 2.24E-11)
protein domain specific binding (GO:0019904, 1.88E-05)
chromatin binding (GO:0003682, 1.53E-04)
cytoskeletal protein binding (GO:0008092, 4.08E-04)
catalytic activity, acting on a protein (GO:0140096, 1.84E-03)
nucleoside-triphosphatase regulator activity (GO:0060589, 1.84E-03)
GTPase regulator activity (GO:0030695, 1.84E-03)
enzyme regulator activity (GO:0030234, 4.00E-03)
transferase activity (GO:0016740, 4.33E-03)
enzyme binding (GO:0019899, 5.06E-03)
adenyl ribonucleotide binding (GO:0032559, 5.06E-03)
molecular adaptor activity (GO:0060090, 5.06E-03)
beta-tubulin binding (GO:0048487, 5.06E-03)
ATP binding (GO:0005524, 5.92E-03)
binding (GO:0005488, 5.98E-03)
adenyl nucleotide binding (GO:0030554, 5.98E-03)","protein binding (GO:0005515, 5.98E-12)
protein domain specific binding (GO:0019904, 1.73E-05)
chromatin binding (GO:0003682, 1.42E-04)
cytoskeletal protein binding (GO:0008092, 3.74E-04)
catalytic activity, acting on a protein (GO:0140096, 1.83E-03)
nucleoside-triphosphatase regulator activity (GO:0060589, 1.83E-03)
GTPase regulator activity (GO:0030695, 1.83E-03)
enzyme regulator activity (GO:0030234, 3.49E-03)
binding (GO:0005488, 3.49E-03)
enzyme binding (GO:0019899, 5.12E-03)
molecular adaptor activity (GO:0060090, 5.54E-03)
beta-tubulin binding (GO:0048487, 5.68E-03)
transferase activity (GO:0016740, 5.73E-03)
adenyl ribonucleotide binding (GO:0032559, 8.55E-03)","protein binding (GO:0005515, 4.54E-11)
protein domain specific binding (GO:0019904, 1.45E-05)
chromatin binding (GO:0003682, 1.22E-04)
cytoskeletal protein binding (GO:0008092, 7.26E-04)
catalytic activity, acting on a protein (GO:0140096, 1.47E-03)
nucleoside-triphosphatase regulator activity (GO:0060589, 1.55E-03)
GTPase regulator activity (GO:0030695, 1.55E-03)
enzyme regulator activity (GO:0030234, 3.12E-03)
transferase activity (GO:0016740, 3.12E-03)
enzyme binding (GO:0019899, 3.80E-03)
adenyl ribonucleotide binding (GO:0032559, 4.54E-03)
ATP binding (GO:0005524, 5.21E-03)
adenyl nucleotide binding (GO:0030554, 5.31E-03)
binding (GO:0005488, 7.54E-03)
molecular adaptor activity (GO:0060090, 7.54E-03)","protein binding (GO:0005515, 2.84E-10)
protein domain specific binding (GO:0019904, 2.76E-05)
chromatin binding (GO:0003682, 8.88E-04)
cytoskeletal protein binding (GO:0008092, 1.27E-03)
catalytic activity, acting on a protein (GO:0140096, 2.45E-03)
transferase activity (GO:0016740, 7.81E-03)
beta-tubulin binding (GO:0048487, 7.81E-03)","protein binding (GO:0005515, 5.64E-07)
chromatin binding (GO:0003682, 1.29E-03)
protein domain specific binding (GO:0019904, 9.53E-03)"
set4,"protein binding (GO:0005515, 1.77E-11)
protein domain specific binding (GO:0019904, 2.05E-05)
chromatin binding (GO:0003682, 1.65E-04)
cytoskeletal protein binding (GO:0008092, 4.46E-04)
catalytic activity, acting on a protein (GO:0140096, 1.12E-03)
nucleoside-triphosphatase regulator activity (GO:0060589, 1.95E-03)
GTPase regulator activity (GO:0030695, 1.95E-03)
enzyme regulator activity (GO:0030234, 4.21E-03)
enzyme binding (GO:0019899, 5.22E-03)
adenyl ribonucleotide binding (GO:0032559, 5.22E-03)
beta-tubulin binding (GO:0048487, 5.22E-03)
binding (GO:0005488, 6.08E-03)
ATP binding (GO:0005524, 6.08E-03)
adenyl nucleotide binding (GO:0030554, 6.34E-03)","protein binding (GO:0005515, 1.50E-09)
protein domain specific binding (GO:0019904, 1.04E-05)
chromatin binding (GO:0003682, 5.77E-04)
cytoskeletal protein binding (GO:0008092, 8.28E-04)
enzyme regulator activity (GO:0030234, 2.58E-03)
GTPase regulator activity (GO:0030695, 3.88E-03)
nucleoside-triphosphatase regulator activity (GO:0060589, 3.88E-03)
enzyme activator activity (GO:0008047, 7.57E-03)
catalytic activity, acting on a protein (GO:0140096, 9.83E-03)","protein binding (GO:0005515, 1.62E-11)
protein domain specific binding (GO:0019904, 3.59E-04)
cytoskeletal protein binding (GO:0008092, 5.23E-04)
chromatin binding (GO:0003682, 6.11E-04)
GTPase regulator activity (GO:0030695, 1.15E-03)
nucleoside-triphosphatase regulator activity (GO:0060589, 1.15E-03)
enzyme regulator activity (GO:0030234, 4.07E-03)
catalytic activity, acting on a protein (GO:0140096, 5.47E-03)
beta-tubulin binding (GO:0048487, 5.47E-03)","protein binding (GO:0005515, 7.23E-11)
protein domain specific binding (GO:0019904, 4.76E-05)
chromatin binding (GO:0003682, 1.04E-04)
cytoskeletal protein binding (GO:0008092, 6.10E-04)
catalytic activity, acting on a protein (GO:0140096, 1.14E-03)
nucleoside-triphosphatase regulator activity (GO:0060589, 1.37E-03)
GTPase regulator activity (GO:0030695, 1.37E-03)
enzyme regulator activity (GO:0030234, 2.67E-03)
adenyl ribonucleotide binding (GO:0032559, 4.10E-03)
adenyl nucleotide binding (GO:0030554, 4.73E-03)
ATP binding (GO:0005524, 4.73E-03)
enzyme binding (GO:0019899, 4.80E-03)
binding (GO:0005488, 8.32E-03)","protein binding (GO:0005515, 4.59E-10)
protein domain specific binding (GO:0019904, 8.15E-04)
chromatin binding (GO:0003682, 8.15E-04)
cytoskeletal protein binding (GO:0008092, 3.07E-03)
catalytic activity, acting on a protein (GO:0140096, 3.56E-03)
nucleoside-triphosphatase regulator activity (GO:0060589, 3.56E-03)
GTPase regulator activity (GO:0030695, 3.56E-03)
enzyme regulator activity (GO:0030234, 7.02E-03)","protein binding (GO:0005515, 2.26E-09)
protein domain specific binding (GO:0019904, 1.23E-05)
cytoskeletal protein binding (GO:0008092, 1.68E-03)
chromatin binding (GO:0003682, 1.74E-03)
catalytic activity, acting on a protein (GO:0140096, 1.74E-03)
nucleoside-triphosphatase regulator activity (GO:0060589, 1.74E-03)
GTPase regulator activity (GO:0030695, 1.74E-03)
enzyme regulator activity (GO:0030234, 1.74E-03)
enzyme binding (GO:0019899, 4.84E-03)
adenyl ribonucleotide binding (GO:0032559, 4.84E-03)
ATP binding (GO:0005524, 5.21E-03)
adenyl nucleotide binding (GO:0030554, 5.21E-03)
enzyme activator activity (GO:0008047, 7.49E-03)","protein binding (GO:0005515, 3.58E-10)
chromatin binding (GO:0003682, 8.73E-05)
protein domain specific binding (GO:0019904, 2.43E-04)
cytoskeletal protein binding (GO:0008092, 2.18E-03)
catalytic activity, acting on a protein (GO:0140096, 2.18E-03)
nucleoside-triphosphatase regulator activity (GO:0060589, 4.80E-03)
GTPase regulator activity (GO:0030695, 4.80E-03)
enzyme regulator activity (GO:0030234, 4.80E-03)
enzyme binding (GO:0019899, 4.80E-03)
adenyl ribonucleotide binding (GO:0032559, 4.80E-03)
ATP binding (GO:0005524, 4.80E-03)
adenyl nucleotide binding (GO:0030554, 4.80E-03)","protein binding (GO:0005515, 5.74E-11)
protein domain specific binding (GO:0019904, 1.33E-05)
chromatin binding (GO:0003682, 1.13E-04)
cytoskeletal protein binding (GO:0008092, 6.67E-04)
catalytic activity, acting on a protein (GO:0140096, 1.30E-03)
nucleoside-triphosphatase regulator activity (GO:0060589, 1.46E-03)
GTPase regulator activity (GO:0030695, 1.46E-03)
enzyme regulator activity (GO:0030234, 2.92E-03)
enzyme binding (GO:0019899, 3.43E-03)
adenyl ribonucleotide binding (GO:0032559, 4.15E-03)
ATP binding (GO:0005524, 4.79E-03)
adenyl nucleotide binding (GO:0030554, 4.86E-03)
binding (GO:0005488, 7.80E-03)","protein binding (GO:0005515, 9.09E-11)
protein domain specific binding (GO:0019904, 4.34E-05)
chromatin binding (GO:0003682, 9.59E-05)
catalytic activity, acting on a protein (GO:0140096, 1.50E-03)
cytoskeletal protein binding (GO:0008092, 3.59E-03)
nucleoside-triphosphatase regulator activity (GO:0060589, 4.53E-03)
GTPase regulator activity (GO:0030695, 4.53E-03)
enzyme regulator activity (GO:0030234, 5.30E-03)
beta-tubulin binding (GO:0048487, 6.46E-03)
adenyl ribonucleotide binding (GO:0032559, 7.89E-03)
enzyme binding (GO:0019899, 8.77E-03)
adenyl nucleotide binding (GO:0030554, 8.77E-03)
ATP binding (GO:0005524, 8.77E-03)
binding (GO:0005488, 9.88E-03)","protein binding (GO:0005515, 4.44E-09)
protein domain specific binding (GO:0019904, 3.78E-05)
cytoskeletal protein binding (GO:0008092, 1.71E-03)
catalytic activity, acting on a protein (GO:0140096, 3.76E-03)
enzyme regulator activity (GO:0030234, 4.84E-03)
GTPase regulator activity (GO:0030695, 5.29E-03)
nucleoside-triphosphatase regulator activity (GO:0060589, 5.29E-03)
beta-tubulin binding (GO:0048487, 5.29E-03)
adenyl ribonucleotide binding (GO:0032559, 8.46E-03)
enzyme binding (GO:0019899, 8.46E-03)
chromatin binding (GO:0003682, 8.98E-03)
ATP binding (GO:0005524, 8.98E-03)
adenyl nucleotide binding (GO:0030554, 8.98E-03)","protein binding (GO:0005515, 9.54E-12)
protein domain specific binding (GO:0019904, 1.43E-05)
chromatin binding (GO:0003682, 3.35E-04)
cytoskeletal protein binding (GO:0008092, 3.35E-04)
catalytic activity, acting on a protein (GO:0140096, 6.69E-04)
nucleoside-triphosphatase regulator activity (GO:0060589, 4.52E-03)
GTPase regulator activity (GO:0030695, 4.52E-03)
enzyme binding (GO:0019899, 4.52E-03)
enzyme regulator activity (GO:0030234, 5.30E-03)
beta-tubulin binding (GO:0048487, 5.39E-03)
binding (GO:0005488, 8.35E-03)
adenyl ribonucleotide binding (GO:0032559, 8.35E-03)
ATP binding (GO:0005524, 9.35E-03)
adenyl nucleotide binding (GO:0030554, 9.35E-03)","protein binding (GO:0005515, 1.44E-10)
protein domain specific binding (GO:0019904, 3.64E-05)
chromatin binding (GO:0003682, 2.31E-04)
cytoskeletal protein binding (GO:0008092, 2.31E-04)
catalytic activity, acting on a protein (GO:0140096, 1.26E-03)
nucleoside-triphosphatase regulator activity (GO:0060589, 1.26E-03)
GTPase regulator activity (GO:0030695, 1.26E-03)
adenyl ribonucleotide binding (GO:0032559, 3.70E-03)
enzyme binding (GO:0019899, 3.97E-03)
enzyme regulator activity (GO:0030234, 3.97E-03)
adenyl nucleotide binding (GO:0030554, 3.97E-03)
ATP binding (GO:0005524, 3.97E-03)
beta-tubulin binding (GO:0048487, 4.23E-03)","protein binding (GO:0005515, 1.64E-08)
protein domain specific binding (GO:0019904, 5.19E-05)
chromatin binding (GO:0003682, 1.41E-04)
catalytic activity, acting on a protein (GO:0140096, 4.02E-03)
cytoskeletal protein binding (GO:0008092, 7.03E-03)
enzyme binding (GO:0019899, 8.55E-03)","protein binding (GO:0005515, 2.24E-11)
protein domain specific binding (GO:0019904, 1.88E-05)
chromatin binding (GO:0003682, 1.53E-04)
cytoskeletal protein binding (GO:0008092, 4.08E-04)
catalytic activity, acting on a protein (GO:0140096, 1.84E-03)
nucleoside-triphosphatase regulator activity (GO:0060589, 1.84E-03)
GTPase regulator activity (GO:0030695, 1.84E-03)
enzyme regulator activity (GO:0030234, 4.00E-03)
enzyme binding (GO:0019899, 5.06E-03)
adenyl ribonucleotide binding (GO:0032559, 5.06E-03)
beta-tubulin binding (GO:0048487, 5.06E-03)
ATP binding (GO:0005524, 5.92E-03)
binding (GO:0005488, 5.98E-03)
adenyl nucleotide binding (GO:0030554, 5.98E-03)","protein binding (GO:0005515, 5.98E-12)
protein domain specific binding (GO:0019904, 1.73E-05)
chromatin binding (GO:0003682, 1.42E-04)
cytoskeletal protein binding (GO:0008092, 3.74E-04)
catalytic activity, acting on a protein (GO:0140096, 1.83E-03)
nucleoside-triphosphatase regulator activity (GO:0060589, 1.83E-03)
GTPase regulator activity (GO:0030695, 1.83E-03)
enzyme regulator activity (GO:0030234, 3.49E-03)
binding (GO:0005488, 3.49E-03)
enzyme binding (GO:0019899, 5.12E-03)
beta-tubulin binding (GO:0048487, 5.68E-03)
adenyl ribonucleotide binding (GO:0032559, 8.55E-03)","protein binding (GO:0005515, 4.54E-11)
protein domain specific binding (GO:0019904, 1.45E-05)
chromatin binding (GO:0003682, 1.22E-04)
cytoskeletal protein binding (GO:0008092, 7.26E-04)
catalytic activity, acting on a protein (GO:0140096, 1.47E-03)
nucleoside-triphosphatase regulator activity (GO:0060589, 1.55E-03)
GTPase regulator activity (GO:0030695, 1.55E-03)
enzyme regulator activity (GO:0030234, 3.12E-03)
enzyme binding (GO:0019899, 3.80E-03)
adenyl ribonucleotide binding (GO:0032559, 4.54E-03)
ATP binding (GO:0005524, 5.21E-03)
adenyl nucleotide binding (GO:0030554, 5.31E-03)
binding (GO:0005488, 7.54E-03)","protein binding (GO:0005515, 2.84E-10)
protein domain specific binding (GO:0019904, 2.76E-05)
chromatin binding (GO:0003682, 8.88E-04)
cytoskeletal protein binding (GO:0008092, 1.27E-03)
catalytic activity, acting on a protein (GO:0140096, 2.45E-03)
beta-tubulin binding (GO:0048487, 7.81E-03)","protein binding (GO:0005515, 5.64E-07)
chromatin binding (GO:0003682, 1.29E-03)
protein domain specific binding (GO:0019904, 9.53E-03)"
set5,"protein binding (GO:0005515, 1.77E-11)
protein domain specific binding (GO:0019904, 2.05E-05)
chromatin binding (GO:0003682, 1.65E-04)
cytoskeletal protein binding (GO:0008092, 4.46E-04)
catalytic activity, acting on a protein (GO:0140096, 1.12E-03)
nucleoside-triphosphatase regulator activity (GO:0060589, 1.95E-03)
GTPase regulator activity (GO:0030695, 1.95E-03)
enzyme regulator activity (GO:0030234, 4.21E-03)
enzyme binding (GO:0019899, 5.22E-03)
adenyl ribonucleotide binding (GO:0032559, 5.22E-03)
molecular adaptor activity (GO:0060090, 5.22E-03)
beta-tubulin binding (GO:0048487, 5.22E-03)
binding (GO:0005488, 6.08E-03)
ATP binding (GO:0005524, 6.08E-03)
adenyl nucleotide binding (GO:0030554, 6.34E-03)","protein binding (GO:0005515, 1.50E-09)
protein domain specific binding (GO:0019904, 1.04E-05)
chromatin binding (GO:0003682, 5.77E-04)
cytoskeletal protein binding (GO:0008092, 8.28E-04)
enzyme regulator activity (GO:0030234, 2.58E-03)
GTPase regulator activity (GO:0030695, 3.88E-03)
nucleoside-triphosphatase regulator activity (GO:0060589, 3.88E-03)
enzyme activator activity (GO:0008047, 7.57E-03)
catalytic activity, acting on a protein (GO:0140096, 9.83E-03)","protein binding (GO:0005515, 1.62E-11)
protein domain specific binding (GO:0019904, 3.59E-04)
cytoskeletal protein binding (GO:0008092, 5.23E-04)
chromatin binding (GO:0003682, 6.11E-04)
GTPase regulator activity (GO:0030695, 1.15E-03)
nucleoside-triphosphatase regulator activity (GO:0060589, 1.15E-03)
enzyme regulator activity (GO:0030234, 4.07E-03)
catalytic activity, acting on a protein (GO:0140096, 5.47E-03)
beta-tubulin binding (GO:0048487, 5.47E-03)
molecular adaptor activity (GO:0060090, 5.80E-03)","protein binding (GO:0005515, 7.23E-11)
protein domain specific binding (GO:0019904, 4.76E-05)
chromatin binding (GO:0003682, 1.04E-04)
cytoskeletal protein binding (GO:0008092, 6.10E-04)
catalytic activity, acting on a protein (GO:0140096, 1.14E-03)
nucleoside-triphosphatase regulator activity (GO:0060589, 1.37E-03)
GTPase regulator activity (GO:0030695, 1.37E-03)
enzyme regulator activity (GO:0030234, 2.67E-03)
adenyl ribonucleotide binding (GO:0032559, 4.10E-03)
adenyl nucleotide binding (GO:0030554, 4.73E-03)
ATP binding (GO:0005524, 4.73E-03)
enzyme binding (GO:0019899, 4.80E-03)
molecular adaptor activity (GO:0060090, 6.86E-03)
binding (GO:0005488, 8.32E-03)","protein binding (GO:0005515, 4.59E-10)
protein domain specific binding (GO:0019904, 8.15E-04)
chromatin binding (GO:0003682, 8.15E-04)
cytoskeletal protein binding (GO:0008092, 3.07E-03)
catalytic activity, acting on a protein (GO:0140096, 3.56E-03)
nucleoside-triphosphatase regulator activity (GO:0060589, 3.56E-03)
GTPase regulator activity (GO:0030695, 3.56E-03)
enzyme regulator activity (GO:0030234, 7.02E-03)
molecular adaptor activity (GO:0060090, 7.02E-03)","protein binding (GO:0005515, 2.26E-09)
protein domain specific binding (GO:0019904, 1.23E-05)
cytoskeletal protein binding (GO:0008092, 1.68E-03)
chromatin binding (GO:0003682, 1.74E-03)
catalytic activity, acting on a protein (GO:0140096, 1.74E-03)
nucleoside-triphosphatase regulator activity (GO:0060589, 1.74E-03)
GTPase regulator activity (GO:0030695, 1.74E-03)
enzyme regulator activity (GO:0030234, 1.74E-03)
enzyme binding (GO:0019899, 4.84E-03)
adenyl ribonucleotide binding (GO:0032559, 4.84E-03)
ATP binding (GO:0005524, 5.21E-03)
adenyl nucleotide binding (GO:0030554, 5.21E-03)
enzyme activator activity (GO:0008047, 7.49E-03)","protein binding (GO:0005515, 3.58E-10)
chromatin binding (GO:0003682, 8.73E-05)
protein domain specific binding (GO:0019904, 2.43E-04)
cytoskeletal protein binding (GO:0008092, 2.18E-03)
catalytic activity, acting on a protein (GO:0140096, 2.18E-03)
nucleoside-triphosphatase regulator activity (GO:0060589, 4.80E-03)
GTPase regulator activity (GO:0030695, 4.80E-03)
enzyme regulator activity (GO:0030234, 4.80E-03)
enzyme binding (GO:0019899, 4.80E-03)
adenyl ribonucleotide binding (GO:0032559, 4.80E-03)
ATP binding (GO:0005524, 4.80E-03)
adenyl nucleotide binding (GO:0030554, 4.80E-03)
molecular adaptor activity (GO:0060090, 4.80E-03)","protein binding (GO:0005515, 5.74E-11)
protein domain specific binding (GO:0019904, 1.33E-05)
chromatin binding (GO:0003682, 1.13E-04)
cytoskeletal protein binding (GO:0008092, 6.67E-04)
catalytic activity, acting on a protein (GO:0140096, 1.30E-03)
nucleoside-triphosphatase regulator activity (GO:0060589, 1.46E-03)
GTPase regulator activity (GO:0030695, 1.46E-03)
enzyme regulator activity (GO:0030234, 2.92E-03)
enzyme binding (GO:0019899, 3.43E-03)
adenyl ribonucleotide binding (GO:0032559, 4.15E-03)
ATP binding (GO:0005524, 4.79E-03)
adenyl nucleotide binding (GO:0030554, 4.86E-03)
molecular adaptor activity (GO:0060090, 7.41E-03)
binding (GO:0005488, 7.80E-03)","protein binding (GO:0005515, 9.09E-11)
protein domain specific binding (GO:0019904, 4.34E-05)
chromatin binding (GO:0003682, 9.59E-05)
catalytic activity, acting on a protein (GO:0140096, 1.50E-03)
cytoskeletal protein binding (GO:0008092, 3.59E-03)
nucleoside-triphosphatase regulator activity (GO:0060589, 4.53E-03)
GTPase regulator activity (GO:0030695, 4.53E-03)
enzyme regulator activity (GO:0030234, 5.30E-03)
beta-tubulin binding (GO:0048487, 6.46E-03)
adenyl ribonucleotide binding (GO:0032559, 7.89E-03)
enzyme binding (GO:0019899, 8.77E-03)
adenyl nucleotide binding (GO:0030554, 8.77E-03)
ATP binding (GO:0005524, 8.77E-03)
binding (GO:0005488, 9.88E-03)","protein binding (GO:0005515, 4.44E-09)
protein domain specific binding (GO:0019904, 3.78E-05)
cytoskeletal protein binding (GO:0008092, 1.71E-03)
catalytic activity, acting on a protein (GO:0140096, 3.76E-03)
enzyme regulator activity (GO:0030234, 4.84E-03)
GTPase regulator activity (GO:0030695, 5.29E-03)
nucleoside-triphosphatase regulator activity (GO:0060589, 5.29E-03)
beta-tubulin binding (GO:0048487, 5.29E-03)
molecular adaptor activity (GO:0060090, 6.59E-03)
adenyl ribonucleotide binding (GO:0032559, 8.46E-03)
enzyme binding (GO:0019899, 8.46E-03)
chromatin binding (GO:0003682, 8.98E-03)
ATP binding (GO:0005524, 8.98E-03)
adenyl nucleotide binding (GO:0030554, 8.98E-03)","protein binding (GO:0005515, 9.54E-12)
protein domain specific binding (GO:0019904, 1.43E-05)
chromatin binding (GO:0003682, 3.35E-04)
cytoskeletal protein binding (GO:0008092, 3.35E-04)
catalytic activity, acting on a protein (GO:0140096, 6.69E-04)
nucleoside-triphosphatase regulator activity (GO:0060589, 4.52E-03)
GTPase regulator activity (GO:0030695, 4.52E-03)
enzyme binding (GO:0019899, 4.52E-03)
enzyme regulator activity (GO:0030234, 5.30E-03)
beta-tubulin binding (GO:0048487, 5.39E-03)
binding (GO:0005488, 8.35E-03)
adenyl ribonucleotide binding (GO:0032559, 8.35E-03)
molecular adaptor activity (GO:0060090, 8.35E-03)
ATP binding (GO:0005524, 9.35E-03)
adenyl nucleotide binding (GO:0030554, 9.35E-03)","protein binding (GO:0005515, 1.44E-10)
protein domain specific binding (GO:0019904, 3.64E-05)
chromatin binding (GO:0003682, 2.31E-04)
cytoskeletal protein binding (GO:0008092, 2.31E-04)
catalytic activity, acting on a protein (GO:0140096, 1.26E-03)
nucleoside-triphosphatase regulator activity (GO:0060589, 1.26E-03)
GTPase regulator activity (GO:0030695, 1.26E-03)
adenyl ribonucleotide binding (GO:0032559, 3.70E-03)
enzyme binding (GO:0019899, 3.97E-03)
enzyme regulator activity (GO:0030234, 3.97E-03)
adenyl nucleotide binding (GO:0030554, 3.97E-03)
ATP binding (GO:0005524, 3.97E-03)
beta-tubulin binding (GO:0048487, 4.23E-03)","protein binding (GO:0005515, 1.64E-08)
protein domain specific binding (GO:0019904, 5.19E-05)
chromatin binding (GO:0003682, 1.41E-04)
catalytic activity, acting on a protein (GO:0140096, 4.02E-03)
molecular adaptor activity (GO:0060090, 5.29E-03)
cytoskeletal protein binding (GO:0008092, 7.03E-03)
enzyme binding (GO:0019899, 8.55E-03)","protein binding (GO:0005515, 2.24E-11)
protein domain specific binding (GO:0019904, 1.88E-05)
chromatin binding (GO:0003682, 1.53E-04)
cytoskeletal protein binding (GO:0008092, 4.08E-04)
catalytic activity, acting on a protein (GO:0140096, 1.84E-03)
nucleoside-triphosphatase regulator activity (GO:0060589, 1.84E-03)
GTPase regulator activity (GO:0030695, 1.84E-03)
enzyme regulator activity (GO:0030234, 4.00E-03)
enzyme binding (GO:0019899, 5.06E-03)
adenyl ribonucleotide binding (GO:0032559, 5.06E-03)
molecular adaptor activity (GO:0060090, 5.06E-03)
beta-tubulin binding (GO:0048487, 5.06E-03)
ATP binding (GO:0005524, 5.92E-03)
binding (GO:0005488, 5.98E-03)
adenyl nucleotide binding (GO:0030554, 5.98E-03)","protein binding (GO:0005515, 5.98E-12)
protein domain specific binding (GO:0019904, 1.73E-05)
chromatin binding (GO:0003682, 1.42E-04)
cytoskeletal protein binding (GO:0008092, 3.74E-04)
catalytic activity, acting on a protein (GO:0140096, 1.83E-03)
nucleoside-triphosphatase regulator activity (GO:0060589, 1.83E-03)
GTPase regulator activity (GO:0030695, 1.83E-03)
enzyme regulator activity (GO:0030234, 3.49E-03)
binding (GO:0005488, 3.49E-03)
enzyme binding (GO:0019899, 5.12E-03)
molecular adaptor activity (GO:0060090, 5.54E-03)
beta-tubulin binding (GO:0048487, 5.68E-03)
adenyl ribonucleotide binding (GO:0032559, 8.55E-03)","protein binding (GO:0005515, 4.54E-11)
protein domain specific binding (GO:0019904, 1.45E-05)
chromatin binding (GO:0003682, 1.22E-04)
cytoskeletal protein binding (GO:0008092, 7.26E-04)
catalytic activity, acting on a protein (GO:0140096, 1.47E-03)
nucleoside-triphosphatase regulator activity (GO:0060589, 1.55E-03)
GTPase regulator activity (GO:0030695, 1.55E-03)
enzyme regulator activity (GO:0030234, 3.12E-03)
enzyme binding (GO:0019899, 3.80E-03)
adenyl ribonucleotide binding (GO:0032559, 4.54E-03)
ATP binding (GO:0005524, 5.21E-03)
adenyl nucleotide binding (GO:0030554, 5.31E-03)
binding (GO:0005488, 7.54E-03)
molecular adaptor activity (GO:0060090, 7.54E-03)","protein binding (GO:0005515, 2.84E-10)
protein domain specific binding (GO:0019904, 2.76E-05)
chromatin binding (GO:0003682, 8.88E-04)
cytoskeletal protein binding (GO:0008092, 1.27E-03)
catalytic activity, acting on a protein (GO:0140096, 2.45E-03)
beta-tubulin binding (GO:0048487, 7.81E-03)","protein binding (GO:0005515, 5.64E-07)
chromatin binding (GO:0003682, 1.29E-03)
protein domain specific binding (GO:0019904, 9.53E-03)"
set6,"protein binding (GO:0005515, 1.77E-11)
protein domain specific binding (GO:0019904, 2.05E-05)
chromatin binding (GO:0003682, 1.65E-04)
cytoskeletal protein binding (GO:0008092, 4.46E-04)
nucleoside-triphosphatase regulator activity (GO:0060589, 1.95E-03)
GTPase regulator activity (GO:0030695, 1.95E-03)
enzyme regulator activity (GO:0030234, 4.21E-03)
enzyme binding (GO:0019899, 5.22E-03)
adenyl ribonucleotide binding (GO:0032559, 5.22E-03)
binding (GO:0005488, 6.08E-03)
ATP binding (GO:0005524, 6.08E-03)
adenyl nucleotide binding (GO:0030554, 6.34E-03)","protein binding (GO:0005515, 1.50E-09)
protein domain specific binding (GO:0019904, 1.04E-05)
chromatin binding (GO:0003682, 5.77E-04)
cytoskeletal protein binding (GO:0008092, 8.28E-04)
enzyme regulator activity (GO:0030234, 2.58E-03)
GTPase regulator activity (GO:0030695, 3.88E-03)
nucleoside-triphosphatase regulator activity (GO:0060589, 3.88E-03)
enzyme activator activity (GO:0008047, 7.57E-03)","protein binding (GO:0005515, 1.62E-11)
protein domain specific binding (GO:0019904, 3.59E-04)
cytoskeletal protein binding (GO:0008092, 5.23E-04)
chromatin binding (GO:0003682, 6.11E-04)
GTPase regulator activity (GO:0030695, 1.15E-03)
nucleoside-triphosphatase regulator activity (GO:0060589, 1.15E-03)
enzyme regulator activity (GO:0030234, 4.07E-03)","protein binding (GO:0005515, 7.23E-11)
protein domain specific binding (GO:0019904, 4.76E-05)
chromatin binding (GO:0003682, 1.04E-04)
cytoskeletal protein binding (GO:0008092, 6.10E-04)
nucleoside-triphosphatase regulator activity (GO:0060589, 1.37E-03)
GTPase regulator activity (GO:0030695, 1.37E-03)
enzyme regulator activity (GO:0030234, 2.67E-03)
adenyl ribonucleotide binding (GO:0032559, 4.10E-03)
adenyl nucleotide binding (GO:0030554, 4.73E-03)
ATP binding (GO:0005524, 4.73E-03)
enzyme binding (GO:0019899, 4.80E-03)
binding (GO:0005488, 8.32E-03)","protein binding (GO:0005515, 4.59E-10)
protein domain specific binding (GO:0019904, 8.15E-04)
chromatin binding (GO:0003682, 8.15E-04)
cytoskeletal protein binding (GO:0008092, 3.07E-03)
nucleoside-triphosphatase regulator activity (GO:0060589, 3.56E-03)
GTPase regulator activity (GO:0030695, 3.56E-03)
enzyme regulator activity (GO:0030234, 7.02E-03)","protein binding (GO:0005515, 2.26E-09)
protein domain specific binding (GO:0019904, 1.23E-05)
cytoskeletal protein binding (GO:0008092, 1.68E-03)
chromatin binding (GO:0003682, 1.74E-03)
nucleoside-triphosphatase regulator activity (GO:0060589, 1.74E-03)
GTPase regulator activity (GO:0030695, 1.74E-03)
enzyme regulator activity (GO:0030234, 1.74E-03)
enzyme binding (GO:0019899, 4.84E-03)
adenyl ribonucleotide binding (GO:0032559, 4.84E-03)
ATP binding (GO:0005524, 5.21E-03)
adenyl nucleotide binding (GO:0030554, 5.21E-03)
enzyme activator activity (GO:0008047, 7.49E-03)","protein binding (GO:0005515, 3.58E-10)
chromatin binding (GO:0003682, 8.73E-05)
protein domain specific binding (GO:0019904, 2.43E-04)
cytoskeletal protein binding (GO:0008092, 2.18E-03)
nucleoside-triphosphatase regulator activity (GO:0060589, 4.80E-03)
GTPase regulator activity (GO:0030695, 4.80E-03)
enzyme regulator activity (GO:0030234, 4.80E-03)
enzyme binding (GO:0019899, 4.80E-03)
adenyl ribonucleotide binding (GO:0032559, 4.80E-03)
ATP binding (GO:0005524, 4.80E-03)
adenyl nucleotide binding (GO:0030554, 4.80E-03)","protein binding (GO:0005515, 5.74E-11)
protein domain specific binding (GO:0019904, 1.33E-05)
chromatin binding (GO:0003682, 1.13E-04)
cytoskeletal protein binding (GO:0008092, 6.67E-04)
nucleoside-triphosphatase regulator activity (GO:0060589, 1.46E-03)
GTPase regulator activity (GO:0030695, 1.46E-03)
enzyme regulator activity (GO:0030234, 2.92E-03)
enzyme binding (GO:0019899, 3.43E-03)
adenyl ribonucleotide binding (GO:0032559, 4.15E-03)
ATP binding (GO:0005524, 4.79E-03)
adenyl nucleotide binding (GO:0030554, 4.86E-03)
binding (GO:0005488, 7.80E-03)","protein binding (GO:0005515, 9.09E-11)
protein domain specific binding (GO:0019904, 4.34E-05)
chromatin binding (GO:0003682, 9.59E-05)
cytoskeletal protein binding (GO:0008092, 3.59E-03)
nucleoside-triphosphatase regulator activity (GO:0060589, 4.53E-03)
GTPase regulator activity (GO:0030695, 4.53E-03)
enzyme regulator activity (GO:0030234, 5.30E-03)
adenyl ribonucleotide binding (GO:0032559, 7.89E-03)
enzyme binding (GO:0019899, 8.77E-03)
adenyl nucleotide binding (GO:0030554, 8.77E-03)
ATP binding (GO:0005524, 8.77E-03)
binding (GO:0005488, 9.88E-03)","protein binding (GO:0005515, 4.44E-09)
protein domain specific binding (GO:0019904, 3.78E-05)
cytoskeletal protein binding (GO:0008092, 1.71E-03)
enzyme regulator activity (GO:0030234, 4.84E-03)
GTPase regulator activity (GO:0030695, 5.29E-03)
nucleoside-triphosphatase regulator activity (GO:0060589, 5.29E-03)
adenyl ribonucleotide binding (GO:0032559, 8.46E-03)
enzyme binding (GO:0019899, 8.46E-03)
chromatin binding (GO:0003682, 8.98E-03)
ATP binding (GO:0005524, 8.98E-03)
adenyl nucleotide binding (GO:0030554, 8.98E-03)","protein binding (GO:0005515, 9.54E-12)
protein domain specific binding (GO:0019904, 1.43E-05)
chromatin binding (GO:0003682, 3.35E-04)
cytoskeletal protein binding (GO:0008092, 3.35E-04)
nucleoside-triphosphatase regulator activity (GO:0060589, 4.52E-03)
GTPase regulator activity (GO:0030695, 4.52E-03)
enzyme binding (GO:0019899, 4.52E-03)
enzyme regulator activity (GO:0030234, 5.30E-03)
binding (GO:0005488, 8.35E-03)
adenyl ribonucleotide binding (GO:0032559, 8.35E-03)
ATP binding (GO:0005524, 9.35E-03)
adenyl nucleotide binding (GO:0030554, 9.35E-03)","protein binding (GO:0005515, 1.44E-10)
protein domain specific binding (GO:0019904, 3.64E-05)
chromatin binding (GO:0003682, 2.31E-04)
cytoskeletal protein binding (GO:0008092, 2.31E-04)
nucleoside-triphosphatase regulator activity (GO:0060589, 1.26E-03)
GTPase regulator activity (GO:0030695, 1.26E-03)
adenyl ribonucleotide binding (GO:0032559, 3.70E-03)
enzyme binding (GO:0019899, 3.97E-03)
enzyme regulator activity (GO:0030234, 3.97E-03)
adenyl nucleotide binding (GO:0030554, 3.97E-03)
ATP binding (GO:0005524, 3.97E-03)","protein binding (GO:0005515, 1.64E-08)
protein domain specific binding (GO:0019904, 5.19E-05)
chromatin binding (GO:0003682, 1.41E-04)
cytoskeletal protein binding (GO:0008092, 7.03E-03)
enzyme binding (GO:0019899, 8.55E-03)","protein binding (GO:0005515, 2.24E-11)
protein domain specific binding (GO:0019904, 1.88E-05)
chromatin binding (GO:0003682, 1.53E-04)
cytoskeletal protein binding (GO:0008092, 4.08E-04)
nucleoside-triphosphatase regulator activity (GO:0060589, 1.84E-03)
GTPase regulator activity (GO:0030695, 1.84E-03)
enzyme regulator activity (GO:0030234, 4.00E-03)
enzyme binding (GO:0019899, 5.06E-03)
adenyl ribonucleotide binding (GO:0032559, 5.06E-03)
ATP binding (GO:0005524, 5.92E-03)
binding (GO:0005488, 5.98E-03)
adenyl nucleotide binding (GO:0030554, 5.98E-03)","protein binding (GO:0005515, 5.98E-12)
protein domain specific binding (GO:0019904, 1.73E-05)
chromatin binding (GO:0003682, 1.42E-04)
cytoskeletal protein binding (GO:0008092, 3.74E-04)
nucleoside-triphosphatase regulator activity (GO:0060589, 1.83E-03)
GTPase regulator activity (GO:0030695, 1.83E-03)
enzyme regulator activity (GO:0030234, 3.49E-03)
binding (GO:0005488, 3.49E-03)
enzyme binding (GO:0019899, 5.12E-03)
adenyl ribonucleotide binding (GO:0032559, 8.55E-03)","protein binding (GO:0005515, 4.54E-11)
protein domain specific binding (GO:0019904, 1.45E-05)
chromatin binding (GO:0003682, 1.22E-04)
cytoskeletal protein binding (GO:0008092, 7.26E-04)
nucleoside-triphosphatase regulator activity (GO:0060589, 1.55E-03)
GTPase regulator activity (GO:0030695, 1.55E-03)
enzyme regulator activity (GO:0030234, 3.12E-03)
enzyme binding (GO:0019899, 3.80E-03)
adenyl ribonucleotide binding (GO:0032559, 4.54E-03)
ATP binding (GO:0005524, 5.21E-03)
adenyl nucleotide binding (GO:0030554, 5.31E-03)
binding (GO:0005488, 7.54E-03)","protein binding (GO:0005515, 2.84E-10)
protein domain specific binding (GO:0019904, 2.76E-05)
chromatin binding (GO:0003682, 8.88E-04)
cytoskeletal protein binding (GO:0008092, 1.27E-03)","protein binding (GO:0005515, 5.64E-07)
chromatin binding (GO:0003682, 1.29E-03)
protein domain specific binding (GO:0019904, 9.53E-03)"
set7,"protein binding (GO:0005515, 1.77E-11)
protein domain specific binding (GO:0019904, 2.05E-05)
chromatin binding (GO:0003682, 1.65E-04)
cytoskeletal protein binding (GO:0008092, 4.46E-04)
catalytic activity, acting on a protein (GO:0140096, 1.12E-03)
nucleoside-triphosphatase regulator activity (GO:0060589, 1.95E-03)
GTPase regulator activity (GO:0030695, 1.95E-03)
enzyme regulator activity (GO:0030234, 4.21E-03)
transferase activity (GO:0016740, 4.84E-03)
enzyme binding (GO:0019899, 5.22E-03)
adenyl ribonucleotide binding (GO:0032559, 5.22E-03)
molecular adaptor activity (GO:0060090, 5.22E-03)
beta-tubulin binding (GO:0048487, 5.22E-03)
binding (GO:0005488, 6.08E-03)
ATP binding (GO:0005524, 6.08E-03)
adenyl nucleotide binding (GO:0030554, 6.34E-03)","protein binding (GO:0005515, 1.50E-09)
protein domain specific binding (GO:0019904, 1.04E-05)
chromatin binding (GO:0003682, 5.77E-04)
cytoskeletal protein binding (GO:0008092, 8.28E-04)
enzyme regulator activity (GO:0030234, 2.58E-03)
GTPase regulator activity (GO:0030695, 3.88E-03)
nucleoside-triphosphatase regulator activity (GO:0060589, 3.88E-03)
enzyme activator activity (GO:0008047, 7.57E-03)
catalytic activity, acting on a protein (GO:0140096, 9.83E-03)
DNA binding (GO:0003677, 1.00E-02)","protein binding (GO:0005515, 1.62E-11)
protein domain specific binding (GO:0019904, 3.59E-04)
cytoskeletal protein binding (GO:0008092, 5.23E-04)
chromatin binding (GO:0003682, 6.11E-04)
GTPase regulator activity (GO:0030695, 1.15E-03)
nucleoside-triphosphatase regulator activity (GO:0060589, 1.15E-03)
enzyme regulator activity (GO:0030234, 4.07E-03)
catalytic activity, acting on a protein (GO:0140096, 5.47E-03)
beta-tubulin binding (GO:0048487, 5.47E-03)
molecular adaptor activity (GO:0060090, 5.80E-03)","protein binding (GO:0005515, 7.23E-11)
protein domain specific binding (GO:0019904, 4.76E-05)
chromatin binding (GO:0003682, 1.04E-04)
cytoskeletal protein binding (GO:0008092, 6.10E-04)
catalytic activity, acting on a protein (GO:0140096, 1.14E-03)
nucleoside-triphosphatase regulator activity (GO:0060589, 1.37E-03)
GTPase regulator activity (GO:0030695, 1.37E-03)
enzyme regulator activity (GO:0030234, 2.67E-03)
transferase activity (GO:0016740, 2.71E-03)
adenyl ribonucleotide binding (GO:0032559, 4.10E-03)
adenyl nucleotide binding (GO:0030554, 4.73E-03)
ATP binding (GO:0005524, 4.73E-03)
enzyme binding (GO:0019899, 4.80E-03)
molecular adaptor activity (GO:0060090, 6.86E-03)
binding (GO:0005488, 8.32E-03)","protein binding (GO:0005515, 4.59E-10)
protein domain specific binding (GO:0019904, 8.15E-04)
chromatin binding (GO:0003682, 8.15E-04)
cytoskeletal protein binding (GO:0008092, 3.07E-03)
catalytic activity, acting on a protein (GO:0140096, 3.56E-03)
nucleoside-triphosphatase regulator activity (GO:0060589, 3.56E-03)
GTPase regulator activity (GO:0030695, 3.56E-03)
enzyme regulator activity (GO:0030234, 7.02E-03)
molecular adaptor activity (GO:0060090, 7.02E-03)
transferase activity (GO:0016740, 8.48E-03)","protein binding (GO:0005515, 2.26E-09)
protein domain specific binding (GO:0019904, 1.23E-05)
cytoskeletal protein binding (GO:0008092, 1.68E-03)
chromatin binding (GO:0003682, 1.74E-03)
catalytic activity, acting on a protein (GO:0140096, 1.74E-03)
nucleoside-triphosphatase regulator activity (GO:0060589, 1.74E-03)
GTPase regulator activity (GO:0030695, 1.74E-03)
enzyme regulator activity (GO:0030234, 1.74E-03)
enzyme binding (GO:0019899, 4.84E-03)
adenyl ribonucleotide binding (GO:0032559, 4.84E-03)
ATP binding (GO:0005524, 5.21E-03)
transferase activity (GO:0016740, 5.21E-03)
adenyl nucleotide binding (GO:0030554, 5.21E-03)
enzyme activator activity (GO:0008047, 7.49E-03)","protein binding (GO:0005515, 3.58E-10)
chromatin binding (GO:0003682, 8.73E-05)
protein domain specific binding (GO:0019904, 2.43E-04)
cytoskeletal protein binding (GO:0008092, 2.18E-03)
catalytic activity, acting on a protein (GO:0140096, 2.18E-03)
nucleoside-triphosphatase regulator activity (GO:0060589, 4.80E-03)
GTPase regulator activity (GO:0030695, 4.80E-03)
enzyme regulator activity (GO:0030234, 4.80E-03)
transferase activity (GO:0016740, 4.80E-03)
enzyme binding (GO:0019899, 4.80E-03)
adenyl ribonucleotide binding (GO:0032559, 4.80E-03)
ATP binding (GO:0005524, 4.80E-03)
adenyl nucleotide binding (GO:0030554, 4.80E-03)
molecular adaptor activity (GO:0060090, 4.80E-03)","protein binding (GO:0005515, 5.74E-11)
protein domain specific binding (GO:0019904, 1.33E-05)
chromatin binding (GO:0003682, 1.13E-04)
cytoskeletal protein binding (GO:0008092, 6.67E-04)
catalytic activity, acting on a protein (GO:0140096, 1.30E-03)
nucleoside-triphosphatase regulator activity (GO:0060589, 1.46E-03)
GTPase regulator activity (GO:0030695, 1.46E-03)
enzyme regulator activity (GO:0030234, 2.92E-03)
transferase activity (GO:0016740, 2.96E-03)
enzyme binding (GO:0019899, 3.43E-03)
adenyl ribonucleotide binding (GO:0032559, 4.15E-03)
ATP binding (GO:0005524, 4.79E-03)
adenyl nucleotide binding (GO:0030554, 4.86E-03)
molecular adaptor activity (GO:0060090, 7.41E-03)
binding (GO:0005488, 7.80E-03)","protein binding (GO:0005515, 9.09E-11)
protein domain specific binding (GO:0019904, 4.34E-05)
chromatin binding (GO:0003682, 9.59E-05)
catalytic activity, acting on a protein (GO:0140096, 1.50E-03)
cytoskeletal protein binding (GO:0008092, 3.59E-03)
nucleoside-triphosphatase regulator activity (GO:0060589, 4.53E-03)
GTPase regulator activity (GO:0030695, 4.53E-03)
enzyme regulator activity (GO:0030234, 5.30E-03)
transferase activity (GO:0016740, 5.30E-03)
beta-tubulin binding (GO:0048487, 6.46E-03)
adenyl ribonucleotide binding (GO:0032559, 7.89E-03)
enzyme binding (GO:0019899, 8.77E-03)
adenyl nucleotide binding (GO:0030554, 8.77E-03)
ATP binding (GO:0005524, 8.77E-03)
binding (GO:0005488, 9.88E-03)","protein binding (GO:0005515, 4.44E-09)
protein domain specific binding (GO:0019904, 3.78E-05)
cytoskeletal protein binding (GO:0008092, 1.71E-03)
catalytic activity, acting on a protein (GO:0140096, 3.76E-03)
enzyme regulator activity (GO:0030234, 4.84E-03)
GTPase regulator activity (GO:0030695, 5.29E-03)
nucleoside-triphosphatase regulator activity (GO:0060589, 5.29E-03)
beta-tubulin binding (GO:0048487, 5.29E-03)
transferase activity (GO:0016740, 6.11E-03)
molecular adaptor activity (GO:0060090, 6.59E-03)
adenyl ribonucleotide binding (GO:0032559, 8.46E-03)
enzyme binding (GO:0019899, 8.46E-03)
chromatin binding (GO:0003682, 8.98E-03)
ATP binding (GO:0005524, 8.98E-03)
adenyl nucleotide binding (GO:0030554, 8.98E-03)","protein binding (GO:0005515, 9.54E-12)
protein domain specific binding (GO:0019904, 1.43E-05)
chromatin binding (GO:0003682, 3.35E-04)
cytoskeletal protein binding (GO:0008092, 3.35E-04)
catalytic activity, acting on a protein (GO:0140096, 6.69E-04)
nucleoside-triphosphatase regulator activity (GO:0060589, 4.52E-03)
GTPase regulator activity (GO:0030695, 4.52E-03)
enzyme binding (GO:0019899, 4.52E-03)
enzyme regulator activity (GO:0030234, 5.30E-03)
transferase activity (GO:0016740, 5.30E-03)
beta-tubulin binding (GO:0048487, 5.39E-03)
binding (GO:0005488, 8.35E-03)
adenyl ribonucleotide binding (GO:0032559, 8.35E-03)
molecular adaptor activity (GO:0060090, 8.35E-03)
ATP binding (GO:0005524, 9.35E-03)
adenyl nucleotide binding (GO:0030554, 9.35E-03)","protein binding (GO:0005515, 1.44E-10)
protein domain specific binding (GO:0019904, 3.64E-05)
chromatin binding (GO:0003682, 2.31E-04)
cytoskeletal protein binding (GO:0008092, 2.31E-04)
catalytic activity, acting on a protein (GO:0140096, 1.26E-03)
nucleoside-triphosphatase regulator activity (GO:0060589, 1.26E-03)
GTPase regulator activity (GO:0030695, 1.26E-03)
adenyl ribonucleotide binding (GO:0032559, 3.70E-03)
enzyme binding (GO:0019899, 3.97E-03)
enzyme regulator activity (GO:0030234, 3.97E-03)
adenyl nucleotide binding (GO:0030554, 3.97E-03)
ATP binding (GO:0005524, 3.97E-03)
beta-tubulin binding (GO:0048487, 4.23E-03)
transferase activity (GO:0016740, 4.69E-03)","protein binding (GO:0005515, 1.64E-08)
protein domain specific binding (GO:0019904, 5.19E-05)
chromatin binding (GO:0003682, 1.41E-04)
catalytic activity, acting on a protein (GO:0140096, 4.02E-03)
molecular adaptor activity (GO:0060090, 5.29E-03)
cytoskeletal protein binding (GO:0008092, 7.03E-03)
enzyme binding (GO:0019899, 8.55E-03)","protein binding (GO:0005515, 2.24E-11)
protein domain specific binding (GO:0019904, 1.88E-05)
chromatin binding (GO:0003682, 1.53E-04)
cytoskeletal protein binding (GO:0008092, 4.08E-04)
catalytic activity, acting on a protein (GO:0140096, 1.84E-03)
nucleoside-triphosphatase regulator activity (GO:0060589, 1.84E-03)
GTPase regulator activity (GO:0030695, 1.84E-03)
enzyme regulator activity (GO:0030234, 4.00E-03)
transferase activity (GO:0016740, 4.33E-03)
enzyme binding (GO:0019899, 5.06E-03)
adenyl ribonucleotide binding (GO:0032559, 5.06E-03)
molecular adaptor activity (GO:0060090, 5.06E-03)
beta-tubulin binding (GO:0048487, 5.06E-03)
ATP binding (GO:0005524, 5.92E-03)
binding (GO:0005488, 5.98E-03)
adenyl nucleotide binding (GO:0030554, 5.98E-03)","protein binding (GO:0005515, 5.98E-12)
protein domain specific binding (GO:0019904, 1.73E-05)
chromatin binding (GO:0003682, 1.42E-04)
cytoskeletal protein binding (GO:0008092, 3.74E-04)
catalytic activity, acting on a protein (GO:0140096, 1.83E-03)
nucleoside-triphosphatase regulator activity (GO:0060589, 1.83E-03)
GTPase regulator activity (GO:0030695, 1.83E-03)
enzyme regulator activity (GO:0030234, 3.49E-03)
binding (GO:0005488, 3.49E-03)
enzyme binding (GO:0019899, 5.12E-03)
molecular adaptor activity (GO:0060090, 5.54E-03)
beta-tubulin binding (GO:0048487, 5.68E-03)
transferase activity (GO:0016740, 5.73E-03)
adenyl ribonucleotide binding (GO:0032559, 8.55E-03)","protein binding (GO:0005515, 4.54E-11)
protein domain specific binding (GO:0019904, 1.45E-05)
chromatin binding (GO:0003682, 1.22E-04)
cytoskeletal protein binding (GO:0008092, 7.26E-04)
catalytic activity, acting on a protein (GO:0140096, 1.47E-03)
nucleoside-triphosphatase regulator activity (GO:0060589, 1.55E-03)
GTPase regulator activity (GO:0030695, 1.55E-03)
enzyme regulator activity (GO:0030234, 3.12E-03)
transferase activity (GO:0016740, 3.12E-03)
enzyme binding (GO:0019899, 3.80E-03)
adenyl ribonucleotide binding (GO:0032559, 4.54E-03)
ATP binding (GO:0005524, 5.21E-03)
adenyl nucleotide binding (GO:0030554, 5.31E-03)
binding (GO:0005488, 7.54E-03)
molecular adaptor activity (GO:0060090, 7.54E-03)","protein binding (GO:0005515, 2.84E-10)
protein domain specific binding (GO:0019904, 2.76E-05)
chromatin binding (GO:0003682, 8.88E-04)
cytoskeletal protein binding (GO:0008092, 1.27E-03)
catalytic activity, acting on a protein (GO:0140096, 2.45E-03)
transferase activity (GO:0016740, 7.81E-03)
beta-tubulin binding (GO:0048487, 7.81E-03)","protein binding (GO:0005515, 5.64E-07)
chromatin binding (GO:0003682, 1.29E-03)
protein domain specific binding (GO:0019904, 9.53E-03)"
set8,"protein binding (GO:0005515, 1.77E-11)
protein domain specific binding (GO:0019904, 2.05E-05)
chromatin binding (GO:0003682, 1.65E-04)
cytoskeletal protein binding (GO:0008092, 4.46E-04)
catalytic activity, acting on a protein (GO:0140096, 1.12E-03)
nucleoside-triphosphatase regulator activity (GO:0060589, 1.95E-03)
GTPase regulator activity (GO:0030695, 1.95E-03)
enzyme regulator activity (GO:0030234, 4.21E-03)
transferase activity (GO:0016740, 4.84E-03)
enzyme binding (GO:0019899, 5.22E-03)
adenyl ribonucleotide binding (GO:0032559, 5.22E-03)
beta-tubulin binding (GO:0048487, 5.22E-03)
binding (GO:0005488, 6.08E-03)
ATP binding (GO:0005524, 6.08E-03)
adenyl nucleotide binding (GO:0030554, 6.34E-03)","protein binding (GO:0005515, 1.50E-09)
protein domain specific binding (GO:0019904, 1.04E-05)
chromatin binding (GO:0003682, 5.77E-04)
cytoskeletal protein binding (GO:0008092, 8.28E-04)
enzyme regulator activity (GO:0030234, 2.58E-03)
GTPase regulator activity (GO:0030695, 3.88E-03)
nucleoside-triphosphatase regulator activity (GO:0060589, 3.88E-03)
enzyme activator activity (GO:0008047, 7.57E-03)
catalytic activity, acting on a protein (GO:0140096, 9.83E-03)
DNA binding (GO:0003677, 1.00E-02)","protein binding (GO:0005515, 1.62E-11)
protein domain specific binding (GO:0019904, 3.59E-04)
cytoskeletal protein binding (GO:0008092, 5.23E-04)
chromatin binding (GO:0003682, 6.11E-04)
GTPase regulator activity (GO:0030695, 1.15E-03)
nucleoside-triphosphatase regulator activity (GO:0060589, 1.15E-03)
enzyme regulator activity (GO:0030234, 4.07E-03)
catalytic activity, acting on a protein (GO:0140096, 5.47E-03)
beta-tubulin binding (GO:0048487, 5.47E-03)","protein binding (GO:0005515, 7.23E-11)
protein domain specific binding (GO:0019904, 4.76E-05)
chromatin binding (GO:0003682, 1.04E-04)
cytoskeletal protein binding (GO:0008092, 6.10E-04)
catalytic activity, acting on a protein (GO:0140096, 1.14E-03)
nucleoside-triphosphatase regulator activity (GO:0060589, 1.37E-03)
GTPase regulator activity (GO:0030695, 1.37E-03)
enzyme regulator activity (GO:0030234, 2.67E-03)
transferase activity (GO:0016740, 2.71E-03)
adenyl ribonucleotide binding (GO:0032559, 4.10E-03)
adenyl nucleotide binding (GO:0030554, 4.73E-03)
ATP binding (GO:0005524, 4.73E-03)
enzyme binding (GO:0019899, 4.80E-03)
binding (GO:0005488, 8.32E-03)","protein binding (GO:0005515, 4.59E-10)
protein domain specific binding (GO:0019904, 8.15E-04)
chromatin binding (GO:0003682, 8.15E-04)
cytoskeletal protein binding (GO:0008092, 3.07E-03)
catalytic activity, acting on a protein (GO:0140096, 3.56E-03)
nucleoside-triphosphatase regulator activity (GO:0060589, 3.56E-03)
GTPase regulator activity (GO:0030695, 3.56E-03)
enzyme regulator activity (GO:0030234, 7.02E-03)
transferase activity (GO:0016740, 8.48E-03)","protein binding (GO:0005515, 2.26E-09)
protein domain specific binding (GO:0019904, 1.23E-05)
cytoskeletal protein binding (GO:0008092, 1.68E-03)
chromatin binding (GO:0003682, 1.74E-03)
catalytic activity, acting on a protein (GO:0140096, 1.74E-03)
nucleoside-triphosphatase regulator activity (GO:0060589, 1.74E-03)
GTPase regulator activity (GO:0030695, 1.74E-03)
enzyme regulator activity (GO:0030234, 1.74E-03)
enzyme binding (GO:0019899, 4.84E-03)
adenyl ribonucleotide binding (GO:0032559, 4.84E-03)
ATP binding (GO:0005524, 5.21E-03)
transferase activity (GO:0016740, 5.21E-03)
adenyl nucleotide binding (GO:0030554, 5.21E-03)
enzyme activator activity (GO:0008047, 7.49E-03)","protein binding (GO:0005515, 3.58E-10)
chromatin binding (GO:0003682, 8.73E-05)
protein domain specific binding (GO:0019904, 2.43E-04)
cytoskeletal protein binding (GO:0008092, 2.18E-03)
catalytic activity, acting on a protein (GO:0140096, 2.18E-03)
nucleoside-triphosphatase regulator activity (GO:0060589, 4.80E-03)
GTPase regulator activity (GO:0030695, 4.80E-03)
enzyme regulator activity (GO:0030234, 4.80E-03)
transferase activity (GO:0016740, 4.80E-03)
enzyme binding (GO:0019899, 4.80E-03)
adenyl ribonucleotide binding (GO:0032559, 4.80E-03)
ATP binding (GO:0005524, 4.80E-03)
adenyl nucleotide binding (GO:0030554, 4.80E-03)","protein binding (GO:0005515, 5.74E-11)
protein domain specific binding (GO:0019904, 1.33E-05)
chromatin binding (GO:0003682, 1.13E-04)
cytoskeletal protein binding (GO:0008092, 6.67E-04)
catalytic activity, acting on a protein (GO:0140096, 1.30E-03)
nucleoside-triphosphatase regulator activity (GO:0060589, 1.46E-03)
GTPase regulator activity (GO:0030695, 1.46E-03)
enzyme regulator activity (GO:0030234, 2.92E-03)
transferase activity (GO:0016740, 2.96E-03)
enzyme binding (GO:0019899, 3.43E-03)
adenyl ribonucleotide binding (GO:0032559, 4.15E-03)
ATP binding (GO:0005524, 4.79E-03)
adenyl nucleotide binding (GO:0030554, 4.86E-03)
binding (GO:0005488, 7.80E-03)","protein binding (GO:0005515, 9.09E-11)
protein domain specific binding (GO:0019904, 4.34E-05)
chromatin binding (GO:0003682, 9.59E-05)
catalytic activity, acting on a protein (GO:0140096, 1.50E-03)
cytoskeletal protein binding (GO:0008092, 3.59E-03)
nucleoside-triphosphatase regulator activity (GO:0060589, 4.53E-03)
GTPase regulator activity (GO:0030695, 4.53E-03)
enzyme regulator activity (GO:0030234, 5.30E-03)
transferase activity (GO:0016740, 5.30E-03)
beta-tubulin binding (GO:0048487, 6.46E-03)
adenyl ribonucleotide binding (GO:0032559, 7.89E-03)
enzyme binding (GO:0019899, 8.77E-03)
adenyl nucleotide binding (GO:0030554, 8.77E-03)
ATP binding (GO:0005524, 8.77E-03)
binding (GO:0005488, 9.88E-03)","protein binding (GO:0005515, 4.44E-09)
protein domain specific binding (GO:0019904, 3.78E-05)
cytoskeletal protein binding (GO:0008092, 1.71E-03)
catalytic activity, acting on a protein (GO:0140096, 3.76E-03)
enzyme regulator activity (GO:0030234, 4.84E-03)
GTPase regulator activity (GO:0030695, 5.29E-03)
nucleoside-triphosphatase regulator activity (GO:0060589, 5.29E-03)
beta-tubulin binding (GO:0048487, 5.29E-03)
transferase activity (GO:0016740, 6.11E-03)
adenyl ribonucleotide binding (GO:0032559, 8.46E-03)
enzyme binding (GO:0019899, 8.46E-03)
chromatin binding (GO:0003682, 8.98E-03)
ATP binding (GO:0005524, 8.98E-03)
adenyl nucleotide binding (GO:0030554, 8.98E-03)","protein binding (GO:0005515, 9.54E-12)
protein domain specific binding (GO:0019904, 1.43E-05)
chromatin binding (GO:0003682, 3.35E-04)
cytoskeletal protein binding (GO:0008092, 3.35E-04)
catalytic activity, acting on a protein (GO:0140096, 6.69E-04)
nucleoside-triphosphatase regulator activity (GO:0060589, 4.52E-03)
GTPase regulator activity (GO:0030695, 4.52E-03)
enzyme binding (GO:0019899, 4.52E-03)
enzyme regulator activity (GO:0030234, 5.30E-03)
transferase activity (GO:0016740, 5.30E-03)
beta-tubulin binding (GO:0048487, 5.39E-03)
binding (GO:0005488, 8.35E-03)
adenyl ribonucleotide binding (GO:0032559, 8.35E-03)
ATP binding (GO:0005524, 9.35E-03)
adenyl nucleotide binding (GO:0030554, 9.35E-03)","protein binding (GO:0005515, 1.44E-10)
protein domain specific binding (GO:0019904, 3.64E-05)
chromatin binding (GO:0003682, 2.31E-04)
cytoskeletal protein binding (GO:0008092, 2.31E-04)
catalytic activity, acting on a protein (GO:0140096, 1.26E-03)
nucleoside-triphosphatase regulator activity (GO:0060589, 1.26E-03)
GTPase regulator activity (GO:0030695, 1.26E-03)
adenyl ribonucleotide binding (GO:0032559, 3.70E-03)
enzyme binding (GO:0019899, 3.97E-03)
enzyme regulator activity (GO:0030234, 3.97E-03)
adenyl nucleotide binding (GO:0030554, 3.97E-03)
ATP binding (GO:0005524, 3.97E-03)
beta-tubulin binding (GO:0048487, 4.23E-03)
transferase activity (GO:0016740, 4.69E-03)","protein binding (GO:0005515, 1.64E-08)
protein domain specific binding (GO:0019904, 5.19E-05)
chromatin binding (GO:0003682, 1.41E-04)
catalytic activity, acting on a protein (GO:0140096, 4.02E-03)
cytoskeletal protein binding (GO:0008092, 7.03E-03)
enzyme binding (GO:0019899, 8.55E-03)","protein binding (GO:0005515, 2.24E-11)
protein domain specific binding (GO:0019904, 1.88E-05)
chromatin binding (GO:0003682, 1.53E-04)
cytoskeletal protein binding (GO:0008092, 4.08E-04)
catalytic activity, acting on a protein (GO:0140096, 1.84E-03)
nucleoside-triphosphatase regulator activity (GO:0060589, 1.84E-03)
GTPase regulator activity (GO:0030695, 1.84E-03)
enzyme regulator activity (GO:0030234, 4.00E-03)
transferase activity (GO:0016740, 4.33E-03)
enzyme binding (GO:0019899, 5.06E-03)
adenyl ribonucleotide binding (GO:0032559, 5.06E-03)
beta-tubulin binding (GO:0048487, 5.06E-03)
ATP binding (GO:0005524, 5.92E-03)
binding (GO:0005488, 5.98E-03)
adenyl nucleotide binding (GO:0030554, 5.98E-03)","protein binding (GO:0005515, 5.98E-12)
protein domain specific binding (GO:0019904, 1.73E-05)
chromatin binding (GO:0003682, 1.42E-04)
cytoskeletal protein binding (GO:0008092, 3.74E-04)
catalytic activity, acting on a protein (GO:0140096, 1.83E-03)
nucleoside-triphosphatase regulator activity (GO:0060589, 1.83E-03)
GTPase regulator activity (GO:0030695, 1.83E-03)
enzyme regulator activity (GO:0030234, 3.49E-03)
binding (GO:0005488, 3.49E-03)
enzyme binding (GO:0019899, 5.12E-03)
beta-tubulin binding (GO:0048487, 5.68E-03)
transferase activity (GO:0016740, 5.73E-03)
adenyl ribonucleotide binding (GO:0032559, 8.55E-03)","protein binding (GO:0005515, 4.54E-11)
protein domain specific binding (GO:0019904, 1.45E-05)
chromatin binding (GO:0003682, 1.22E-04)
cytoskeletal protein binding (GO:0008092, 7.26E-04)
catalytic activity, acting on a protein (GO:0140096, 1.47E-03)
nucleoside-triphosphatase regulator activity (GO:0060589, 1.55E-03)
GTPase regulator activity (GO:0030695, 1.55E-03)
enzyme regulator activity (GO:0030234, 3.12E-03)
transferase activity (GO:0016740, 3.12E-03)
enzyme binding (GO:0019899, 3.80E-03)
adenyl ribonucleotide binding (GO:0032559, 4.54E-03)
ATP binding (GO:0005524, 5.21E-03)
adenyl nucleotide binding (GO:0030554, 5.31E-03)
binding (GO:0005488, 7.54E-03)","protein binding (GO:0005515, 2.84E-10)
protein domain specific binding (GO:0019904, 2.76E-05)
chromatin binding (GO:0003682, 8.88E-04)
cytoskeletal protein binding (GO:0008092, 1.27E-03)
catalytic activity, acting on a protein (GO:0140096, 2.45E-03)
transferase activity (GO:0016740, 7.81E-03)
beta-tubulin binding (GO:0048487, 7.81E-03)","protein binding (GO:0005515, 5.64E-07)
chromatin binding (GO:0003682, 1.29E-03)
protein domain specific binding (GO:0019904, 9.53E-03)"
