,set1,set2,set3,set4,set5,set6,set7,set8,set9,set10,set11,set12,set13,set14,set15,set16,set17,set18
set1,"Cell cycle (KEGG:04110, 4.41E-04)","Cell cycle (KEGG:04110, 1.49E-03)","Cell cycle (KEGG:04110, 1.54E-03)","Cell cycle (KEGG:04110, 3.05E-04)","Cell cycle (KEGG:04110, 1.25E-03)","Cell cycle (KEGG:04110, 1.05E-03)","Cell cycle (KEGG:04110, 1.55E-03)","Cell cycle (KEGG:04110, 3.36E-04)","Cell cycle (KEGG:04110, 3.34E-04)","Cell cycle (KEGG:04110, 1.21E-03)","Cell cycle (KEGG:04110, 3.66E-04)","Cell cycle (KEGG:04110, 3.33E-04)",,"Cell cycle (KEGG:04110, 4.41E-04)","Cell cycle (KEGG:04110, 3.81E-04)","Cell cycle (KEGG:04110, 3.36E-04)","Cell cycle (KEGG:04110, 2.79E-04)",
set2,"Cell cycle (KEGG:04110, 4.41E-04)","Cell cycle (KEGG:04110, 1.49E-03)","Cell cycle (KEGG:04110, 1.54E-03)","Cell cycle (KEGG:04110, 3.05E-04)","Cell cycle (KEGG:04110, 1.25E-03)","Cell cycle (KEGG:04110, 1.05E-03)","Cell cycle (KEGG:04110, 1.55E-03)","Cell cycle (KEGG:04110, 3.36E-04)","Cell cycle (KEGG:04110, 3.34E-04)","Cell cycle (KEGG:04110, 1.21E-03)","Cell cycle (KEGG:04110, 3.66E-04)","Cell cycle (KEGG:04110, 3.33E-04)",,"Cell cycle (KEGG:04110, 4.41E-04)","Cell cycle (KEGG:04110, 3.81E-04)","Cell cycle (KEGG:04110, 3.36E-04)","Cell cycle (KEGG:04110, 2.79E-04)",
set3,"Cell cycle (KEGG:04110, 4.41E-04)","Cell cycle (KEGG:04110, 1.49E-03)","Cell cycle (KEGG:04110, 1.54E-03)","Cell cycle (KEGG:04110, 3.05E-04)","Cell cycle (KEGG:04110, 1.25E-03)","Cell cycle (KEGG:04110, 1.05E-03)","Cell cycle (KEGG:04110, 1.55E-03)","Cell cycle (KEGG:04110, 3.36E-04)","Cell cycle (KEGG:04110, 3.34E-04)","Cell cycle (KEGG:04110, 1.21E-03)","Cell cycle (KEGG:04110, 3.66E-04)","Cell cycle (KEGG:04110, 3.33E-04)",,"Cell cycle (KEGG:04110, 4.41E-04)","Cell cycle (KEGG:04110, 3.81E-04)","Cell cycle (KEGG:04110, 3.36E-04)","Cell cycle (KEGG:04110, 2.79E-04)",
set4,"Cell cycle (KEGG:04110, 4.41E-04)","Cell cycle (KEGG:04110, 1.49E-03)","Cell cycle (KEGG:04110, 1.54E-03)","Cell cycle (KEGG:04110, 3.05E-04)","Cell cycle (KEGG:04110, 1.25E-03)","Cell cycle (KEGG:04110, 1.05E-03)","Cell cycle (KEGG:04110, 1.55E-03)","Cell cycle (KEGG:04110, 3.36E-04)","Cell cycle (KEGG:04110, 3.34E-04)","Cell cycle (KEGG:04110, 1.21E-03)","Cell cycle (KEGG:04110, 3.66E-04)","Cell cycle (KEGG:04110, 3.33E-04)",,"Cell cycle (KEGG:04110, 4.41E-04)","Cell cycle (KEGG:04110, 3.81E-04)","Cell cycle (KEGG:04110, 3.36E-04)","Cell cycle (KEGG:04110, 2.79E-04)",
set5,"Cell cycle (KEGG:04110, 4.41E-04)","Cell cycle (KEGG:04110, 1.49E-03)","Cell cycle (KEGG:04110, 1.54E-03)","Cell cycle (KEGG:04110, 3.05E-04)","Cell cycle (KEGG:04110, 1.25E-03)","Cell cycle (KEGG:04110, 1.05E-03)","Cell cycle (KEGG:04110, 1.55E-03)","Cell cycle (KEGG:04110, 3.36E-04)","Cell cycle (KEGG:04110, 3.34E-04)","Cell cycle (KEGG:04110, 1.21E-03)","Cell cycle (KEGG:04110, 3.66E-04)","Cell cycle (KEGG:04110, 3.33E-04)",,"Cell cycle (KEGG:04110, 4.41E-04)","Cell cycle (KEGG:04110, 3.81E-04)","Cell cycle (KEGG:04110, 3.36E-04)","Cell cycle (KEGG:04110, 2.79E-04)",
set6,"Cell cycle (KEGG:04110, 4.41E-04)","Cell cycle (KEGG:04110, 1.49E-03)","Cell cycle (KEGG:04110, 1.54E-03)","Cell cycle (KEGG:04110, 3.05E-04)","Cell cycle (KEGG:04110, 1.25E-03)","Cell cycle (KEGG:04110, 1.05E-03)","Cell cycle (KEGG:04110, 1.55E-03)","Cell cycle (KEGG:04110, 3.36E-04)","Cell cycle (KEGG:04110, 3.34E-04)","Cell cycle (KEGG:04110, 1.21E-03)","Cell cycle (KEGG:04110, 3.66E-04)","Cell cycle (KEGG:04110, 3.33E-04)",,"Cell cycle (KEGG:04110, 4.41E-04)","Cell cycle (KEGG:04110, 3.81E-04)","Cell cycle (KEGG:04110, 3.36E-04)","Cell cycle (KEGG:04110, 2.79E-04)",
set7,"Cell cycle (KEGG:04110, 4.41E-04)","Cell cycle (KEGG:04110, 1.49E-03)","Cell cycle (KEGG:04110, 1.54E-03)","Cell cycle (KEGG:04110, 3.05E-04)","Cell cycle (KEGG:04110, 1.25E-03)","Cell cycle (KEGG:04110, 1.05E-03)","Cell cycle (KEGG:04110, 1.55E-03)","Cell cycle (KEGG:04110, 3.36E-04)","Cell cycle (KEGG:04110, 3.34E-04)","Cell cycle (KEGG:04110, 1.21E-03)","Cell cycle (KEGG:04110, 3.66E-04)","Cell cycle (KEGG:04110, 3.33E-04)",,"Cell cycle (KEGG:04110, 4.41E-04)","Cell cycle (KEGG:04110, 3.81E-04)","Cell cycle (KEGG:04110, 3.36E-04)","Cell cycle (KEGG:04110, 2.79E-04)",
set8,"Cell cycle (KEGG:04110, 4.41E-04)","Cell cycle (KEGG:04110, 1.49E-03)","Cell cycle (KEGG:04110, 1.54E-03)","Cell cycle (KEGG:04110, 3.05E-04)","Cell cycle (KEGG:04110, 1.25E-03)","Cell cycle (KEGG:04110, 1.05E-03)","Cell cycle (KEGG:04110, 1.55E-03)","Cell cycle (KEGG:04110, 3.36E-04)","Cell cycle (KEGG:04110, 3.34E-04)","Cell cycle (KEGG:04110, 1.21E-03)","Cell cycle (KEGG:04110, 3.66E-04)","Cell cycle (KEGG:04110, 3.33E-04)",,"Cell cycle (KEGG:04110, 4.41E-04)","Cell cycle (KEGG:04110, 3.81E-04)","Cell cycle (KEGG:04110, 3.36E-04)","Cell cycle (KEGG:04110, 2.79E-04)",
