,set1,set2,set3,set4
set1,"Neurexins and neuroligins (REAC:R-HSA-6794361, 1.27E-03)","Neurexins and neuroligins (REAC:R-HSA-6794361, 1.19E-03)","Neurexins and neuroligins (REAC:R-HSA-6794361, 1.20E-03)","Neurexins and neuroligins (REAC:R-HSA-6794361, 1.05E-03)
Protein-protein interactions at synapses (REAC:R-HSA-6794362, 9.47E-03)"
set2,"Neurexins and neuroligins (REAC:R-HSA-6794361, 1.27E-03)","Neurexins and neuroligins (REAC:R-HSA-6794361, 1.19E-03)","Neurexins and neuroligins (REAC:R-HSA-6794361, 1.20E-03)","Neurexins and neuroligins (REAC:R-HSA-6794361, 1.05E-03)
Protein-protein interactions at synapses (REAC:R-HSA-6794362, 9.47E-03)"
set3,"Neurexins and neuroligins (REAC:R-HSA-6794361, 1.27E-03)","Neurexins and neuroligins (REAC:R-HSA-6794361, 1.19E-03)","Neurexins and neuroligins (REAC:R-HSA-6794361, 1.20E-03)","Neurexins and neuroligins (REAC:R-HSA-6794361, 1.05E-03)
Protein-protein interactions at synapses (REAC:R-HSA-6794362, 9.47E-03)"
set4,"Neurexins and neuroligins (REAC:R-HSA-6794361, 1.27E-03)","Neurexins and neuroligins (REAC:R-HSA-6794361, 1.19E-03)","Neurexins and neuroligins (REAC:R-HSA-6794361, 1.20E-03)","Neurexins and neuroligins (REAC:R-HSA-6794361, 1.05E-03)
Protein-protein interactions at synapses (REAC:R-HSA-6794362, 9.47E-03)"
set5,"Neurexins and neuroligins (REAC:R-HSA-6794361, 1.27E-03)","Neurexins and neuroligins (REAC:R-HSA-6794361, 1.19E-03)","Neurexins and neuroligins (REAC:R-HSA-6794361, 1.20E-03)","Neurexins and neuroligins (REAC:R-HSA-6794361, 1.05E-03)
Protein-protein interactions at synapses (REAC:R-HSA-6794362, 9.47E-03)"
set6,"Neurexins and neuroligins (REAC:R-HSA-6794361, 1.27E-03)","Neurexins and neuroligins (REAC:R-HSA-6794361, 1.19E-03)","Neurexins and neuroligins (REAC:R-HSA-6794361, 1.20E-03)","Neurexins and neuroligins (REAC:R-HSA-6794361, 1.05E-03)
Protein-protein interactions at synapses (REAC:R-HSA-6794362, 9.47E-03)"
set7,"Neurexins and neuroligins (REAC:R-HSA-6794361, 1.27E-03)","Neurexins and neuroligins (REAC:R-HSA-6794361, 1.19E-03)","Neurexins and neuroligins (REAC:R-HSA-6794361, 1.20E-03)","Neurexins and neuroligins (REAC:R-HSA-6794361, 1.05E-03)
Protein-protein interactions at synapses (REAC:R-HSA-6794362, 9.47E-03)"
set8,"Neurexins and neuroligins (REAC:R-HSA-6794361, 1.27E-03)","Neurexins and neuroligins (REAC:R-HSA-6794361, 1.19E-03)","Neurexins and neuroligins (REAC:R-HSA-6794361, 1.20E-03)","Neurexins and neuroligins (REAC:R-HSA-6794361, 1.05E-03)
Protein-protein interactions at synapses (REAC:R-HSA-6794362, 9.47E-03)"
set9,"Neurexins and neuroligins (REAC:R-HSA-6794361, 1.27E-03)","Neurexins and neuroligins (REAC:R-HSA-6794361, 1.19E-03)","Neurexins and neuroligins (REAC:R-HSA-6794361, 1.20E-03)","Neurexins and neuroligins (REAC:R-HSA-6794361, 1.05E-03)
Protein-protein interactions at synapses (REAC:R-HSA-6794362, 9.47E-03)"
set10,"Neurexins and neuroligins (REAC:R-HSA-6794361, 1.27E-03)","Neurexins and neuroligins (REAC:R-HSA-6794361, 1.19E-03)","Neurexins and neuroligins (REAC:R-HSA-6794361, 1.20E-03)","Neurexins and neuroligins (REAC:R-HSA-6794361, 1.05E-03)
Protein-protein interactions at synapses (REAC:R-HSA-6794362, 9.47E-03)"
set11,"Neurexins and neuroligins (REAC:R-HSA-6794361, 1.27E-03)","Neurexins and neuroligins (REAC:R-HSA-6794361, 1.19E-03)","Neurexins and neuroligins (REAC:R-HSA-6794361, 1.20E-03)","Neurexins and neuroligins (REAC:R-HSA-6794361, 1.05E-03)
Protein-protein interactions at synapses (REAC:R-HSA-6794362, 9.47E-03)"
set12,"Neurexins and neuroligins (REAC:R-HSA-6794361, 1.27E-03)","Neurexins and neuroligins (REAC:R-HSA-6794361, 1.19E-03)","Neurexins and neuroligins (REAC:R-HSA-6794361, 1.20E-03)","Neurexins and neuroligins (REAC:R-HSA-6794361, 1.05E-03)
Protein-protein interactions at synapses (REAC:R-HSA-6794362, 9.47E-03)"
