,set1,set2,set3,set4
set1,,,,
set2,"protein domain specific binding (GO:0019904, 7.88E-03)","protein domain specific binding (GO:0019904, 7.35E-03)",,"protein domain specific binding (GO:0019904, 5.06E-03)"
set3,,,,
set4,,,,
set5,,,,
set6,"protein domain specific binding (GO:0019904, 7.88E-03)","protein domain specific binding (GO:0019904, 7.35E-03)",,"protein domain specific binding (GO:0019904, 5.06E-03)"
set7,,,,
set8,,,,
set9,"protein domain specific binding (GO:0019904, 7.88E-03)","protein domain specific binding (GO:0019904, 7.35E-03)",,"protein domain specific binding (GO:0019904, 5.06E-03)"
set10,,,,
set11,"protein domain specific binding (GO:0019904, 7.88E-03)","protein domain specific binding (GO:0019904, 7.35E-03)",,"protein domain specific binding (GO:0019904, 5.06E-03)"
set12,,,,
