,set1,set2,set3,set4
set1,"cell cortex (GO:0005938, 9.96E-04)
ooplasm (GO:1990917, 1.85E-03)
intracellular protein-containing complex (GO:0140535, 6.56E-03)
dendrite (GO:0030425, 9.38E-03)
dendritic tree (GO:0097447, 9.38E-03)
chromatin (GO:0000785, 9.38E-03)
anchoring junction (GO:0070161, 9.38E-03)
catalytic complex (GO:1902494, 9.50E-03)
chromosome (GO:0005694, 9.76E-03)","cell cortex (GO:0005938, 1.02E-03)
ooplasm (GO:1990917, 1.83E-03)
intracellular protein-containing complex (GO:0140535, 6.12E-03)
dendrite (GO:0030425, 8.68E-03)
dendritic tree (GO:0097447, 8.68E-03)
chromatin (GO:0000785, 8.68E-03)
anchoring junction (GO:0070161, 8.68E-03)
catalytic complex (GO:1902494, 8.71E-03)
chromosome (GO:0005694, 8.89E-03)
somatodendritic compartment (GO:0036477, 9.43E-03)","cell cortex (GO:0005938, 9.48E-04)
ooplasm (GO:1990917, 2.04E-03)
intracellular protein-containing complex (GO:0140535, 6.15E-03)
anchoring junction (GO:0070161, 8.85E-03)
chromatin (GO:0000785, 9.33E-03)
catalytic complex (GO:1902494, 9.35E-03)
chromosome (GO:0005694, 9.53E-03)","cell cortex (GO:0005938, 7.31E-04)
ooplasm (GO:1990917, 1.73E-03)
intracellular protein-containing complex (GO:0140535, 4.53E-03)
dendrite (GO:0030425, 7.30E-03)
dendritic tree (GO:0097447, 7.30E-03)
somatodendritic compartment (GO:0036477, 7.90E-03)"
set2,"cell cortex (GO:0005938, 9.96E-04)
nucleoplasm (GO:0005654, 1.65E-03)
ooplasm (GO:1990917, 1.85E-03)
intracellular protein-containing complex (GO:0140535, 6.56E-03)
dendrite (GO:0030425, 9.38E-03)
dendritic tree (GO:0097447, 9.38E-03)
chromatin (GO:0000785, 9.38E-03)
anchoring junction (GO:0070161, 9.38E-03)
catalytic complex (GO:1902494, 9.50E-03)
chromosome (GO:0005694, 9.76E-03)","cell cortex (GO:0005938, 1.02E-03)
nucleoplasm (GO:0005654, 1.54E-03)
ooplasm (GO:1990917, 1.83E-03)
intracellular protein-containing complex (GO:0140535, 6.12E-03)
dendrite (GO:0030425, 8.68E-03)
dendritic tree (GO:0097447, 8.68E-03)
chromatin (GO:0000785, 8.68E-03)
anchoring junction (GO:0070161, 8.68E-03)
catalytic complex (GO:1902494, 8.71E-03)
chromosome (GO:0005694, 8.89E-03)
somatodendritic compartment (GO:0036477, 9.43E-03)","cell cortex (GO:0005938, 9.48E-04)
ooplasm (GO:1990917, 2.04E-03)
nucleoplasm (GO:0005654, 2.30E-03)
intracellular protein-containing complex (GO:0140535, 6.15E-03)
anchoring junction (GO:0070161, 8.85E-03)
chromatin (GO:0000785, 9.33E-03)
catalytic complex (GO:1902494, 9.35E-03)
chromosome (GO:0005694, 9.53E-03)","cell cortex (GO:0005938, 7.31E-04)
ooplasm (GO:1990917, 1.73E-03)
nucleoplasm (GO:0005654, 3.28E-03)
intracellular protein-containing complex (GO:0140535, 4.53E-03)
dendrite (GO:0030425, 7.30E-03)
dendritic tree (GO:0097447, 7.30E-03)
somatodendritic compartment (GO:0036477, 7.90E-03)"
set3,"cell cortex (GO:0005938, 9.96E-04)
ooplasm (GO:1990917, 1.85E-03)
intracellular protein-containing complex (GO:0140535, 6.56E-03)
dendrite (GO:0030425, 9.38E-03)
dendritic tree (GO:0097447, 9.38E-03)
chromatin (GO:0000785, 9.38E-03)
anchoring junction (GO:0070161, 9.38E-03)
chromosome (GO:0005694, 9.76E-03)","cell cortex (GO:0005938, 1.02E-03)
ooplasm (GO:1990917, 1.83E-03)
intracellular protein-containing complex (GO:0140535, 6.12E-03)
dendrite (GO:0030425, 8.68E-03)
dendritic tree (GO:0097447, 8.68E-03)
chromatin (GO:0000785, 8.68E-03)
anchoring junction (GO:0070161, 8.68E-03)
chromosome (GO:0005694, 8.89E-03)
somatodendritic compartment (GO:0036477, 9.43E-03)","cell cortex (GO:0005938, 9.48E-04)
ooplasm (GO:1990917, 2.04E-03)
intracellular protein-containing complex (GO:0140535, 6.15E-03)
anchoring junction (GO:0070161, 8.85E-03)
chromatin (GO:0000785, 9.33E-03)
chromosome (GO:0005694, 9.53E-03)","cell cortex (GO:0005938, 7.31E-04)
ooplasm (GO:1990917, 1.73E-03)
intracellular protein-containing complex (GO:0140535, 4.53E-03)
dendrite (GO:0030425, 7.30E-03)
dendritic tree (GO:0097447, 7.30E-03)
somatodendritic compartment (GO:0036477, 7.90E-03)"
set4,"cell cortex (GO:0005938, 9.96E-04)
ooplasm (GO:1990917, 1.85E-03)
intracellular protein-containing complex (GO:0140535, 6.56E-03)
dendrite (GO:0030425, 9.38E-03)
dendritic tree (GO:0097447, 9.38E-03)
chromatin (GO:0000785, 9.38E-03)
anchoring junction (GO:0070161, 9.38E-03)
catalytic complex (GO:1902494, 9.50E-03)
chromosome (GO:0005694, 9.76E-03)","cell cortex (GO:0005938, 1.02E-03)
ooplasm (GO:1990917, 1.83E-03)
intracellular protein-containing complex (GO:0140535, 6.12E-03)
dendrite (GO:0030425, 8.68E-03)
dendritic tree (GO:0097447, 8.68E-03)
chromatin (GO:0000785, 8.68E-03)
anchoring junction (GO:0070161, 8.68E-03)
catalytic complex (GO:1902494, 8.71E-03)
chromosome (GO:0005694, 8.89E-03)
somatodendritic compartment (GO:0036477, 9.43E-03)","cell cortex (GO:0005938, 9.48E-04)
ooplasm (GO:1990917, 2.04E-03)
intracellular protein-containing complex (GO:0140535, 6.15E-03)
anchoring junction (GO:0070161, 8.85E-03)
chromatin (GO:0000785, 9.33E-03)
catalytic complex (GO:1902494, 9.35E-03)
chromosome (GO:0005694, 9.53E-03)","cell cortex (GO:0005938, 7.31E-04)
ooplasm (GO:1990917, 1.73E-03)
intracellular protein-containing complex (GO:0140535, 4.53E-03)
dendrite (GO:0030425, 7.30E-03)
dendritic tree (GO:0097447, 7.30E-03)
somatodendritic compartment (GO:0036477, 7.90E-03)"
set5,"cell cortex (GO:0005938, 9.96E-04)
ooplasm (GO:1990917, 1.85E-03)
intracellular protein-containing complex (GO:0140535, 6.56E-03)
dendrite (GO:0030425, 9.38E-03)
dendritic tree (GO:0097447, 9.38E-03)
chromatin (GO:0000785, 9.38E-03)
anchoring junction (GO:0070161, 9.38E-03)
catalytic complex (GO:1902494, 9.50E-03)
chromosome (GO:0005694, 9.76E-03)","cell cortex (GO:0005938, 1.02E-03)
ooplasm (GO:1990917, 1.83E-03)
intracellular protein-containing complex (GO:0140535, 6.12E-03)
dendrite (GO:0030425, 8.68E-03)
dendritic tree (GO:0097447, 8.68E-03)
chromatin (GO:0000785, 8.68E-03)
anchoring junction (GO:0070161, 8.68E-03)
catalytic complex (GO:1902494, 8.71E-03)
chromosome (GO:0005694, 8.89E-03)
somatodendritic compartment (GO:0036477, 9.43E-03)","cell cortex (GO:0005938, 9.48E-04)
ooplasm (GO:1990917, 2.04E-03)
intracellular protein-containing complex (GO:0140535, 6.15E-03)
anchoring junction (GO:0070161, 8.85E-03)
chromatin (GO:0000785, 9.33E-03)
catalytic complex (GO:1902494, 9.35E-03)
chromosome (GO:0005694, 9.53E-03)","cell cortex (GO:0005938, 7.31E-04)
ooplasm (GO:1990917, 1.73E-03)
intracellular protein-containing complex (GO:0140535, 4.53E-03)
dendrite (GO:0030425, 7.30E-03)
dendritic tree (GO:0097447, 7.30E-03)
somatodendritic compartment (GO:0036477, 7.90E-03)"
set6,"plasma membrane bounded cell projection (GO:0120025, 2.17E-07)
cell junction (GO:0030054, 9.06E-06)
centrosome (GO:0005813, 3.81E-05)
cilium (GO:0005929, 7.78E-04)
cell cortex (GO:0005938, 9.96E-04)
postsynaptic density (GO:0014069, 1.08E-03)
asymmetric synapse (GO:0032279, 1.63E-03)
nucleoplasm (GO:0005654, 1.65E-03)
neuron projection (GO:0043005, 1.81E-03)
postsynaptic specialization (GO:0099572, 1.85E-03)
ooplasm (GO:1990917, 1.85E-03)
postsynapse (GO:0098794, 1.98E-03)
neuron to neuron synapse (GO:0098984, 2.67E-03)
synapse (GO:0045202, 2.79E-03)
intracellular protein-containing complex (GO:0140535, 6.56E-03)
dendrite (GO:0030425, 9.38E-03)
dendritic tree (GO:0097447, 9.38E-03)
chromatin (GO:0000785, 9.38E-03)
anchoring junction (GO:0070161, 9.38E-03)
catalytic complex (GO:1902494, 9.50E-03)
chromosome (GO:0005694, 9.76E-03)","plasma membrane bounded cell projection (GO:0120025, 5.36E-07)
cell junction (GO:0030054, 8.70E-06)
centrosome (GO:0005813, 3.48E-05)
cell cortex (GO:0005938, 1.02E-03)
postsynaptic density (GO:0014069, 1.10E-03)
asymmetric synapse (GO:0032279, 1.54E-03)
nucleoplasm (GO:0005654, 1.54E-03)
cilium (GO:0005929, 1.68E-03)
neuron projection (GO:0043005, 1.68E-03)
postsynaptic specialization (GO:0099572, 1.82E-03)
ooplasm (GO:1990917, 1.83E-03)
postsynapse (GO:0098794, 1.85E-03)
synapse (GO:0045202, 2.54E-03)
neuron to neuron synapse (GO:0098984, 2.54E-03)
intracellular protein-containing complex (GO:0140535, 6.12E-03)
dendrite (GO:0030425, 8.68E-03)
dendritic tree (GO:0097447, 8.68E-03)
chromatin (GO:0000785, 8.68E-03)
anchoring junction (GO:0070161, 8.68E-03)
catalytic complex (GO:1902494, 8.71E-03)
chromosome (GO:0005694, 8.89E-03)
somatodendritic compartment (GO:0036477, 9.43E-03)","plasma membrane bounded cell projection (GO:0120025, 5.38E-07)
cell junction (GO:0030054, 2.08E-05)
centrosome (GO:0005813, 3.50E-05)
cilium (GO:0005929, 7.23E-04)
cell cortex (GO:0005938, 9.48E-04)
postsynaptic density (GO:0014069, 1.03E-03)
asymmetric synapse (GO:0032279, 1.55E-03)
postsynaptic specialization (GO:0099572, 2.04E-03)
ooplasm (GO:1990917, 2.04E-03)
postsynapse (GO:0098794, 2.05E-03)
nucleoplasm (GO:0005654, 2.30E-03)
neuron to neuron synapse (GO:0098984, 2.78E-03)
neuron projection (GO:0043005, 3.28E-03)
synapse (GO:0045202, 5.83E-03)
intracellular protein-containing complex (GO:0140535, 6.15E-03)
anchoring junction (GO:0070161, 8.85E-03)
chromatin (GO:0000785, 9.33E-03)
catalytic complex (GO:1902494, 9.35E-03)
chromosome (GO:0005694, 9.53E-03)","plasma membrane bounded cell projection (GO:0120025, 2.85E-07)
cell junction (GO:0030054, 2.32E-05)
centrosome (GO:0005813, 2.32E-05)
cilium (GO:0005929, 4.93E-04)
cell cortex (GO:0005938, 7.31E-04)
postsynaptic density (GO:0014069, 7.97E-04)
asymmetric synapse (GO:0032279, 1.13E-03)
neuron projection (GO:0043005, 1.13E-03)
postsynaptic specialization (GO:0099572, 1.48E-03)
postsynapse (GO:0098794, 1.48E-03)
ooplasm (GO:1990917, 1.73E-03)
synapse (GO:0045202, 1.85E-03)
neuron to neuron synapse (GO:0098984, 2.08E-03)
nucleoplasm (GO:0005654, 3.28E-03)
intracellular protein-containing complex (GO:0140535, 4.53E-03)
dendrite (GO:0030425, 7.30E-03)
dendritic tree (GO:0097447, 7.30E-03)
somatodendritic compartment (GO:0036477, 7.90E-03)"
set7,"cell cortex (GO:0005938, 9.96E-04)
ooplasm (GO:1990917, 1.85E-03)
intracellular protein-containing complex (GO:0140535, 6.56E-03)
chromatin (GO:0000785, 9.38E-03)
anchoring junction (GO:0070161, 9.38E-03)
chromosome (GO:0005694, 9.76E-03)","cell cortex (GO:0005938, 1.02E-03)
ooplasm (GO:1990917, 1.83E-03)
intracellular protein-containing complex (GO:0140535, 6.12E-03)
chromatin (GO:0000785, 8.68E-03)
anchoring junction (GO:0070161, 8.68E-03)
chromosome (GO:0005694, 8.89E-03)
somatodendritic compartment (GO:0036477, 9.43E-03)","cell cortex (GO:0005938, 9.48E-04)
ooplasm (GO:1990917, 2.04E-03)
intracellular protein-containing complex (GO:0140535, 6.15E-03)
anchoring junction (GO:0070161, 8.85E-03)
chromatin (GO:0000785, 9.33E-03)
chromosome (GO:0005694, 9.53E-03)","cell cortex (GO:0005938, 7.31E-04)
ooplasm (GO:1990917, 1.73E-03)
intracellular protein-containing complex (GO:0140535, 4.53E-03)
somatodendritic compartment (GO:0036477, 7.90E-03)"
set8,"cell cortex (GO:0005938, 9.96E-04)
nucleoplasm (GO:0005654, 1.65E-03)
ooplasm (GO:1990917, 1.85E-03)
intracellular protein-containing complex (GO:0140535, 6.56E-03)
dendrite (GO:0030425, 9.38E-03)
dendritic tree (GO:0097447, 9.38E-03)
chromatin (GO:0000785, 9.38E-03)
anchoring junction (GO:0070161, 9.38E-03)
catalytic complex (GO:1902494, 9.50E-03)
chromosome (GO:0005694, 9.76E-03)","cell cortex (GO:0005938, 1.02E-03)
nucleoplasm (GO:0005654, 1.54E-03)
ooplasm (GO:1990917, 1.83E-03)
intracellular protein-containing complex (GO:0140535, 6.12E-03)
dendrite (GO:0030425, 8.68E-03)
dendritic tree (GO:0097447, 8.68E-03)
chromatin (GO:0000785, 8.68E-03)
anchoring junction (GO:0070161, 8.68E-03)
catalytic complex (GO:1902494, 8.71E-03)
chromosome (GO:0005694, 8.89E-03)
somatodendritic compartment (GO:0036477, 9.43E-03)","cell cortex (GO:0005938, 9.48E-04)
ooplasm (GO:1990917, 2.04E-03)
nucleoplasm (GO:0005654, 2.30E-03)
intracellular protein-containing complex (GO:0140535, 6.15E-03)
anchoring junction (GO:0070161, 8.85E-03)
chromatin (GO:0000785, 9.33E-03)
catalytic complex (GO:1902494, 9.35E-03)
chromosome (GO:0005694, 9.53E-03)","cell cortex (GO:0005938, 7.31E-04)
ooplasm (GO:1990917, 1.73E-03)
nucleoplasm (GO:0005654, 3.28E-03)
intracellular protein-containing complex (GO:0140535, 4.53E-03)
dendrite (GO:0030425, 7.30E-03)
dendritic tree (GO:0097447, 7.30E-03)
somatodendritic compartment (GO:0036477, 7.90E-03)"
set9,"cell cortex (GO:0005938, 9.96E-04)
ooplasm (GO:1990917, 1.85E-03)
intracellular protein-containing complex (GO:0140535, 6.56E-03)
dendrite (GO:0030425, 9.38E-03)
dendritic tree (GO:0097447, 9.38E-03)
chromatin (GO:0000785, 9.38E-03)
anchoring junction (GO:0070161, 9.38E-03)
chromosome (GO:0005694, 9.76E-03)","cell cortex (GO:0005938, 1.02E-03)
ooplasm (GO:1990917, 1.83E-03)
intracellular protein-containing complex (GO:0140535, 6.12E-03)
dendrite (GO:0030425, 8.68E-03)
dendritic tree (GO:0097447, 8.68E-03)
chromatin (GO:0000785, 8.68E-03)
anchoring junction (GO:0070161, 8.68E-03)
chromosome (GO:0005694, 8.89E-03)
somatodendritic compartment (GO:0036477, 9.43E-03)","cell cortex (GO:0005938, 9.48E-04)
ooplasm (GO:1990917, 2.04E-03)
intracellular protein-containing complex (GO:0140535, 6.15E-03)
anchoring junction (GO:0070161, 8.85E-03)
chromatin (GO:0000785, 9.33E-03)
chromosome (GO:0005694, 9.53E-03)","cell cortex (GO:0005938, 7.31E-04)
ooplasm (GO:1990917, 1.73E-03)
intracellular protein-containing complex (GO:0140535, 4.53E-03)
dendrite (GO:0030425, 7.30E-03)
dendritic tree (GO:0097447, 7.30E-03)
somatodendritic compartment (GO:0036477, 7.90E-03)"
set10,"cell cortex (GO:0005938, 9.96E-04)
nucleoplasm (GO:0005654, 1.65E-03)
ooplasm (GO:1990917, 1.85E-03)
intracellular protein-containing complex (GO:0140535, 6.56E-03)
chromatin (GO:0000785, 9.38E-03)
anchoring junction (GO:0070161, 9.38E-03)
chromosome (GO:0005694, 9.76E-03)","cell cortex (GO:0005938, 1.02E-03)
nucleoplasm (GO:0005654, 1.54E-03)
ooplasm (GO:1990917, 1.83E-03)
intracellular protein-containing complex (GO:0140535, 6.12E-03)
chromatin (GO:0000785, 8.68E-03)
anchoring junction (GO:0070161, 8.68E-03)
chromosome (GO:0005694, 8.89E-03)
somatodendritic compartment (GO:0036477, 9.43E-03)","cell cortex (GO:0005938, 9.48E-04)
ooplasm (GO:1990917, 2.04E-03)
nucleoplasm (GO:0005654, 2.30E-03)
intracellular protein-containing complex (GO:0140535, 6.15E-03)
anchoring junction (GO:0070161, 8.85E-03)
chromatin (GO:0000785, 9.33E-03)
chromosome (GO:0005694, 9.53E-03)","cell cortex (GO:0005938, 7.31E-04)
ooplasm (GO:1990917, 1.73E-03)
nucleoplasm (GO:0005654, 3.28E-03)
intracellular protein-containing complex (GO:0140535, 4.53E-03)
somatodendritic compartment (GO:0036477, 7.90E-03)"
set11,"cytosol (GO:0005829, 1.83E-06)
cell junction (GO:0030054, 9.06E-06)
centrosome (GO:0005813, 3.81E-05)
microtubule organizing center (GO:0005815, 1.62E-04)
cell cortex (GO:0005938, 9.96E-04)
postsynaptic density (GO:0014069, 1.08E-03)
asymmetric synapse (GO:0032279, 1.63E-03)
nucleoplasm (GO:0005654, 1.65E-03)
neuron projection (GO:0043005, 1.81E-03)
postsynaptic specialization (GO:0099572, 1.85E-03)
ooplasm (GO:1990917, 1.85E-03)
postsynapse (GO:0098794, 1.98E-03)
neuron to neuron synapse (GO:0098984, 2.67E-03)
synapse (GO:0045202, 2.79E-03)
intracellular protein-containing complex (GO:0140535, 6.56E-03)
dendrite (GO:0030425, 9.38E-03)
dendritic tree (GO:0097447, 9.38E-03)
chromatin (GO:0000785, 9.38E-03)
anchoring junction (GO:0070161, 9.38E-03)
catalytic complex (GO:1902494, 9.50E-03)
chromosome (GO:0005694, 9.76E-03)","cytosol (GO:0005829, 1.70E-06)
cell junction (GO:0030054, 8.70E-06)
centrosome (GO:0005813, 3.48E-05)
microtubule organizing center (GO:0005815, 1.48E-04)
cell cortex (GO:0005938, 1.02E-03)
postsynaptic density (GO:0014069, 1.10E-03)
asymmetric synapse (GO:0032279, 1.54E-03)
nucleoplasm (GO:0005654, 1.54E-03)
neuron projection (GO:0043005, 1.68E-03)
postsynaptic specialization (GO:0099572, 1.82E-03)
ooplasm (GO:1990917, 1.83E-03)
postsynapse (GO:0098794, 1.85E-03)
synapse (GO:0045202, 2.54E-03)
neuron to neuron synapse (GO:0098984, 2.54E-03)
intracellular protein-containing complex (GO:0140535, 6.12E-03)
dendrite (GO:0030425, 8.68E-03)
dendritic tree (GO:0097447, 8.68E-03)
chromatin (GO:0000785, 8.68E-03)
anchoring junction (GO:0070161, 8.68E-03)
catalytic complex (GO:1902494, 8.71E-03)
chromosome (GO:0005694, 8.89E-03)
somatodendritic compartment (GO:0036477, 9.43E-03)","cytosol (GO:0005829, 3.18E-06)
cell junction (GO:0030054, 2.08E-05)
centrosome (GO:0005813, 3.50E-05)
microtubule organizing center (GO:0005815, 1.49E-04)
cell cortex (GO:0005938, 9.48E-04)
postsynaptic density (GO:0014069, 1.03E-03)
asymmetric synapse (GO:0032279, 1.55E-03)
postsynaptic specialization (GO:0099572, 2.04E-03)
ooplasm (GO:1990917, 2.04E-03)
postsynapse (GO:0098794, 2.05E-03)
nucleoplasm (GO:0005654, 2.30E-03)
neuron to neuron synapse (GO:0098984, 2.78E-03)
neuron projection (GO:0043005, 3.28E-03)
synapse (GO:0045202, 5.83E-03)
intracellular protein-containing complex (GO:0140535, 6.15E-03)
anchoring junction (GO:0070161, 8.85E-03)
chromatin (GO:0000785, 9.33E-03)
catalytic complex (GO:1902494, 9.35E-03)
chromosome (GO:0005694, 9.53E-03)","cytosol (GO:0005829, 2.55E-06)
cell junction (GO:0030054, 2.32E-05)
centrosome (GO:0005813, 2.32E-05)
microtubule organizing center (GO:0005815, 1.04E-04)
cell cortex (GO:0005938, 7.31E-04)
postsynaptic density (GO:0014069, 7.97E-04)
asymmetric synapse (GO:0032279, 1.13E-03)
neuron projection (GO:0043005, 1.13E-03)
postsynaptic specialization (GO:0099572, 1.48E-03)
postsynapse (GO:0098794, 1.48E-03)
ooplasm (GO:1990917, 1.73E-03)
synapse (GO:0045202, 1.85E-03)
neuron to neuron synapse (GO:0098984, 2.08E-03)
nucleoplasm (GO:0005654, 3.28E-03)
intracellular protein-containing complex (GO:0140535, 4.53E-03)
dendrite (GO:0030425, 7.30E-03)
dendritic tree (GO:0097447, 7.30E-03)
somatodendritic compartment (GO:0036477, 7.90E-03)"
set12,"cell cortex (GO:0005938, 9.96E-04)
ooplasm (GO:1990917, 1.85E-03)
intracellular protein-containing complex (GO:0140535, 6.56E-03)
dendrite (GO:0030425, 9.38E-03)
dendritic tree (GO:0097447, 9.38E-03)
chromatin (GO:0000785, 9.38E-03)
anchoring junction (GO:0070161, 9.38E-03)
catalytic complex (GO:1902494, 9.50E-03)
chromosome (GO:0005694, 9.76E-03)","cell cortex (GO:0005938, 1.02E-03)
ooplasm (GO:1990917, 1.83E-03)
intracellular protein-containing complex (GO:0140535, 6.12E-03)
dendrite (GO:0030425, 8.68E-03)
dendritic tree (GO:0097447, 8.68E-03)
chromatin (GO:0000785, 8.68E-03)
anchoring junction (GO:0070161, 8.68E-03)
catalytic complex (GO:1902494, 8.71E-03)
chromosome (GO:0005694, 8.89E-03)
somatodendritic compartment (GO:0036477, 9.43E-03)","cell cortex (GO:0005938, 9.48E-04)
ooplasm (GO:1990917, 2.04E-03)
intracellular protein-containing complex (GO:0140535, 6.15E-03)
anchoring junction (GO:0070161, 8.85E-03)
chromatin (GO:0000785, 9.33E-03)
catalytic complex (GO:1902494, 9.35E-03)
chromosome (GO:0005694, 9.53E-03)","cell cortex (GO:0005938, 7.31E-04)
ooplasm (GO:1990917, 1.73E-03)
intracellular protein-containing complex (GO:0140535, 4.53E-03)
dendrite (GO:0030425, 7.30E-03)
dendritic tree (GO:0097447, 7.30E-03)
somatodendritic compartment (GO:0036477, 7.90E-03)"
