,set1,set2,set3,set4
set1,"Cell cycle (KEGG:04110, 4.23E-04)","Cell cycle (KEGG:04110, 4.23E-04)","Cell cycle (KEGG:04110, 4.23E-04)","Cell cycle (KEGG:04110, 4.23E-04)"
set2,"Cell cycle (KEGG:04110, 5.38E-03)","Cell cycle (KEGG:04110, 5.38E-03)","Cell cycle (KEGG:04110, 5.38E-03)","Cell cycle (KEGG:04110, 5.38E-03)"
set3,"Cell cycle (KEGG:04110, 2.13E-03)","Cell cycle (KEGG:04110, 2.13E-03)","Cell cycle (KEGG:04110, 2.13E-03)","Cell cycle (KEGG:04110, 2.13E-03)"
set4,"Cell cycle (KEGG:04110, 2.23E-03)","Cell cycle (KEGG:04110, 2.23E-03)","Cell cycle (KEGG:04110, 2.23E-03)","Cell cycle (KEGG:04110, 2.23E-03)"
set5,"Cell cycle (KEGG:04110, 4.23E-04)","Cell cycle (KEGG:04110, 4.23E-04)","Cell cycle (KEGG:04110, 4.23E-04)","Cell cycle (KEGG:04110, 4.23E-04)"
set6,,,,
set7,"Cell cycle (KEGG:04110, 3.33E-04)","Cell cycle (KEGG:04110, 3.33E-04)","Cell cycle (KEGG:04110, 3.33E-04)","Cell cycle (KEGG:04110, 3.33E-04)"
set8,"Cell cycle (KEGG:04110, 3.76E-04)","Cell cycle (KEGG:04110, 3.76E-04)","Cell cycle (KEGG:04110, 3.76E-04)","Cell cycle (KEGG:04110, 3.76E-04)"
set9,"Cell cycle (KEGG:04110, 3.33E-04)","Cell cycle (KEGG:04110, 3.33E-04)","Cell cycle (KEGG:04110, 3.33E-04)","Cell cycle (KEGG:04110, 3.33E-04)"
set10,"Cell cycle (KEGG:04110, 3.33E-04)","Cell cycle (KEGG:04110, 3.33E-04)","Cell cycle (KEGG:04110, 3.33E-04)","Cell cycle (KEGG:04110, 3.33E-04)"
set11,,,,
set12,"Cell cycle (KEGG:04110, 4.23E-04)","Cell cycle (KEGG:04110, 4.23E-04)","Cell cycle (KEGG:04110, 4.23E-04)","Cell cycle (KEGG:04110, 4.23E-04)"
