,set1,set2,set3,set4
set1,"Cilium Assembly (REAC:R-MMU-5617833, 6.33E-04)
Organelle biogenesis and maintenance (REAC:R-MMU-1852241, 1.17E-03)
Cohesin Loading onto Chromatin (REAC:R-MMU-2470946, 4.72E-03)
Mitotic Telophase/Cytokinesis (REAC:R-MMU-68884, 9.10E-03)","Cilium Assembly (REAC:R-MMU-5617833, 6.33E-04)
Organelle biogenesis and maintenance (REAC:R-MMU-1852241, 1.17E-03)
Cohesin Loading onto Chromatin (REAC:R-MMU-2470946, 4.72E-03)
Mitotic Telophase/Cytokinesis (REAC:R-MMU-68884, 9.10E-03)","Cilium Assembly (REAC:R-MMU-5617833, 6.33E-04)
Organelle biogenesis and maintenance (REAC:R-MMU-1852241, 1.17E-03)
Cohesin Loading onto Chromatin (REAC:R-MMU-2470946, 4.72E-03)
Mitotic Telophase/Cytokinesis (REAC:R-MMU-68884, 9.10E-03)","Cilium Assembly (REAC:R-MMU-5617833, 6.33E-04)
Organelle biogenesis and maintenance (REAC:R-MMU-1852241, 1.17E-03)
Cohesin Loading onto Chromatin (REAC:R-MMU-2470946, 4.72E-03)
Mitotic Telophase/Cytokinesis (REAC:R-MMU-68884, 9.10E-03)"
set2,,,,
set3,"Cilium Assembly (REAC:R-MMU-5617833, 3.07E-04)
Organelle biogenesis and maintenance (REAC:R-MMU-1852241, 5.77E-04)","Cilium Assembly (REAC:R-MMU-5617833, 3.07E-04)
Organelle biogenesis and maintenance (REAC:R-MMU-1852241, 5.77E-04)","Cilium Assembly (REAC:R-MMU-5617833, 3.07E-04)
Organelle biogenesis and maintenance (REAC:R-MMU-1852241, 5.77E-04)","Cilium Assembly (REAC:R-MMU-5617833, 3.07E-04)
Organelle biogenesis and maintenance (REAC:R-MMU-1852241, 5.77E-04)"
set4,"Cilium Assembly (REAC:R-MMU-5617833, 3.00E-03)
Cohesin Loading onto Chromatin (REAC:R-MMU-2470946, 3.83E-03)
Organelle biogenesis and maintenance (REAC:R-MMU-1852241, 3.83E-03)
Mitotic Telophase/Cytokinesis (REAC:R-MMU-68884, 7.40E-03)","Cilium Assembly (REAC:R-MMU-5617833, 3.00E-03)
Cohesin Loading onto Chromatin (REAC:R-MMU-2470946, 3.83E-03)
Organelle biogenesis and maintenance (REAC:R-MMU-1852241, 3.83E-03)
Mitotic Telophase/Cytokinesis (REAC:R-MMU-68884, 7.40E-03)","Cilium Assembly (REAC:R-MMU-5617833, 3.00E-03)
Cohesin Loading onto Chromatin (REAC:R-MMU-2470946, 3.83E-03)
Organelle biogenesis and maintenance (REAC:R-MMU-1852241, 3.83E-03)
Mitotic Telophase/Cytokinesis (REAC:R-MMU-68884, 7.40E-03)","Cilium Assembly (REAC:R-MMU-5617833, 3.00E-03)
Cohesin Loading onto Chromatin (REAC:R-MMU-2470946, 3.83E-03)
Organelle biogenesis and maintenance (REAC:R-MMU-1852241, 3.83E-03)
Mitotic Telophase/Cytokinesis (REAC:R-MMU-68884, 7.40E-03)"
set5,"Cilium Assembly (REAC:R-MMU-5617833, 5.43E-04)
Organelle biogenesis and maintenance (REAC:R-MMU-1852241, 1.01E-03)
Cohesin Loading onto Chromatin (REAC:R-MMU-2470946, 4.43E-03)
Mitotic Telophase/Cytokinesis (REAC:R-MMU-68884, 8.55E-03)","Cilium Assembly (REAC:R-MMU-5617833, 5.43E-04)
Organelle biogenesis and maintenance (REAC:R-MMU-1852241, 1.01E-03)
Cohesin Loading onto Chromatin (REAC:R-MMU-2470946, 4.43E-03)
Mitotic Telophase/Cytokinesis (REAC:R-MMU-68884, 8.55E-03)","Cilium Assembly (REAC:R-MMU-5617833, 5.43E-04)
Organelle biogenesis and maintenance (REAC:R-MMU-1852241, 1.01E-03)
Cohesin Loading onto Chromatin (REAC:R-MMU-2470946, 4.43E-03)
Mitotic Telophase/Cytokinesis (REAC:R-MMU-68884, 8.55E-03)","Cilium Assembly (REAC:R-MMU-5617833, 5.43E-04)
Organelle biogenesis and maintenance (REAC:R-MMU-1852241, 1.01E-03)
Cohesin Loading onto Chromatin (REAC:R-MMU-2470946, 4.43E-03)
Mitotic Telophase/Cytokinesis (REAC:R-MMU-68884, 8.55E-03)"
set6,"Cohesin Loading onto Chromatin (REAC:R-MMU-2470946, 4.85E-04)
Mitotic Telophase/Cytokinesis (REAC:R-MMU-68884, 6.31E-04)","Cohesin Loading onto Chromatin (REAC:R-MMU-2470946, 4.85E-04)
Mitotic Telophase/Cytokinesis (REAC:R-MMU-68884, 6.31E-04)","Cohesin Loading onto Chromatin (REAC:R-MMU-2470946, 4.85E-04)
Mitotic Telophase/Cytokinesis (REAC:R-MMU-68884, 6.31E-04)","Cohesin Loading onto Chromatin (REAC:R-MMU-2470946, 4.85E-04)
Mitotic Telophase/Cytokinesis (REAC:R-MMU-68884, 6.31E-04)"
set7,"Cilium Assembly (REAC:R-MMU-5617833, 3.02E-03)
Cohesin Loading onto Chromatin (REAC:R-MMU-2470946, 3.86E-03)
Organelle biogenesis and maintenance (REAC:R-MMU-1852241, 3.86E-03)
Mitotic Telophase/Cytokinesis (REAC:R-MMU-68884, 7.45E-03)","Cilium Assembly (REAC:R-MMU-5617833, 3.02E-03)
Cohesin Loading onto Chromatin (REAC:R-MMU-2470946, 3.86E-03)
Organelle biogenesis and maintenance (REAC:R-MMU-1852241, 3.86E-03)
Mitotic Telophase/Cytokinesis (REAC:R-MMU-68884, 7.45E-03)","Cilium Assembly (REAC:R-MMU-5617833, 3.02E-03)
Cohesin Loading onto Chromatin (REAC:R-MMU-2470946, 3.86E-03)
Organelle biogenesis and maintenance (REAC:R-MMU-1852241, 3.86E-03)
Mitotic Telophase/Cytokinesis (REAC:R-MMU-68884, 7.45E-03)","Cilium Assembly (REAC:R-MMU-5617833, 3.02E-03)
Cohesin Loading onto Chromatin (REAC:R-MMU-2470946, 3.86E-03)
Organelle biogenesis and maintenance (REAC:R-MMU-1852241, 3.86E-03)
Mitotic Telophase/Cytokinesis (REAC:R-MMU-68884, 7.45E-03)"
set8,"Cilium Assembly (REAC:R-MMU-5617833, 4.38E-03)
Cohesin Loading onto Chromatin (REAC:R-MMU-2470946, 4.65E-03)
Organelle biogenesis and maintenance (REAC:R-MMU-1852241, 4.65E-03)
Mitotic Telophase/Cytokinesis (REAC:R-MMU-68884, 8.55E-03)","Cilium Assembly (REAC:R-MMU-5617833, 4.38E-03)
Cohesin Loading onto Chromatin (REAC:R-MMU-2470946, 4.65E-03)
Organelle biogenesis and maintenance (REAC:R-MMU-1852241, 4.65E-03)
Mitotic Telophase/Cytokinesis (REAC:R-MMU-68884, 8.55E-03)","Cilium Assembly (REAC:R-MMU-5617833, 4.38E-03)
Cohesin Loading onto Chromatin (REAC:R-MMU-2470946, 4.65E-03)
Organelle biogenesis and maintenance (REAC:R-MMU-1852241, 4.65E-03)
Mitotic Telophase/Cytokinesis (REAC:R-MMU-68884, 8.55E-03)","Cilium Assembly (REAC:R-MMU-5617833, 4.38E-03)
Cohesin Loading onto Chromatin (REAC:R-MMU-2470946, 4.65E-03)
Organelle biogenesis and maintenance (REAC:R-MMU-1852241, 4.65E-03)
Mitotic Telophase/Cytokinesis (REAC:R-MMU-68884, 8.55E-03)"
set9,"Cilium Assembly (REAC:R-MMU-5617833, 3.57E-04)
Organelle biogenesis and maintenance (REAC:R-MMU-1852241, 6.70E-04)
Cohesin Loading onto Chromatin (REAC:R-MMU-2470946, 3.87E-03)
Mitotic Telophase/Cytokinesis (REAC:R-MMU-68884, 7.48E-03)","Cilium Assembly (REAC:R-MMU-5617833, 3.57E-04)
Organelle biogenesis and maintenance (REAC:R-MMU-1852241, 6.70E-04)
Cohesin Loading onto Chromatin (REAC:R-MMU-2470946, 3.87E-03)
Mitotic Telophase/Cytokinesis (REAC:R-MMU-68884, 7.48E-03)","Cilium Assembly (REAC:R-MMU-5617833, 3.57E-04)
Organelle biogenesis and maintenance (REAC:R-MMU-1852241, 6.70E-04)
Cohesin Loading onto Chromatin (REAC:R-MMU-2470946, 3.87E-03)
Mitotic Telophase/Cytokinesis (REAC:R-MMU-68884, 7.48E-03)","Cilium Assembly (REAC:R-MMU-5617833, 3.57E-04)
Organelle biogenesis and maintenance (REAC:R-MMU-1852241, 6.70E-04)
Cohesin Loading onto Chromatin (REAC:R-MMU-2470946, 3.87E-03)
Mitotic Telophase/Cytokinesis (REAC:R-MMU-68884, 7.48E-03)"
set10,"Cilium Assembly (REAC:R-MMU-5617833, 3.43E-03)
Cohesin Loading onto Chromatin (REAC:R-MMU-2470946, 4.05E-03)
Organelle biogenesis and maintenance (REAC:R-MMU-1852241, 4.05E-03)
Mitotic Telophase/Cytokinesis (REAC:R-MMU-68884, 7.81E-03)","Cilium Assembly (REAC:R-MMU-5617833, 3.43E-03)
Cohesin Loading onto Chromatin (REAC:R-MMU-2470946, 4.05E-03)
Organelle biogenesis and maintenance (REAC:R-MMU-1852241, 4.05E-03)
Mitotic Telophase/Cytokinesis (REAC:R-MMU-68884, 7.81E-03)","Cilium Assembly (REAC:R-MMU-5617833, 3.43E-03)
Cohesin Loading onto Chromatin (REAC:R-MMU-2470946, 4.05E-03)
Organelle biogenesis and maintenance (REAC:R-MMU-1852241, 4.05E-03)
Mitotic Telophase/Cytokinesis (REAC:R-MMU-68884, 7.81E-03)","Cilium Assembly (REAC:R-MMU-5617833, 3.43E-03)
Cohesin Loading onto Chromatin (REAC:R-MMU-2470946, 4.05E-03)
Organelle biogenesis and maintenance (REAC:R-MMU-1852241, 4.05E-03)
Mitotic Telophase/Cytokinesis (REAC:R-MMU-68884, 7.81E-03)"
set11,"Cilium Assembly (REAC:R-MMU-5617833, 1.68E-03)
Organelle biogenesis and maintenance (REAC:R-MMU-1852241, 1.92E-03)","Cilium Assembly (REAC:R-MMU-5617833, 1.68E-03)
Organelle biogenesis and maintenance (REAC:R-MMU-1852241, 1.92E-03)","Cilium Assembly (REAC:R-MMU-5617833, 1.68E-03)
Organelle biogenesis and maintenance (REAC:R-MMU-1852241, 1.92E-03)","Cilium Assembly (REAC:R-MMU-5617833, 1.68E-03)
Organelle biogenesis and maintenance (REAC:R-MMU-1852241, 1.92E-03)"
set12,"Cilium Assembly (REAC:R-MMU-5617833, 4.72E-04)
Organelle biogenesis and maintenance (REAC:R-MMU-1852241, 8.81E-04)
Cohesin Loading onto Chromatin (REAC:R-MMU-2470946, 4.23E-03)
Mitotic Telophase/Cytokinesis (REAC:R-MMU-68884, 8.16E-03)","Cilium Assembly (REAC:R-MMU-5617833, 4.72E-04)
Organelle biogenesis and maintenance (REAC:R-MMU-1852241, 8.81E-04)
Cohesin Loading onto Chromatin (REAC:R-MMU-2470946, 4.23E-03)
Mitotic Telophase/Cytokinesis (REAC:R-MMU-68884, 8.16E-03)","Cilium Assembly (REAC:R-MMU-5617833, 4.72E-04)
Organelle biogenesis and maintenance (REAC:R-MMU-1852241, 8.81E-04)
Cohesin Loading onto Chromatin (REAC:R-MMU-2470946, 4.23E-03)
Mitotic Telophase/Cytokinesis (REAC:R-MMU-68884, 8.16E-03)","Cilium Assembly (REAC:R-MMU-5617833, 4.72E-04)
Organelle biogenesis and maintenance (REAC:R-MMU-1852241, 8.81E-04)
Cohesin Loading onto Chromatin (REAC:R-MMU-2470946, 4.23E-03)
Mitotic Telophase/Cytokinesis (REAC:R-MMU-68884, 8.16E-03)"
