,set1,set2,set3,set4
set1,"binding (GO:0005488, 6.71E-08)
adenyl nucleotide binding (GO:0030554, 9.51E-04)
adenyl ribonucleotide binding (GO:0032559, 9.51E-04)
ATP binding (GO:0005524, 1.22E-03)
purine ribonucleotide binding (GO:0032555, 4.87E-03)
purine nucleotide binding (GO:0017076, 4.87E-03)
ribonucleotide binding (GO:0032553, 4.87E-03)
structural constituent of postsynaptic specialization (GO:0098879, 4.87E-03)
structural constituent of synapse (GO:0098918, 4.87E-03)
cohesin loader activity (GO:0061775, 4.87E-03)
cytoskeletal protein binding (GO:0008092, 4.87E-03)
beta-aspartyl-peptidase activity (GO:0008798, 4.87E-03)
purine ribonucleoside triphosphate binding (GO:0035639, 5.00E-03)
nucleotide binding (GO:0000166, 5.00E-03)
nucleoside phosphate binding (GO:1901265, 5.28E-03)
beta-tubulin binding (GO:0048487, 5.28E-03)
tubulin binding (GO:0015631, 5.75E-03)
anion binding (GO:0043168, 6.04E-03)
mediator complex binding (GO:0036033, 6.04E-03)
asparaginase activity (GO:0004067, 6.04E-03)
small molecule binding (GO:0036094, 6.93E-03)
ion binding (GO:0043167, 8.03E-03)","binding (GO:0005488, 6.71E-08)
adenyl nucleotide binding (GO:0030554, 9.51E-04)
adenyl ribonucleotide binding (GO:0032559, 9.51E-04)
ATP binding (GO:0005524, 1.22E-03)
purine ribonucleotide binding (GO:0032555, 4.87E-03)
purine nucleotide binding (GO:0017076, 4.87E-03)
ribonucleotide binding (GO:0032553, 4.87E-03)
structural constituent of postsynaptic specialization (GO:0098879, 4.87E-03)
structural constituent of synapse (GO:0098918, 4.87E-03)
cohesin loader activity (GO:0061775, 4.87E-03)
cytoskeletal protein binding (GO:0008092, 4.87E-03)
beta-aspartyl-peptidase activity (GO:0008798, 4.87E-03)
purine ribonucleoside triphosphate binding (GO:0035639, 5.00E-03)
nucleotide binding (GO:0000166, 5.00E-03)
nucleoside phosphate binding (GO:1901265, 5.28E-03)
beta-tubulin binding (GO:0048487, 5.28E-03)
tubulin binding (GO:0015631, 5.75E-03)
anion binding (GO:0043168, 6.04E-03)
mediator complex binding (GO:0036033, 6.04E-03)
asparaginase activity (GO:0004067, 6.04E-03)
small molecule binding (GO:0036094, 6.93E-03)
ion binding (GO:0043167, 8.03E-03)","binding (GO:0005488, 6.71E-08)
adenyl nucleotide binding (GO:0030554, 9.51E-04)
adenyl ribonucleotide binding (GO:0032559, 9.51E-04)
ATP binding (GO:0005524, 1.22E-03)
purine ribonucleotide binding (GO:0032555, 4.87E-03)
purine nucleotide binding (GO:0017076, 4.87E-03)
ribonucleotide binding (GO:0032553, 4.87E-03)
structural constituent of postsynaptic specialization (GO:0098879, 4.87E-03)
structural constituent of synapse (GO:0098918, 4.87E-03)
cohesin loader activity (GO:0061775, 4.87E-03)
cytoskeletal protein binding (GO:0008092, 4.87E-03)
beta-aspartyl-peptidase activity (GO:0008798, 4.87E-03)
purine ribonucleoside triphosphate binding (GO:0035639, 5.00E-03)
nucleotide binding (GO:0000166, 5.00E-03)
nucleoside phosphate binding (GO:1901265, 5.28E-03)
beta-tubulin binding (GO:0048487, 5.28E-03)
tubulin binding (GO:0015631, 5.75E-03)
protein domain specific binding (GO:0019904, 6.04E-03)
anion binding (GO:0043168, 6.04E-03)
mediator complex binding (GO:0036033, 6.04E-03)
asparaginase activity (GO:0004067, 6.04E-03)
small molecule binding (GO:0036094, 6.93E-03)
ion binding (GO:0043167, 8.03E-03)","binding (GO:0005488, 6.71E-08)
adenyl nucleotide binding (GO:0030554, 9.51E-04)
adenyl ribonucleotide binding (GO:0032559, 9.51E-04)
ATP binding (GO:0005524, 1.22E-03)
purine ribonucleotide binding (GO:0032555, 4.87E-03)
purine nucleotide binding (GO:0017076, 4.87E-03)
ribonucleotide binding (GO:0032553, 4.87E-03)
structural constituent of postsynaptic specialization (GO:0098879, 4.87E-03)
structural constituent of synapse (GO:0098918, 4.87E-03)
cohesin loader activity (GO:0061775, 4.87E-03)
cytoskeletal protein binding (GO:0008092, 4.87E-03)
beta-aspartyl-peptidase activity (GO:0008798, 4.87E-03)
purine ribonucleoside triphosphate binding (GO:0035639, 5.00E-03)
nucleotide binding (GO:0000166, 5.00E-03)
nucleoside phosphate binding (GO:1901265, 5.28E-03)
beta-tubulin binding (GO:0048487, 5.28E-03)
tubulin binding (GO:0015631, 5.75E-03)
anion binding (GO:0043168, 6.04E-03)
mediator complex binding (GO:0036033, 6.04E-03)
asparaginase activity (GO:0004067, 6.04E-03)
small molecule binding (GO:0036094, 6.93E-03)
ion binding (GO:0043167, 8.03E-03)"
set2,"binding (GO:0005488, 3.27E-04)
structural constituent of postsynaptic specialization (GO:0098879, 1.49E-03)
structural constituent of postsynapse (GO:0099186, 9.83E-03)","binding (GO:0005488, 3.27E-04)
structural constituent of postsynaptic specialization (GO:0098879, 1.49E-03)
structural constituent of postsynapse (GO:0099186, 9.83E-03)","binding (GO:0005488, 3.27E-04)
structural constituent of postsynaptic specialization (GO:0098879, 1.49E-03)
structural constituent of postsynapse (GO:0099186, 9.83E-03)","binding (GO:0005488, 3.27E-04)
structural constituent of postsynaptic specialization (GO:0098879, 1.49E-03)
structural constituent of postsynapse (GO:0099186, 9.83E-03)"
set3,"binding (GO:0005488, 4.65E-09)
adenyl nucleotide binding (GO:0030554, 1.56E-04)
adenyl ribonucleotide binding (GO:0032559, 1.56E-04)
ATP binding (GO:0005524, 2.26E-04)
purine ribonucleotide binding (GO:0032555, 1.22E-03)
purine nucleotide binding (GO:0017076, 1.22E-03)
ribonucleotide binding (GO:0032553, 1.27E-03)
purine ribonucleoside triphosphate binding (GO:0035639, 1.46E-03)
nucleotide binding (GO:0000166, 1.46E-03)
nucleoside phosphate binding (GO:1901265, 1.47E-03)
anion binding (GO:0043168, 1.88E-03)
structural constituent of postsynaptic specialization (GO:0098879, 1.94E-03)
structural constituent of synapse (GO:0098918, 1.94E-03)
cohesin loader activity (GO:0061775, 2.97E-03)
heterocyclic compound binding (GO:1901363, 2.97E-03)
beta-tubulin binding (GO:0048487, 3.31E-03)
small molecule binding (GO:0036094, 3.31E-03)
ion binding (GO:0043167, 4.23E-03)
mediator complex binding (GO:0036033, 4.79E-03)
cytoskeletal protein binding (GO:0008092, 7.28E-03)
carbohydrate derivative binding (GO:0097367, 7.28E-03)
tubulin binding (GO:0015631, 9.33E-03)
structural constituent of postsynapse (GO:0099186, 9.33E-03)
CoA carboxylase activity (GO:0016421, 9.60E-03)","binding (GO:0005488, 4.65E-09)
adenyl nucleotide binding (GO:0030554, 1.56E-04)
adenyl ribonucleotide binding (GO:0032559, 1.56E-04)
ATP binding (GO:0005524, 2.26E-04)
purine ribonucleotide binding (GO:0032555, 1.22E-03)
purine nucleotide binding (GO:0017076, 1.22E-03)
ribonucleotide binding (GO:0032553, 1.27E-03)
purine ribonucleoside triphosphate binding (GO:0035639, 1.46E-03)
nucleotide binding (GO:0000166, 1.46E-03)
nucleoside phosphate binding (GO:1901265, 1.47E-03)
anion binding (GO:0043168, 1.88E-03)
structural constituent of postsynaptic specialization (GO:0098879, 1.94E-03)
structural constituent of synapse (GO:0098918, 1.94E-03)
cohesin loader activity (GO:0061775, 2.97E-03)
heterocyclic compound binding (GO:1901363, 2.97E-03)
beta-tubulin binding (GO:0048487, 3.31E-03)
small molecule binding (GO:0036094, 3.31E-03)
ion binding (GO:0043167, 4.23E-03)
mediator complex binding (GO:0036033, 4.79E-03)
cytoskeletal protein binding (GO:0008092, 7.28E-03)
carbohydrate derivative binding (GO:0097367, 7.28E-03)
tubulin binding (GO:0015631, 9.33E-03)
structural constituent of postsynapse (GO:0099186, 9.33E-03)
CoA carboxylase activity (GO:0016421, 9.60E-03)","binding (GO:0005488, 4.65E-09)
adenyl nucleotide binding (GO:0030554, 1.56E-04)
adenyl ribonucleotide binding (GO:0032559, 1.56E-04)
ATP binding (GO:0005524, 2.26E-04)
purine ribonucleotide binding (GO:0032555, 1.22E-03)
purine nucleotide binding (GO:0017076, 1.22E-03)
ribonucleotide binding (GO:0032553, 1.27E-03)
purine ribonucleoside triphosphate binding (GO:0035639, 1.46E-03)
nucleotide binding (GO:0000166, 1.46E-03)
nucleoside phosphate binding (GO:1901265, 1.47E-03)
anion binding (GO:0043168, 1.88E-03)
structural constituent of postsynaptic specialization (GO:0098879, 1.94E-03)
structural constituent of synapse (GO:0098918, 1.94E-03)
cohesin loader activity (GO:0061775, 2.97E-03)
heterocyclic compound binding (GO:1901363, 2.97E-03)
protein domain specific binding (GO:0019904, 2.97E-03)
beta-tubulin binding (GO:0048487, 3.31E-03)
small molecule binding (GO:0036094, 3.31E-03)
ion binding (GO:0043167, 4.23E-03)
mediator complex binding (GO:0036033, 4.79E-03)
cytoskeletal protein binding (GO:0008092, 7.28E-03)
carbohydrate derivative binding (GO:0097367, 7.28E-03)
tubulin binding (GO:0015631, 9.33E-03)
structural constituent of postsynapse (GO:0099186, 9.33E-03)
CoA carboxylase activity (GO:0016421, 9.60E-03)","binding (GO:0005488, 4.65E-09)
adenyl nucleotide binding (GO:0030554, 1.56E-04)
adenyl ribonucleotide binding (GO:0032559, 1.56E-04)
ATP binding (GO:0005524, 2.26E-04)
purine ribonucleotide binding (GO:0032555, 1.22E-03)
purine nucleotide binding (GO:0017076, 1.22E-03)
ribonucleotide binding (GO:0032553, 1.27E-03)
purine ribonucleoside triphosphate binding (GO:0035639, 1.46E-03)
nucleotide binding (GO:0000166, 1.46E-03)
nucleoside phosphate binding (GO:1901265, 1.47E-03)
anion binding (GO:0043168, 1.88E-03)
structural constituent of postsynaptic specialization (GO:0098879, 1.94E-03)
structural constituent of synapse (GO:0098918, 1.94E-03)
cohesin loader activity (GO:0061775, 2.97E-03)
heterocyclic compound binding (GO:1901363, 2.97E-03)
beta-tubulin binding (GO:0048487, 3.31E-03)
small molecule binding (GO:0036094, 3.31E-03)
ion binding (GO:0043167, 4.23E-03)
mediator complex binding (GO:0036033, 4.79E-03)
cytoskeletal protein binding (GO:0008092, 7.28E-03)
carbohydrate derivative binding (GO:0097367, 7.28E-03)
tubulin binding (GO:0015631, 9.33E-03)
structural constituent of postsynapse (GO:0099186, 9.33E-03)
CoA carboxylase activity (GO:0016421, 9.60E-03)"
set4,"binding (GO:0005488, 3.19E-07)
adenyl nucleotide binding (GO:0030554, 8.08E-04)
adenyl ribonucleotide binding (GO:0032559, 8.08E-04)
ATP binding (GO:0005524, 1.14E-03)
purine ribonucleotide binding (GO:0032555, 3.45E-03)
purine nucleotide binding (GO:0017076, 3.45E-03)
ribonucleotide binding (GO:0032553, 3.45E-03)
purine ribonucleoside triphosphate binding (GO:0035639, 3.45E-03)
nucleotide binding (GO:0000166, 3.45E-03)
nucleoside phosphate binding (GO:1901265, 3.45E-03)
structural constituent of postsynaptic specialization (GO:0098879, 3.45E-03)
structural constituent of synapse (GO:0098918, 3.45E-03)
cohesin loader activity (GO:0061775, 3.45E-03)
cytoskeletal protein binding (GO:0008092, 3.45E-03)
beta-aspartyl-peptidase activity (GO:0008798, 3.45E-03)
tubulin binding (GO:0015631, 3.45E-03)
beta-tubulin binding (GO:0048487, 3.45E-03)
asparaginase activity (GO:0004067, 4.93E-03)
mediator complex binding (GO:0036033, 4.93E-03)
heterocyclic compound binding (GO:1901363, 8.26E-03)
anion binding (GO:0043168, 8.49E-03)
catalytic activity, acting on a protein (GO:0140096, 8.49E-03)
structural constituent of postsynapse (GO:0099186, 9.51E-03)
CoA carboxylase activity (GO:0016421, 9.51E-03)
amidase activity (GO:0004040, 9.51E-03)","binding (GO:0005488, 3.19E-07)
adenyl nucleotide binding (GO:0030554, 8.08E-04)
adenyl ribonucleotide binding (GO:0032559, 8.08E-04)
ATP binding (GO:0005524, 1.14E-03)
purine ribonucleotide binding (GO:0032555, 3.45E-03)
purine nucleotide binding (GO:0017076, 3.45E-03)
ribonucleotide binding (GO:0032553, 3.45E-03)
purine ribonucleoside triphosphate binding (GO:0035639, 3.45E-03)
nucleotide binding (GO:0000166, 3.45E-03)
nucleoside phosphate binding (GO:1901265, 3.45E-03)
structural constituent of postsynaptic specialization (GO:0098879, 3.45E-03)
structural constituent of synapse (GO:0098918, 3.45E-03)
cohesin loader activity (GO:0061775, 3.45E-03)
cytoskeletal protein binding (GO:0008092, 3.45E-03)
beta-aspartyl-peptidase activity (GO:0008798, 3.45E-03)
tubulin binding (GO:0015631, 3.45E-03)
beta-tubulin binding (GO:0048487, 3.45E-03)
asparaginase activity (GO:0004067, 4.93E-03)
mediator complex binding (GO:0036033, 4.93E-03)
heterocyclic compound binding (GO:1901363, 8.26E-03)
anion binding (GO:0043168, 8.49E-03)
catalytic activity, acting on a protein (GO:0140096, 8.49E-03)
structural constituent of postsynapse (GO:0099186, 9.51E-03)
CoA carboxylase activity (GO:0016421, 9.51E-03)
amidase activity (GO:0004040, 9.51E-03)","binding (GO:0005488, 3.19E-07)
adenyl nucleotide binding (GO:0030554, 8.08E-04)
adenyl ribonucleotide binding (GO:0032559, 8.08E-04)
ATP binding (GO:0005524, 1.14E-03)
purine ribonucleotide binding (GO:0032555, 3.45E-03)
purine nucleotide binding (GO:0017076, 3.45E-03)
ribonucleotide binding (GO:0032553, 3.45E-03)
purine ribonucleoside triphosphate binding (GO:0035639, 3.45E-03)
nucleotide binding (GO:0000166, 3.45E-03)
nucleoside phosphate binding (GO:1901265, 3.45E-03)
structural constituent of postsynaptic specialization (GO:0098879, 3.45E-03)
structural constituent of synapse (GO:0098918, 3.45E-03)
cohesin loader activity (GO:0061775, 3.45E-03)
cytoskeletal protein binding (GO:0008092, 3.45E-03)
protein domain specific binding (GO:0019904, 3.45E-03)
beta-aspartyl-peptidase activity (GO:0008798, 3.45E-03)
tubulin binding (GO:0015631, 3.45E-03)
beta-tubulin binding (GO:0048487, 3.45E-03)
asparaginase activity (GO:0004067, 4.93E-03)
mediator complex binding (GO:0036033, 4.93E-03)
heterocyclic compound binding (GO:1901363, 8.26E-03)
anion binding (GO:0043168, 8.49E-03)
catalytic activity, acting on a protein (GO:0140096, 8.49E-03)
structural constituent of postsynapse (GO:0099186, 9.51E-03)
CoA carboxylase activity (GO:0016421, 9.51E-03)
amidase activity (GO:0004040, 9.51E-03)","binding (GO:0005488, 3.19E-07)
adenyl nucleotide binding (GO:0030554, 8.08E-04)
adenyl ribonucleotide binding (GO:0032559, 8.08E-04)
ATP binding (GO:0005524, 1.14E-03)
purine ribonucleotide binding (GO:0032555, 3.45E-03)
purine nucleotide binding (GO:0017076, 3.45E-03)
ribonucleotide binding (GO:0032553, 3.45E-03)
purine ribonucleoside triphosphate binding (GO:0035639, 3.45E-03)
nucleotide binding (GO:0000166, 3.45E-03)
nucleoside phosphate binding (GO:1901265, 3.45E-03)
structural constituent of postsynaptic specialization (GO:0098879, 3.45E-03)
structural constituent of synapse (GO:0098918, 3.45E-03)
cohesin loader activity (GO:0061775, 3.45E-03)
cytoskeletal protein binding (GO:0008092, 3.45E-03)
beta-aspartyl-peptidase activity (GO:0008798, 3.45E-03)
tubulin binding (GO:0015631, 3.45E-03)
beta-tubulin binding (GO:0048487, 3.45E-03)
asparaginase activity (GO:0004067, 4.93E-03)
mediator complex binding (GO:0036033, 4.93E-03)
heterocyclic compound binding (GO:1901363, 8.26E-03)
anion binding (GO:0043168, 8.49E-03)
catalytic activity, acting on a protein (GO:0140096, 8.49E-03)
structural constituent of postsynapse (GO:0099186, 9.51E-03)
CoA carboxylase activity (GO:0016421, 9.51E-03)
amidase activity (GO:0004040, 9.51E-03)"
set5,"binding (GO:0005488, 8.92E-08)
adenyl nucleotide binding (GO:0030554, 8.40E-04)
adenyl ribonucleotide binding (GO:0032559, 8.40E-04)
ATP binding (GO:0005524, 1.09E-03)
purine ribonucleotide binding (GO:0032555, 4.44E-03)
purine nucleotide binding (GO:0017076, 4.44E-03)
ribonucleotide binding (GO:0032553, 4.44E-03)
purine ribonucleoside triphosphate binding (GO:0035639, 4.44E-03)
nucleotide binding (GO:0000166, 4.44E-03)
structural constituent of postsynaptic specialization (GO:0098879, 4.44E-03)
structural constituent of synapse (GO:0098918, 4.44E-03)
cohesin loader activity (GO:0061775, 4.44E-03)
cytoskeletal protein binding (GO:0008092, 4.44E-03)
beta-aspartyl-peptidase activity (GO:0008798, 4.44E-03)
nucleoside phosphate binding (GO:1901265, 5.00E-03)
beta-tubulin binding (GO:0048487, 5.02E-03)
tubulin binding (GO:0015631, 5.43E-03)
asparaginase activity (GO:0004067, 5.62E-03)
anion binding (GO:0043168, 5.62E-03)
mediator complex binding (GO:0036033, 5.62E-03)
heterocyclic compound binding (GO:1901363, 9.42E-03)
small molecule binding (GO:0036094, 9.42E-03)
catalytic activity, acting on a protein (GO:0140096, 9.42E-03)
zinc ion binding (GO:0008270, 9.42E-03)","binding (GO:0005488, 8.92E-08)
adenyl nucleotide binding (GO:0030554, 8.40E-04)
adenyl ribonucleotide binding (GO:0032559, 8.40E-04)
ATP binding (GO:0005524, 1.09E-03)
purine ribonucleotide binding (GO:0032555, 4.44E-03)
purine nucleotide binding (GO:0017076, 4.44E-03)
ribonucleotide binding (GO:0032553, 4.44E-03)
purine ribonucleoside triphosphate binding (GO:0035639, 4.44E-03)
nucleotide binding (GO:0000166, 4.44E-03)
structural constituent of postsynaptic specialization (GO:0098879, 4.44E-03)
structural constituent of synapse (GO:0098918, 4.44E-03)
cohesin loader activity (GO:0061775, 4.44E-03)
cytoskeletal protein binding (GO:0008092, 4.44E-03)
beta-aspartyl-peptidase activity (GO:0008798, 4.44E-03)
nucleoside phosphate binding (GO:1901265, 5.00E-03)
beta-tubulin binding (GO:0048487, 5.02E-03)
tubulin binding (GO:0015631, 5.43E-03)
asparaginase activity (GO:0004067, 5.62E-03)
anion binding (GO:0043168, 5.62E-03)
mediator complex binding (GO:0036033, 5.62E-03)
heterocyclic compound binding (GO:1901363, 9.42E-03)
small molecule binding (GO:0036094, 9.42E-03)
catalytic activity, acting on a protein (GO:0140096, 9.42E-03)
zinc ion binding (GO:0008270, 9.42E-03)","binding (GO:0005488, 8.92E-08)
adenyl nucleotide binding (GO:0030554, 8.40E-04)
adenyl ribonucleotide binding (GO:0032559, 8.40E-04)
ATP binding (GO:0005524, 1.09E-03)
purine ribonucleotide binding (GO:0032555, 4.44E-03)
purine nucleotide binding (GO:0017076, 4.44E-03)
ribonucleotide binding (GO:0032553, 4.44E-03)
purine ribonucleoside triphosphate binding (GO:0035639, 4.44E-03)
nucleotide binding (GO:0000166, 4.44E-03)
structural constituent of postsynaptic specialization (GO:0098879, 4.44E-03)
structural constituent of synapse (GO:0098918, 4.44E-03)
cohesin loader activity (GO:0061775, 4.44E-03)
cytoskeletal protein binding (GO:0008092, 4.44E-03)
beta-aspartyl-peptidase activity (GO:0008798, 4.44E-03)
nucleoside phosphate binding (GO:1901265, 5.00E-03)
beta-tubulin binding (GO:0048487, 5.02E-03)
tubulin binding (GO:0015631, 5.43E-03)
asparaginase activity (GO:0004067, 5.62E-03)
anion binding (GO:0043168, 5.62E-03)
mediator complex binding (GO:0036033, 5.62E-03)
protein domain specific binding (GO:0019904, 5.62E-03)
heterocyclic compound binding (GO:1901363, 9.42E-03)
small molecule binding (GO:0036094, 9.42E-03)
catalytic activity, acting on a protein (GO:0140096, 9.42E-03)
zinc ion binding (GO:0008270, 9.42E-03)","binding (GO:0005488, 8.92E-08)
adenyl nucleotide binding (GO:0030554, 8.40E-04)
adenyl ribonucleotide binding (GO:0032559, 8.40E-04)
ATP binding (GO:0005524, 1.09E-03)
purine ribonucleotide binding (GO:0032555, 4.44E-03)
purine nucleotide binding (GO:0017076, 4.44E-03)
ribonucleotide binding (GO:0032553, 4.44E-03)
purine ribonucleoside triphosphate binding (GO:0035639, 4.44E-03)
nucleotide binding (GO:0000166, 4.44E-03)
structural constituent of postsynaptic specialization (GO:0098879, 4.44E-03)
structural constituent of synapse (GO:0098918, 4.44E-03)
cohesin loader activity (GO:0061775, 4.44E-03)
cytoskeletal protein binding (GO:0008092, 4.44E-03)
beta-aspartyl-peptidase activity (GO:0008798, 4.44E-03)
nucleoside phosphate binding (GO:1901265, 5.00E-03)
beta-tubulin binding (GO:0048487, 5.02E-03)
tubulin binding (GO:0015631, 5.43E-03)
asparaginase activity (GO:0004067, 5.62E-03)
anion binding (GO:0043168, 5.62E-03)
mediator complex binding (GO:0036033, 5.62E-03)
heterocyclic compound binding (GO:1901363, 9.42E-03)
small molecule binding (GO:0036094, 9.42E-03)
catalytic activity, acting on a protein (GO:0140096, 9.42E-03)
zinc ion binding (GO:0008270, 9.42E-03)"
set6,"cohesin loader activity (GO:0061775, 4.55E-03)
mediator complex binding (GO:0036033, 4.55E-03)
structural constituent of synapse (GO:0098918, 9.50E-03)","cohesin loader activity (GO:0061775, 4.55E-03)
mediator complex binding (GO:0036033, 4.55E-03)
structural constituent of synapse (GO:0098918, 9.50E-03)","cohesin loader activity (GO:0061775, 4.55E-03)
mediator complex binding (GO:0036033, 4.55E-03)
structural constituent of synapse (GO:0098918, 9.50E-03)","cohesin loader activity (GO:0061775, 4.55E-03)
mediator complex binding (GO:0036033, 4.55E-03)
structural constituent of synapse (GO:0098918, 9.50E-03)"
set7,"binding (GO:0005488, 9.29E-08)
adenyl nucleotide binding (GO:0030554, 8.54E-04)
adenyl ribonucleotide binding (GO:0032559, 8.54E-04)
ATP binding (GO:0005524, 1.21E-03)
purine ribonucleotide binding (GO:0032555, 3.64E-03)
purine nucleotide binding (GO:0017076, 3.64E-03)
ribonucleotide binding (GO:0032553, 3.64E-03)
purine ribonucleoside triphosphate binding (GO:0035639, 3.64E-03)
nucleotide binding (GO:0000166, 3.64E-03)
nucleoside phosphate binding (GO:1901265, 3.64E-03)
structural constituent of postsynaptic specialization (GO:0098879, 3.64E-03)
structural constituent of synapse (GO:0098918, 3.64E-03)
cohesin loader activity (GO:0061775, 3.64E-03)
cytoskeletal protein binding (GO:0008092, 3.64E-03)
beta-aspartyl-peptidase activity (GO:0008798, 3.64E-03)
tubulin binding (GO:0015631, 3.64E-03)
beta-tubulin binding (GO:0048487, 3.64E-03)
small molecule binding (GO:0036094, 3.86E-03)
catalytic activity, acting on a protein (GO:0140096, 4.27E-03)
anion binding (GO:0043168, 4.27E-03)
ion binding (GO:0043167, 4.37E-03)
asparaginase activity (GO:0004067, 4.38E-03)
mediator complex binding (GO:0036033, 4.38E-03)
zinc ion binding (GO:0008270, 5.21E-03)
heterocyclic compound binding (GO:1901363, 7.12E-03)
structural constituent of postsynapse (GO:0099186, 9.05E-03)
CoA carboxylase activity (GO:0016421, 9.05E-03)
amidase activity (GO:0004040, 9.05E-03)
catalytic activity (GO:0003824, 9.53E-03)","binding (GO:0005488, 9.29E-08)
adenyl nucleotide binding (GO:0030554, 8.54E-04)
adenyl ribonucleotide binding (GO:0032559, 8.54E-04)
ATP binding (GO:0005524, 1.21E-03)
purine ribonucleotide binding (GO:0032555, 3.64E-03)
purine nucleotide binding (GO:0017076, 3.64E-03)
ribonucleotide binding (GO:0032553, 3.64E-03)
purine ribonucleoside triphosphate binding (GO:0035639, 3.64E-03)
nucleotide binding (GO:0000166, 3.64E-03)
nucleoside phosphate binding (GO:1901265, 3.64E-03)
structural constituent of postsynaptic specialization (GO:0098879, 3.64E-03)
structural constituent of synapse (GO:0098918, 3.64E-03)
cohesin loader activity (GO:0061775, 3.64E-03)
cytoskeletal protein binding (GO:0008092, 3.64E-03)
beta-aspartyl-peptidase activity (GO:0008798, 3.64E-03)
tubulin binding (GO:0015631, 3.64E-03)
beta-tubulin binding (GO:0048487, 3.64E-03)
small molecule binding (GO:0036094, 3.86E-03)
catalytic activity, acting on a protein (GO:0140096, 4.27E-03)
anion binding (GO:0043168, 4.27E-03)
ion binding (GO:0043167, 4.37E-03)
asparaginase activity (GO:0004067, 4.38E-03)
mediator complex binding (GO:0036033, 4.38E-03)
zinc ion binding (GO:0008270, 5.21E-03)
heterocyclic compound binding (GO:1901363, 7.12E-03)
structural constituent of postsynapse (GO:0099186, 9.05E-03)
CoA carboxylase activity (GO:0016421, 9.05E-03)
amidase activity (GO:0004040, 9.05E-03)
catalytic activity (GO:0003824, 9.53E-03)","binding (GO:0005488, 9.29E-08)
adenyl nucleotide binding (GO:0030554, 8.54E-04)
adenyl ribonucleotide binding (GO:0032559, 8.54E-04)
ATP binding (GO:0005524, 1.21E-03)
purine ribonucleotide binding (GO:0032555, 3.64E-03)
purine nucleotide binding (GO:0017076, 3.64E-03)
ribonucleotide binding (GO:0032553, 3.64E-03)
purine ribonucleoside triphosphate binding (GO:0035639, 3.64E-03)
nucleotide binding (GO:0000166, 3.64E-03)
nucleoside phosphate binding (GO:1901265, 3.64E-03)
structural constituent of postsynaptic specialization (GO:0098879, 3.64E-03)
structural constituent of synapse (GO:0098918, 3.64E-03)
cohesin loader activity (GO:0061775, 3.64E-03)
cytoskeletal protein binding (GO:0008092, 3.64E-03)
protein domain specific binding (GO:0019904, 3.64E-03)
beta-aspartyl-peptidase activity (GO:0008798, 3.64E-03)
tubulin binding (GO:0015631, 3.64E-03)
beta-tubulin binding (GO:0048487, 3.64E-03)
small molecule binding (GO:0036094, 3.86E-03)
catalytic activity, acting on a protein (GO:0140096, 4.27E-03)
anion binding (GO:0043168, 4.27E-03)
ion binding (GO:0043167, 4.37E-03)
asparaginase activity (GO:0004067, 4.38E-03)
mediator complex binding (GO:0036033, 4.38E-03)
zinc ion binding (GO:0008270, 5.21E-03)
heterocyclic compound binding (GO:1901363, 7.12E-03)
structural constituent of postsynapse (GO:0099186, 9.05E-03)
CoA carboxylase activity (GO:0016421, 9.05E-03)
amidase activity (GO:0004040, 9.05E-03)
catalytic activity (GO:0003824, 9.53E-03)","binding (GO:0005488, 9.29E-08)
adenyl nucleotide binding (GO:0030554, 8.54E-04)
adenyl ribonucleotide binding (GO:0032559, 8.54E-04)
ATP binding (GO:0005524, 1.21E-03)
purine ribonucleotide binding (GO:0032555, 3.64E-03)
purine nucleotide binding (GO:0017076, 3.64E-03)
ribonucleotide binding (GO:0032553, 3.64E-03)
purine ribonucleoside triphosphate binding (GO:0035639, 3.64E-03)
nucleotide binding (GO:0000166, 3.64E-03)
nucleoside phosphate binding (GO:1901265, 3.64E-03)
structural constituent of postsynaptic specialization (GO:0098879, 3.64E-03)
structural constituent of synapse (GO:0098918, 3.64E-03)
cohesin loader activity (GO:0061775, 3.64E-03)
cytoskeletal protein binding (GO:0008092, 3.64E-03)
beta-aspartyl-peptidase activity (GO:0008798, 3.64E-03)
tubulin binding (GO:0015631, 3.64E-03)
beta-tubulin binding (GO:0048487, 3.64E-03)
small molecule binding (GO:0036094, 3.86E-03)
catalytic activity, acting on a protein (GO:0140096, 4.27E-03)
anion binding (GO:0043168, 4.27E-03)
ion binding (GO:0043167, 4.37E-03)
asparaginase activity (GO:0004067, 4.38E-03)
mediator complex binding (GO:0036033, 4.38E-03)
zinc ion binding (GO:0008270, 5.21E-03)
heterocyclic compound binding (GO:1901363, 7.12E-03)
structural constituent of postsynapse (GO:0099186, 9.05E-03)
CoA carboxylase activity (GO:0016421, 9.05E-03)
amidase activity (GO:0004040, 9.05E-03)
catalytic activity (GO:0003824, 9.53E-03)"
set8,"binding (GO:0005488, 4.43E-08)
adenyl nucleotide binding (GO:0030554, 6.66E-04)
adenyl ribonucleotide binding (GO:0032559, 6.66E-04)
ATP binding (GO:0005524, 8.74E-04)
purine ribonucleotide binding (GO:0032555, 3.84E-03)
purine nucleotide binding (GO:0017076, 3.84E-03)
ribonucleotide binding (GO:0032553, 3.84E-03)
structural constituent of postsynaptic specialization (GO:0098879, 3.84E-03)
structural constituent of synapse (GO:0098918, 3.84E-03)
cytoskeletal protein binding (GO:0008092, 3.84E-03)
nucleotide binding (GO:0000166, 4.02E-03)
nucleoside phosphate binding (GO:1901265, 4.02E-03)
cohesin loader activity (GO:0061775, 4.02E-03)
beta-aspartyl-peptidase activity (GO:0008798, 4.02E-03)
purine ribonucleoside triphosphate binding (GO:0035639, 4.02E-03)
tubulin binding (GO:0015631, 4.68E-03)
beta-tubulin binding (GO:0048487, 4.68E-03)
small molecule binding (GO:0036094, 4.68E-03)
anion binding (GO:0043168, 4.71E-03)
ion binding (GO:0043167, 4.99E-03)
mediator complex binding (GO:0036033, 5.06E-03)
asparaginase activity (GO:0004067, 5.06E-03)
heterocyclic compound binding (GO:1901363, 7.33E-03)
catalytic activity, acting on a protein (GO:0140096, 7.67E-03)
zinc ion binding (GO:0008270, 8.04E-03)","binding (GO:0005488, 4.43E-08)
adenyl nucleotide binding (GO:0030554, 6.66E-04)
adenyl ribonucleotide binding (GO:0032559, 6.66E-04)
ATP binding (GO:0005524, 8.74E-04)
purine ribonucleotide binding (GO:0032555, 3.84E-03)
purine nucleotide binding (GO:0017076, 3.84E-03)
ribonucleotide binding (GO:0032553, 3.84E-03)
structural constituent of postsynaptic specialization (GO:0098879, 3.84E-03)
structural constituent of synapse (GO:0098918, 3.84E-03)
cytoskeletal protein binding (GO:0008092, 3.84E-03)
nucleotide binding (GO:0000166, 4.02E-03)
nucleoside phosphate binding (GO:1901265, 4.02E-03)
cohesin loader activity (GO:0061775, 4.02E-03)
beta-aspartyl-peptidase activity (GO:0008798, 4.02E-03)
purine ribonucleoside triphosphate binding (GO:0035639, 4.02E-03)
tubulin binding (GO:0015631, 4.68E-03)
beta-tubulin binding (GO:0048487, 4.68E-03)
small molecule binding (GO:0036094, 4.68E-03)
anion binding (GO:0043168, 4.71E-03)
ion binding (GO:0043167, 4.99E-03)
mediator complex binding (GO:0036033, 5.06E-03)
asparaginase activity (GO:0004067, 5.06E-03)
heterocyclic compound binding (GO:1901363, 7.33E-03)
catalytic activity, acting on a protein (GO:0140096, 7.67E-03)
zinc ion binding (GO:0008270, 8.04E-03)","binding (GO:0005488, 4.43E-08)
adenyl nucleotide binding (GO:0030554, 6.66E-04)
adenyl ribonucleotide binding (GO:0032559, 6.66E-04)
ATP binding (GO:0005524, 8.74E-04)
purine ribonucleotide binding (GO:0032555, 3.84E-03)
purine nucleotide binding (GO:0017076, 3.84E-03)
ribonucleotide binding (GO:0032553, 3.84E-03)
structural constituent of postsynaptic specialization (GO:0098879, 3.84E-03)
structural constituent of synapse (GO:0098918, 3.84E-03)
cytoskeletal protein binding (GO:0008092, 3.84E-03)
nucleotide binding (GO:0000166, 4.02E-03)
nucleoside phosphate binding (GO:1901265, 4.02E-03)
cohesin loader activity (GO:0061775, 4.02E-03)
beta-aspartyl-peptidase activity (GO:0008798, 4.02E-03)
purine ribonucleoside triphosphate binding (GO:0035639, 4.02E-03)
tubulin binding (GO:0015631, 4.68E-03)
beta-tubulin binding (GO:0048487, 4.68E-03)
small molecule binding (GO:0036094, 4.68E-03)
anion binding (GO:0043168, 4.71E-03)
ion binding (GO:0043167, 4.99E-03)
protein domain specific binding (GO:0019904, 4.99E-03)
mediator complex binding (GO:0036033, 5.06E-03)
asparaginase activity (GO:0004067, 5.06E-03)
heterocyclic compound binding (GO:1901363, 7.33E-03)
catalytic activity, acting on a protein (GO:0140096, 7.67E-03)
zinc ion binding (GO:0008270, 8.04E-03)","binding (GO:0005488, 4.43E-08)
adenyl nucleotide binding (GO:0030554, 6.66E-04)
adenyl ribonucleotide binding (GO:0032559, 6.66E-04)
ATP binding (GO:0005524, 8.74E-04)
purine ribonucleotide binding (GO:0032555, 3.84E-03)
purine nucleotide binding (GO:0017076, 3.84E-03)
ribonucleotide binding (GO:0032553, 3.84E-03)
structural constituent of postsynaptic specialization (GO:0098879, 3.84E-03)
structural constituent of synapse (GO:0098918, 3.84E-03)
cytoskeletal protein binding (GO:0008092, 3.84E-03)
nucleotide binding (GO:0000166, 4.02E-03)
nucleoside phosphate binding (GO:1901265, 4.02E-03)
cohesin loader activity (GO:0061775, 4.02E-03)
beta-aspartyl-peptidase activity (GO:0008798, 4.02E-03)
purine ribonucleoside triphosphate binding (GO:0035639, 4.02E-03)
tubulin binding (GO:0015631, 4.68E-03)
beta-tubulin binding (GO:0048487, 4.68E-03)
small molecule binding (GO:0036094, 4.68E-03)
anion binding (GO:0043168, 4.71E-03)
ion binding (GO:0043167, 4.99E-03)
mediator complex binding (GO:0036033, 5.06E-03)
asparaginase activity (GO:0004067, 5.06E-03)
heterocyclic compound binding (GO:1901363, 7.33E-03)
catalytic activity, acting on a protein (GO:0140096, 7.67E-03)
zinc ion binding (GO:0008270, 8.04E-03)"
set9,"binding (GO:0005488, 3.82E-08)
adenyl nucleotide binding (GO:0030554, 4.02E-04)
adenyl ribonucleotide binding (GO:0032559, 4.02E-04)
ATP binding (GO:0005524, 5.48E-04)
purine ribonucleotide binding (GO:0032555, 2.97E-03)
purine nucleotide binding (GO:0017076, 2.97E-03)
ribonucleotide binding (GO:0032553, 3.04E-03)
purine ribonucleoside triphosphate binding (GO:0035639, 3.08E-03)
nucleotide binding (GO:0000166, 3.08E-03)
cytoskeletal protein binding (GO:0008092, 3.08E-03)
nucleoside phosphate binding (GO:1901265, 3.33E-03)
anion binding (GO:0043168, 3.84E-03)
cohesin loader activity (GO:0061775, 3.84E-03)
beta-aspartyl-peptidase activity (GO:0008798, 3.84E-03)
beta-tubulin binding (GO:0048487, 4.33E-03)
tubulin binding (GO:0015631, 4.33E-03)
heterocyclic compound binding (GO:1901363, 5.83E-03)
mediator complex binding (GO:0036033, 5.83E-03)
asparaginase activity (GO:0004067, 5.83E-03)
small molecule binding (GO:0036094, 6.77E-03)
zinc ion binding (GO:0008270, 7.55E-03)
ion binding (GO:0043167, 7.85E-03)","binding (GO:0005488, 3.82E-08)
adenyl nucleotide binding (GO:0030554, 4.02E-04)
adenyl ribonucleotide binding (GO:0032559, 4.02E-04)
ATP binding (GO:0005524, 5.48E-04)
purine ribonucleotide binding (GO:0032555, 2.97E-03)
purine nucleotide binding (GO:0017076, 2.97E-03)
ribonucleotide binding (GO:0032553, 3.04E-03)
purine ribonucleoside triphosphate binding (GO:0035639, 3.08E-03)
nucleotide binding (GO:0000166, 3.08E-03)
cytoskeletal protein binding (GO:0008092, 3.08E-03)
nucleoside phosphate binding (GO:1901265, 3.33E-03)
anion binding (GO:0043168, 3.84E-03)
cohesin loader activity (GO:0061775, 3.84E-03)
beta-aspartyl-peptidase activity (GO:0008798, 3.84E-03)
beta-tubulin binding (GO:0048487, 4.33E-03)
tubulin binding (GO:0015631, 4.33E-03)
heterocyclic compound binding (GO:1901363, 5.83E-03)
mediator complex binding (GO:0036033, 5.83E-03)
asparaginase activity (GO:0004067, 5.83E-03)
small molecule binding (GO:0036094, 6.77E-03)
zinc ion binding (GO:0008270, 7.55E-03)
ion binding (GO:0043167, 7.85E-03)","binding (GO:0005488, 3.82E-08)
adenyl nucleotide binding (GO:0030554, 4.02E-04)
adenyl ribonucleotide binding (GO:0032559, 4.02E-04)
ATP binding (GO:0005524, 5.48E-04)
purine ribonucleotide binding (GO:0032555, 2.97E-03)
purine nucleotide binding (GO:0017076, 2.97E-03)
ribonucleotide binding (GO:0032553, 3.04E-03)
purine ribonucleoside triphosphate binding (GO:0035639, 3.08E-03)
nucleotide binding (GO:0000166, 3.08E-03)
cytoskeletal protein binding (GO:0008092, 3.08E-03)
nucleoside phosphate binding (GO:1901265, 3.33E-03)
anion binding (GO:0043168, 3.84E-03)
cohesin loader activity (GO:0061775, 3.84E-03)
beta-aspartyl-peptidase activity (GO:0008798, 3.84E-03)
beta-tubulin binding (GO:0048487, 4.33E-03)
tubulin binding (GO:0015631, 4.33E-03)
heterocyclic compound binding (GO:1901363, 5.83E-03)
mediator complex binding (GO:0036033, 5.83E-03)
asparaginase activity (GO:0004067, 5.83E-03)
small molecule binding (GO:0036094, 6.77E-03)
zinc ion binding (GO:0008270, 7.55E-03)
ion binding (GO:0043167, 7.85E-03)","binding (GO:0005488, 3.82E-08)
adenyl nucleotide binding (GO:0030554, 4.02E-04)
adenyl ribonucleotide binding (GO:0032559, 4.02E-04)
ATP binding (GO:0005524, 5.48E-04)
purine ribonucleotide binding (GO:0032555, 2.97E-03)
purine nucleotide binding (GO:0017076, 2.97E-03)
ribonucleotide binding (GO:0032553, 3.04E-03)
purine ribonucleoside triphosphate binding (GO:0035639, 3.08E-03)
nucleotide binding (GO:0000166, 3.08E-03)
cytoskeletal protein binding (GO:0008092, 3.08E-03)
nucleoside phosphate binding (GO:1901265, 3.33E-03)
anion binding (GO:0043168, 3.84E-03)
cohesin loader activity (GO:0061775, 3.84E-03)
beta-aspartyl-peptidase activity (GO:0008798, 3.84E-03)
beta-tubulin binding (GO:0048487, 4.33E-03)
tubulin binding (GO:0015631, 4.33E-03)
heterocyclic compound binding (GO:1901363, 5.83E-03)
mediator complex binding (GO:0036033, 5.83E-03)
asparaginase activity (GO:0004067, 5.83E-03)
small molecule binding (GO:0036094, 6.77E-03)
zinc ion binding (GO:0008270, 7.55E-03)
ion binding (GO:0043167, 7.85E-03)"
set10,"binding (GO:0005488, 2.53E-07)
adenyl nucleotide binding (GO:0030554, 9.64E-04)
adenyl ribonucleotide binding (GO:0032559, 9.64E-04)
ATP binding (GO:0005524, 1.35E-03)
structural constituent of postsynaptic specialization (GO:0098879, 3.86E-03)
structural constituent of synapse (GO:0098918, 3.86E-03)
cytoskeletal protein binding (GO:0008092, 3.86E-03)
ribonucleotide binding (GO:0032553, 3.95E-03)
purine nucleotide binding (GO:0017076, 3.95E-03)
nucleotide binding (GO:0000166, 3.95E-03)
purine ribonucleoside triphosphate binding (GO:0035639, 3.95E-03)
cohesin loader activity (GO:0061775, 3.95E-03)
beta-tubulin binding (GO:0048487, 3.95E-03)
purine ribonucleotide binding (GO:0032555, 3.95E-03)
beta-aspartyl-peptidase activity (GO:0008798, 3.95E-03)
tubulin binding (GO:0015631, 3.95E-03)
nucleoside phosphate binding (GO:1901265, 4.09E-03)
anion binding (GO:0043168, 4.62E-03)
mediator complex binding (GO:0036033, 4.62E-03)
small molecule binding (GO:0036094, 4.62E-03)
catalytic activity, acting on a protein (GO:0140096, 4.62E-03)
asparaginase activity (GO:0004067, 4.62E-03)
ion binding (GO:0043167, 4.90E-03)
zinc ion binding (GO:0008270, 5.57E-03)
heterocyclic compound binding (GO:1901363, 7.94E-03)
structural constituent of postsynapse (GO:0099186, 9.17E-03)
CoA carboxylase activity (GO:0016421, 9.17E-03)
amidase activity (GO:0004040, 9.17E-03)","binding (GO:0005488, 2.53E-07)
adenyl nucleotide binding (GO:0030554, 9.64E-04)
adenyl ribonucleotide binding (GO:0032559, 9.64E-04)
ATP binding (GO:0005524, 1.35E-03)
structural constituent of postsynaptic specialization (GO:0098879, 3.86E-03)
structural constituent of synapse (GO:0098918, 3.86E-03)
cytoskeletal protein binding (GO:0008092, 3.86E-03)
ribonucleotide binding (GO:0032553, 3.95E-03)
purine nucleotide binding (GO:0017076, 3.95E-03)
nucleotide binding (GO:0000166, 3.95E-03)
purine ribonucleoside triphosphate binding (GO:0035639, 3.95E-03)
cohesin loader activity (GO:0061775, 3.95E-03)
beta-tubulin binding (GO:0048487, 3.95E-03)
purine ribonucleotide binding (GO:0032555, 3.95E-03)
beta-aspartyl-peptidase activity (GO:0008798, 3.95E-03)
tubulin binding (GO:0015631, 3.95E-03)
nucleoside phosphate binding (GO:1901265, 4.09E-03)
anion binding (GO:0043168, 4.62E-03)
mediator complex binding (GO:0036033, 4.62E-03)
small molecule binding (GO:0036094, 4.62E-03)
catalytic activity, acting on a protein (GO:0140096, 4.62E-03)
asparaginase activity (GO:0004067, 4.62E-03)
ion binding (GO:0043167, 4.90E-03)
zinc ion binding (GO:0008270, 5.57E-03)
heterocyclic compound binding (GO:1901363, 7.94E-03)
structural constituent of postsynapse (GO:0099186, 9.17E-03)
CoA carboxylase activity (GO:0016421, 9.17E-03)
amidase activity (GO:0004040, 9.17E-03)","binding (GO:0005488, 2.53E-07)
adenyl nucleotide binding (GO:0030554, 9.64E-04)
adenyl ribonucleotide binding (GO:0032559, 9.64E-04)
ATP binding (GO:0005524, 1.35E-03)
structural constituent of postsynaptic specialization (GO:0098879, 3.86E-03)
structural constituent of synapse (GO:0098918, 3.86E-03)
cytoskeletal protein binding (GO:0008092, 3.86E-03)
ribonucleotide binding (GO:0032553, 3.95E-03)
purine nucleotide binding (GO:0017076, 3.95E-03)
nucleotide binding (GO:0000166, 3.95E-03)
purine ribonucleoside triphosphate binding (GO:0035639, 3.95E-03)
cohesin loader activity (GO:0061775, 3.95E-03)
beta-tubulin binding (GO:0048487, 3.95E-03)
protein domain specific binding (GO:0019904, 3.95E-03)
purine ribonucleotide binding (GO:0032555, 3.95E-03)
beta-aspartyl-peptidase activity (GO:0008798, 3.95E-03)
tubulin binding (GO:0015631, 3.95E-03)
nucleoside phosphate binding (GO:1901265, 4.09E-03)
anion binding (GO:0043168, 4.62E-03)
mediator complex binding (GO:0036033, 4.62E-03)
small molecule binding (GO:0036094, 4.62E-03)
catalytic activity, acting on a protein (GO:0140096, 4.62E-03)
asparaginase activity (GO:0004067, 4.62E-03)
ion binding (GO:0043167, 4.90E-03)
zinc ion binding (GO:0008270, 5.57E-03)
heterocyclic compound binding (GO:1901363, 7.94E-03)
structural constituent of postsynapse (GO:0099186, 9.17E-03)
CoA carboxylase activity (GO:0016421, 9.17E-03)
amidase activity (GO:0004040, 9.17E-03)","binding (GO:0005488, 2.53E-07)
adenyl nucleotide binding (GO:0030554, 9.64E-04)
adenyl ribonucleotide binding (GO:0032559, 9.64E-04)
ATP binding (GO:0005524, 1.35E-03)
structural constituent of postsynaptic specialization (GO:0098879, 3.86E-03)
structural constituent of synapse (GO:0098918, 3.86E-03)
cytoskeletal protein binding (GO:0008092, 3.86E-03)
ribonucleotide binding (GO:0032553, 3.95E-03)
purine nucleotide binding (GO:0017076, 3.95E-03)
nucleotide binding (GO:0000166, 3.95E-03)
purine ribonucleoside triphosphate binding (GO:0035639, 3.95E-03)
cohesin loader activity (GO:0061775, 3.95E-03)
beta-tubulin binding (GO:0048487, 3.95E-03)
purine ribonucleotide binding (GO:0032555, 3.95E-03)
beta-aspartyl-peptidase activity (GO:0008798, 3.95E-03)
tubulin binding (GO:0015631, 3.95E-03)
nucleoside phosphate binding (GO:1901265, 4.09E-03)
anion binding (GO:0043168, 4.62E-03)
mediator complex binding (GO:0036033, 4.62E-03)
small molecule binding (GO:0036094, 4.62E-03)
catalytic activity, acting on a protein (GO:0140096, 4.62E-03)
asparaginase activity (GO:0004067, 4.62E-03)
ion binding (GO:0043167, 4.90E-03)
zinc ion binding (GO:0008270, 5.57E-03)
heterocyclic compound binding (GO:1901363, 7.94E-03)
structural constituent of postsynapse (GO:0099186, 9.17E-03)
CoA carboxylase activity (GO:0016421, 9.17E-03)
amidase activity (GO:0004040, 9.17E-03)"
set11,,,,
set12,"binding (GO:0005488, 3.28E-08)
adenyl nucleotide binding (GO:0030554, 7.46E-04)
adenyl ribonucleotide binding (GO:0032559, 7.46E-04)
ATP binding (GO:0005524, 9.72E-04)
purine ribonucleotide binding (GO:0032555, 4.09E-03)
purine nucleotide binding (GO:0017076, 4.09E-03)
ribonucleotide binding (GO:0032553, 4.09E-03)
purine ribonucleoside triphosphate binding (GO:0035639, 4.09E-03)
nucleotide binding (GO:0000166, 4.09E-03)
structural constituent of postsynaptic specialization (GO:0098879, 4.09E-03)
structural constituent of synapse (GO:0098918, 4.09E-03)
cohesin loader activity (GO:0061775, 4.09E-03)
cytoskeletal protein binding (GO:0008092, 4.09E-03)
beta-aspartyl-peptidase activity (GO:0008798, 4.09E-03)
nucleoside phosphate binding (GO:1901265, 4.47E-03)
beta-tubulin binding (GO:0048487, 4.90E-03)
tubulin binding (GO:0015631, 5.17E-03)
anion binding (GO:0043168, 5.53E-03)
mediator complex binding (GO:0036033, 5.55E-03)
asparaginase activity (GO:0004067, 5.55E-03)
heterocyclic compound binding (GO:1901363, 8.45E-03)
small molecule binding (GO:0036094, 8.45E-03)
catalytic activity, acting on a protein (GO:0140096, 8.82E-03)
zinc ion binding (GO:0008270, 8.84E-03)
ion binding (GO:0043167, 9.09E-03)","binding (GO:0005488, 3.28E-08)
adenyl nucleotide binding (GO:0030554, 7.46E-04)
adenyl ribonucleotide binding (GO:0032559, 7.46E-04)
ATP binding (GO:0005524, 9.72E-04)
purine ribonucleotide binding (GO:0032555, 4.09E-03)
purine nucleotide binding (GO:0017076, 4.09E-03)
ribonucleotide binding (GO:0032553, 4.09E-03)
purine ribonucleoside triphosphate binding (GO:0035639, 4.09E-03)
nucleotide binding (GO:0000166, 4.09E-03)
structural constituent of postsynaptic specialization (GO:0098879, 4.09E-03)
structural constituent of synapse (GO:0098918, 4.09E-03)
cohesin loader activity (GO:0061775, 4.09E-03)
cytoskeletal protein binding (GO:0008092, 4.09E-03)
beta-aspartyl-peptidase activity (GO:0008798, 4.09E-03)
nucleoside phosphate binding (GO:1901265, 4.47E-03)
beta-tubulin binding (GO:0048487, 4.90E-03)
tubulin binding (GO:0015631, 5.17E-03)
anion binding (GO:0043168, 5.53E-03)
mediator complex binding (GO:0036033, 5.55E-03)
asparaginase activity (GO:0004067, 5.55E-03)
heterocyclic compound binding (GO:1901363, 8.45E-03)
small molecule binding (GO:0036094, 8.45E-03)
catalytic activity, acting on a protein (GO:0140096, 8.82E-03)
zinc ion binding (GO:0008270, 8.84E-03)
ion binding (GO:0043167, 9.09E-03)","binding (GO:0005488, 3.28E-08)
adenyl nucleotide binding (GO:0030554, 7.46E-04)
adenyl ribonucleotide binding (GO:0032559, 7.46E-04)
ATP binding (GO:0005524, 9.72E-04)
purine ribonucleotide binding (GO:0032555, 4.09E-03)
purine nucleotide binding (GO:0017076, 4.09E-03)
ribonucleotide binding (GO:0032553, 4.09E-03)
purine ribonucleoside triphosphate binding (GO:0035639, 4.09E-03)
nucleotide binding (GO:0000166, 4.09E-03)
structural constituent of postsynaptic specialization (GO:0098879, 4.09E-03)
structural constituent of synapse (GO:0098918, 4.09E-03)
cohesin loader activity (GO:0061775, 4.09E-03)
cytoskeletal protein binding (GO:0008092, 4.09E-03)
beta-aspartyl-peptidase activity (GO:0008798, 4.09E-03)
nucleoside phosphate binding (GO:1901265, 4.47E-03)
beta-tubulin binding (GO:0048487, 4.90E-03)
tubulin binding (GO:0015631, 5.17E-03)
anion binding (GO:0043168, 5.53E-03)
protein domain specific binding (GO:0019904, 5.55E-03)
mediator complex binding (GO:0036033, 5.55E-03)
asparaginase activity (GO:0004067, 5.55E-03)
heterocyclic compound binding (GO:1901363, 8.45E-03)
small molecule binding (GO:0036094, 8.45E-03)
catalytic activity, acting on a protein (GO:0140096, 8.82E-03)
zinc ion binding (GO:0008270, 8.84E-03)
ion binding (GO:0043167, 9.09E-03)","binding (GO:0005488, 3.28E-08)
adenyl nucleotide binding (GO:0030554, 7.46E-04)
adenyl ribonucleotide binding (GO:0032559, 7.46E-04)
ATP binding (GO:0005524, 9.72E-04)
purine ribonucleotide binding (GO:0032555, 4.09E-03)
purine nucleotide binding (GO:0017076, 4.09E-03)
ribonucleotide binding (GO:0032553, 4.09E-03)
purine ribonucleoside triphosphate binding (GO:0035639, 4.09E-03)
nucleotide binding (GO:0000166, 4.09E-03)
structural constituent of postsynaptic specialization (GO:0098879, 4.09E-03)
structural constituent of synapse (GO:0098918, 4.09E-03)
cohesin loader activity (GO:0061775, 4.09E-03)
cytoskeletal protein binding (GO:0008092, 4.09E-03)
beta-aspartyl-peptidase activity (GO:0008798, 4.09E-03)
nucleoside phosphate binding (GO:1901265, 4.47E-03)
beta-tubulin binding (GO:0048487, 4.90E-03)
tubulin binding (GO:0015631, 5.17E-03)
anion binding (GO:0043168, 5.53E-03)
mediator complex binding (GO:0036033, 5.55E-03)
asparaginase activity (GO:0004067, 5.55E-03)
heterocyclic compound binding (GO:1901363, 8.45E-03)
small molecule binding (GO:0036094, 8.45E-03)
catalytic activity, acting on a protein (GO:0140096, 8.82E-03)
zinc ion binding (GO:0008270, 8.84E-03)
ion binding (GO:0043167, 9.09E-03)"
