,set1,set2,set3,set4
set1,"membrane-bounded organelle (GO:0043227, 1.25E-07)
motile cilium (GO:0031514, 6.04E-06)
glutamatergic synapse (GO:0098978, 1.41E-05)
intracellular membrane-bounded organelle (GO:0043231, 1.45E-05)
cellular anatomical structure (GO:0110165, 7.64E-05)
ciliary base (GO:0097546, 8.61E-05)
9+2 motile cilium (GO:0097729, 8.63E-05)
postsynaptic specialization, intracellular component (GO:0099091, 1.34E-04)
spindle pole (GO:0000922, 1.34E-04)
ciliary basal body (GO:0036064, 1.53E-04)
sperm flagellum (GO:0036126, 2.37E-04)
cohesin complex (GO:0008278, 2.93E-04)
spindle (GO:0005819, 4.66E-04)
postsynaptic density, intracellular component (GO:0099092, 1.01E-03)
microtubule (GO:0005874, 1.13E-03)
axoneme (GO:0005930, 1.16E-03)
ciliary plasm (GO:0097014, 1.17E-03)
endomembrane system (GO:0012505, 3.92E-03)
actin filament bundle (GO:0032432, 3.96E-03)
non-motile cilium (GO:0097730, 3.97E-03)
inhibitory synapse (GO:0060077, 4.83E-03)
meiotic cohesin complex (GO:0030893, 4.83E-03)
nucleus (GO:0005634, 5.06E-03)
mitotic spindle (GO:0072686, 5.27E-03)
cytoplasmic region (GO:0099568, 5.90E-03)
postsynaptic membrane (GO:0045211, 6.25E-03)
GABA-ergic synapse (GO:0098982, 6.64E-03)
acrosomal vesicle (GO:0001669, 7.28E-03)
perinuclear region of cytoplasm (GO:0048471, 8.20E-03)","membrane-bounded organelle (GO:0043227, 1.25E-07)
motile cilium (GO:0031514, 6.04E-06)
glutamatergic synapse (GO:0098978, 1.41E-05)
intracellular membrane-bounded organelle (GO:0043231, 1.45E-05)
cellular anatomical structure (GO:0110165, 7.64E-05)
ciliary base (GO:0097546, 8.61E-05)
9+2 motile cilium (GO:0097729, 8.63E-05)
postsynaptic specialization, intracellular component (GO:0099091, 1.34E-04)
spindle pole (GO:0000922, 1.34E-04)
ciliary basal body (GO:0036064, 1.53E-04)
sperm flagellum (GO:0036126, 2.37E-04)
cohesin complex (GO:0008278, 2.93E-04)
spindle (GO:0005819, 4.66E-04)
postsynaptic density, intracellular component (GO:0099092, 1.01E-03)
microtubule (GO:0005874, 1.13E-03)
axoneme (GO:0005930, 1.16E-03)
ciliary plasm (GO:0097014, 1.17E-03)
endomembrane system (GO:0012505, 3.92E-03)
actin filament bundle (GO:0032432, 3.96E-03)
non-motile cilium (GO:0097730, 3.97E-03)
inhibitory synapse (GO:0060077, 4.83E-03)
meiotic cohesin complex (GO:0030893, 4.83E-03)
nucleus (GO:0005634, 5.06E-03)
mitotic spindle (GO:0072686, 5.27E-03)
cytoplasmic region (GO:0099568, 5.90E-03)
postsynaptic membrane (GO:0045211, 6.25E-03)
GABA-ergic synapse (GO:0098982, 6.64E-03)
acrosomal vesicle (GO:0001669, 7.28E-03)
perinuclear region of cytoplasm (GO:0048471, 8.20E-03)","membrane-bounded organelle (GO:0043227, 1.25E-07)
motile cilium (GO:0031514, 6.04E-06)
glutamatergic synapse (GO:0098978, 1.41E-05)
intracellular membrane-bounded organelle (GO:0043231, 1.45E-05)
cellular anatomical structure (GO:0110165, 7.64E-05)
ciliary base (GO:0097546, 8.61E-05)
9+2 motile cilium (GO:0097729, 8.63E-05)
postsynaptic specialization, intracellular component (GO:0099091, 1.34E-04)
spindle pole (GO:0000922, 1.34E-04)
ciliary basal body (GO:0036064, 1.53E-04)
sperm flagellum (GO:0036126, 2.37E-04)
cohesin complex (GO:0008278, 2.93E-04)
spindle (GO:0005819, 4.66E-04)
postsynaptic density, intracellular component (GO:0099092, 1.01E-03)
microtubule (GO:0005874, 1.13E-03)
axoneme (GO:0005930, 1.16E-03)
ciliary plasm (GO:0097014, 1.17E-03)
endomembrane system (GO:0012505, 3.92E-03)
actin filament bundle (GO:0032432, 3.96E-03)
non-motile cilium (GO:0097730, 3.97E-03)
inhibitory synapse (GO:0060077, 4.83E-03)
meiotic cohesin complex (GO:0030893, 4.83E-03)
nucleus (GO:0005634, 5.06E-03)
mitotic spindle (GO:0072686, 5.27E-03)
cytoplasmic region (GO:0099568, 5.90E-03)
postsynaptic membrane (GO:0045211, 6.25E-03)
GABA-ergic synapse (GO:0098982, 6.64E-03)
acrosomal vesicle (GO:0001669, 7.28E-03)
perinuclear region of cytoplasm (GO:0048471, 8.20E-03)","membrane-bounded organelle (GO:0043227, 1.25E-07)
motile cilium (GO:0031514, 6.04E-06)
glutamatergic synapse (GO:0098978, 1.41E-05)
intracellular membrane-bounded organelle (GO:0043231, 1.45E-05)
cellular anatomical structure (GO:0110165, 7.64E-05)
ciliary base (GO:0097546, 8.61E-05)
9+2 motile cilium (GO:0097729, 8.63E-05)
postsynaptic specialization, intracellular component (GO:0099091, 1.34E-04)
spindle pole (GO:0000922, 1.34E-04)
ciliary basal body (GO:0036064, 1.53E-04)
sperm flagellum (GO:0036126, 2.37E-04)
cohesin complex (GO:0008278, 2.93E-04)
spindle (GO:0005819, 4.66E-04)
postsynaptic density, intracellular component (GO:0099092, 1.01E-03)
microtubule (GO:0005874, 1.13E-03)
axoneme (GO:0005930, 1.16E-03)
ciliary plasm (GO:0097014, 1.17E-03)
endomembrane system (GO:0012505, 3.92E-03)
actin filament bundle (GO:0032432, 3.96E-03)
non-motile cilium (GO:0097730, 3.97E-03)
inhibitory synapse (GO:0060077, 4.83E-03)
meiotic cohesin complex (GO:0030893, 4.83E-03)
nucleus (GO:0005634, 5.06E-03)
mitotic spindle (GO:0072686, 5.27E-03)
cytoplasmic region (GO:0099568, 5.90E-03)
postsynaptic membrane (GO:0045211, 6.25E-03)
GABA-ergic synapse (GO:0098982, 6.64E-03)
acrosomal vesicle (GO:0001669, 7.28E-03)
perinuclear region of cytoplasm (GO:0048471, 8.20E-03)"
set2,"membrane-bounded organelle (GO:0043227, 2.67E-05)
intracellular membrane-bounded organelle (GO:0043231, 3.65E-05)
glutamatergic synapse (GO:0098978, 6.08E-05)
cellular anatomical structure (GO:0110165, 9.55E-05)
postsynaptic specialization, intracellular component (GO:0099091, 2.09E-04)
postsynaptic membrane (GO:0045211, 9.51E-04)
inhibitory synapse (GO:0060077, 9.51E-04)
synaptic membrane (GO:0097060, 1.53E-03)
postsynaptic density, intracellular component (GO:0099092, 2.82E-03)
spindle (GO:0005819, 3.58E-03)
sperm fibrous sheath (GO:0035686, 6.25E-03)
nucleus (GO:0005634, 7.82E-03)","membrane-bounded organelle (GO:0043227, 2.67E-05)
intracellular membrane-bounded organelle (GO:0043231, 3.65E-05)
glutamatergic synapse (GO:0098978, 6.08E-05)
cellular anatomical structure (GO:0110165, 9.55E-05)
postsynaptic specialization, intracellular component (GO:0099091, 2.09E-04)
postsynaptic membrane (GO:0045211, 9.51E-04)
inhibitory synapse (GO:0060077, 9.51E-04)
synaptic membrane (GO:0097060, 1.53E-03)
postsynaptic density, intracellular component (GO:0099092, 2.82E-03)
spindle (GO:0005819, 3.58E-03)
sperm fibrous sheath (GO:0035686, 6.25E-03)
nucleus (GO:0005634, 7.82E-03)","membrane-bounded organelle (GO:0043227, 2.67E-05)
intracellular membrane-bounded organelle (GO:0043231, 3.65E-05)
glutamatergic synapse (GO:0098978, 6.08E-05)
cellular anatomical structure (GO:0110165, 9.55E-05)
postsynaptic specialization, intracellular component (GO:0099091, 2.09E-04)
postsynaptic membrane (GO:0045211, 9.51E-04)
inhibitory synapse (GO:0060077, 9.51E-04)
synaptic membrane (GO:0097060, 1.53E-03)
postsynaptic density, intracellular component (GO:0099092, 2.82E-03)
spindle (GO:0005819, 3.58E-03)
sperm fibrous sheath (GO:0035686, 6.25E-03)
nucleus (GO:0005634, 7.82E-03)","membrane-bounded organelle (GO:0043227, 2.67E-05)
intracellular membrane-bounded organelle (GO:0043231, 3.65E-05)
glutamatergic synapse (GO:0098978, 6.08E-05)
cellular anatomical structure (GO:0110165, 9.55E-05)
postsynaptic specialization, intracellular component (GO:0099091, 2.09E-04)
postsynaptic membrane (GO:0045211, 9.51E-04)
inhibitory synapse (GO:0060077, 9.51E-04)
synaptic membrane (GO:0097060, 1.53E-03)
postsynaptic density, intracellular component (GO:0099092, 2.82E-03)
spindle (GO:0005819, 3.58E-03)
sperm fibrous sheath (GO:0035686, 6.25E-03)
nucleus (GO:0005634, 7.82E-03)"
set3,"membrane-bounded organelle (GO:0043227, 6.89E-09)
intracellular membrane-bounded organelle (GO:0043231, 2.25E-06)
motile cilium (GO:0031514, 2.30E-06)
glutamatergic synapse (GO:0098978, 4.22E-06)
9+2 motile cilium (GO:0097729, 5.21E-05)
ciliary base (GO:0097546, 6.17E-05)
cellular anatomical structure (GO:0110165, 9.27E-05)
ciliary basal body (GO:0036064, 9.27E-05)
postsynaptic specialization, intracellular component (GO:0099091, 9.27E-05)
sperm flagellum (GO:0036126, 1.43E-04)
ciliary plasm (GO:0097014, 7.90E-04)
axoneme (GO:0005930, 7.90E-04)
postsynaptic density, intracellular component (GO:0099092, 7.90E-04)
microtubule (GO:0005874, 2.51E-03)
endomembrane system (GO:0012505, 2.51E-03)
non-motile cilium (GO:0097730, 2.79E-03)
actin filament bundle (GO:0032432, 2.82E-03)
protein-containing complex (GO:0032991, 3.64E-03)
spindle pole (GO:0000922, 3.64E-03)
nucleus (GO:0005634, 3.64E-03)
cytoplasmic region (GO:0099568, 3.66E-03)
meiotic cohesin complex (GO:0030893, 3.92E-03)
postsynaptic membrane (GO:0045211, 3.92E-03)
spindle (GO:0005819, 4.09E-03)
GABA-ergic synapse (GO:0098982, 4.70E-03)
acrosomal vesicle (GO:0001669, 4.84E-03)
plasma membrane bounded cell projection cytoplasm (GO:0032838, 7.75E-03)
microtubule associated complex (GO:0005875, 8.09E-03)
cohesin complex (GO:0008278, 9.28E-03)
synaptic membrane (GO:0097060, 9.28E-03)
centriolar subdistal appendage (GO:0120103, 9.28E-03)","membrane-bounded organelle (GO:0043227, 6.89E-09)
intracellular membrane-bounded organelle (GO:0043231, 2.25E-06)
motile cilium (GO:0031514, 2.30E-06)
glutamatergic synapse (GO:0098978, 4.22E-06)
9+2 motile cilium (GO:0097729, 5.21E-05)
ciliary base (GO:0097546, 6.17E-05)
cellular anatomical structure (GO:0110165, 9.27E-05)
ciliary basal body (GO:0036064, 9.27E-05)
postsynaptic specialization, intracellular component (GO:0099091, 9.27E-05)
sperm flagellum (GO:0036126, 1.43E-04)
ciliary plasm (GO:0097014, 7.90E-04)
axoneme (GO:0005930, 7.90E-04)
postsynaptic density, intracellular component (GO:0099092, 7.90E-04)
microtubule (GO:0005874, 2.51E-03)
endomembrane system (GO:0012505, 2.51E-03)
non-motile cilium (GO:0097730, 2.79E-03)
actin filament bundle (GO:0032432, 2.82E-03)
protein-containing complex (GO:0032991, 3.64E-03)
spindle pole (GO:0000922, 3.64E-03)
nucleus (GO:0005634, 3.64E-03)
cytoplasmic region (GO:0099568, 3.66E-03)
meiotic cohesin complex (GO:0030893, 3.92E-03)
postsynaptic membrane (GO:0045211, 3.92E-03)
spindle (GO:0005819, 4.09E-03)
GABA-ergic synapse (GO:0098982, 4.70E-03)
acrosomal vesicle (GO:0001669, 4.84E-03)
plasma membrane bounded cell projection cytoplasm (GO:0032838, 7.75E-03)
microtubule associated complex (GO:0005875, 8.09E-03)
cohesin complex (GO:0008278, 9.28E-03)
synaptic membrane (GO:0097060, 9.28E-03)
centriolar subdistal appendage (GO:0120103, 9.28E-03)","membrane-bounded organelle (GO:0043227, 6.89E-09)
intracellular membrane-bounded organelle (GO:0043231, 2.25E-06)
motile cilium (GO:0031514, 2.30E-06)
glutamatergic synapse (GO:0098978, 4.22E-06)
9+2 motile cilium (GO:0097729, 5.21E-05)
ciliary base (GO:0097546, 6.17E-05)
cellular anatomical structure (GO:0110165, 9.27E-05)
ciliary basal body (GO:0036064, 9.27E-05)
postsynaptic specialization, intracellular component (GO:0099091, 9.27E-05)
sperm flagellum (GO:0036126, 1.43E-04)
ciliary plasm (GO:0097014, 7.90E-04)
axoneme (GO:0005930, 7.90E-04)
postsynaptic density, intracellular component (GO:0099092, 7.90E-04)
microtubule (GO:0005874, 2.51E-03)
endomembrane system (GO:0012505, 2.51E-03)
non-motile cilium (GO:0097730, 2.79E-03)
actin filament bundle (GO:0032432, 2.82E-03)
protein-containing complex (GO:0032991, 3.64E-03)
spindle pole (GO:0000922, 3.64E-03)
nucleus (GO:0005634, 3.64E-03)
cytoplasmic region (GO:0099568, 3.66E-03)
meiotic cohesin complex (GO:0030893, 3.92E-03)
postsynaptic membrane (GO:0045211, 3.92E-03)
spindle (GO:0005819, 4.09E-03)
GABA-ergic synapse (GO:0098982, 4.70E-03)
acrosomal vesicle (GO:0001669, 4.84E-03)
plasma membrane bounded cell projection cytoplasm (GO:0032838, 7.75E-03)
microtubule associated complex (GO:0005875, 8.09E-03)
cohesin complex (GO:0008278, 9.28E-03)
synaptic membrane (GO:0097060, 9.28E-03)
centriolar subdistal appendage (GO:0120103, 9.28E-03)","membrane-bounded organelle (GO:0043227, 6.89E-09)
intracellular membrane-bounded organelle (GO:0043231, 2.25E-06)
motile cilium (GO:0031514, 2.30E-06)
glutamatergic synapse (GO:0098978, 4.22E-06)
9+2 motile cilium (GO:0097729, 5.21E-05)
ciliary base (GO:0097546, 6.17E-05)
cellular anatomical structure (GO:0110165, 9.27E-05)
ciliary basal body (GO:0036064, 9.27E-05)
postsynaptic specialization, intracellular component (GO:0099091, 9.27E-05)
sperm flagellum (GO:0036126, 1.43E-04)
ciliary plasm (GO:0097014, 7.90E-04)
axoneme (GO:0005930, 7.90E-04)
postsynaptic density, intracellular component (GO:0099092, 7.90E-04)
microtubule (GO:0005874, 2.51E-03)
endomembrane system (GO:0012505, 2.51E-03)
non-motile cilium (GO:0097730, 2.79E-03)
actin filament bundle (GO:0032432, 2.82E-03)
protein-containing complex (GO:0032991, 3.64E-03)
spindle pole (GO:0000922, 3.64E-03)
nucleus (GO:0005634, 3.64E-03)
cytoplasmic region (GO:0099568, 3.66E-03)
meiotic cohesin complex (GO:0030893, 3.92E-03)
postsynaptic membrane (GO:0045211, 3.92E-03)
spindle (GO:0005819, 4.09E-03)
GABA-ergic synapse (GO:0098982, 4.70E-03)
acrosomal vesicle (GO:0001669, 4.84E-03)
catalytic complex (GO:1902494, 6.48E-03)
plasma membrane bounded cell projection cytoplasm (GO:0032838, 7.75E-03)
microtubule associated complex (GO:0005875, 8.09E-03)
cohesin complex (GO:0008278, 9.28E-03)
synaptic membrane (GO:0097060, 9.28E-03)
centriolar subdistal appendage (GO:0120103, 9.28E-03)"
set4,"membrane-bounded organelle (GO:0043227, 6.83E-07)
motile cilium (GO:0031514, 3.55E-06)
intracellular membrane-bounded organelle (GO:0043231, 3.36E-05)
glutamatergic synapse (GO:0098978, 3.39E-05)
9+2 motile cilium (GO:0097729, 6.83E-05)
ciliary base (GO:0097546, 7.41E-05)
spindle pole (GO:0000922, 1.01E-04)
postsynaptic specialization, intracellular component (GO:0099091, 1.08E-04)
ciliary basal body (GO:0036064, 1.13E-04)
cellular anatomical structure (GO:0110165, 1.66E-04)
sperm flagellum (GO:0036126, 1.66E-04)
cohesin complex (GO:0008278, 2.43E-04)
spindle (GO:0005819, 2.87E-04)
postsynaptic density, intracellular component (GO:0099092, 8.21E-04)
axoneme (GO:0005930, 8.32E-04)
ciliary plasm (GO:0097014, 8.38E-04)
microtubule (GO:0005874, 2.95E-03)
actin filament bundle (GO:0032432, 3.10E-03)
nucleus (GO:0005634, 4.05E-03)
inhibitory synapse (GO:0060077, 4.15E-03)
mitotic spindle (GO:0072686, 4.15E-03)
meiotic cohesin complex (GO:0030893, 4.15E-03)
cytoplasmic region (GO:0099568, 4.17E-03)
endomembrane system (GO:0012505, 4.17E-03)
postsynaptic membrane (GO:0045211, 4.48E-03)
GABA-ergic synapse (GO:0098982, 5.31E-03)
acrosomal vesicle (GO:0001669, 5.61E-03)
plasma membrane bounded cell projection cytoplasm (GO:0032838, 9.16E-03)","membrane-bounded organelle (GO:0043227, 6.83E-07)
motile cilium (GO:0031514, 3.55E-06)
intracellular membrane-bounded organelle (GO:0043231, 3.36E-05)
glutamatergic synapse (GO:0098978, 3.39E-05)
9+2 motile cilium (GO:0097729, 6.83E-05)
ciliary base (GO:0097546, 7.41E-05)
spindle pole (GO:0000922, 1.01E-04)
postsynaptic specialization, intracellular component (GO:0099091, 1.08E-04)
ciliary basal body (GO:0036064, 1.13E-04)
cellular anatomical structure (GO:0110165, 1.66E-04)
sperm flagellum (GO:0036126, 1.66E-04)
cohesin complex (GO:0008278, 2.43E-04)
spindle (GO:0005819, 2.87E-04)
postsynaptic density, intracellular component (GO:0099092, 8.21E-04)
axoneme (GO:0005930, 8.32E-04)
ciliary plasm (GO:0097014, 8.38E-04)
microtubule (GO:0005874, 2.95E-03)
actin filament bundle (GO:0032432, 3.10E-03)
nucleus (GO:0005634, 4.05E-03)
inhibitory synapse (GO:0060077, 4.15E-03)
mitotic spindle (GO:0072686, 4.15E-03)
meiotic cohesin complex (GO:0030893, 4.15E-03)
cytoplasmic region (GO:0099568, 4.17E-03)
endomembrane system (GO:0012505, 4.17E-03)
postsynaptic membrane (GO:0045211, 4.48E-03)
GABA-ergic synapse (GO:0098982, 5.31E-03)
acrosomal vesicle (GO:0001669, 5.61E-03)
plasma membrane bounded cell projection cytoplasm (GO:0032838, 9.16E-03)","membrane-bounded organelle (GO:0043227, 6.83E-07)
motile cilium (GO:0031514, 3.55E-06)
intracellular membrane-bounded organelle (GO:0043231, 3.36E-05)
glutamatergic synapse (GO:0098978, 3.39E-05)
9+2 motile cilium (GO:0097729, 6.83E-05)
ciliary base (GO:0097546, 7.41E-05)
spindle pole (GO:0000922, 1.01E-04)
postsynaptic specialization, intracellular component (GO:0099091, 1.08E-04)
ciliary basal body (GO:0036064, 1.13E-04)
cellular anatomical structure (GO:0110165, 1.66E-04)
sperm flagellum (GO:0036126, 1.66E-04)
cohesin complex (GO:0008278, 2.43E-04)
spindle (GO:0005819, 2.87E-04)
postsynaptic density, intracellular component (GO:0099092, 8.21E-04)
axoneme (GO:0005930, 8.32E-04)
ciliary plasm (GO:0097014, 8.38E-04)
microtubule (GO:0005874, 2.95E-03)
actin filament bundle (GO:0032432, 3.10E-03)
nucleus (GO:0005634, 4.05E-03)
inhibitory synapse (GO:0060077, 4.15E-03)
mitotic spindle (GO:0072686, 4.15E-03)
meiotic cohesin complex (GO:0030893, 4.15E-03)
cytoplasmic region (GO:0099568, 4.17E-03)
endomembrane system (GO:0012505, 4.17E-03)
postsynaptic membrane (GO:0045211, 4.48E-03)
GABA-ergic synapse (GO:0098982, 5.31E-03)
acrosomal vesicle (GO:0001669, 5.61E-03)
plasma membrane bounded cell projection cytoplasm (GO:0032838, 9.16E-03)","membrane-bounded organelle (GO:0043227, 6.83E-07)
motile cilium (GO:0031514, 3.55E-06)
intracellular membrane-bounded organelle (GO:0043231, 3.36E-05)
glutamatergic synapse (GO:0098978, 3.39E-05)
9+2 motile cilium (GO:0097729, 6.83E-05)
ciliary base (GO:0097546, 7.41E-05)
spindle pole (GO:0000922, 1.01E-04)
postsynaptic specialization, intracellular component (GO:0099091, 1.08E-04)
ciliary basal body (GO:0036064, 1.13E-04)
cellular anatomical structure (GO:0110165, 1.66E-04)
sperm flagellum (GO:0036126, 1.66E-04)
cohesin complex (GO:0008278, 2.43E-04)
spindle (GO:0005819, 2.87E-04)
postsynaptic density, intracellular component (GO:0099092, 8.21E-04)
axoneme (GO:0005930, 8.32E-04)
ciliary plasm (GO:0097014, 8.38E-04)
microtubule (GO:0005874, 2.95E-03)
actin filament bundle (GO:0032432, 3.10E-03)
nucleus (GO:0005634, 4.05E-03)
inhibitory synapse (GO:0060077, 4.15E-03)
mitotic spindle (GO:0072686, 4.15E-03)
meiotic cohesin complex (GO:0030893, 4.15E-03)
cytoplasmic region (GO:0099568, 4.17E-03)
endomembrane system (GO:0012505, 4.17E-03)
postsynaptic membrane (GO:0045211, 4.48E-03)
GABA-ergic synapse (GO:0098982, 5.31E-03)
acrosomal vesicle (GO:0001669, 5.61E-03)
plasma membrane bounded cell projection cytoplasm (GO:0032838, 9.16E-03)"
set5,"membrane-bounded organelle (GO:0043227, 1.76E-07)
motile cilium (GO:0031514, 5.60E-06)
intracellular membrane-bounded organelle (GO:0043231, 1.97E-05)
glutamatergic synapse (GO:0098978, 5.30E-05)
9+2 motile cilium (GO:0097729, 8.13E-05)
ciliary base (GO:0097546, 8.13E-05)
cellular anatomical structure (GO:0110165, 8.13E-05)
postsynaptic specialization, intracellular component (GO:0099091, 1.28E-04)
spindle pole (GO:0000922, 1.28E-04)
ciliary basal body (GO:0036064, 1.50E-04)
sperm flagellum (GO:0036126, 2.40E-04)
cohesin complex (GO:0008278, 3.04E-04)
spindle (GO:0005819, 4.36E-04)
postsynaptic density, intracellular component (GO:0099092, 9.80E-04)
microtubule (GO:0005874, 1.06E-03)
axoneme (GO:0005930, 1.10E-03)
ciliary plasm (GO:0097014, 1.11E-03)
non-motile cilium (GO:0097730, 3.90E-03)
actin filament bundle (GO:0032432, 3.90E-03)
inhibitory synapse (GO:0060077, 4.82E-03)
meiotic cohesin complex (GO:0030893, 4.82E-03)
mitotic spindle (GO:0072686, 5.29E-03)
endomembrane system (GO:0012505, 5.70E-03)
cytoplasmic region (GO:0099568, 5.70E-03)
postsynaptic membrane (GO:0045211, 6.07E-03)
nucleus (GO:0005634, 6.34E-03)
GABA-ergic synapse (GO:0098982, 6.41E-03)
acrosomal vesicle (GO:0001669, 6.99E-03)
perinuclear region of cytoplasm (GO:0048471, 7.68E-03)
protein-containing complex (GO:0032991, 8.70E-03)","membrane-bounded organelle (GO:0043227, 1.76E-07)
motile cilium (GO:0031514, 5.60E-06)
intracellular membrane-bounded organelle (GO:0043231, 1.97E-05)
glutamatergic synapse (GO:0098978, 5.30E-05)
9+2 motile cilium (GO:0097729, 8.13E-05)
ciliary base (GO:0097546, 8.13E-05)
cellular anatomical structure (GO:0110165, 8.13E-05)
postsynaptic specialization, intracellular component (GO:0099091, 1.28E-04)
spindle pole (GO:0000922, 1.28E-04)
ciliary basal body (GO:0036064, 1.50E-04)
sperm flagellum (GO:0036126, 2.40E-04)
cohesin complex (GO:0008278, 3.04E-04)
spindle (GO:0005819, 4.36E-04)
postsynaptic density, intracellular component (GO:0099092, 9.80E-04)
microtubule (GO:0005874, 1.06E-03)
axoneme (GO:0005930, 1.10E-03)
ciliary plasm (GO:0097014, 1.11E-03)
non-motile cilium (GO:0097730, 3.90E-03)
actin filament bundle (GO:0032432, 3.90E-03)
inhibitory synapse (GO:0060077, 4.82E-03)
meiotic cohesin complex (GO:0030893, 4.82E-03)
mitotic spindle (GO:0072686, 5.29E-03)
endomembrane system (GO:0012505, 5.70E-03)
cytoplasmic region (GO:0099568, 5.70E-03)
postsynaptic membrane (GO:0045211, 6.07E-03)
nucleus (GO:0005634, 6.34E-03)
GABA-ergic synapse (GO:0098982, 6.41E-03)
acrosomal vesicle (GO:0001669, 6.99E-03)
perinuclear region of cytoplasm (GO:0048471, 7.68E-03)
protein-containing complex (GO:0032991, 8.70E-03)","membrane-bounded organelle (GO:0043227, 1.76E-07)
motile cilium (GO:0031514, 5.60E-06)
intracellular membrane-bounded organelle (GO:0043231, 1.97E-05)
glutamatergic synapse (GO:0098978, 5.30E-05)
9+2 motile cilium (GO:0097729, 8.13E-05)
ciliary base (GO:0097546, 8.13E-05)
cellular anatomical structure (GO:0110165, 8.13E-05)
postsynaptic specialization, intracellular component (GO:0099091, 1.28E-04)
spindle pole (GO:0000922, 1.28E-04)
ciliary basal body (GO:0036064, 1.50E-04)
sperm flagellum (GO:0036126, 2.40E-04)
cohesin complex (GO:0008278, 3.04E-04)
spindle (GO:0005819, 4.36E-04)
postsynaptic density, intracellular component (GO:0099092, 9.80E-04)
microtubule (GO:0005874, 1.06E-03)
axoneme (GO:0005930, 1.10E-03)
ciliary plasm (GO:0097014, 1.11E-03)
non-motile cilium (GO:0097730, 3.90E-03)
actin filament bundle (GO:0032432, 3.90E-03)
inhibitory synapse (GO:0060077, 4.82E-03)
meiotic cohesin complex (GO:0030893, 4.82E-03)
mitotic spindle (GO:0072686, 5.29E-03)
endomembrane system (GO:0012505, 5.70E-03)
cytoplasmic region (GO:0099568, 5.70E-03)
postsynaptic membrane (GO:0045211, 6.07E-03)
nucleus (GO:0005634, 6.34E-03)
GABA-ergic synapse (GO:0098982, 6.41E-03)
acrosomal vesicle (GO:0001669, 6.99E-03)
perinuclear region of cytoplasm (GO:0048471, 7.68E-03)
protein-containing complex (GO:0032991, 8.70E-03)","membrane-bounded organelle (GO:0043227, 1.76E-07)
motile cilium (GO:0031514, 5.60E-06)
intracellular membrane-bounded organelle (GO:0043231, 1.97E-05)
glutamatergic synapse (GO:0098978, 5.30E-05)
9+2 motile cilium (GO:0097729, 8.13E-05)
ciliary base (GO:0097546, 8.13E-05)
cellular anatomical structure (GO:0110165, 8.13E-05)
postsynaptic specialization, intracellular component (GO:0099091, 1.28E-04)
spindle pole (GO:0000922, 1.28E-04)
ciliary basal body (GO:0036064, 1.50E-04)
sperm flagellum (GO:0036126, 2.40E-04)
cohesin complex (GO:0008278, 3.04E-04)
spindle (GO:0005819, 4.36E-04)
postsynaptic density, intracellular component (GO:0099092, 9.80E-04)
microtubule (GO:0005874, 1.06E-03)
axoneme (GO:0005930, 1.10E-03)
ciliary plasm (GO:0097014, 1.11E-03)
non-motile cilium (GO:0097730, 3.90E-03)
actin filament bundle (GO:0032432, 3.90E-03)
inhibitory synapse (GO:0060077, 4.82E-03)
meiotic cohesin complex (GO:0030893, 4.82E-03)
mitotic spindle (GO:0072686, 5.29E-03)
endomembrane system (GO:0012505, 5.70E-03)
cytoplasmic region (GO:0099568, 5.70E-03)
postsynaptic membrane (GO:0045211, 6.07E-03)
nucleus (GO:0005634, 6.34E-03)
GABA-ergic synapse (GO:0098982, 6.41E-03)
acrosomal vesicle (GO:0001669, 6.99E-03)
perinuclear region of cytoplasm (GO:0048471, 7.68E-03)
protein-containing complex (GO:0032991, 8.70E-03)"
set6,"cohesin complex (GO:0008278, 9.45E-05)
membrane-bounded organelle (GO:0043227, 1.11E-03)
meiotic cohesin complex (GO:0030893, 2.26E-03)
intracellular membrane-bounded organelle (GO:0043231, 5.85E-03)","cohesin complex (GO:0008278, 9.45E-05)
membrane-bounded organelle (GO:0043227, 1.11E-03)
meiotic cohesin complex (GO:0030893, 2.26E-03)
intracellular membrane-bounded organelle (GO:0043231, 5.85E-03)","cohesin complex (GO:0008278, 9.45E-05)
membrane-bounded organelle (GO:0043227, 1.11E-03)
meiotic cohesin complex (GO:0030893, 2.26E-03)
intracellular membrane-bounded organelle (GO:0043231, 5.85E-03)","cohesin complex (GO:0008278, 9.45E-05)
membrane-bounded organelle (GO:0043227, 1.11E-03)
meiotic cohesin complex (GO:0030893, 2.26E-03)
intracellular membrane-bounded organelle (GO:0043231, 5.85E-03)"
set7,"membrane-bounded organelle (GO:0043227, 1.90E-06)
motile cilium (GO:0031514, 1.74E-05)
glutamatergic synapse (GO:0098978, 2.38E-05)
intracellular membrane-bounded organelle (GO:0043231, 6.97E-05)
spindle pole (GO:0000922, 9.40E-05)
postsynaptic specialization, intracellular component (GO:0099091, 1.07E-04)
cohesin complex (GO:0008278, 2.57E-04)
cellular anatomical structure (GO:0110165, 2.57E-04)
spindle (GO:0005819, 2.63E-04)
9+2 motile cilium (GO:0097729, 3.19E-04)
microtubule (GO:0005874, 6.43E-04)
ciliary basal body (GO:0036064, 7.00E-04)
postsynaptic density, intracellular component (GO:0099092, 7.58E-04)
axoneme (GO:0005930, 7.58E-04)
ciliary plasm (GO:0097014, 7.63E-04)
ciliary base (GO:0097546, 9.42E-04)
sperm flagellum (GO:0036126, 9.42E-04)
actin filament bundle (GO:0032432, 2.85E-03)
nucleus (GO:0005634, 3.36E-03)
inhibitory synapse (GO:0060077, 3.82E-03)
cytoplasmic region (GO:0099568, 3.82E-03)
mitotic spindle (GO:0072686, 3.82E-03)
meiotic cohesin complex (GO:0030893, 3.92E-03)
postsynaptic membrane (GO:0045211, 4.03E-03)
protein-containing complex (GO:0032991, 4.58E-03)
GABA-ergic synapse (GO:0098982, 4.88E-03)
plasma membrane bounded cell projection cytoplasm (GO:0032838, 8.20E-03)
microtubule associated complex (GO:0005875, 8.56E-03)
centriolar subdistal appendage (GO:0120103, 9.49E-03)
mitotic spindle pole (GO:0097431, 9.64E-03)
synaptic membrane (GO:0097060, 9.70E-03)
polymeric cytoskeletal fiber (GO:0099513, 9.92E-03)","membrane-bounded organelle (GO:0043227, 1.90E-06)
motile cilium (GO:0031514, 1.74E-05)
glutamatergic synapse (GO:0098978, 2.38E-05)
intracellular membrane-bounded organelle (GO:0043231, 6.97E-05)
spindle pole (GO:0000922, 9.40E-05)
postsynaptic specialization, intracellular component (GO:0099091, 1.07E-04)
cohesin complex (GO:0008278, 2.57E-04)
cellular anatomical structure (GO:0110165, 2.57E-04)
spindle (GO:0005819, 2.63E-04)
9+2 motile cilium (GO:0097729, 3.19E-04)
microtubule (GO:0005874, 6.43E-04)
ciliary basal body (GO:0036064, 7.00E-04)
postsynaptic density, intracellular component (GO:0099092, 7.58E-04)
axoneme (GO:0005930, 7.58E-04)
ciliary plasm (GO:0097014, 7.63E-04)
ciliary base (GO:0097546, 9.42E-04)
sperm flagellum (GO:0036126, 9.42E-04)
actin filament bundle (GO:0032432, 2.85E-03)
nucleus (GO:0005634, 3.36E-03)
inhibitory synapse (GO:0060077, 3.82E-03)
cytoplasmic region (GO:0099568, 3.82E-03)
mitotic spindle (GO:0072686, 3.82E-03)
meiotic cohesin complex (GO:0030893, 3.92E-03)
postsynaptic membrane (GO:0045211, 4.03E-03)
protein-containing complex (GO:0032991, 4.58E-03)
GABA-ergic synapse (GO:0098982, 4.88E-03)
plasma membrane bounded cell projection cytoplasm (GO:0032838, 8.20E-03)
microtubule associated complex (GO:0005875, 8.56E-03)
centriolar subdistal appendage (GO:0120103, 9.49E-03)
mitotic spindle pole (GO:0097431, 9.64E-03)
synaptic membrane (GO:0097060, 9.70E-03)
polymeric cytoskeletal fiber (GO:0099513, 9.92E-03)","membrane-bounded organelle (GO:0043227, 1.90E-06)
motile cilium (GO:0031514, 1.74E-05)
glutamatergic synapse (GO:0098978, 2.38E-05)
intracellular membrane-bounded organelle (GO:0043231, 6.97E-05)
spindle pole (GO:0000922, 9.40E-05)
postsynaptic specialization, intracellular component (GO:0099091, 1.07E-04)
cohesin complex (GO:0008278, 2.57E-04)
cellular anatomical structure (GO:0110165, 2.57E-04)
spindle (GO:0005819, 2.63E-04)
9+2 motile cilium (GO:0097729, 3.19E-04)
microtubule (GO:0005874, 6.43E-04)
ciliary basal body (GO:0036064, 7.00E-04)
postsynaptic density, intracellular component (GO:0099092, 7.58E-04)
axoneme (GO:0005930, 7.58E-04)
ciliary plasm (GO:0097014, 7.63E-04)
ciliary base (GO:0097546, 9.42E-04)
sperm flagellum (GO:0036126, 9.42E-04)
actin filament bundle (GO:0032432, 2.85E-03)
nucleus (GO:0005634, 3.36E-03)
inhibitory synapse (GO:0060077, 3.82E-03)
cytoplasmic region (GO:0099568, 3.82E-03)
mitotic spindle (GO:0072686, 3.82E-03)
meiotic cohesin complex (GO:0030893, 3.92E-03)
postsynaptic membrane (GO:0045211, 4.03E-03)
protein-containing complex (GO:0032991, 4.58E-03)
GABA-ergic synapse (GO:0098982, 4.88E-03)
plasma membrane bounded cell projection cytoplasm (GO:0032838, 8.20E-03)
microtubule associated complex (GO:0005875, 8.56E-03)
dendrite (GO:0030425, 9.16E-03)
dendritic tree (GO:0097447, 9.19E-03)
centriolar subdistal appendage (GO:0120103, 9.49E-03)
mitotic spindle pole (GO:0097431, 9.64E-03)
synaptic membrane (GO:0097060, 9.70E-03)
polymeric cytoskeletal fiber (GO:0099513, 9.92E-03)","membrane-bounded organelle (GO:0043227, 1.90E-06)
motile cilium (GO:0031514, 1.74E-05)
glutamatergic synapse (GO:0098978, 2.38E-05)
intracellular membrane-bounded organelle (GO:0043231, 6.97E-05)
spindle pole (GO:0000922, 9.40E-05)
postsynaptic specialization, intracellular component (GO:0099091, 1.07E-04)
cohesin complex (GO:0008278, 2.57E-04)
cellular anatomical structure (GO:0110165, 2.57E-04)
spindle (GO:0005819, 2.63E-04)
9+2 motile cilium (GO:0097729, 3.19E-04)
microtubule (GO:0005874, 6.43E-04)
ciliary basal body (GO:0036064, 7.00E-04)
postsynaptic density, intracellular component (GO:0099092, 7.58E-04)
axoneme (GO:0005930, 7.58E-04)
ciliary plasm (GO:0097014, 7.63E-04)
ciliary base (GO:0097546, 9.42E-04)
sperm flagellum (GO:0036126, 9.42E-04)
actin filament bundle (GO:0032432, 2.85E-03)
nucleus (GO:0005634, 3.36E-03)
inhibitory synapse (GO:0060077, 3.82E-03)
cytoplasmic region (GO:0099568, 3.82E-03)
mitotic spindle (GO:0072686, 3.82E-03)
meiotic cohesin complex (GO:0030893, 3.92E-03)
postsynaptic membrane (GO:0045211, 4.03E-03)
protein-containing complex (GO:0032991, 4.58E-03)
GABA-ergic synapse (GO:0098982, 4.88E-03)
catalytic complex (GO:1902494, 7.53E-03)
plasma membrane bounded cell projection cytoplasm (GO:0032838, 8.20E-03)
microtubule associated complex (GO:0005875, 8.56E-03)
centriolar subdistal appendage (GO:0120103, 9.49E-03)
mitotic spindle pole (GO:0097431, 9.64E-03)
synaptic membrane (GO:0097060, 9.70E-03)
polymeric cytoskeletal fiber (GO:0099513, 9.92E-03)"
set8,"membrane-bounded organelle (GO:0043227, 3.51E-07)
motile cilium (GO:0031514, 5.21E-06)
intracellular membrane-bounded organelle (GO:0043231, 1.77E-05)
glutamatergic synapse (GO:0098978, 5.26E-05)
ciliary base (GO:0097546, 8.89E-05)
9+2 motile cilium (GO:0097729, 8.89E-05)
cellular anatomical structure (GO:0110165, 1.19E-04)
spindle pole (GO:0000922, 1.30E-04)
postsynaptic specialization, intracellular component (GO:0099091, 1.30E-04)
ciliary basal body (GO:0036064, 1.42E-04)
sperm flagellum (GO:0036126, 2.19E-04)
cohesin complex (GO:0008278, 2.83E-04)
spindle (GO:0005819, 3.99E-04)
postsynaptic density, intracellular component (GO:0099092, 9.59E-04)
axoneme (GO:0005930, 1.08E-03)
ciliary plasm (GO:0097014, 1.08E-03)
actin filament bundle (GO:0032432, 3.79E-03)
microtubule (GO:0005874, 3.83E-03)
inhibitory synapse (GO:0060077, 4.69E-03)
meiotic cohesin complex (GO:0030893, 4.69E-03)
endomembrane system (GO:0012505, 4.69E-03)
mitotic spindle (GO:0072686, 4.94E-03)
cytoplasmic region (GO:0099568, 5.39E-03)
postsynaptic membrane (GO:0045211, 5.82E-03)
GABA-ergic synapse (GO:0098982, 6.43E-03)
nucleus (GO:0005634, 6.83E-03)
acrosomal vesicle (GO:0001669, 6.83E-03)
perinuclear region of cytoplasm (GO:0048471, 7.08E-03)","membrane-bounded organelle (GO:0043227, 3.51E-07)
motile cilium (GO:0031514, 5.21E-06)
intracellular membrane-bounded organelle (GO:0043231, 1.77E-05)
glutamatergic synapse (GO:0098978, 5.26E-05)
ciliary base (GO:0097546, 8.89E-05)
9+2 motile cilium (GO:0097729, 8.89E-05)
cellular anatomical structure (GO:0110165, 1.19E-04)
spindle pole (GO:0000922, 1.30E-04)
postsynaptic specialization, intracellular component (GO:0099091, 1.30E-04)
ciliary basal body (GO:0036064, 1.42E-04)
sperm flagellum (GO:0036126, 2.19E-04)
cohesin complex (GO:0008278, 2.83E-04)
spindle (GO:0005819, 3.99E-04)
postsynaptic density, intracellular component (GO:0099092, 9.59E-04)
axoneme (GO:0005930, 1.08E-03)
ciliary plasm (GO:0097014, 1.08E-03)
actin filament bundle (GO:0032432, 3.79E-03)
microtubule (GO:0005874, 3.83E-03)
inhibitory synapse (GO:0060077, 4.69E-03)
meiotic cohesin complex (GO:0030893, 4.69E-03)
endomembrane system (GO:0012505, 4.69E-03)
mitotic spindle (GO:0072686, 4.94E-03)
cytoplasmic region (GO:0099568, 5.39E-03)
postsynaptic membrane (GO:0045211, 5.82E-03)
GABA-ergic synapse (GO:0098982, 6.43E-03)
nucleus (GO:0005634, 6.83E-03)
acrosomal vesicle (GO:0001669, 6.83E-03)
perinuclear region of cytoplasm (GO:0048471, 7.08E-03)","membrane-bounded organelle (GO:0043227, 3.51E-07)
motile cilium (GO:0031514, 5.21E-06)
intracellular membrane-bounded organelle (GO:0043231, 1.77E-05)
glutamatergic synapse (GO:0098978, 5.26E-05)
ciliary base (GO:0097546, 8.89E-05)
9+2 motile cilium (GO:0097729, 8.89E-05)
cellular anatomical structure (GO:0110165, 1.19E-04)
spindle pole (GO:0000922, 1.30E-04)
postsynaptic specialization, intracellular component (GO:0099091, 1.30E-04)
ciliary basal body (GO:0036064, 1.42E-04)
sperm flagellum (GO:0036126, 2.19E-04)
cohesin complex (GO:0008278, 2.83E-04)
spindle (GO:0005819, 3.99E-04)
postsynaptic density, intracellular component (GO:0099092, 9.59E-04)
axoneme (GO:0005930, 1.08E-03)
ciliary plasm (GO:0097014, 1.08E-03)
actin filament bundle (GO:0032432, 3.79E-03)
microtubule (GO:0005874, 3.83E-03)
inhibitory synapse (GO:0060077, 4.69E-03)
meiotic cohesin complex (GO:0030893, 4.69E-03)
endomembrane system (GO:0012505, 4.69E-03)
mitotic spindle (GO:0072686, 4.94E-03)
cytoplasmic region (GO:0099568, 5.39E-03)
postsynaptic membrane (GO:0045211, 5.82E-03)
GABA-ergic synapse (GO:0098982, 6.43E-03)
nucleus (GO:0005634, 6.83E-03)
acrosomal vesicle (GO:0001669, 6.83E-03)
perinuclear region of cytoplasm (GO:0048471, 7.08E-03)","membrane-bounded organelle (GO:0043227, 3.51E-07)
motile cilium (GO:0031514, 5.21E-06)
intracellular membrane-bounded organelle (GO:0043231, 1.77E-05)
glutamatergic synapse (GO:0098978, 5.26E-05)
ciliary base (GO:0097546, 8.89E-05)
9+2 motile cilium (GO:0097729, 8.89E-05)
cellular anatomical structure (GO:0110165, 1.19E-04)
spindle pole (GO:0000922, 1.30E-04)
postsynaptic specialization, intracellular component (GO:0099091, 1.30E-04)
ciliary basal body (GO:0036064, 1.42E-04)
sperm flagellum (GO:0036126, 2.19E-04)
cohesin complex (GO:0008278, 2.83E-04)
spindle (GO:0005819, 3.99E-04)
postsynaptic density, intracellular component (GO:0099092, 9.59E-04)
axoneme (GO:0005930, 1.08E-03)
ciliary plasm (GO:0097014, 1.08E-03)
actin filament bundle (GO:0032432, 3.79E-03)
microtubule (GO:0005874, 3.83E-03)
inhibitory synapse (GO:0060077, 4.69E-03)
meiotic cohesin complex (GO:0030893, 4.69E-03)
endomembrane system (GO:0012505, 4.69E-03)
mitotic spindle (GO:0072686, 4.94E-03)
cytoplasmic region (GO:0099568, 5.39E-03)
postsynaptic membrane (GO:0045211, 5.82E-03)
GABA-ergic synapse (GO:0098982, 6.43E-03)
nucleus (GO:0005634, 6.83E-03)
acrosomal vesicle (GO:0001669, 6.83E-03)
perinuclear region of cytoplasm (GO:0048471, 7.08E-03)"
set9,"membrane-bounded organelle (GO:0043227, 2.92E-07)
motile cilium (GO:0031514, 3.58E-06)
intracellular membrane-bounded organelle (GO:0043231, 3.40E-05)
cellular anatomical structure (GO:0110165, 6.34E-05)
9+2 motile cilium (GO:0097729, 6.89E-05)
ciliary base (GO:0097546, 7.48E-05)
glutamatergic synapse (GO:0098978, 1.29E-04)
sperm flagellum (GO:0036126, 1.90E-04)
cohesin complex (GO:0008278, 2.91E-04)
spindle pole (GO:0000922, 7.35E-04)
microtubule (GO:0005874, 8.01E-04)
ciliary basal body (GO:0036064, 8.23E-04)
axoneme (GO:0005930, 8.90E-04)
ciliary plasm (GO:0097014, 8.94E-04)
spindle (GO:0005819, 1.35E-03)
postsynaptic specialization, intracellular component (GO:0099091, 1.54E-03)
actin filament bundle (GO:0032432, 3.13E-03)
non-motile cilium (GO:0097730, 3.13E-03)
meiotic cohesin complex (GO:0030893, 4.29E-03)
inhibitory synapse (GO:0060077, 4.29E-03)
mitotic spindle (GO:0072686, 4.29E-03)
endomembrane system (GO:0012505, 4.30E-03)
cytoplasmic region (GO:0099568, 4.30E-03)
GABA-ergic synapse (GO:0098982, 5.48E-03)
perinuclear region of cytoplasm (GO:0048471, 5.48E-03)
acrosomal vesicle (GO:0001669, 5.78E-03)
protein-containing complex (GO:0032991, 7.85E-03)
plasma membrane bounded cell projection cytoplasm (GO:0032838, 9.22E-03)
microtubule associated complex (GO:0005875, 9.22E-03)","membrane-bounded organelle (GO:0043227, 2.92E-07)
motile cilium (GO:0031514, 3.58E-06)
intracellular membrane-bounded organelle (GO:0043231, 3.40E-05)
cellular anatomical structure (GO:0110165, 6.34E-05)
9+2 motile cilium (GO:0097729, 6.89E-05)
ciliary base (GO:0097546, 7.48E-05)
glutamatergic synapse (GO:0098978, 1.29E-04)
sperm flagellum (GO:0036126, 1.90E-04)
cohesin complex (GO:0008278, 2.91E-04)
spindle pole (GO:0000922, 7.35E-04)
microtubule (GO:0005874, 8.01E-04)
ciliary basal body (GO:0036064, 8.23E-04)
axoneme (GO:0005930, 8.90E-04)
ciliary plasm (GO:0097014, 8.94E-04)
spindle (GO:0005819, 1.35E-03)
postsynaptic specialization, intracellular component (GO:0099091, 1.54E-03)
actin filament bundle (GO:0032432, 3.13E-03)
non-motile cilium (GO:0097730, 3.13E-03)
meiotic cohesin complex (GO:0030893, 4.29E-03)
inhibitory synapse (GO:0060077, 4.29E-03)
mitotic spindle (GO:0072686, 4.29E-03)
endomembrane system (GO:0012505, 4.30E-03)
cytoplasmic region (GO:0099568, 4.30E-03)
GABA-ergic synapse (GO:0098982, 5.48E-03)
perinuclear region of cytoplasm (GO:0048471, 5.48E-03)
acrosomal vesicle (GO:0001669, 5.78E-03)
protein-containing complex (GO:0032991, 7.85E-03)
plasma membrane bounded cell projection cytoplasm (GO:0032838, 9.22E-03)
microtubule associated complex (GO:0005875, 9.22E-03)","membrane-bounded organelle (GO:0043227, 2.92E-07)
motile cilium (GO:0031514, 3.58E-06)
intracellular membrane-bounded organelle (GO:0043231, 3.40E-05)
cellular anatomical structure (GO:0110165, 6.34E-05)
9+2 motile cilium (GO:0097729, 6.89E-05)
ciliary base (GO:0097546, 7.48E-05)
glutamatergic synapse (GO:0098978, 1.29E-04)
sperm flagellum (GO:0036126, 1.90E-04)
cohesin complex (GO:0008278, 2.91E-04)
spindle pole (GO:0000922, 7.35E-04)
microtubule (GO:0005874, 8.01E-04)
ciliary basal body (GO:0036064, 8.23E-04)
axoneme (GO:0005930, 8.90E-04)
ciliary plasm (GO:0097014, 8.94E-04)
spindle (GO:0005819, 1.35E-03)
postsynaptic specialization, intracellular component (GO:0099091, 1.54E-03)
actin filament bundle (GO:0032432, 3.13E-03)
non-motile cilium (GO:0097730, 3.13E-03)
meiotic cohesin complex (GO:0030893, 4.29E-03)
inhibitory synapse (GO:0060077, 4.29E-03)
mitotic spindle (GO:0072686, 4.29E-03)
endomembrane system (GO:0012505, 4.30E-03)
cytoplasmic region (GO:0099568, 4.30E-03)
GABA-ergic synapse (GO:0098982, 5.48E-03)
perinuclear region of cytoplasm (GO:0048471, 5.48E-03)
acrosomal vesicle (GO:0001669, 5.78E-03)
protein-containing complex (GO:0032991, 7.85E-03)
plasma membrane bounded cell projection cytoplasm (GO:0032838, 9.22E-03)
microtubule associated complex (GO:0005875, 9.22E-03)","membrane-bounded organelle (GO:0043227, 2.92E-07)
motile cilium (GO:0031514, 3.58E-06)
intracellular membrane-bounded organelle (GO:0043231, 3.40E-05)
cellular anatomical structure (GO:0110165, 6.34E-05)
9+2 motile cilium (GO:0097729, 6.89E-05)
ciliary base (GO:0097546, 7.48E-05)
glutamatergic synapse (GO:0098978, 1.29E-04)
sperm flagellum (GO:0036126, 1.90E-04)
cohesin complex (GO:0008278, 2.91E-04)
spindle pole (GO:0000922, 7.35E-04)
microtubule (GO:0005874, 8.01E-04)
ciliary basal body (GO:0036064, 8.23E-04)
axoneme (GO:0005930, 8.90E-04)
ciliary plasm (GO:0097014, 8.94E-04)
spindle (GO:0005819, 1.35E-03)
postsynaptic specialization, intracellular component (GO:0099091, 1.54E-03)
actin filament bundle (GO:0032432, 3.13E-03)
non-motile cilium (GO:0097730, 3.13E-03)
meiotic cohesin complex (GO:0030893, 4.29E-03)
inhibitory synapse (GO:0060077, 4.29E-03)
mitotic spindle (GO:0072686, 4.29E-03)
endomembrane system (GO:0012505, 4.30E-03)
cytoplasmic region (GO:0099568, 4.30E-03)
GABA-ergic synapse (GO:0098982, 5.48E-03)
perinuclear region of cytoplasm (GO:0048471, 5.48E-03)
acrosomal vesicle (GO:0001669, 5.78E-03)
protein-containing complex (GO:0032991, 7.85E-03)
catalytic complex (GO:1902494, 9.22E-03)
plasma membrane bounded cell projection cytoplasm (GO:0032838, 9.22E-03)
microtubule associated complex (GO:0005875, 9.22E-03)"
set10,"membrane-bounded organelle (GO:0043227, 1.28E-06)
motile cilium (GO:0031514, 1.86E-05)
glutamatergic synapse (GO:0098978, 2.59E-05)
intracellular membrane-bounded organelle (GO:0043231, 4.89E-05)
spindle pole (GO:0000922, 9.46E-05)
postsynaptic specialization, intracellular component (GO:0099091, 1.06E-04)
cellular anatomical structure (GO:0110165, 2.33E-04)
cohesin complex (GO:0008278, 2.60E-04)
spindle (GO:0005819, 2.81E-04)
9+2 motile cilium (GO:0097729, 3.35E-04)
microtubule (GO:0005874, 6.84E-04)
ciliary basal body (GO:0036064, 7.31E-04)
postsynaptic density, intracellular component (GO:0099092, 7.89E-04)
axoneme (GO:0005930, 7.92E-04)
ciliary plasm (GO:0097014, 7.96E-04)
ciliary base (GO:0097546, 9.67E-04)
sperm flagellum (GO:0036126, 9.84E-04)
actin filament bundle (GO:0032432, 2.94E-03)
inhibitory synapse (GO:0060077, 4.00E-03)
meiotic cohesin complex (GO:0030893, 4.00E-03)
nucleus (GO:0005634, 4.00E-03)
cytoplasmic region (GO:0099568, 4.00E-03)
mitotic spindle (GO:0072686, 4.00E-03)
postsynaptic membrane (GO:0045211, 4.22E-03)
GABA-ergic synapse (GO:0098982, 5.14E-03)
protein-containing complex (GO:0032991, 5.48E-03)
plasma membrane bounded cell projection cytoplasm (GO:0032838, 8.70E-03)
microtubule associated complex (GO:0005875, 9.00E-03)
centriolar subdistal appendage (GO:0120103, 9.80E-03)","membrane-bounded organelle (GO:0043227, 1.28E-06)
motile cilium (GO:0031514, 1.86E-05)
glutamatergic synapse (GO:0098978, 2.59E-05)
intracellular membrane-bounded organelle (GO:0043231, 4.89E-05)
spindle pole (GO:0000922, 9.46E-05)
postsynaptic specialization, intracellular component (GO:0099091, 1.06E-04)
cellular anatomical structure (GO:0110165, 2.33E-04)
cohesin complex (GO:0008278, 2.60E-04)
spindle (GO:0005819, 2.81E-04)
9+2 motile cilium (GO:0097729, 3.35E-04)
microtubule (GO:0005874, 6.84E-04)
ciliary basal body (GO:0036064, 7.31E-04)
postsynaptic density, intracellular component (GO:0099092, 7.89E-04)
axoneme (GO:0005930, 7.92E-04)
ciliary plasm (GO:0097014, 7.96E-04)
ciliary base (GO:0097546, 9.67E-04)
sperm flagellum (GO:0036126, 9.84E-04)
actin filament bundle (GO:0032432, 2.94E-03)
inhibitory synapse (GO:0060077, 4.00E-03)
meiotic cohesin complex (GO:0030893, 4.00E-03)
nucleus (GO:0005634, 4.00E-03)
cytoplasmic region (GO:0099568, 4.00E-03)
mitotic spindle (GO:0072686, 4.00E-03)
postsynaptic membrane (GO:0045211, 4.22E-03)
GABA-ergic synapse (GO:0098982, 5.14E-03)
protein-containing complex (GO:0032991, 5.48E-03)
plasma membrane bounded cell projection cytoplasm (GO:0032838, 8.70E-03)
microtubule associated complex (GO:0005875, 9.00E-03)
centriolar subdistal appendage (GO:0120103, 9.80E-03)","membrane-bounded organelle (GO:0043227, 1.28E-06)
motile cilium (GO:0031514, 1.86E-05)
glutamatergic synapse (GO:0098978, 2.59E-05)
intracellular membrane-bounded organelle (GO:0043231, 4.89E-05)
spindle pole (GO:0000922, 9.46E-05)
postsynaptic specialization, intracellular component (GO:0099091, 1.06E-04)
cellular anatomical structure (GO:0110165, 2.33E-04)
cohesin complex (GO:0008278, 2.60E-04)
spindle (GO:0005819, 2.81E-04)
9+2 motile cilium (GO:0097729, 3.35E-04)
microtubule (GO:0005874, 6.84E-04)
ciliary basal body (GO:0036064, 7.31E-04)
postsynaptic density, intracellular component (GO:0099092, 7.89E-04)
axoneme (GO:0005930, 7.92E-04)
ciliary plasm (GO:0097014, 7.96E-04)
ciliary base (GO:0097546, 9.67E-04)
sperm flagellum (GO:0036126, 9.84E-04)
actin filament bundle (GO:0032432, 2.94E-03)
inhibitory synapse (GO:0060077, 4.00E-03)
meiotic cohesin complex (GO:0030893, 4.00E-03)
nucleus (GO:0005634, 4.00E-03)
cytoplasmic region (GO:0099568, 4.00E-03)
mitotic spindle (GO:0072686, 4.00E-03)
postsynaptic membrane (GO:0045211, 4.22E-03)
GABA-ergic synapse (GO:0098982, 5.14E-03)
protein-containing complex (GO:0032991, 5.48E-03)
plasma membrane bounded cell projection cytoplasm (GO:0032838, 8.70E-03)
microtubule associated complex (GO:0005875, 9.00E-03)
dendrite (GO:0030425, 9.80E-03)
dendritic tree (GO:0097447, 9.80E-03)
centriolar subdistal appendage (GO:0120103, 9.80E-03)","membrane-bounded organelle (GO:0043227, 1.28E-06)
motile cilium (GO:0031514, 1.86E-05)
glutamatergic synapse (GO:0098978, 2.59E-05)
intracellular membrane-bounded organelle (GO:0043231, 4.89E-05)
spindle pole (GO:0000922, 9.46E-05)
postsynaptic specialization, intracellular component (GO:0099091, 1.06E-04)
cellular anatomical structure (GO:0110165, 2.33E-04)
cohesin complex (GO:0008278, 2.60E-04)
spindle (GO:0005819, 2.81E-04)
9+2 motile cilium (GO:0097729, 3.35E-04)
microtubule (GO:0005874, 6.84E-04)
ciliary basal body (GO:0036064, 7.31E-04)
postsynaptic density, intracellular component (GO:0099092, 7.89E-04)
axoneme (GO:0005930, 7.92E-04)
ciliary plasm (GO:0097014, 7.96E-04)
ciliary base (GO:0097546, 9.67E-04)
sperm flagellum (GO:0036126, 9.84E-04)
actin filament bundle (GO:0032432, 2.94E-03)
inhibitory synapse (GO:0060077, 4.00E-03)
meiotic cohesin complex (GO:0030893, 4.00E-03)
nucleus (GO:0005634, 4.00E-03)
cytoplasmic region (GO:0099568, 4.00E-03)
mitotic spindle (GO:0072686, 4.00E-03)
postsynaptic membrane (GO:0045211, 4.22E-03)
GABA-ergic synapse (GO:0098982, 5.14E-03)
protein-containing complex (GO:0032991, 5.48E-03)
catalytic complex (GO:1902494, 8.37E-03)
plasma membrane bounded cell projection cytoplasm (GO:0032838, 8.70E-03)
microtubule associated complex (GO:0005875, 9.00E-03)
centriolar subdistal appendage (GO:0120103, 9.80E-03)"
set11,"membrane-bounded organelle (GO:0043227, 3.01E-05)
cohesin complex (GO:0008278, 7.77E-05)
intracellular membrane-bounded organelle (GO:0043231, 8.02E-05)
ciliary base (GO:0097546, 1.20E-04)
meiotic cohesin complex (GO:0030893, 1.67E-03)
motile cilium (GO:0031514, 1.83E-03)
cellular anatomical structure (GO:0110165, 8.27E-03)","membrane-bounded organelle (GO:0043227, 3.01E-05)
cohesin complex (GO:0008278, 7.77E-05)
intracellular membrane-bounded organelle (GO:0043231, 8.02E-05)
ciliary base (GO:0097546, 1.20E-04)
meiotic cohesin complex (GO:0030893, 1.67E-03)
motile cilium (GO:0031514, 1.83E-03)
cellular anatomical structure (GO:0110165, 8.27E-03)","membrane-bounded organelle (GO:0043227, 3.01E-05)
cohesin complex (GO:0008278, 7.77E-05)
intracellular membrane-bounded organelle (GO:0043231, 8.02E-05)
ciliary base (GO:0097546, 1.20E-04)
meiotic cohesin complex (GO:0030893, 1.67E-03)
motile cilium (GO:0031514, 1.83E-03)
cellular anatomical structure (GO:0110165, 8.27E-03)","membrane-bounded organelle (GO:0043227, 3.01E-05)
cohesin complex (GO:0008278, 7.77E-05)
intracellular membrane-bounded organelle (GO:0043231, 8.02E-05)
ciliary base (GO:0097546, 1.20E-04)
meiotic cohesin complex (GO:0030893, 1.67E-03)
motile cilium (GO:0031514, 1.83E-03)
cellular anatomical structure (GO:0110165, 8.27E-03)"
set12,"membrane-bounded organelle (GO:0043227, 2.49E-07)
motile cilium (GO:0031514, 5.22E-06)
intracellular membrane-bounded organelle (GO:0043231, 2.62E-05)
glutamatergic synapse (GO:0098978, 4.89E-05)
9+2 motile cilium (GO:0097729, 8.04E-05)
ciliary base (GO:0097546, 8.04E-05)
cellular anatomical structure (GO:0110165, 9.14E-05)
postsynaptic specialization, intracellular component (GO:0099091, 1.24E-04)
spindle pole (GO:0000922, 1.24E-04)
ciliary basal body (GO:0036064, 1.43E-04)
sperm flagellum (GO:0036126, 2.29E-04)
cohesin complex (GO:0008278, 2.90E-04)
spindle (GO:0005819, 4.11E-04)
postsynaptic density, intracellular component (GO:0099092, 9.56E-04)
microtubule (GO:0005874, 9.97E-04)
axoneme (GO:0005930, 1.06E-03)
ciliary plasm (GO:0097014, 1.07E-03)
non-motile cilium (GO:0097730, 3.77E-03)
actin filament bundle (GO:0032432, 3.77E-03)
inhibitory synapse (GO:0060077, 4.73E-03)
meiotic cohesin complex (GO:0030893, 4.73E-03)
mitotic spindle (GO:0072686, 5.00E-03)
nucleus (GO:0005634, 5.29E-03)
cytoplasmic region (GO:0099568, 5.38E-03)
postsynaptic membrane (GO:0045211, 5.82E-03)
GABA-ergic synapse (GO:0098982, 6.35E-03)
acrosomal vesicle (GO:0001669, 6.90E-03)
perinuclear region of cytoplasm (GO:0048471, 7.37E-03)
protein-containing complex (GO:0032991, 7.37E-03)
endomembrane system (GO:0012505, 8.56E-03)","membrane-bounded organelle (GO:0043227, 2.49E-07)
motile cilium (GO:0031514, 5.22E-06)
intracellular membrane-bounded organelle (GO:0043231, 2.62E-05)
glutamatergic synapse (GO:0098978, 4.89E-05)
9+2 motile cilium (GO:0097729, 8.04E-05)
ciliary base (GO:0097546, 8.04E-05)
cellular anatomical structure (GO:0110165, 9.14E-05)
postsynaptic specialization, intracellular component (GO:0099091, 1.24E-04)
spindle pole (GO:0000922, 1.24E-04)
ciliary basal body (GO:0036064, 1.43E-04)
sperm flagellum (GO:0036126, 2.29E-04)
cohesin complex (GO:0008278, 2.90E-04)
spindle (GO:0005819, 4.11E-04)
postsynaptic density, intracellular component (GO:0099092, 9.56E-04)
microtubule (GO:0005874, 9.97E-04)
axoneme (GO:0005930, 1.06E-03)
ciliary plasm (GO:0097014, 1.07E-03)
non-motile cilium (GO:0097730, 3.77E-03)
actin filament bundle (GO:0032432, 3.77E-03)
inhibitory synapse (GO:0060077, 4.73E-03)
meiotic cohesin complex (GO:0030893, 4.73E-03)
mitotic spindle (GO:0072686, 5.00E-03)
nucleus (GO:0005634, 5.29E-03)
cytoplasmic region (GO:0099568, 5.38E-03)
postsynaptic membrane (GO:0045211, 5.82E-03)
GABA-ergic synapse (GO:0098982, 6.35E-03)
acrosomal vesicle (GO:0001669, 6.90E-03)
perinuclear region of cytoplasm (GO:0048471, 7.37E-03)
protein-containing complex (GO:0032991, 7.37E-03)
endomembrane system (GO:0012505, 8.56E-03)","membrane-bounded organelle (GO:0043227, 2.49E-07)
motile cilium (GO:0031514, 5.22E-06)
intracellular membrane-bounded organelle (GO:0043231, 2.62E-05)
glutamatergic synapse (GO:0098978, 4.89E-05)
9+2 motile cilium (GO:0097729, 8.04E-05)
ciliary base (GO:0097546, 8.04E-05)
cellular anatomical structure (GO:0110165, 9.14E-05)
postsynaptic specialization, intracellular component (GO:0099091, 1.24E-04)
spindle pole (GO:0000922, 1.24E-04)
ciliary basal body (GO:0036064, 1.43E-04)
sperm flagellum (GO:0036126, 2.29E-04)
cohesin complex (GO:0008278, 2.90E-04)
spindle (GO:0005819, 4.11E-04)
postsynaptic density, intracellular component (GO:0099092, 9.56E-04)
microtubule (GO:0005874, 9.97E-04)
axoneme (GO:0005930, 1.06E-03)
ciliary plasm (GO:0097014, 1.07E-03)
non-motile cilium (GO:0097730, 3.77E-03)
actin filament bundle (GO:0032432, 3.77E-03)
inhibitory synapse (GO:0060077, 4.73E-03)
meiotic cohesin complex (GO:0030893, 4.73E-03)
mitotic spindle (GO:0072686, 5.00E-03)
nucleus (GO:0005634, 5.29E-03)
cytoplasmic region (GO:0099568, 5.38E-03)
postsynaptic membrane (GO:0045211, 5.82E-03)
GABA-ergic synapse (GO:0098982, 6.35E-03)
acrosomal vesicle (GO:0001669, 6.90E-03)
perinuclear region of cytoplasm (GO:0048471, 7.37E-03)
protein-containing complex (GO:0032991, 7.37E-03)
endomembrane system (GO:0012505, 8.56E-03)","membrane-bounded organelle (GO:0043227, 2.49E-07)
motile cilium (GO:0031514, 5.22E-06)
intracellular membrane-bounded organelle (GO:0043231, 2.62E-05)
glutamatergic synapse (GO:0098978, 4.89E-05)
9+2 motile cilium (GO:0097729, 8.04E-05)
ciliary base (GO:0097546, 8.04E-05)
cellular anatomical structure (GO:0110165, 9.14E-05)
postsynaptic specialization, intracellular component (GO:0099091, 1.24E-04)
spindle pole (GO:0000922, 1.24E-04)
ciliary basal body (GO:0036064, 1.43E-04)
sperm flagellum (GO:0036126, 2.29E-04)
cohesin complex (GO:0008278, 2.90E-04)
spindle (GO:0005819, 4.11E-04)
postsynaptic density, intracellular component (GO:0099092, 9.56E-04)
microtubule (GO:0005874, 9.97E-04)
axoneme (GO:0005930, 1.06E-03)
ciliary plasm (GO:0097014, 1.07E-03)
non-motile cilium (GO:0097730, 3.77E-03)
actin filament bundle (GO:0032432, 3.77E-03)
inhibitory synapse (GO:0060077, 4.73E-03)
meiotic cohesin complex (GO:0030893, 4.73E-03)
mitotic spindle (GO:0072686, 5.00E-03)
nucleus (GO:0005634, 5.29E-03)
cytoplasmic region (GO:0099568, 5.38E-03)
postsynaptic membrane (GO:0045211, 5.82E-03)
GABA-ergic synapse (GO:0098982, 6.35E-03)
acrosomal vesicle (GO:0001669, 6.90E-03)
perinuclear region of cytoplasm (GO:0048471, 7.37E-03)
protein-containing complex (GO:0032991, 7.37E-03)
endomembrane system (GO:0012505, 8.56E-03)"
