,set1(multi),set2(#FAM181A-AS1),set3(&BMS1P14),set4(&SRRM2-AS1)
set1(multi),"Factor: E2F; motif: GGCGSG; match class: 1 (TF:M00803_1, 8.80E-07)
Factor: ZF5; motif: NRNGNGCGCGCWN; match class: 1 (TF:M00333_1, 1.71E-04)
Factor: E2F; motif: GGCGSG (TF:M00803, 1.71E-04)
Factor: E2F-1; motif: NNNSSCGCSAANN (TF:M07250, 7.74E-04)
Factor: WT1; motif: CGCCCCCNCN (TF:M02036, 8.05E-04)
Factor: ZF5; motif: GSGCGCGR; match class: 1 (TF:M00716_1, 1.05E-03)
Factor: RNF96; motif: BCCCGCRGCC; match class: 1 (TF:M01199_1, 1.73E-03)
Factor: RNF96; motif: BCCCGCRGCC (TF:M01199, 1.73E-03)
Factor: SP1:SP3; motif: CCSCCCCCYCC; match class: 1 (TF:M01219_1, 2.56E-03)
Factor: ZF5; motif: NRNGNGCGCGCWN (TF:M00333, 2.86E-03)
Factor: Sp2; motif: NYSGCCCCGCCCCCY (TF:M03567, 2.90E-03)
Factor: Egr-1; motif: GCGGGGGCGG (TF:M07354, 4.88E-03)
Factor: Sp1; motif: CCCCGCCCCN (TF:M00933, 5.60E-03)
Factor: BTEB2; motif: RGGGNGKGGN; match class: 1 (TF:M07277_1, 6.38E-03)
Factor: Osx; motif: CCNCCCCCNNN (TF:M07329, 6.50E-03)
Factor: E2F-3; motif: GGCGGGN; match class: 1 (TF:M02089_1, 6.50E-03)
Factor: WT1; motif: GNGGGGGCGGGG (TF:M03893, 6.87E-03)
Factor: Sp1; motif: NGGGGGCGGGGYN (TF:M00196, 9.83E-03)","Factor: E2F; motif: GGCGSG; match class: 1 (TF:M00803_1, 4.82E-07)
Factor: ZF5; motif: NRNGNGCGCGCWN; match class: 1 (TF:M00333_1, 1.13E-04)
Factor: E2F; motif: GGCGSG (TF:M00803, 1.53E-04)
Factor: E2F-1; motif: NNNSSCGCSAANN (TF:M07250, 5.28E-04)
Factor: WT1; motif: CGCCCCCNCN (TF:M02036, 5.95E-04)
Factor: ZF5; motif: GSGCGCGR; match class: 1 (TF:M00716_1, 1.21E-03)
Factor: ZF5; motif: NRNGNGCGCGCWN (TF:M00333, 1.92E-03)
Factor: RNF96; motif: BCCCGCRGCC (TF:M01199, 1.99E-03)
Factor: RNF96; motif: BCCCGCRGCC; match class: 1 (TF:M01199_1, 2.21E-03)
Factor: SP1:SP3; motif: CCSCCCCCYCC; match class: 1 (TF:M01219_1, 2.33E-03)
Factor: Sp2; motif: NYSGCCCCGCCCCCY (TF:M03567, 2.35E-03)
Factor: Egr-1; motif: GCGGGGGCGG (TF:M07354, 3.94E-03)
Factor: Osx; motif: CCNCCCCCNNN (TF:M07329, 5.67E-03)
Factor: WT1; motif: GNGGGGGCGGGG (TF:M03893, 5.68E-03)
Factor: Sp1; motif: CCCCGCCCCN (TF:M00933, 5.72E-03)
Factor: E2F-3; motif: GGCGGGN; match class: 1 (TF:M02089_1, 7.88E-03)
Factor: BTEB2; motif: RGGGNGKGGN; match class: 1 (TF:M07277_1, 7.89E-03)
Factor: AP-2alpha; motif: NGCCYSNNGSN (TF:M01857, 9.40E-03)","Factor: E2F; motif: GGCGSG; match class: 1 (TF:M00803_1, 1.24E-06)
Factor: E2F; motif: GGCGSG (TF:M00803, 1.97E-04)
Factor: ZF5; motif: NRNGNGCGCGCWN; match class: 1 (TF:M00333_1, 2.08E-04)
Factor: WT1; motif: CGCCCCCNCN (TF:M02036, 6.43E-04)
Factor: E2F-1; motif: NNNSSCGCSAANN (TF:M07250, 9.05E-04)
Factor: ZF5; motif: GSGCGCGR; match class: 1 (TF:M00716_1, 1.25E-03)
Factor: RNF96; motif: BCCCGCRGCC; match class: 1 (TF:M01199_1, 1.44E-03)
Factor: RNF96; motif: BCCCGCRGCC (TF:M01199, 1.89E-03)
Factor: SP1:SP3; motif: CCSCCCCCYCC; match class: 1 (TF:M01219_1, 2.38E-03)
Factor: Sp2; motif: NYSGCCCCGCCCCCY (TF:M03567, 2.40E-03)
Factor: ZF5; motif: NRNGNGCGCGCWN (TF:M00333, 3.12E-03)
Factor: Egr-1; motif: GCGGGGGCGG (TF:M07354, 3.88E-03)
Factor: BTEB2; motif: RGGGNGKGGN; match class: 1 (TF:M07277_1, 6.08E-03)
Factor: Sp1; motif: CCCCGCCCCN (TF:M00933, 6.55E-03)
Factor: WT1; motif: GNGGGGGCGGGG (TF:M03893, 6.55E-03)
Factor: E2F-3; motif: GGCGGGN; match class: 1 (TF:M02089_1, 8.06E-03)
Factor: Sp1; motif: NGGGGGCGGGGYN (TF:M00196, 8.06E-03)
Factor: Osx; motif: CCNCCCCCNNN (TF:M07329, 8.32E-03)","Factor: E2F; motif: GGCGSG; match class: 1 (TF:M00803_1, 7.48E-06)
Factor: E2F; motif: GGCGSG (TF:M00803, 6.02E-04)
Factor: ZF5; motif: NRNGNGCGCGCWN; match class: 1 (TF:M00333_1, 6.48E-04)
Factor: E2F-1; motif: NNNSSCGCSAANN (TF:M07250, 1.07E-03)
Factor: ZF5; motif: GSGCGCGR; match class: 1 (TF:M00716_1, 1.59E-03)
Factor: WT1; motif: CGCCCCCNCN (TF:M02036, 2.14E-03)
Factor: Sp2; motif: NYSGCCCCGCCCCCY (TF:M03567, 6.49E-03)
Factor: Egr-1; motif: GCGGGGGCGG (TF:M07354, 6.55E-03)
Factor: ZF5; motif: NRNGNGCGCGCWN (TF:M00333, 6.63E-03)
Factor: RNF96; motif: BCCCGCRGCC (TF:M01199, 6.89E-03)
Factor: SP1:SP3; motif: CCSCCCCCYCC; match class: 1 (TF:M01219_1, 7.95E-03)
Factor: RNF96; motif: BCCCGCRGCC; match class: 1 (TF:M01199_1, 8.87E-03)"
set2(#1700029J03Rik),"Factor: E2F; motif: GGCGSG; match class: 1 (TF:M00803_1, 8.80E-07)
Factor: ZF5; motif: NRNGNGCGCGCWN; match class: 1 (TF:M00333_1, 1.71E-04)
Factor: E2F; motif: GGCGSG (TF:M00803, 1.71E-04)
Factor: WT1; motif: CGCCCCCNCN (TF:M02036, 8.05E-04)
Factor: ZF5; motif: GSGCGCGR; match class: 1 (TF:M00716_1, 1.05E-03)
Factor: RNF96; motif: BCCCGCRGCC; match class: 1 (TF:M01199_1, 1.73E-03)
Factor: ZF5; motif: NRNGNGCGCGCWN (TF:M00333, 2.86E-03)
Factor: Egr-1; motif: GCGGGGGCGG (TF:M07354, 4.88E-03)
Factor: Sp1; motif: CCCCGCCCCN (TF:M00933, 5.60E-03)
Factor: Egr-1; motif: GCGGGGGCGG (TF:M01873, 6.45E-03)
Factor: Osx; motif: CCNCCCCCNNN (TF:M07329, 6.50E-03)
Factor: E2F-3; motif: GGCGGGN; match class: 1 (TF:M02089_1, 6.50E-03)","Factor: E2F; motif: GGCGSG; match class: 1 (TF:M00803_1, 4.82E-07)
Factor: ZF5; motif: NRNGNGCGCGCWN; match class: 1 (TF:M00333_1, 1.13E-04)
Factor: E2F; motif: GGCGSG (TF:M00803, 1.53E-04)
Factor: WT1; motif: CGCCCCCNCN (TF:M02036, 5.95E-04)
Factor: ZF5; motif: GSGCGCGR; match class: 1 (TF:M00716_1, 1.21E-03)
Factor: ZF5; motif: NRNGNGCGCGCWN (TF:M00333, 1.92E-03)
Factor: RNF96; motif: BCCCGCRGCC; match class: 1 (TF:M01199_1, 2.21E-03)
Factor: Egr-1; motif: GCGGGGGCGG (TF:M07354, 3.94E-03)
Factor: Egr-1; motif: GCGGGGGCGG (TF:M01873, 5.49E-03)
Factor: Osx; motif: CCNCCCCCNNN (TF:M07329, 5.67E-03)
Factor: Sp1; motif: CCCCGCCCCN (TF:M00933, 5.72E-03)
Factor: E2F-3; motif: GGCGGGN; match class: 1 (TF:M02089_1, 7.88E-03)","Factor: E2F; motif: GGCGSG; match class: 1 (TF:M00803_1, 1.24E-06)
Factor: E2F; motif: GGCGSG (TF:M00803, 1.97E-04)
Factor: ZF5; motif: NRNGNGCGCGCWN; match class: 1 (TF:M00333_1, 2.08E-04)
Factor: WT1; motif: CGCCCCCNCN (TF:M02036, 6.43E-04)
Factor: ZF5; motif: GSGCGCGR; match class: 1 (TF:M00716_1, 1.25E-03)
Factor: RNF96; motif: BCCCGCRGCC; match class: 1 (TF:M01199_1, 1.44E-03)
Factor: ZF5; motif: NRNGNGCGCGCWN (TF:M00333, 3.12E-03)
Factor: Egr-1; motif: GCGGGGGCGG (TF:M07354, 3.88E-03)
Factor: Sp1; motif: CCCCGCCCCN (TF:M00933, 6.55E-03)
Factor: Egr-1; motif: GCGGGGGCGG (TF:M01873, 7.91E-03)
Factor: E2F-3; motif: GGCGGGN; match class: 1 (TF:M02089_1, 8.06E-03)
Factor: Osx; motif: CCNCCCCCNNN (TF:M07329, 8.32E-03)","Factor: E2F; motif: GGCGSG; match class: 1 (TF:M00803_1, 7.48E-06)
Factor: E2F; motif: GGCGSG (TF:M00803, 6.02E-04)
Factor: ZF5; motif: NRNGNGCGCGCWN; match class: 1 (TF:M00333_1, 6.48E-04)
Factor: ZF5; motif: GSGCGCGR; match class: 1 (TF:M00716_1, 1.59E-03)
Factor: WT1; motif: CGCCCCCNCN (TF:M02036, 2.14E-03)
Factor: Egr-1; motif: GCGGGGGCGG (TF:M07354, 6.55E-03)
Factor: ZF5; motif: NRNGNGCGCGCWN (TF:M00333, 6.63E-03)
Factor: RNF96; motif: BCCCGCRGCC; match class: 1 (TF:M01199_1, 8.87E-03)"
set3(#4930528D03Rik),"Factor: E2F; motif: GGCGSG; match class: 1 (TF:M00803_1, 8.80E-07)
Factor: ZF5; motif: NRNGNGCGCGCWN; match class: 1 (TF:M00333_1, 1.71E-04)
Factor: E2F; motif: GGCGSG (TF:M00803, 1.71E-04)
Factor: E2F-1; motif: NNNSSCGCSAANN (TF:M07250, 7.74E-04)
Factor: WT1; motif: CGCCCCCNCN (TF:M02036, 8.05E-04)
Factor: ZF5; motif: GSGCGCGR; match class: 1 (TF:M00716_1, 1.05E-03)
Factor: RNF96; motif: BCCCGCRGCC; match class: 1 (TF:M01199_1, 1.73E-03)
Factor: RNF96; motif: BCCCGCRGCC (TF:M01199, 1.73E-03)
Factor: SP1:SP3; motif: CCSCCCCCYCC; match class: 1 (TF:M01219_1, 2.56E-03)
Factor: ZF5; motif: NRNGNGCGCGCWN (TF:M00333, 2.86E-03)
Factor: Sp2; motif: NYSGCCCCGCCCCCY (TF:M03567, 2.90E-03)
Factor: Egr-1; motif: GCGGGGGCGG (TF:M07354, 4.88E-03)
Factor: Sp1; motif: CCCCGCCCCN (TF:M00933, 5.60E-03)
Factor: BTEB2; motif: RGGGNGKGGN; match class: 1 (TF:M07277_1, 6.38E-03)
Factor: Osx; motif: CCNCCCCCNNN (TF:M07329, 6.50E-03)
Factor: E2F-3; motif: GGCGGGN; match class: 1 (TF:M02089_1, 6.50E-03)
Factor: WT1; motif: GNGGGGGCGGGG (TF:M03893, 6.87E-03)
Factor: Sp1; motif: GGGGCGGGGT (TF:M00008, 9.57E-03)
Factor: Sp1; motif: NGGGGGCGGGGYN (TF:M00196, 9.83E-03)","Factor: E2F; motif: GGCGSG; match class: 1 (TF:M00803_1, 4.82E-07)
Factor: ZF5; motif: NRNGNGCGCGCWN; match class: 1 (TF:M00333_1, 1.13E-04)
Factor: E2F; motif: GGCGSG (TF:M00803, 1.53E-04)
Factor: E2F-1; motif: NNNSSCGCSAANN (TF:M07250, 5.28E-04)
Factor: WT1; motif: CGCCCCCNCN (TF:M02036, 5.95E-04)
Factor: ZF5; motif: GSGCGCGR; match class: 1 (TF:M00716_1, 1.21E-03)
Factor: ZF5; motif: NRNGNGCGCGCWN (TF:M00333, 1.92E-03)
Factor: RNF96; motif: BCCCGCRGCC (TF:M01199, 1.99E-03)
Factor: RNF96; motif: BCCCGCRGCC; match class: 1 (TF:M01199_1, 2.21E-03)
Factor: SP1:SP3; motif: CCSCCCCCYCC; match class: 1 (TF:M01219_1, 2.33E-03)
Factor: Sp2; motif: NYSGCCCCGCCCCCY (TF:M03567, 2.35E-03)
Factor: Egr-1; motif: GCGGGGGCGG (TF:M07354, 3.94E-03)
Factor: Osx; motif: CCNCCCCCNNN (TF:M07329, 5.67E-03)
Factor: WT1; motif: GNGGGGGCGGGG (TF:M03893, 5.68E-03)
Factor: Sp1; motif: CCCCGCCCCN (TF:M00933, 5.72E-03)
Factor: Sp1; motif: GGGGCGGGGT (TF:M00008, 7.58E-03)
Factor: E2F-3; motif: GGCGGGN; match class: 1 (TF:M02089_1, 7.88E-03)
Factor: BTEB2; motif: RGGGNGKGGN; match class: 1 (TF:M07277_1, 7.89E-03)
Factor: AP-2alpha; motif: NGCCYSNNGSN (TF:M01857, 9.40E-03)","Factor: E2F; motif: GGCGSG; match class: 1 (TF:M00803_1, 1.24E-06)
Factor: E2F; motif: GGCGSG (TF:M00803, 1.97E-04)
Factor: ZF5; motif: NRNGNGCGCGCWN; match class: 1 (TF:M00333_1, 2.08E-04)
Factor: WT1; motif: CGCCCCCNCN (TF:M02036, 6.43E-04)
Factor: E2F-1; motif: NNNSSCGCSAANN (TF:M07250, 9.05E-04)
Factor: ZF5; motif: GSGCGCGR; match class: 1 (TF:M00716_1, 1.25E-03)
Factor: RNF96; motif: BCCCGCRGCC; match class: 1 (TF:M01199_1, 1.44E-03)
Factor: RNF96; motif: BCCCGCRGCC (TF:M01199, 1.89E-03)
Factor: SP1:SP3; motif: CCSCCCCCYCC; match class: 1 (TF:M01219_1, 2.38E-03)
Factor: Sp2; motif: NYSGCCCCGCCCCCY (TF:M03567, 2.40E-03)
Factor: ZF5; motif: NRNGNGCGCGCWN (TF:M00333, 3.12E-03)
Factor: Egr-1; motif: GCGGGGGCGG (TF:M07354, 3.88E-03)
Factor: BTEB2; motif: RGGGNGKGGN; match class: 1 (TF:M07277_1, 6.08E-03)
Factor: Sp1; motif: CCCCGCCCCN (TF:M00933, 6.55E-03)
Factor: WT1; motif: GNGGGGGCGGGG (TF:M03893, 6.55E-03)
Factor: E2F-3; motif: GGCGGGN; match class: 1 (TF:M02089_1, 8.06E-03)
Factor: Sp1; motif: NGGGGGCGGGGYN (TF:M00196, 8.06E-03)
Factor: Osx; motif: CCNCCCCCNNN (TF:M07329, 8.32E-03)","Factor: E2F; motif: GGCGSG; match class: 1 (TF:M00803_1, 7.48E-06)
Factor: E2F; motif: GGCGSG (TF:M00803, 6.02E-04)
Factor: ZF5; motif: NRNGNGCGCGCWN; match class: 1 (TF:M00333_1, 6.48E-04)
Factor: E2F-1; motif: NNNSSCGCSAANN (TF:M07250, 1.07E-03)
Factor: ZF5; motif: GSGCGCGR; match class: 1 (TF:M00716_1, 1.59E-03)
Factor: WT1; motif: CGCCCCCNCN (TF:M02036, 2.14E-03)
Factor: Sp2; motif: NYSGCCCCGCCCCCY (TF:M03567, 6.49E-03)
Factor: Egr-1; motif: GCGGGGGCGG (TF:M07354, 6.55E-03)
Factor: ZF5; motif: NRNGNGCGCGCWN (TF:M00333, 6.63E-03)
Factor: RNF96; motif: BCCCGCRGCC (TF:M01199, 6.89E-03)
Factor: SP1:SP3; motif: CCSCCCCCYCC; match class: 1 (TF:M01219_1, 7.95E-03)
Factor: RNF96; motif: BCCCGCRGCC; match class: 1 (TF:M01199_1, 8.87E-03)"
set4(#4930584F24Rik),"Factor: E2F; motif: GGCGSG; match class: 1 (TF:M00803_1, 8.80E-07)
Factor: ZF5; motif: NRNGNGCGCGCWN; match class: 1 (TF:M00333_1, 1.71E-04)
Factor: E2F; motif: GGCGSG (TF:M00803, 1.71E-04)
Factor: E2F-1; motif: NNNSSCGCSAANN (TF:M07250, 7.74E-04)
Factor: WT1; motif: CGCCCCCNCN (TF:M02036, 8.05E-04)
Factor: ZF5; motif: GSGCGCGR; match class: 1 (TF:M00716_1, 1.05E-03)
Factor: RNF96; motif: BCCCGCRGCC; match class: 1 (TF:M01199_1, 1.73E-03)
Factor: RNF96; motif: BCCCGCRGCC (TF:M01199, 1.73E-03)
Factor: ZF5; motif: NRNGNGCGCGCWN (TF:M00333, 2.86E-03)
Factor: Sp2; motif: NYSGCCCCGCCCCCY (TF:M03567, 2.90E-03)
Factor: Egr-1; motif: GCGGGGGCGG (TF:M07354, 4.88E-03)
Factor: Sp1; motif: CCCCGCCCCN (TF:M00933, 5.60E-03)
Factor: Osx; motif: CCNCCCCCNNN (TF:M07329, 6.50E-03)
Factor: E2F-3; motif: GGCGGGN; match class: 1 (TF:M02089_1, 6.50E-03)
Factor: WT1; motif: GNGGGGGCGGGG (TF:M03893, 6.87E-03)
Factor: Sp1; motif: NGGGGGCGGGGYN (TF:M00196, 9.83E-03)","Factor: E2F; motif: GGCGSG; match class: 1 (TF:M00803_1, 4.82E-07)
Factor: ZF5; motif: NRNGNGCGCGCWN; match class: 1 (TF:M00333_1, 1.13E-04)
Factor: E2F; motif: GGCGSG (TF:M00803, 1.53E-04)
Factor: E2F-1; motif: NNNSSCGCSAANN (TF:M07250, 5.28E-04)
Factor: WT1; motif: CGCCCCCNCN (TF:M02036, 5.95E-04)
Factor: ZF5; motif: GSGCGCGR; match class: 1 (TF:M00716_1, 1.21E-03)
Factor: ZF5; motif: NRNGNGCGCGCWN (TF:M00333, 1.92E-03)
Factor: RNF96; motif: BCCCGCRGCC (TF:M01199, 1.99E-03)
Factor: RNF96; motif: BCCCGCRGCC; match class: 1 (TF:M01199_1, 2.21E-03)
Factor: Sp2; motif: NYSGCCCCGCCCCCY (TF:M03567, 2.35E-03)
Factor: Egr-1; motif: GCGGGGGCGG (TF:M07354, 3.94E-03)
Factor: Osx; motif: CCNCCCCCNNN (TF:M07329, 5.67E-03)
Factor: WT1; motif: GNGGGGGCGGGG (TF:M03893, 5.68E-03)
Factor: Sp1; motif: CCCCGCCCCN (TF:M00933, 5.72E-03)
Factor: E2F-3; motif: GGCGGGN; match class: 1 (TF:M02089_1, 7.88E-03)
Factor: AP-2alpha; motif: NGCCYSNNGSN (TF:M01857, 9.40E-03)","Factor: E2F; motif: GGCGSG; match class: 1 (TF:M00803_1, 1.24E-06)
Factor: E2F; motif: GGCGSG (TF:M00803, 1.97E-04)
Factor: ZF5; motif: NRNGNGCGCGCWN; match class: 1 (TF:M00333_1, 2.08E-04)
Factor: WT1; motif: CGCCCCCNCN (TF:M02036, 6.43E-04)
Factor: E2F-1; motif: NNNSSCGCSAANN (TF:M07250, 9.05E-04)
Factor: ZF5; motif: GSGCGCGR; match class: 1 (TF:M00716_1, 1.25E-03)
Factor: RNF96; motif: BCCCGCRGCC; match class: 1 (TF:M01199_1, 1.44E-03)
Factor: RNF96; motif: BCCCGCRGCC (TF:M01199, 1.89E-03)
Factor: Sp2; motif: NYSGCCCCGCCCCCY (TF:M03567, 2.40E-03)
Factor: ZF5; motif: NRNGNGCGCGCWN (TF:M00333, 3.12E-03)
Factor: Egr-1; motif: GCGGGGGCGG (TF:M07354, 3.88E-03)
Factor: Sp1; motif: CCCCGCCCCN (TF:M00933, 6.55E-03)
Factor: WT1; motif: GNGGGGGCGGGG (TF:M03893, 6.55E-03)
Factor: E2F-3; motif: GGCGGGN; match class: 1 (TF:M02089_1, 8.06E-03)
Factor: Sp1; motif: NGGGGGCGGGGYN (TF:M00196, 8.06E-03)
Factor: Osx; motif: CCNCCCCCNNN (TF:M07329, 8.32E-03)","Factor: E2F; motif: GGCGSG; match class: 1 (TF:M00803_1, 7.48E-06)
Factor: E2F; motif: GGCGSG (TF:M00803, 6.02E-04)
Factor: ZF5; motif: NRNGNGCGCGCWN; match class: 1 (TF:M00333_1, 6.48E-04)
Factor: E2F-1; motif: NNNSSCGCSAANN (TF:M07250, 1.07E-03)
Factor: ZF5; motif: GSGCGCGR; match class: 1 (TF:M00716_1, 1.59E-03)
Factor: WT1; motif: CGCCCCCNCN (TF:M02036, 2.14E-03)
Factor: Sp2; motif: NYSGCCCCGCCCCCY (TF:M03567, 6.49E-03)
Factor: Egr-1; motif: GCGGGGGCGG (TF:M07354, 6.55E-03)
Factor: ZF5; motif: NRNGNGCGCGCWN (TF:M00333, 6.63E-03)
Factor: RNF96; motif: BCCCGCRGCC (TF:M01199, 6.89E-03)
Factor: RNF96; motif: BCCCGCRGCC; match class: 1 (TF:M01199_1, 8.87E-03)"
set5(#Gad1os),"Factor: E2F; motif: GGCGSG; match class: 1 (TF:M00803_1, 8.80E-07)
Factor: ZF5; motif: NRNGNGCGCGCWN; match class: 1 (TF:M00333_1, 1.71E-04)
Factor: E2F; motif: GGCGSG (TF:M00803, 1.71E-04)
Factor: E2F-1; motif: NNNSSCGCSAANN (TF:M07250, 7.74E-04)
Factor: SP2; motif: GNNGGGGGCGGGGSN; match class: 1 (TF:M03807_1, 8.04E-04)
Factor: WT1; motif: CGCCCCCNCN (TF:M02036, 8.05E-04)
Factor: ZF5; motif: GSGCGCGR; match class: 1 (TF:M00716_1, 1.05E-03)
Factor: RNF96; motif: BCCCGCRGCC; match class: 1 (TF:M01199_1, 1.73E-03)
Factor: RNF96; motif: BCCCGCRGCC (TF:M01199, 1.73E-03)
Factor: SP1:SP3; motif: CCSCCCCCYCC; match class: 1 (TF:M01219_1, 2.56E-03)
Factor: ZF5; motif: NRNGNGCGCGCWN (TF:M00333, 2.86E-03)
Factor: Sp2; motif: NYSGCCCCGCCCCCY (TF:M03567, 2.90E-03)
Factor: Egr-1; motif: GCGGGGGCGG (TF:M07354, 4.88E-03)
Factor: Sp1; motif: CCCCGCCCCN (TF:M00933, 5.60E-03)
Factor: BTEB2; motif: RGGGNGKGGN; match class: 1 (TF:M07277_1, 6.38E-03)
Factor: Osx; motif: CCNCCCCCNNN (TF:M07329, 6.50E-03)
Factor: E2F-3; motif: GGCGGGN; match class: 1 (TF:M02089_1, 6.50E-03)
Factor: WT1; motif: GNGGGGGCGGGG (TF:M03893, 6.87E-03)
Factor: Sp1; motif: NGGGGGCGGGGYN (TF:M00196, 9.83E-03)","Factor: E2F; motif: GGCGSG; match class: 1 (TF:M00803_1, 4.82E-07)
Factor: ZF5; motif: NRNGNGCGCGCWN; match class: 1 (TF:M00333_1, 1.13E-04)
Factor: E2F; motif: GGCGSG (TF:M00803, 1.53E-04)
Factor: E2F-1; motif: NNNSSCGCSAANN (TF:M07250, 5.28E-04)
Factor: WT1; motif: CGCCCCCNCN (TF:M02036, 5.95E-04)
Factor: SP2; motif: GNNGGGGGCGGGGSN; match class: 1 (TF:M03807_1, 6.33E-04)
Factor: ZF5; motif: GSGCGCGR; match class: 1 (TF:M00716_1, 1.21E-03)
Factor: ZF5; motif: NRNGNGCGCGCWN (TF:M00333, 1.92E-03)
Factor: RNF96; motif: BCCCGCRGCC (TF:M01199, 1.99E-03)
Factor: RNF96; motif: BCCCGCRGCC; match class: 1 (TF:M01199_1, 2.21E-03)
Factor: SP1:SP3; motif: CCSCCCCCYCC; match class: 1 (TF:M01219_1, 2.33E-03)
Factor: Sp2; motif: NYSGCCCCGCCCCCY (TF:M03567, 2.35E-03)
Factor: Egr-1; motif: GCGGGGGCGG (TF:M07354, 3.94E-03)
Factor: Osx; motif: CCNCCCCCNNN (TF:M07329, 5.67E-03)
Factor: WT1; motif: GNGGGGGCGGGG (TF:M03893, 5.68E-03)
Factor: Sp1; motif: CCCCGCCCCN (TF:M00933, 5.72E-03)
Factor: E2F-3; motif: GGCGGGN; match class: 1 (TF:M02089_1, 7.88E-03)
Factor: BTEB2; motif: RGGGNGKGGN; match class: 1 (TF:M07277_1, 7.89E-03)
Factor: AP-2alpha; motif: NGCCYSNNGSN (TF:M01857, 9.40E-03)","Factor: E2F; motif: GGCGSG; match class: 1 (TF:M00803_1, 1.24E-06)
Factor: E2F; motif: GGCGSG (TF:M00803, 1.97E-04)
Factor: ZF5; motif: NRNGNGCGCGCWN; match class: 1 (TF:M00333_1, 2.08E-04)
Factor: WT1; motif: CGCCCCCNCN (TF:M02036, 6.43E-04)
Factor: SP2; motif: GNNGGGGGCGGGGSN; match class: 1 (TF:M03807_1, 6.80E-04)
Factor: E2F-1; motif: NNNSSCGCSAANN (TF:M07250, 9.05E-04)
Factor: ZF5; motif: GSGCGCGR; match class: 1 (TF:M00716_1, 1.25E-03)
Factor: RNF96; motif: BCCCGCRGCC; match class: 1 (TF:M01199_1, 1.44E-03)
Factor: RNF96; motif: BCCCGCRGCC (TF:M01199, 1.89E-03)
Factor: SP1:SP3; motif: CCSCCCCCYCC; match class: 1 (TF:M01219_1, 2.38E-03)
Factor: Sp2; motif: NYSGCCCCGCCCCCY (TF:M03567, 2.40E-03)
Factor: ZF5; motif: NRNGNGCGCGCWN (TF:M00333, 3.12E-03)
Factor: Egr-1; motif: GCGGGGGCGG (TF:M07354, 3.88E-03)
Factor: BTEB2; motif: RGGGNGKGGN; match class: 1 (TF:M07277_1, 6.08E-03)
Factor: Sp1; motif: CCCCGCCCCN (TF:M00933, 6.55E-03)
Factor: WT1; motif: GNGGGGGCGGGG (TF:M03893, 6.55E-03)
Factor: E2F-3; motif: GGCGGGN; match class: 1 (TF:M02089_1, 8.06E-03)
Factor: Sp1; motif: NGGGGGCGGGGYN (TF:M00196, 8.06E-03)
Factor: Osx; motif: CCNCCCCCNNN (TF:M07329, 8.32E-03)","Factor: E2F; motif: GGCGSG; match class: 1 (TF:M00803_1, 7.48E-06)
Factor: E2F; motif: GGCGSG (TF:M00803, 6.02E-04)
Factor: ZF5; motif: NRNGNGCGCGCWN; match class: 1 (TF:M00333_1, 6.48E-04)
Factor: E2F-1; motif: NNNSSCGCSAANN (TF:M07250, 1.07E-03)
Factor: ZF5; motif: GSGCGCGR; match class: 1 (TF:M00716_1, 1.59E-03)
Factor: SP2; motif: GNNGGGGGCGGGGSN; match class: 1 (TF:M03807_1, 2.07E-03)
Factor: WT1; motif: CGCCCCCNCN (TF:M02036, 2.14E-03)
Factor: Sp2; motif: NYSGCCCCGCCCCCY (TF:M03567, 6.49E-03)
Factor: Egr-1; motif: GCGGGGGCGG (TF:M07354, 6.55E-03)
Factor: ZF5; motif: NRNGNGCGCGCWN (TF:M00333, 6.63E-03)
Factor: RNF96; motif: BCCCGCRGCC (TF:M01199, 6.89E-03)
Factor: SP1:SP3; motif: CCSCCCCCYCC; match class: 1 (TF:M01219_1, 7.95E-03)
Factor: RNF96; motif: BCCCGCRGCC; match class: 1 (TF:M01199_1, 8.87E-03)"
set6(#Gm11867),,,,
set7(#Gm14091),"Factor: E2F; motif: GGCGSG; match class: 1 (TF:M00803_1, 8.80E-07)
Factor: ZF5; motif: NRNGNGCGCGCWN; match class: 1 (TF:M00333_1, 1.71E-04)
Factor: E2F; motif: GGCGSG (TF:M00803, 1.71E-04)
Factor: E2F-1; motif: NNNSSCGCSAANN (TF:M07250, 7.74E-04)
Factor: WT1; motif: CGCCCCCNCN (TF:M02036, 8.05E-04)
Factor: ZF5; motif: GSGCGCGR; match class: 1 (TF:M00716_1, 1.05E-03)
Factor: RNF96; motif: BCCCGCRGCC; match class: 1 (TF:M01199_1, 1.73E-03)
Factor: RNF96; motif: BCCCGCRGCC (TF:M01199, 1.73E-03)
Factor: SP1:SP3; motif: CCSCCCCCYCC; match class: 1 (TF:M01219_1, 2.56E-03)
Factor: ZF5; motif: NRNGNGCGCGCWN (TF:M00333, 2.86E-03)
Factor: Sp2; motif: NYSGCCCCGCCCCCY (TF:M03567, 2.90E-03)
Factor: Egr-1; motif: GCGGGGGCGG (TF:M07354, 4.88E-03)
Factor: Sp1; motif: CCCCGCCCCN (TF:M00933, 5.60E-03)
Factor: BTEB2; motif: RGGGNGKGGN; match class: 1 (TF:M07277_1, 6.38E-03)
Factor: Osx; motif: CCNCCCCCNNN (TF:M07329, 6.50E-03)
Factor: E2F-3; motif: GGCGGGN; match class: 1 (TF:M02089_1, 6.50E-03)
Factor: E2F1; motif: NNNNNGCGSSAAAN (TF:M08874, 6.69E-03)
Factor: WT1; motif: GNGGGGGCGGGG (TF:M03893, 6.87E-03)
Factor: Sp1; motif: NGGGGGCGGGGYN (TF:M00196, 9.83E-03)","Factor: E2F; motif: GGCGSG; match class: 1 (TF:M00803_1, 4.82E-07)
Factor: ZF5; motif: NRNGNGCGCGCWN; match class: 1 (TF:M00333_1, 1.13E-04)
Factor: E2F; motif: GGCGSG (TF:M00803, 1.53E-04)
Factor: E2F-1; motif: NNNSSCGCSAANN (TF:M07250, 5.28E-04)
Factor: WT1; motif: CGCCCCCNCN (TF:M02036, 5.95E-04)
Factor: ZF5; motif: GSGCGCGR; match class: 1 (TF:M00716_1, 1.21E-03)
Factor: ZF5; motif: NRNGNGCGCGCWN (TF:M00333, 1.92E-03)
Factor: RNF96; motif: BCCCGCRGCC (TF:M01199, 1.99E-03)
Factor: RNF96; motif: BCCCGCRGCC; match class: 1 (TF:M01199_1, 2.21E-03)
Factor: SP1:SP3; motif: CCSCCCCCYCC; match class: 1 (TF:M01219_1, 2.33E-03)
Factor: Sp2; motif: NYSGCCCCGCCCCCY (TF:M03567, 2.35E-03)
Factor: Egr-1; motif: GCGGGGGCGG (TF:M07354, 3.94E-03)
Factor: Osx; motif: CCNCCCCCNNN (TF:M07329, 5.67E-03)
Factor: E2F1; motif: NNNNNGCGSSAAAN (TF:M08874, 5.67E-03)
Factor: WT1; motif: GNGGGGGCGGGG (TF:M03893, 5.68E-03)
Factor: Sp1; motif: CCCCGCCCCN (TF:M00933, 5.72E-03)
Factor: E2F-3; motif: GGCGGGN; match class: 1 (TF:M02089_1, 7.88E-03)
Factor: BTEB2; motif: RGGGNGKGGN; match class: 1 (TF:M07277_1, 7.89E-03)
Factor: AP-2alpha; motif: NGCCYSNNGSN (TF:M01857, 9.40E-03)","Factor: E2F; motif: GGCGSG; match class: 1 (TF:M00803_1, 1.24E-06)
Factor: E2F; motif: GGCGSG (TF:M00803, 1.97E-04)
Factor: ZF5; motif: NRNGNGCGCGCWN; match class: 1 (TF:M00333_1, 2.08E-04)
Factor: WT1; motif: CGCCCCCNCN (TF:M02036, 6.43E-04)
Factor: E2F-1; motif: NNNSSCGCSAANN (TF:M07250, 9.05E-04)
Factor: ZF5; motif: GSGCGCGR; match class: 1 (TF:M00716_1, 1.25E-03)
Factor: RNF96; motif: BCCCGCRGCC; match class: 1 (TF:M01199_1, 1.44E-03)
Factor: RNF96; motif: BCCCGCRGCC (TF:M01199, 1.89E-03)
Factor: SP1:SP3; motif: CCSCCCCCYCC; match class: 1 (TF:M01219_1, 2.38E-03)
Factor: Sp2; motif: NYSGCCCCGCCCCCY (TF:M03567, 2.40E-03)
Factor: ZF5; motif: NRNGNGCGCGCWN (TF:M00333, 3.12E-03)
Factor: Egr-1; motif: GCGGGGGCGG (TF:M07354, 3.88E-03)
Factor: BTEB2; motif: RGGGNGKGGN; match class: 1 (TF:M07277_1, 6.08E-03)
Factor: Sp1; motif: CCCCGCCCCN (TF:M00933, 6.55E-03)
Factor: WT1; motif: GNGGGGGCGGGG (TF:M03893, 6.55E-03)
Factor: E2F-3; motif: GGCGGGN; match class: 1 (TF:M02089_1, 8.06E-03)
Factor: Sp1; motif: NGGGGGCGGGGYN (TF:M00196, 8.06E-03)
Factor: Osx; motif: CCNCCCCCNNN (TF:M07329, 8.32E-03)
Factor: E2F1; motif: NNNNNGCGSSAAAN (TF:M08874, 8.52E-03)","Factor: E2F; motif: GGCGSG; match class: 1 (TF:M00803_1, 7.48E-06)
Factor: E2F; motif: GGCGSG (TF:M00803, 6.02E-04)
Factor: ZF5; motif: NRNGNGCGCGCWN; match class: 1 (TF:M00333_1, 6.48E-04)
Factor: E2F-1; motif: NNNSSCGCSAANN (TF:M07250, 1.07E-03)
Factor: ZF5; motif: GSGCGCGR; match class: 1 (TF:M00716_1, 1.59E-03)
Factor: WT1; motif: CGCCCCCNCN (TF:M02036, 2.14E-03)
Factor: Sp2; motif: NYSGCCCCGCCCCCY (TF:M03567, 6.49E-03)
Factor: Egr-1; motif: GCGGGGGCGG (TF:M07354, 6.55E-03)
Factor: ZF5; motif: NRNGNGCGCGCWN (TF:M00333, 6.63E-03)
Factor: RNF96; motif: BCCCGCRGCC (TF:M01199, 6.89E-03)
Factor: SP1:SP3; motif: CCSCCCCCYCC; match class: 1 (TF:M01219_1, 7.95E-03)
Factor: RNF96; motif: BCCCGCRGCC; match class: 1 (TF:M01199_1, 8.87E-03)"
set8(#Gm26904),"Factor: E2F; motif: GGCGSG; match class: 1 (TF:M00803_1, 8.80E-07)
Factor: ZF5; motif: NRNGNGCGCGCWN; match class: 1 (TF:M00333_1, 1.71E-04)
Factor: E2F; motif: GGCGSG (TF:M00803, 1.71E-04)
Factor: E2F-1; motif: NNNSSCGCSAANN (TF:M07250, 7.74E-04)
Factor: WT1; motif: CGCCCCCNCN (TF:M02036, 8.05E-04)
Factor: ZF5; motif: GSGCGCGR; match class: 1 (TF:M00716_1, 1.05E-03)
Factor: RNF96; motif: BCCCGCRGCC; match class: 1 (TF:M01199_1, 1.73E-03)
Factor: RNF96; motif: BCCCGCRGCC (TF:M01199, 1.73E-03)
Factor: SP1:SP3; motif: CCSCCCCCYCC; match class: 1 (TF:M01219_1, 2.56E-03)
Factor: ZF5; motif: NRNGNGCGCGCWN (TF:M00333, 2.86E-03)
Factor: Sp2; motif: NYSGCCCCGCCCCCY (TF:M03567, 2.90E-03)
Factor: Egr-1; motif: GCGGGGGCGG (TF:M07354, 4.88E-03)
Factor: Sp1; motif: CCCCGCCCCN (TF:M00933, 5.60E-03)
Factor: BTEB2; motif: RGGGNGKGGN; match class: 1 (TF:M07277_1, 6.38E-03)
Factor: Osx; motif: CCNCCCCCNNN (TF:M07329, 6.50E-03)
Factor: E2F-3; motif: GGCGGGN; match class: 1 (TF:M02089_1, 6.50E-03)
Factor: WT1; motif: GNGGGGGCGGGG (TF:M03893, 6.87E-03)
Factor: Sp1; motif: NGGGGGCGGGGYN (TF:M00196, 9.83E-03)","Factor: E2F; motif: GGCGSG; match class: 1 (TF:M00803_1, 4.82E-07)
Factor: ZF5; motif: NRNGNGCGCGCWN; match class: 1 (TF:M00333_1, 1.13E-04)
Factor: E2F; motif: GGCGSG (TF:M00803, 1.53E-04)
Factor: E2F-1; motif: NNNSSCGCSAANN (TF:M07250, 5.28E-04)
Factor: WT1; motif: CGCCCCCNCN (TF:M02036, 5.95E-04)
Factor: ZF5; motif: GSGCGCGR; match class: 1 (TF:M00716_1, 1.21E-03)
Factor: ZF5; motif: NRNGNGCGCGCWN (TF:M00333, 1.92E-03)
Factor: RNF96; motif: BCCCGCRGCC (TF:M01199, 1.99E-03)
Factor: RNF96; motif: BCCCGCRGCC; match class: 1 (TF:M01199_1, 2.21E-03)
Factor: SP1:SP3; motif: CCSCCCCCYCC; match class: 1 (TF:M01219_1, 2.33E-03)
Factor: Sp2; motif: NYSGCCCCGCCCCCY (TF:M03567, 2.35E-03)
Factor: Egr-1; motif: GCGGGGGCGG (TF:M07354, 3.94E-03)
Factor: Osx; motif: CCNCCCCCNNN (TF:M07329, 5.67E-03)
Factor: WT1; motif: GNGGGGGCGGGG (TF:M03893, 5.68E-03)
Factor: Sp1; motif: CCCCGCCCCN (TF:M00933, 5.72E-03)
Factor: E2F-3; motif: GGCGGGN; match class: 1 (TF:M02089_1, 7.88E-03)
Factor: BTEB2; motif: RGGGNGKGGN; match class: 1 (TF:M07277_1, 7.89E-03)
Factor: AP-2alpha; motif: NGCCYSNNGSN (TF:M01857, 9.40E-03)","Factor: E2F; motif: GGCGSG; match class: 1 (TF:M00803_1, 1.24E-06)
Factor: E2F; motif: GGCGSG (TF:M00803, 1.97E-04)
Factor: ZF5; motif: NRNGNGCGCGCWN; match class: 1 (TF:M00333_1, 2.08E-04)
Factor: WT1; motif: CGCCCCCNCN (TF:M02036, 6.43E-04)
Factor: E2F-1; motif: NNNSSCGCSAANN (TF:M07250, 9.05E-04)
Factor: ZF5; motif: GSGCGCGR; match class: 1 (TF:M00716_1, 1.25E-03)
Factor: RNF96; motif: BCCCGCRGCC; match class: 1 (TF:M01199_1, 1.44E-03)
Factor: RNF96; motif: BCCCGCRGCC (TF:M01199, 1.89E-03)
Factor: SP1:SP3; motif: CCSCCCCCYCC; match class: 1 (TF:M01219_1, 2.38E-03)
Factor: Sp2; motif: NYSGCCCCGCCCCCY (TF:M03567, 2.40E-03)
Factor: ZF5; motif: NRNGNGCGCGCWN (TF:M00333, 3.12E-03)
Factor: Egr-1; motif: GCGGGGGCGG (TF:M07354, 3.88E-03)
Factor: BTEB2; motif: RGGGNGKGGN; match class: 1 (TF:M07277_1, 6.08E-03)
Factor: Sp1; motif: CCCCGCCCCN (TF:M00933, 6.55E-03)
Factor: WT1; motif: GNGGGGGCGGGG (TF:M03893, 6.55E-03)
Factor: E2F-3; motif: GGCGGGN; match class: 1 (TF:M02089_1, 8.06E-03)
Factor: Sp1; motif: NGGGGGCGGGGYN (TF:M00196, 8.06E-03)
Factor: Osx; motif: CCNCCCCCNNN (TF:M07329, 8.32E-03)","Factor: E2F; motif: GGCGSG; match class: 1 (TF:M00803_1, 7.48E-06)
Factor: E2F; motif: GGCGSG (TF:M00803, 6.02E-04)
Factor: ZF5; motif: NRNGNGCGCGCWN; match class: 1 (TF:M00333_1, 6.48E-04)
Factor: E2F-1; motif: NNNSSCGCSAANN (TF:M07250, 1.07E-03)
Factor: ZF5; motif: GSGCGCGR; match class: 1 (TF:M00716_1, 1.59E-03)
Factor: WT1; motif: CGCCCCCNCN (TF:M02036, 2.14E-03)
Factor: Sp2; motif: NYSGCCCCGCCCCCY (TF:M03567, 6.49E-03)
Factor: Egr-1; motif: GCGGGGGCGG (TF:M07354, 6.55E-03)
Factor: ZF5; motif: NRNGNGCGCGCWN (TF:M00333, 6.63E-03)
Factor: RNF96; motif: BCCCGCRGCC (TF:M01199, 6.89E-03)
Factor: SP1:SP3; motif: CCSCCCCCYCC; match class: 1 (TF:M01219_1, 7.95E-03)
Factor: RNF96; motif: BCCCGCRGCC; match class: 1 (TF:M01199_1, 8.87E-03)"
set9(#Gm29018),"Factor: E2F; motif: GGCGSG; match class: 1 (TF:M00803_1, 8.80E-07)
Factor: ZF5; motif: NRNGNGCGCGCWN; match class: 1 (TF:M00333_1, 1.71E-04)
Factor: E2F; motif: GGCGSG (TF:M00803, 1.71E-04)
Factor: E2F-1; motif: NNNSSCGCSAANN (TF:M07250, 7.74E-04)
Factor: SP2; motif: GNNGGGGGCGGGGSN; match class: 1 (TF:M03807_1, 8.04E-04)
Factor: WT1; motif: CGCCCCCNCN (TF:M02036, 8.05E-04)
Factor: ZF5; motif: GSGCGCGR; match class: 1 (TF:M00716_1, 1.05E-03)
Factor: RNF96; motif: BCCCGCRGCC; match class: 1 (TF:M01199_1, 1.73E-03)
Factor: RNF96; motif: BCCCGCRGCC (TF:M01199, 1.73E-03)
Factor: Sp1; motif: NGGGGCGGGGN; match class: 1 (TF:M07395_1, 2.00E-03)
Factor: SP1:SP3; motif: CCSCCCCCYCC; match class: 1 (TF:M01219_1, 2.56E-03)
Factor: ZF5; motif: NRNGNGCGCGCWN (TF:M00333, 2.86E-03)
Factor: Sp2; motif: NYSGCCCCGCCCCCY (TF:M03567, 2.90E-03)
Factor: Egr-1; motif: GCGGGGGCGG (TF:M07354, 4.88E-03)
Factor: Sp1; motif: CCCCGCCCCN (TF:M00933, 5.60E-03)
Factor: BTEB2; motif: RGGGNGKGGN; match class: 1 (TF:M07277_1, 6.38E-03)
Factor: Osx; motif: CCNCCCCCNNN (TF:M07329, 6.50E-03)
Factor: E2F-3; motif: GGCGGGN; match class: 1 (TF:M02089_1, 6.50E-03)
Factor: WT1; motif: GNGGGGGCGGGG (TF:M03893, 6.87E-03)
Factor: Sp1; motif: NGGGGGCGGGGYN (TF:M00196, 9.83E-03)","Factor: E2F; motif: GGCGSG; match class: 1 (TF:M00803_1, 4.82E-07)
Factor: ZF5; motif: NRNGNGCGCGCWN; match class: 1 (TF:M00333_1, 1.13E-04)
Factor: E2F; motif: GGCGSG (TF:M00803, 1.53E-04)
Factor: E2F-1; motif: NNNSSCGCSAANN (TF:M07250, 5.28E-04)
Factor: WT1; motif: CGCCCCCNCN (TF:M02036, 5.95E-04)
Factor: SP2; motif: GNNGGGGGCGGGGSN; match class: 1 (TF:M03807_1, 6.33E-04)
Factor: ZF5; motif: GSGCGCGR; match class: 1 (TF:M00716_1, 1.21E-03)
Factor: ZF5; motif: NRNGNGCGCGCWN (TF:M00333, 1.92E-03)
Factor: RNF96; motif: BCCCGCRGCC (TF:M01199, 1.99E-03)
Factor: RNF96; motif: BCCCGCRGCC; match class: 1 (TF:M01199_1, 2.21E-03)
Factor: SP1:SP3; motif: CCSCCCCCYCC; match class: 1 (TF:M01219_1, 2.33E-03)
Factor: Sp2; motif: NYSGCCCCGCCCCCY (TF:M03567, 2.35E-03)
Factor: Sp1; motif: NGGGGCGGGGN; match class: 1 (TF:M07395_1, 2.38E-03)
Factor: Egr-1; motif: GCGGGGGCGG (TF:M07354, 3.94E-03)
Factor: Osx; motif: CCNCCCCCNNN (TF:M07329, 5.67E-03)
Factor: WT1; motif: GNGGGGGCGGGG (TF:M03893, 5.68E-03)
Factor: Sp1; motif: CCCCGCCCCN (TF:M00933, 5.72E-03)
Factor: E2F-3; motif: GGCGGGN; match class: 1 (TF:M02089_1, 7.88E-03)
Factor: BTEB2; motif: RGGGNGKGGN; match class: 1 (TF:M07277_1, 7.89E-03)
Factor: AP-2alpha; motif: NGCCYSNNGSN (TF:M01857, 9.40E-03)","Factor: E2F; motif: GGCGSG; match class: 1 (TF:M00803_1, 1.24E-06)
Factor: E2F; motif: GGCGSG (TF:M00803, 1.97E-04)
Factor: ZF5; motif: NRNGNGCGCGCWN; match class: 1 (TF:M00333_1, 2.08E-04)
Factor: WT1; motif: CGCCCCCNCN (TF:M02036, 6.43E-04)
Factor: SP2; motif: GNNGGGGGCGGGGSN; match class: 1 (TF:M03807_1, 6.80E-04)
Factor: E2F-1; motif: NNNSSCGCSAANN (TF:M07250, 9.05E-04)
Factor: ZF5; motif: GSGCGCGR; match class: 1 (TF:M00716_1, 1.25E-03)
Factor: RNF96; motif: BCCCGCRGCC; match class: 1 (TF:M01199_1, 1.44E-03)
Factor: Sp1; motif: NGGGGCGGGGN; match class: 1 (TF:M07395_1, 1.59E-03)
Factor: RNF96; motif: BCCCGCRGCC (TF:M01199, 1.89E-03)
Factor: SP1:SP3; motif: CCSCCCCCYCC; match class: 1 (TF:M01219_1, 2.38E-03)
Factor: Sp2; motif: NYSGCCCCGCCCCCY (TF:M03567, 2.40E-03)
Factor: ZF5; motif: NRNGNGCGCGCWN (TF:M00333, 3.12E-03)
Factor: Egr-1; motif: GCGGGGGCGG (TF:M07354, 3.88E-03)
Factor: BTEB2; motif: RGGGNGKGGN; match class: 1 (TF:M07277_1, 6.08E-03)
Factor: Sp1; motif: CCCCGCCCCN (TF:M00933, 6.55E-03)
Factor: WT1; motif: GNGGGGGCGGGG (TF:M03893, 6.55E-03)
Factor: E2F-3; motif: GGCGGGN; match class: 1 (TF:M02089_1, 8.06E-03)
Factor: Sp1; motif: NGGGGGCGGGGYN (TF:M00196, 8.06E-03)
Factor: Osx; motif: CCNCCCCCNNN (TF:M07329, 8.32E-03)","Factor: E2F; motif: GGCGSG; match class: 1 (TF:M00803_1, 7.48E-06)
Factor: E2F; motif: GGCGSG (TF:M00803, 6.02E-04)
Factor: ZF5; motif: NRNGNGCGCGCWN; match class: 1 (TF:M00333_1, 6.48E-04)
Factor: E2F-1; motif: NNNSSCGCSAANN (TF:M07250, 1.07E-03)
Factor: ZF5; motif: GSGCGCGR; match class: 1 (TF:M00716_1, 1.59E-03)
Factor: SP2; motif: GNNGGGGGCGGGGSN; match class: 1 (TF:M03807_1, 2.07E-03)
Factor: WT1; motif: CGCCCCCNCN (TF:M02036, 2.14E-03)
Factor: Sp1; motif: NGGGGCGGGGN; match class: 1 (TF:M07395_1, 3.42E-03)
Factor: Sp2; motif: NYSGCCCCGCCCCCY (TF:M03567, 6.49E-03)
Factor: Egr-1; motif: GCGGGGGCGG (TF:M07354, 6.55E-03)
Factor: ZF5; motif: NRNGNGCGCGCWN (TF:M00333, 6.63E-03)
Factor: RNF96; motif: BCCCGCRGCC (TF:M01199, 6.89E-03)
Factor: SP1:SP3; motif: CCSCCCCCYCC; match class: 1 (TF:M01219_1, 7.95E-03)
Factor: RNF96; motif: BCCCGCRGCC; match class: 1 (TF:M01199_1, 8.87E-03)"
set10(#Gm37982),"Factor: E2F; motif: GGCGSG; match class: 1 (TF:M00803_1, 8.80E-07)
Factor: ZF5; motif: NRNGNGCGCGCWN; match class: 1 (TF:M00333_1, 1.71E-04)
Factor: E2F; motif: GGCGSG (TF:M00803, 1.71E-04)
Factor: E2F-1; motif: NNNSSCGCSAANN (TF:M07250, 7.74E-04)
Factor: SP2; motif: GNNGGGGGCGGGGSN; match class: 1 (TF:M03807_1, 8.04E-04)
Factor: WT1; motif: CGCCCCCNCN (TF:M02036, 8.05E-04)
Factor: ZF5; motif: GSGCGCGR; match class: 1 (TF:M00716_1, 1.05E-03)
Factor: RNF96; motif: BCCCGCRGCC; match class: 1 (TF:M01199_1, 1.73E-03)
Factor: RNF96; motif: BCCCGCRGCC (TF:M01199, 1.73E-03)
Factor: SP1:SP3; motif: CCSCCCCCYCC; match class: 1 (TF:M01219_1, 2.56E-03)
Factor: ZF5; motif: NRNGNGCGCGCWN (TF:M00333, 2.86E-03)
Factor: Sp2; motif: NYSGCCCCGCCCCCY (TF:M03567, 2.90E-03)
Factor: Egr-1; motif: GCGGGGGCGG (TF:M07354, 4.88E-03)
Factor: Sp1; motif: CCCCGCCCCN (TF:M00933, 5.60E-03)
Factor: BTEB2; motif: RGGGNGKGGN; match class: 1 (TF:M07277_1, 6.38E-03)
Factor: Osx; motif: CCNCCCCCNNN (TF:M07329, 6.50E-03)
Factor: E2F-3; motif: GGCGGGN; match class: 1 (TF:M02089_1, 6.50E-03)
Factor: WT1; motif: GNGGGGGCGGGG (TF:M03893, 6.87E-03)
Factor: Sp1; motif: NGGGGGCGGGGYN (TF:M00196, 9.83E-03)","Factor: E2F; motif: GGCGSG; match class: 1 (TF:M00803_1, 4.82E-07)
Factor: ZF5; motif: NRNGNGCGCGCWN; match class: 1 (TF:M00333_1, 1.13E-04)
Factor: E2F; motif: GGCGSG (TF:M00803, 1.53E-04)
Factor: E2F-1; motif: NNNSSCGCSAANN (TF:M07250, 5.28E-04)
Factor: WT1; motif: CGCCCCCNCN (TF:M02036, 5.95E-04)
Factor: SP2; motif: GNNGGGGGCGGGGSN; match class: 1 (TF:M03807_1, 6.33E-04)
Factor: ZF5; motif: GSGCGCGR; match class: 1 (TF:M00716_1, 1.21E-03)
Factor: ZF5; motif: NRNGNGCGCGCWN (TF:M00333, 1.92E-03)
Factor: RNF96; motif: BCCCGCRGCC (TF:M01199, 1.99E-03)
Factor: RNF96; motif: BCCCGCRGCC; match class: 1 (TF:M01199_1, 2.21E-03)
Factor: SP1:SP3; motif: CCSCCCCCYCC; match class: 1 (TF:M01219_1, 2.33E-03)
Factor: Sp2; motif: NYSGCCCCGCCCCCY (TF:M03567, 2.35E-03)
Factor: Egr-1; motif: GCGGGGGCGG (TF:M07354, 3.94E-03)
Factor: Osx; motif: CCNCCCCCNNN (TF:M07329, 5.67E-03)
Factor: WT1; motif: GNGGGGGCGGGG (TF:M03893, 5.68E-03)
Factor: Sp1; motif: CCCCGCCCCN (TF:M00933, 5.72E-03)
Factor: E2F-3; motif: GGCGGGN; match class: 1 (TF:M02089_1, 7.88E-03)
Factor: BTEB2; motif: RGGGNGKGGN; match class: 1 (TF:M07277_1, 7.89E-03)
Factor: AP-2alpha; motif: NGCCYSNNGSN (TF:M01857, 9.40E-03)","Factor: E2F; motif: GGCGSG; match class: 1 (TF:M00803_1, 1.24E-06)
Factor: E2F; motif: GGCGSG (TF:M00803, 1.97E-04)
Factor: ZF5; motif: NRNGNGCGCGCWN; match class: 1 (TF:M00333_1, 2.08E-04)
Factor: WT1; motif: CGCCCCCNCN (TF:M02036, 6.43E-04)
Factor: SP2; motif: GNNGGGGGCGGGGSN; match class: 1 (TF:M03807_1, 6.80E-04)
Factor: E2F-1; motif: NNNSSCGCSAANN (TF:M07250, 9.05E-04)
Factor: ZF5; motif: GSGCGCGR; match class: 1 (TF:M00716_1, 1.25E-03)
Factor: RNF96; motif: BCCCGCRGCC; match class: 1 (TF:M01199_1, 1.44E-03)
Factor: RNF96; motif: BCCCGCRGCC (TF:M01199, 1.89E-03)
Factor: SP1:SP3; motif: CCSCCCCCYCC; match class: 1 (TF:M01219_1, 2.38E-03)
Factor: Sp2; motif: NYSGCCCCGCCCCCY (TF:M03567, 2.40E-03)
Factor: ZF5; motif: NRNGNGCGCGCWN (TF:M00333, 3.12E-03)
Factor: Egr-1; motif: GCGGGGGCGG (TF:M07354, 3.88E-03)
Factor: BTEB2; motif: RGGGNGKGGN; match class: 1 (TF:M07277_1, 6.08E-03)
Factor: Sp1; motif: CCCCGCCCCN (TF:M00933, 6.55E-03)
Factor: WT1; motif: GNGGGGGCGGGG (TF:M03893, 6.55E-03)
Factor: E2F-3; motif: GGCGGGN; match class: 1 (TF:M02089_1, 8.06E-03)
Factor: Sp1; motif: NGGGGGCGGGGYN (TF:M00196, 8.06E-03)
Factor: Osx; motif: CCNCCCCCNNN (TF:M07329, 8.32E-03)","Factor: E2F; motif: GGCGSG; match class: 1 (TF:M00803_1, 7.48E-06)
Factor: E2F; motif: GGCGSG (TF:M00803, 6.02E-04)
Factor: ZF5; motif: NRNGNGCGCGCWN; match class: 1 (TF:M00333_1, 6.48E-04)
Factor: E2F-1; motif: NNNSSCGCSAANN (TF:M07250, 1.07E-03)
Factor: ZF5; motif: GSGCGCGR; match class: 1 (TF:M00716_1, 1.59E-03)
Factor: SP2; motif: GNNGGGGGCGGGGSN; match class: 1 (TF:M03807_1, 2.07E-03)
Factor: WT1; motif: CGCCCCCNCN (TF:M02036, 2.14E-03)
Factor: Sp2; motif: NYSGCCCCGCCCCCY (TF:M03567, 6.49E-03)
Factor: Egr-1; motif: GCGGGGGCGG (TF:M07354, 6.55E-03)
Factor: ZF5; motif: NRNGNGCGCGCWN (TF:M00333, 6.63E-03)
Factor: RNF96; motif: BCCCGCRGCC (TF:M01199, 6.89E-03)
Factor: SP1:SP3; motif: CCSCCCCCYCC; match class: 1 (TF:M01219_1, 7.95E-03)
Factor: RNF96; motif: BCCCGCRGCC; match class: 1 (TF:M01199_1, 8.87E-03)"
set11(#Gm44145),,,,
set12(#Rsf1os1),"Factor: E2F; motif: GGCGSG; match class: 1 (TF:M00803_1, 8.80E-07)
Factor: ZF5; motif: NRNGNGCGCGCWN; match class: 1 (TF:M00333_1, 1.71E-04)
Factor: E2F; motif: GGCGSG (TF:M00803, 1.71E-04)
Factor: E2F-1; motif: NNNSSCGCSAANN (TF:M07250, 7.74E-04)
Factor: SP2; motif: GNNGGGGGCGGGGSN; match class: 1 (TF:M03807_1, 8.04E-04)
Factor: WT1; motif: CGCCCCCNCN (TF:M02036, 8.05E-04)
Factor: ZF5; motif: GSGCGCGR; match class: 1 (TF:M00716_1, 1.05E-03)
Factor: RNF96; motif: BCCCGCRGCC; match class: 1 (TF:M01199_1, 1.73E-03)
Factor: RNF96; motif: BCCCGCRGCC (TF:M01199, 1.73E-03)
Factor: SP1:SP3; motif: CCSCCCCCYCC; match class: 1 (TF:M01219_1, 2.56E-03)
Factor: ZF5; motif: NRNGNGCGCGCWN (TF:M00333, 2.86E-03)
Factor: Sp2; motif: NYSGCCCCGCCCCCY (TF:M03567, 2.90E-03)
Factor: Egr-1; motif: GCGGGGGCGG (TF:M07354, 4.88E-03)
Factor: Sp1; motif: CCCCGCCCCN (TF:M00933, 5.60E-03)
Factor: BTEB2; motif: RGGGNGKGGN; match class: 1 (TF:M07277_1, 6.38E-03)
Factor: Osx; motif: CCNCCCCCNNN (TF:M07329, 6.50E-03)
Factor: E2F-3; motif: GGCGGGN; match class: 1 (TF:M02089_1, 6.50E-03)
Factor: WT1; motif: GNGGGGGCGGGG (TF:M03893, 6.87E-03)
Factor: Sp1; motif: NGGGGGCGGGGYN (TF:M00196, 9.83E-03)","Factor: E2F; motif: GGCGSG; match class: 1 (TF:M00803_1, 4.82E-07)
Factor: ZF5; motif: NRNGNGCGCGCWN; match class: 1 (TF:M00333_1, 1.13E-04)
Factor: E2F; motif: GGCGSG (TF:M00803, 1.53E-04)
Factor: E2F-1; motif: NNNSSCGCSAANN (TF:M07250, 5.28E-04)
Factor: WT1; motif: CGCCCCCNCN (TF:M02036, 5.95E-04)
Factor: SP2; motif: GNNGGGGGCGGGGSN; match class: 1 (TF:M03807_1, 6.33E-04)
Factor: ZF5; motif: GSGCGCGR; match class: 1 (TF:M00716_1, 1.21E-03)
Factor: ZF5; motif: NRNGNGCGCGCWN (TF:M00333, 1.92E-03)
Factor: RNF96; motif: BCCCGCRGCC (TF:M01199, 1.99E-03)
Factor: RNF96; motif: BCCCGCRGCC; match class: 1 (TF:M01199_1, 2.21E-03)
Factor: SP1:SP3; motif: CCSCCCCCYCC; match class: 1 (TF:M01219_1, 2.33E-03)
Factor: Sp2; motif: NYSGCCCCGCCCCCY (TF:M03567, 2.35E-03)
Factor: Egr-1; motif: GCGGGGGCGG (TF:M07354, 3.94E-03)
Factor: Osx; motif: CCNCCCCCNNN (TF:M07329, 5.67E-03)
Factor: WT1; motif: GNGGGGGCGGGG (TF:M03893, 5.68E-03)
Factor: Sp1; motif: CCCCGCCCCN (TF:M00933, 5.72E-03)
Factor: E2F-3; motif: GGCGGGN; match class: 1 (TF:M02089_1, 7.88E-03)
Factor: BTEB2; motif: RGGGNGKGGN; match class: 1 (TF:M07277_1, 7.89E-03)
Factor: AP-2alpha; motif: NGCCYSNNGSN (TF:M01857, 9.40E-03)","Factor: E2F; motif: GGCGSG; match class: 1 (TF:M00803_1, 1.24E-06)
Factor: E2F; motif: GGCGSG (TF:M00803, 1.97E-04)
Factor: ZF5; motif: NRNGNGCGCGCWN; match class: 1 (TF:M00333_1, 2.08E-04)
Factor: WT1; motif: CGCCCCCNCN (TF:M02036, 6.43E-04)
Factor: SP2; motif: GNNGGGGGCGGGGSN; match class: 1 (TF:M03807_1, 6.80E-04)
Factor: E2F-1; motif: NNNSSCGCSAANN (TF:M07250, 9.05E-04)
Factor: ZF5; motif: GSGCGCGR; match class: 1 (TF:M00716_1, 1.25E-03)
Factor: RNF96; motif: BCCCGCRGCC; match class: 1 (TF:M01199_1, 1.44E-03)
Factor: RNF96; motif: BCCCGCRGCC (TF:M01199, 1.89E-03)
Factor: SP1:SP3; motif: CCSCCCCCYCC; match class: 1 (TF:M01219_1, 2.38E-03)
Factor: Sp2; motif: NYSGCCCCGCCCCCY (TF:M03567, 2.40E-03)
Factor: ZF5; motif: NRNGNGCGCGCWN (TF:M00333, 3.12E-03)
Factor: Egr-1; motif: GCGGGGGCGG (TF:M07354, 3.88E-03)
Factor: BTEB2; motif: RGGGNGKGGN; match class: 1 (TF:M07277_1, 6.08E-03)
Factor: Sp1; motif: CCCCGCCCCN (TF:M00933, 6.55E-03)
Factor: WT1; motif: GNGGGGGCGGGG (TF:M03893, 6.55E-03)
Factor: E2F-3; motif: GGCGGGN; match class: 1 (TF:M02089_1, 8.06E-03)
Factor: Sp1; motif: NGGGGGCGGGGYN (TF:M00196, 8.06E-03)
Factor: Osx; motif: CCNCCCCCNNN (TF:M07329, 8.32E-03)","Factor: E2F; motif: GGCGSG; match class: 1 (TF:M00803_1, 7.48E-06)
Factor: E2F; motif: GGCGSG (TF:M00803, 6.02E-04)
Factor: ZF5; motif: NRNGNGCGCGCWN; match class: 1 (TF:M00333_1, 6.48E-04)
Factor: E2F-1; motif: NNNSSCGCSAANN (TF:M07250, 1.07E-03)
Factor: ZF5; motif: GSGCGCGR; match class: 1 (TF:M00716_1, 1.59E-03)
Factor: SP2; motif: GNNGGGGGCGGGGSN; match class: 1 (TF:M03807_1, 2.07E-03)
Factor: WT1; motif: CGCCCCCNCN (TF:M02036, 2.14E-03)
Factor: Sp2; motif: NYSGCCCCGCCCCCY (TF:M03567, 6.49E-03)
Factor: Egr-1; motif: GCGGGGGCGG (TF:M07354, 6.55E-03)
Factor: ZF5; motif: NRNGNGCGCGCWN (TF:M00333, 6.63E-03)
Factor: RNF96; motif: BCCCGCRGCC (TF:M01199, 6.89E-03)
Factor: SP1:SP3; motif: CCSCCCCCYCC; match class: 1 (TF:M01219_1, 7.95E-03)
Factor: RNF96; motif: BCCCGCRGCC; match class: 1 (TF:M01199_1, 8.87E-03)"
