,set1,set2,set3,set4
set1,"cytoskeleton (GO:0005856, 1.91E-08)
cytoplasm (GO:0005737, 1.91E-08)
cell projection (GO:0042995, 1.69E-07)
plasma membrane bounded cell projection (GO:0120025, 2.17E-07)
intracellular membraneless organelle (GO:0043232, 1.21E-06)
membraneless organelle (GO:0043228, 1.21E-06)
cytosol (GO:0005829, 1.83E-06)
microtubule cytoskeleton (GO:0015630, 8.02E-06)
cell junction (GO:0030054, 9.06E-06)
centrosome (GO:0005813, 3.81E-05)
organelle (GO:0043226, 4.46E-05)
microtubule organizing center (GO:0005815, 1.62E-04)
cilium (GO:0005929, 7.78E-04)
postsynaptic density (GO:0014069, 1.08E-03)
asymmetric synapse (GO:0032279, 1.63E-03)
nucleoplasm (GO:0005654, 1.65E-03)
neuron projection (GO:0043005, 1.81E-03)
postsynaptic specialization (GO:0099572, 1.85E-03)
postsynapse (GO:0098794, 1.98E-03)
intracellular anatomical structure (GO:0005622, 2.47E-03)
neuron to neuron synapse (GO:0098984, 2.67E-03)
synapse (GO:0045202, 2.79E-03)
intracellular organelle (GO:0043229, 3.43E-03)","cytoskeleton (GO:0005856, 4.06E-08)
cytoplasm (GO:0005737, 4.06E-08)
cell projection (GO:0042995, 4.14E-07)
plasma membrane bounded cell projection (GO:0120025, 5.36E-07)
intracellular membraneless organelle (GO:0043232, 1.70E-06)
membraneless organelle (GO:0043228, 1.70E-06)
cytosol (GO:0005829, 1.70E-06)
cell junction (GO:0030054, 8.70E-06)
microtubule cytoskeleton (GO:0015630, 1.95E-05)
centrosome (GO:0005813, 3.48E-05)
organelle (GO:0043226, 5.25E-05)
microtubule organizing center (GO:0005815, 1.48E-04)
postsynaptic density (GO:0014069, 1.10E-03)
asymmetric synapse (GO:0032279, 1.54E-03)
nucleoplasm (GO:0005654, 1.54E-03)
cilium (GO:0005929, 1.68E-03)
neuron projection (GO:0043005, 1.68E-03)
postsynaptic specialization (GO:0099572, 1.82E-03)
postsynapse (GO:0098794, 1.85E-03)
synapse (GO:0045202, 2.54E-03)
neuron to neuron synapse (GO:0098984, 2.54E-03)
intracellular anatomical structure (GO:0005622, 2.54E-03)
intracellular organelle (GO:0043229, 3.96E-03)","cytoskeleton (GO:0005856, 2.58E-08)
cytoplasm (GO:0005737, 2.67E-08)
cell projection (GO:0042995, 4.15E-07)
plasma membrane bounded cell projection (GO:0120025, 5.38E-07)
intracellular membraneless organelle (GO:0043232, 8.73E-07)
membraneless organelle (GO:0043228, 8.73E-07)
cytosol (GO:0005829, 3.18E-06)
microtubule cytoskeleton (GO:0015630, 7.08E-06)
cell junction (GO:0030054, 2.08E-05)
centrosome (GO:0005813, 3.50E-05)
organelle (GO:0043226, 5.27E-05)
microtubule organizing center (GO:0005815, 1.49E-04)
cilium (GO:0005929, 7.23E-04)
postsynaptic density (GO:0014069, 1.03E-03)
asymmetric synapse (GO:0032279, 1.55E-03)
postsynaptic specialization (GO:0099572, 2.04E-03)
postsynapse (GO:0098794, 2.05E-03)
nucleoplasm (GO:0005654, 2.30E-03)
intracellular anatomical structure (GO:0005622, 2.78E-03)
neuron to neuron synapse (GO:0098984, 2.78E-03)
neuron projection (GO:0043005, 3.28E-03)
intracellular organelle (GO:0043229, 4.15E-03)
synapse (GO:0045202, 5.83E-03)","cytoskeleton (GO:0005856, 8.65E-09)
cytoplasm (GO:0005737, 5.09E-08)
plasma membrane bounded cell projection (GO:0120025, 2.85E-07)
cell projection (GO:0042995, 3.58E-07)
cytosol (GO:0005829, 2.55E-06)
intracellular membraneless organelle (GO:0043232, 3.71E-06)
membraneless organelle (GO:0043228, 3.71E-06)
microtubule cytoskeleton (GO:0015630, 3.71E-06)
cell junction (GO:0030054, 2.32E-05)
centrosome (GO:0005813, 2.32E-05)
microtubule organizing center (GO:0005815, 1.04E-04)
organelle (GO:0043226, 1.10E-04)
cilium (GO:0005929, 4.93E-04)
postsynaptic density (GO:0014069, 7.97E-04)
asymmetric synapse (GO:0032279, 1.13E-03)
neuron projection (GO:0043005, 1.13E-03)
postsynaptic specialization (GO:0099572, 1.48E-03)
postsynapse (GO:0098794, 1.48E-03)
synapse (GO:0045202, 1.85E-03)
neuron to neuron synapse (GO:0098984, 2.08E-03)
nucleoplasm (GO:0005654, 3.28E-03)
intracellular anatomical structure (GO:0005622, 4.53E-03)
intracellular organelle (GO:0043229, 7.30E-03)"
set2,"cytoskeleton (GO:0005856, 1.91E-08)
cytoplasm (GO:0005737, 1.91E-08)
cell projection (GO:0042995, 1.69E-07)
plasma membrane bounded cell projection (GO:0120025, 2.17E-07)
intracellular membraneless organelle (GO:0043232, 1.21E-06)
membraneless organelle (GO:0043228, 1.21E-06)
cytosol (GO:0005829, 1.83E-06)
microtubule cytoskeleton (GO:0015630, 8.02E-06)
cell junction (GO:0030054, 9.06E-06)
centrosome (GO:0005813, 3.81E-05)
organelle (GO:0043226, 4.46E-05)
microtubule organizing center (GO:0005815, 1.62E-04)
cilium (GO:0005929, 7.78E-04)
postsynaptic density (GO:0014069, 1.08E-03)
asymmetric synapse (GO:0032279, 1.63E-03)
neuron projection (GO:0043005, 1.81E-03)
postsynaptic specialization (GO:0099572, 1.85E-03)
postsynapse (GO:0098794, 1.98E-03)
intracellular anatomical structure (GO:0005622, 2.47E-03)
neuron to neuron synapse (GO:0098984, 2.67E-03)
synapse (GO:0045202, 2.79E-03)
intracellular organelle (GO:0043229, 3.43E-03)","cytoskeleton (GO:0005856, 4.06E-08)
cytoplasm (GO:0005737, 4.06E-08)
cell projection (GO:0042995, 4.14E-07)
plasma membrane bounded cell projection (GO:0120025, 5.36E-07)
intracellular membraneless organelle (GO:0043232, 1.70E-06)
membraneless organelle (GO:0043228, 1.70E-06)
cytosol (GO:0005829, 1.70E-06)
cell junction (GO:0030054, 8.70E-06)
microtubule cytoskeleton (GO:0015630, 1.95E-05)
centrosome (GO:0005813, 3.48E-05)
organelle (GO:0043226, 5.25E-05)
microtubule organizing center (GO:0005815, 1.48E-04)
postsynaptic density (GO:0014069, 1.10E-03)
asymmetric synapse (GO:0032279, 1.54E-03)
cilium (GO:0005929, 1.68E-03)
neuron projection (GO:0043005, 1.68E-03)
postsynaptic specialization (GO:0099572, 1.82E-03)
postsynapse (GO:0098794, 1.85E-03)
synapse (GO:0045202, 2.54E-03)
neuron to neuron synapse (GO:0098984, 2.54E-03)
intracellular anatomical structure (GO:0005622, 2.54E-03)
intracellular organelle (GO:0043229, 3.96E-03)","cytoskeleton (GO:0005856, 2.58E-08)
cytoplasm (GO:0005737, 2.67E-08)
cell projection (GO:0042995, 4.15E-07)
plasma membrane bounded cell projection (GO:0120025, 5.38E-07)
intracellular membraneless organelle (GO:0043232, 8.73E-07)
membraneless organelle (GO:0043228, 8.73E-07)
cytosol (GO:0005829, 3.18E-06)
microtubule cytoskeleton (GO:0015630, 7.08E-06)
cell junction (GO:0030054, 2.08E-05)
centrosome (GO:0005813, 3.50E-05)
organelle (GO:0043226, 5.27E-05)
microtubule organizing center (GO:0005815, 1.49E-04)
cilium (GO:0005929, 7.23E-04)
postsynaptic density (GO:0014069, 1.03E-03)
asymmetric synapse (GO:0032279, 1.55E-03)
postsynaptic specialization (GO:0099572, 2.04E-03)
postsynapse (GO:0098794, 2.05E-03)
intracellular anatomical structure (GO:0005622, 2.78E-03)
neuron to neuron synapse (GO:0098984, 2.78E-03)
neuron projection (GO:0043005, 3.28E-03)
intracellular organelle (GO:0043229, 4.15E-03)
synapse (GO:0045202, 5.83E-03)","cytoskeleton (GO:0005856, 8.65E-09)
cytoplasm (GO:0005737, 5.09E-08)
plasma membrane bounded cell projection (GO:0120025, 2.85E-07)
cell projection (GO:0042995, 3.58E-07)
cytosol (GO:0005829, 2.55E-06)
intracellular membraneless organelle (GO:0043232, 3.71E-06)
membraneless organelle (GO:0043228, 3.71E-06)
microtubule cytoskeleton (GO:0015630, 3.71E-06)
cell junction (GO:0030054, 2.32E-05)
centrosome (GO:0005813, 2.32E-05)
microtubule organizing center (GO:0005815, 1.04E-04)
organelle (GO:0043226, 1.10E-04)
cilium (GO:0005929, 4.93E-04)
postsynaptic density (GO:0014069, 7.97E-04)
asymmetric synapse (GO:0032279, 1.13E-03)
neuron projection (GO:0043005, 1.13E-03)
postsynaptic specialization (GO:0099572, 1.48E-03)
postsynapse (GO:0098794, 1.48E-03)
synapse (GO:0045202, 1.85E-03)
neuron to neuron synapse (GO:0098984, 2.08E-03)
intracellular anatomical structure (GO:0005622, 4.53E-03)
intracellular organelle (GO:0043229, 7.30E-03)"
set3,"cytoskeleton (GO:0005856, 1.91E-08)
cytoplasm (GO:0005737, 1.91E-08)
cell projection (GO:0042995, 1.69E-07)
plasma membrane bounded cell projection (GO:0120025, 2.17E-07)
intracellular membraneless organelle (GO:0043232, 1.21E-06)
membraneless organelle (GO:0043228, 1.21E-06)
cytosol (GO:0005829, 1.83E-06)
microtubule cytoskeleton (GO:0015630, 8.02E-06)
cell junction (GO:0030054, 9.06E-06)
centrosome (GO:0005813, 3.81E-05)
organelle (GO:0043226, 4.46E-05)
microtubule organizing center (GO:0005815, 1.62E-04)
cilium (GO:0005929, 7.78E-04)
postsynaptic density (GO:0014069, 1.08E-03)
asymmetric synapse (GO:0032279, 1.63E-03)
nucleoplasm (GO:0005654, 1.65E-03)
neuron projection (GO:0043005, 1.81E-03)
postsynaptic specialization (GO:0099572, 1.85E-03)
postsynapse (GO:0098794, 1.98E-03)
intracellular anatomical structure (GO:0005622, 2.47E-03)
neuron to neuron synapse (GO:0098984, 2.67E-03)
synapse (GO:0045202, 2.79E-03)
intracellular organelle (GO:0043229, 3.43E-03)
catalytic complex (GO:1902494, 9.50E-03)","cytoskeleton (GO:0005856, 4.06E-08)
cytoplasm (GO:0005737, 4.06E-08)
cell projection (GO:0042995, 4.14E-07)
plasma membrane bounded cell projection (GO:0120025, 5.36E-07)
intracellular membraneless organelle (GO:0043232, 1.70E-06)
membraneless organelle (GO:0043228, 1.70E-06)
cytosol (GO:0005829, 1.70E-06)
cell junction (GO:0030054, 8.70E-06)
microtubule cytoskeleton (GO:0015630, 1.95E-05)
centrosome (GO:0005813, 3.48E-05)
organelle (GO:0043226, 5.25E-05)
microtubule organizing center (GO:0005815, 1.48E-04)
postsynaptic density (GO:0014069, 1.10E-03)
asymmetric synapse (GO:0032279, 1.54E-03)
nucleoplasm (GO:0005654, 1.54E-03)
cilium (GO:0005929, 1.68E-03)
neuron projection (GO:0043005, 1.68E-03)
postsynaptic specialization (GO:0099572, 1.82E-03)
postsynapse (GO:0098794, 1.85E-03)
synapse (GO:0045202, 2.54E-03)
neuron to neuron synapse (GO:0098984, 2.54E-03)
intracellular anatomical structure (GO:0005622, 2.54E-03)
intracellular organelle (GO:0043229, 3.96E-03)
catalytic complex (GO:1902494, 8.71E-03)","cytoskeleton (GO:0005856, 2.58E-08)
cytoplasm (GO:0005737, 2.67E-08)
cell projection (GO:0042995, 4.15E-07)
plasma membrane bounded cell projection (GO:0120025, 5.38E-07)
intracellular membraneless organelle (GO:0043232, 8.73E-07)
membraneless organelle (GO:0043228, 8.73E-07)
cytosol (GO:0005829, 3.18E-06)
microtubule cytoskeleton (GO:0015630, 7.08E-06)
cell junction (GO:0030054, 2.08E-05)
centrosome (GO:0005813, 3.50E-05)
organelle (GO:0043226, 5.27E-05)
microtubule organizing center (GO:0005815, 1.49E-04)
cilium (GO:0005929, 7.23E-04)
postsynaptic density (GO:0014069, 1.03E-03)
asymmetric synapse (GO:0032279, 1.55E-03)
postsynaptic specialization (GO:0099572, 2.04E-03)
postsynapse (GO:0098794, 2.05E-03)
nucleoplasm (GO:0005654, 2.30E-03)
intracellular anatomical structure (GO:0005622, 2.78E-03)
neuron to neuron synapse (GO:0098984, 2.78E-03)
neuron projection (GO:0043005, 3.28E-03)
intracellular organelle (GO:0043229, 4.15E-03)
synapse (GO:0045202, 5.83E-03)
catalytic complex (GO:1902494, 9.35E-03)","cytoskeleton (GO:0005856, 8.65E-09)
cytoplasm (GO:0005737, 5.09E-08)
plasma membrane bounded cell projection (GO:0120025, 2.85E-07)
cell projection (GO:0042995, 3.58E-07)
cytosol (GO:0005829, 2.55E-06)
intracellular membraneless organelle (GO:0043232, 3.71E-06)
membraneless organelle (GO:0043228, 3.71E-06)
microtubule cytoskeleton (GO:0015630, 3.71E-06)
cell junction (GO:0030054, 2.32E-05)
centrosome (GO:0005813, 2.32E-05)
microtubule organizing center (GO:0005815, 1.04E-04)
organelle (GO:0043226, 1.10E-04)
cilium (GO:0005929, 4.93E-04)
postsynaptic density (GO:0014069, 7.97E-04)
asymmetric synapse (GO:0032279, 1.13E-03)
neuron projection (GO:0043005, 1.13E-03)
postsynaptic specialization (GO:0099572, 1.48E-03)
postsynapse (GO:0098794, 1.48E-03)
synapse (GO:0045202, 1.85E-03)
neuron to neuron synapse (GO:0098984, 2.08E-03)
nucleoplasm (GO:0005654, 3.28E-03)
intracellular anatomical structure (GO:0005622, 4.53E-03)
intracellular organelle (GO:0043229, 7.30E-03)"
set4,"cytoskeleton (GO:0005856, 1.91E-08)
cytoplasm (GO:0005737, 1.91E-08)
cell projection (GO:0042995, 1.69E-07)
plasma membrane bounded cell projection (GO:0120025, 2.17E-07)
intracellular membraneless organelle (GO:0043232, 1.21E-06)
membraneless organelle (GO:0043228, 1.21E-06)
cytosol (GO:0005829, 1.83E-06)
microtubule cytoskeleton (GO:0015630, 8.02E-06)
cell junction (GO:0030054, 9.06E-06)
centrosome (GO:0005813, 3.81E-05)
organelle (GO:0043226, 4.46E-05)
microtubule organizing center (GO:0005815, 1.62E-04)
cilium (GO:0005929, 7.78E-04)
postsynaptic density (GO:0014069, 1.08E-03)
asymmetric synapse (GO:0032279, 1.63E-03)
nucleoplasm (GO:0005654, 1.65E-03)
neuron projection (GO:0043005, 1.81E-03)
postsynaptic specialization (GO:0099572, 1.85E-03)
postsynapse (GO:0098794, 1.98E-03)
intracellular anatomical structure (GO:0005622, 2.47E-03)
neuron to neuron synapse (GO:0098984, 2.67E-03)
synapse (GO:0045202, 2.79E-03)
intracellular organelle (GO:0043229, 3.43E-03)","cytoskeleton (GO:0005856, 4.06E-08)
cytoplasm (GO:0005737, 4.06E-08)
cell projection (GO:0042995, 4.14E-07)
plasma membrane bounded cell projection (GO:0120025, 5.36E-07)
intracellular membraneless organelle (GO:0043232, 1.70E-06)
membraneless organelle (GO:0043228, 1.70E-06)
cytosol (GO:0005829, 1.70E-06)
cell junction (GO:0030054, 8.70E-06)
microtubule cytoskeleton (GO:0015630, 1.95E-05)
centrosome (GO:0005813, 3.48E-05)
organelle (GO:0043226, 5.25E-05)
microtubule organizing center (GO:0005815, 1.48E-04)
postsynaptic density (GO:0014069, 1.10E-03)
asymmetric synapse (GO:0032279, 1.54E-03)
nucleoplasm (GO:0005654, 1.54E-03)
cilium (GO:0005929, 1.68E-03)
neuron projection (GO:0043005, 1.68E-03)
postsynaptic specialization (GO:0099572, 1.82E-03)
postsynapse (GO:0098794, 1.85E-03)
synapse (GO:0045202, 2.54E-03)
neuron to neuron synapse (GO:0098984, 2.54E-03)
intracellular anatomical structure (GO:0005622, 2.54E-03)
intracellular organelle (GO:0043229, 3.96E-03)","cytoskeleton (GO:0005856, 2.58E-08)
cytoplasm (GO:0005737, 2.67E-08)
cell projection (GO:0042995, 4.15E-07)
plasma membrane bounded cell projection (GO:0120025, 5.38E-07)
intracellular membraneless organelle (GO:0043232, 8.73E-07)
membraneless organelle (GO:0043228, 8.73E-07)
cytosol (GO:0005829, 3.18E-06)
microtubule cytoskeleton (GO:0015630, 7.08E-06)
cell junction (GO:0030054, 2.08E-05)
centrosome (GO:0005813, 3.50E-05)
organelle (GO:0043226, 5.27E-05)
microtubule organizing center (GO:0005815, 1.49E-04)
cilium (GO:0005929, 7.23E-04)
postsynaptic density (GO:0014069, 1.03E-03)
asymmetric synapse (GO:0032279, 1.55E-03)
postsynaptic specialization (GO:0099572, 2.04E-03)
postsynapse (GO:0098794, 2.05E-03)
nucleoplasm (GO:0005654, 2.30E-03)
intracellular anatomical structure (GO:0005622, 2.78E-03)
neuron to neuron synapse (GO:0098984, 2.78E-03)
neuron projection (GO:0043005, 3.28E-03)
intracellular organelle (GO:0043229, 4.15E-03)
synapse (GO:0045202, 5.83E-03)","cytoskeleton (GO:0005856, 8.65E-09)
cytoplasm (GO:0005737, 5.09E-08)
plasma membrane bounded cell projection (GO:0120025, 2.85E-07)
cell projection (GO:0042995, 3.58E-07)
cytosol (GO:0005829, 2.55E-06)
intracellular membraneless organelle (GO:0043232, 3.71E-06)
membraneless organelle (GO:0043228, 3.71E-06)
microtubule cytoskeleton (GO:0015630, 3.71E-06)
cell junction (GO:0030054, 2.32E-05)
centrosome (GO:0005813, 2.32E-05)
microtubule organizing center (GO:0005815, 1.04E-04)
organelle (GO:0043226, 1.10E-04)
cilium (GO:0005929, 4.93E-04)
postsynaptic density (GO:0014069, 7.97E-04)
asymmetric synapse (GO:0032279, 1.13E-03)
neuron projection (GO:0043005, 1.13E-03)
postsynaptic specialization (GO:0099572, 1.48E-03)
postsynapse (GO:0098794, 1.48E-03)
synapse (GO:0045202, 1.85E-03)
neuron to neuron synapse (GO:0098984, 2.08E-03)
nucleoplasm (GO:0005654, 3.28E-03)
intracellular anatomical structure (GO:0005622, 4.53E-03)
intracellular organelle (GO:0043229, 7.30E-03)"
set5,"cytoskeleton (GO:0005856, 1.91E-08)
cytoplasm (GO:0005737, 1.91E-08)
cell projection (GO:0042995, 1.69E-07)
plasma membrane bounded cell projection (GO:0120025, 2.17E-07)
intracellular membraneless organelle (GO:0043232, 1.21E-06)
membraneless organelle (GO:0043228, 1.21E-06)
cytosol (GO:0005829, 1.83E-06)
microtubule cytoskeleton (GO:0015630, 8.02E-06)
cell junction (GO:0030054, 9.06E-06)
centrosome (GO:0005813, 3.81E-05)
organelle (GO:0043226, 4.46E-05)
microtubule organizing center (GO:0005815, 1.62E-04)
cilium (GO:0005929, 7.78E-04)
postsynaptic density (GO:0014069, 1.08E-03)
asymmetric synapse (GO:0032279, 1.63E-03)
nucleoplasm (GO:0005654, 1.65E-03)
neuron projection (GO:0043005, 1.81E-03)
postsynaptic specialization (GO:0099572, 1.85E-03)
postsynapse (GO:0098794, 1.98E-03)
intracellular anatomical structure (GO:0005622, 2.47E-03)
neuron to neuron synapse (GO:0098984, 2.67E-03)
synapse (GO:0045202, 2.79E-03)
intracellular organelle (GO:0043229, 3.43E-03)","cytoskeleton (GO:0005856, 4.06E-08)
cytoplasm (GO:0005737, 4.06E-08)
cell projection (GO:0042995, 4.14E-07)
plasma membrane bounded cell projection (GO:0120025, 5.36E-07)
intracellular membraneless organelle (GO:0043232, 1.70E-06)
membraneless organelle (GO:0043228, 1.70E-06)
cytosol (GO:0005829, 1.70E-06)
cell junction (GO:0030054, 8.70E-06)
microtubule cytoskeleton (GO:0015630, 1.95E-05)
centrosome (GO:0005813, 3.48E-05)
organelle (GO:0043226, 5.25E-05)
microtubule organizing center (GO:0005815, 1.48E-04)
postsynaptic density (GO:0014069, 1.10E-03)
asymmetric synapse (GO:0032279, 1.54E-03)
nucleoplasm (GO:0005654, 1.54E-03)
cilium (GO:0005929, 1.68E-03)
neuron projection (GO:0043005, 1.68E-03)
postsynaptic specialization (GO:0099572, 1.82E-03)
postsynapse (GO:0098794, 1.85E-03)
synapse (GO:0045202, 2.54E-03)
neuron to neuron synapse (GO:0098984, 2.54E-03)
intracellular anatomical structure (GO:0005622, 2.54E-03)
intracellular organelle (GO:0043229, 3.96E-03)","cytoskeleton (GO:0005856, 2.58E-08)
cytoplasm (GO:0005737, 2.67E-08)
cell projection (GO:0042995, 4.15E-07)
plasma membrane bounded cell projection (GO:0120025, 5.38E-07)
intracellular membraneless organelle (GO:0043232, 8.73E-07)
membraneless organelle (GO:0043228, 8.73E-07)
cytosol (GO:0005829, 3.18E-06)
microtubule cytoskeleton (GO:0015630, 7.08E-06)
cell junction (GO:0030054, 2.08E-05)
centrosome (GO:0005813, 3.50E-05)
organelle (GO:0043226, 5.27E-05)
microtubule organizing center (GO:0005815, 1.49E-04)
cilium (GO:0005929, 7.23E-04)
postsynaptic density (GO:0014069, 1.03E-03)
asymmetric synapse (GO:0032279, 1.55E-03)
postsynaptic specialization (GO:0099572, 2.04E-03)
postsynapse (GO:0098794, 2.05E-03)
nucleoplasm (GO:0005654, 2.30E-03)
intracellular anatomical structure (GO:0005622, 2.78E-03)
neuron to neuron synapse (GO:0098984, 2.78E-03)
neuron projection (GO:0043005, 3.28E-03)
intracellular organelle (GO:0043229, 4.15E-03)
synapse (GO:0045202, 5.83E-03)","cytoskeleton (GO:0005856, 8.65E-09)
cytoplasm (GO:0005737, 5.09E-08)
plasma membrane bounded cell projection (GO:0120025, 2.85E-07)
cell projection (GO:0042995, 3.58E-07)
cytosol (GO:0005829, 2.55E-06)
intracellular membraneless organelle (GO:0043232, 3.71E-06)
membraneless organelle (GO:0043228, 3.71E-06)
microtubule cytoskeleton (GO:0015630, 3.71E-06)
cell junction (GO:0030054, 2.32E-05)
centrosome (GO:0005813, 2.32E-05)
microtubule organizing center (GO:0005815, 1.04E-04)
organelle (GO:0043226, 1.10E-04)
cilium (GO:0005929, 4.93E-04)
postsynaptic density (GO:0014069, 7.97E-04)
asymmetric synapse (GO:0032279, 1.13E-03)
neuron projection (GO:0043005, 1.13E-03)
postsynaptic specialization (GO:0099572, 1.48E-03)
postsynapse (GO:0098794, 1.48E-03)
synapse (GO:0045202, 1.85E-03)
neuron to neuron synapse (GO:0098984, 2.08E-03)
nucleoplasm (GO:0005654, 3.28E-03)
intracellular anatomical structure (GO:0005622, 4.53E-03)
intracellular organelle (GO:0043229, 7.30E-03)"
set6,"cytoskeleton (GO:0005856, 1.91E-08)
cytoplasm (GO:0005737, 1.91E-08)
cell projection (GO:0042995, 1.69E-07)
intracellular membraneless organelle (GO:0043232, 1.21E-06)
membraneless organelle (GO:0043228, 1.21E-06)
cytosol (GO:0005829, 1.83E-06)
microtubule cytoskeleton (GO:0015630, 8.02E-06)
organelle (GO:0043226, 4.46E-05)
microtubule organizing center (GO:0005815, 1.62E-04)
intracellular anatomical structure (GO:0005622, 2.47E-03)
intracellular organelle (GO:0043229, 3.43E-03)","cytoskeleton (GO:0005856, 4.06E-08)
cytoplasm (GO:0005737, 4.06E-08)
cell projection (GO:0042995, 4.14E-07)
intracellular membraneless organelle (GO:0043232, 1.70E-06)
membraneless organelle (GO:0043228, 1.70E-06)
cytosol (GO:0005829, 1.70E-06)
microtubule cytoskeleton (GO:0015630, 1.95E-05)
organelle (GO:0043226, 5.25E-05)
microtubule organizing center (GO:0005815, 1.48E-04)
intracellular anatomical structure (GO:0005622, 2.54E-03)
intracellular organelle (GO:0043229, 3.96E-03)","cytoskeleton (GO:0005856, 2.58E-08)
cytoplasm (GO:0005737, 2.67E-08)
cell projection (GO:0042995, 4.15E-07)
intracellular membraneless organelle (GO:0043232, 8.73E-07)
membraneless organelle (GO:0043228, 8.73E-07)
cytosol (GO:0005829, 3.18E-06)
microtubule cytoskeleton (GO:0015630, 7.08E-06)
organelle (GO:0043226, 5.27E-05)
microtubule organizing center (GO:0005815, 1.49E-04)
intracellular anatomical structure (GO:0005622, 2.78E-03)
intracellular organelle (GO:0043229, 4.15E-03)","cytoskeleton (GO:0005856, 8.65E-09)
cytoplasm (GO:0005737, 5.09E-08)
cell projection (GO:0042995, 3.58E-07)
cytosol (GO:0005829, 2.55E-06)
intracellular membraneless organelle (GO:0043232, 3.71E-06)
membraneless organelle (GO:0043228, 3.71E-06)
microtubule cytoskeleton (GO:0015630, 3.71E-06)
microtubule organizing center (GO:0005815, 1.04E-04)
organelle (GO:0043226, 1.10E-04)
intracellular anatomical structure (GO:0005622, 4.53E-03)
intracellular organelle (GO:0043229, 7.30E-03)"
set7,"cytoskeleton (GO:0005856, 1.91E-08)
cytoplasm (GO:0005737, 1.91E-08)
cell projection (GO:0042995, 1.69E-07)
plasma membrane bounded cell projection (GO:0120025, 2.17E-07)
intracellular membraneless organelle (GO:0043232, 1.21E-06)
membraneless organelle (GO:0043228, 1.21E-06)
cytosol (GO:0005829, 1.83E-06)
microtubule cytoskeleton (GO:0015630, 8.02E-06)
cell junction (GO:0030054, 9.06E-06)
centrosome (GO:0005813, 3.81E-05)
organelle (GO:0043226, 4.46E-05)
microtubule organizing center (GO:0005815, 1.62E-04)
cilium (GO:0005929, 7.78E-04)
postsynaptic density (GO:0014069, 1.08E-03)
asymmetric synapse (GO:0032279, 1.63E-03)
nucleoplasm (GO:0005654, 1.65E-03)
neuron projection (GO:0043005, 1.81E-03)
postsynaptic specialization (GO:0099572, 1.85E-03)
postsynapse (GO:0098794, 1.98E-03)
intracellular anatomical structure (GO:0005622, 2.47E-03)
neuron to neuron synapse (GO:0098984, 2.67E-03)
synapse (GO:0045202, 2.79E-03)
intracellular organelle (GO:0043229, 3.43E-03)
dendrite (GO:0030425, 9.38E-03)
dendritic tree (GO:0097447, 9.38E-03)
catalytic complex (GO:1902494, 9.50E-03)","cytoskeleton (GO:0005856, 4.06E-08)
cytoplasm (GO:0005737, 4.06E-08)
cell projection (GO:0042995, 4.14E-07)
plasma membrane bounded cell projection (GO:0120025, 5.36E-07)
intracellular membraneless organelle (GO:0043232, 1.70E-06)
membraneless organelle (GO:0043228, 1.70E-06)
cytosol (GO:0005829, 1.70E-06)
cell junction (GO:0030054, 8.70E-06)
microtubule cytoskeleton (GO:0015630, 1.95E-05)
centrosome (GO:0005813, 3.48E-05)
organelle (GO:0043226, 5.25E-05)
microtubule organizing center (GO:0005815, 1.48E-04)
postsynaptic density (GO:0014069, 1.10E-03)
asymmetric synapse (GO:0032279, 1.54E-03)
nucleoplasm (GO:0005654, 1.54E-03)
cilium (GO:0005929, 1.68E-03)
neuron projection (GO:0043005, 1.68E-03)
postsynaptic specialization (GO:0099572, 1.82E-03)
postsynapse (GO:0098794, 1.85E-03)
synapse (GO:0045202, 2.54E-03)
neuron to neuron synapse (GO:0098984, 2.54E-03)
intracellular anatomical structure (GO:0005622, 2.54E-03)
intracellular organelle (GO:0043229, 3.96E-03)
dendrite (GO:0030425, 8.68E-03)
dendritic tree (GO:0097447, 8.68E-03)
catalytic complex (GO:1902494, 8.71E-03)","cytoskeleton (GO:0005856, 2.58E-08)
cytoplasm (GO:0005737, 2.67E-08)
cell projection (GO:0042995, 4.15E-07)
plasma membrane bounded cell projection (GO:0120025, 5.38E-07)
intracellular membraneless organelle (GO:0043232, 8.73E-07)
membraneless organelle (GO:0043228, 8.73E-07)
cytosol (GO:0005829, 3.18E-06)
microtubule cytoskeleton (GO:0015630, 7.08E-06)
cell junction (GO:0030054, 2.08E-05)
centrosome (GO:0005813, 3.50E-05)
organelle (GO:0043226, 5.27E-05)
microtubule organizing center (GO:0005815, 1.49E-04)
cilium (GO:0005929, 7.23E-04)
postsynaptic density (GO:0014069, 1.03E-03)
asymmetric synapse (GO:0032279, 1.55E-03)
postsynaptic specialization (GO:0099572, 2.04E-03)
postsynapse (GO:0098794, 2.05E-03)
nucleoplasm (GO:0005654, 2.30E-03)
intracellular anatomical structure (GO:0005622, 2.78E-03)
neuron to neuron synapse (GO:0098984, 2.78E-03)
neuron projection (GO:0043005, 3.28E-03)
intracellular organelle (GO:0043229, 4.15E-03)
synapse (GO:0045202, 5.83E-03)
catalytic complex (GO:1902494, 9.35E-03)","cytoskeleton (GO:0005856, 8.65E-09)
cytoplasm (GO:0005737, 5.09E-08)
plasma membrane bounded cell projection (GO:0120025, 2.85E-07)
cell projection (GO:0042995, 3.58E-07)
cytosol (GO:0005829, 2.55E-06)
intracellular membraneless organelle (GO:0043232, 3.71E-06)
membraneless organelle (GO:0043228, 3.71E-06)
microtubule cytoskeleton (GO:0015630, 3.71E-06)
cell junction (GO:0030054, 2.32E-05)
centrosome (GO:0005813, 2.32E-05)
microtubule organizing center (GO:0005815, 1.04E-04)
organelle (GO:0043226, 1.10E-04)
cilium (GO:0005929, 4.93E-04)
postsynaptic density (GO:0014069, 7.97E-04)
asymmetric synapse (GO:0032279, 1.13E-03)
neuron projection (GO:0043005, 1.13E-03)
postsynaptic specialization (GO:0099572, 1.48E-03)
postsynapse (GO:0098794, 1.48E-03)
synapse (GO:0045202, 1.85E-03)
neuron to neuron synapse (GO:0098984, 2.08E-03)
nucleoplasm (GO:0005654, 3.28E-03)
intracellular anatomical structure (GO:0005622, 4.53E-03)
intracellular organelle (GO:0043229, 7.30E-03)
dendrite (GO:0030425, 7.30E-03)
dendritic tree (GO:0097447, 7.30E-03)"
set8,"cytoskeleton (GO:0005856, 1.91E-08)
cytoplasm (GO:0005737, 1.91E-08)
cell projection (GO:0042995, 1.69E-07)
plasma membrane bounded cell projection (GO:0120025, 2.17E-07)
intracellular membraneless organelle (GO:0043232, 1.21E-06)
membraneless organelle (GO:0043228, 1.21E-06)
cytosol (GO:0005829, 1.83E-06)
microtubule cytoskeleton (GO:0015630, 8.02E-06)
cell junction (GO:0030054, 9.06E-06)
centrosome (GO:0005813, 3.81E-05)
organelle (GO:0043226, 4.46E-05)
microtubule organizing center (GO:0005815, 1.62E-04)
cilium (GO:0005929, 7.78E-04)
postsynaptic density (GO:0014069, 1.08E-03)
asymmetric synapse (GO:0032279, 1.63E-03)
neuron projection (GO:0043005, 1.81E-03)
postsynaptic specialization (GO:0099572, 1.85E-03)
postsynapse (GO:0098794, 1.98E-03)
intracellular anatomical structure (GO:0005622, 2.47E-03)
neuron to neuron synapse (GO:0098984, 2.67E-03)
synapse (GO:0045202, 2.79E-03)
intracellular organelle (GO:0043229, 3.43E-03)","cytoskeleton (GO:0005856, 4.06E-08)
cytoplasm (GO:0005737, 4.06E-08)
cell projection (GO:0042995, 4.14E-07)
plasma membrane bounded cell projection (GO:0120025, 5.36E-07)
intracellular membraneless organelle (GO:0043232, 1.70E-06)
membraneless organelle (GO:0043228, 1.70E-06)
cytosol (GO:0005829, 1.70E-06)
cell junction (GO:0030054, 8.70E-06)
microtubule cytoskeleton (GO:0015630, 1.95E-05)
centrosome (GO:0005813, 3.48E-05)
organelle (GO:0043226, 5.25E-05)
microtubule organizing center (GO:0005815, 1.48E-04)
postsynaptic density (GO:0014069, 1.10E-03)
asymmetric synapse (GO:0032279, 1.54E-03)
cilium (GO:0005929, 1.68E-03)
neuron projection (GO:0043005, 1.68E-03)
postsynaptic specialization (GO:0099572, 1.82E-03)
postsynapse (GO:0098794, 1.85E-03)
synapse (GO:0045202, 2.54E-03)
neuron to neuron synapse (GO:0098984, 2.54E-03)
intracellular anatomical structure (GO:0005622, 2.54E-03)
intracellular organelle (GO:0043229, 3.96E-03)","cytoskeleton (GO:0005856, 2.58E-08)
cytoplasm (GO:0005737, 2.67E-08)
cell projection (GO:0042995, 4.15E-07)
plasma membrane bounded cell projection (GO:0120025, 5.38E-07)
intracellular membraneless organelle (GO:0043232, 8.73E-07)
membraneless organelle (GO:0043228, 8.73E-07)
cytosol (GO:0005829, 3.18E-06)
microtubule cytoskeleton (GO:0015630, 7.08E-06)
cell junction (GO:0030054, 2.08E-05)
centrosome (GO:0005813, 3.50E-05)
organelle (GO:0043226, 5.27E-05)
microtubule organizing center (GO:0005815, 1.49E-04)
cilium (GO:0005929, 7.23E-04)
postsynaptic density (GO:0014069, 1.03E-03)
asymmetric synapse (GO:0032279, 1.55E-03)
postsynaptic specialization (GO:0099572, 2.04E-03)
postsynapse (GO:0098794, 2.05E-03)
intracellular anatomical structure (GO:0005622, 2.78E-03)
neuron to neuron synapse (GO:0098984, 2.78E-03)
neuron projection (GO:0043005, 3.28E-03)
intracellular organelle (GO:0043229, 4.15E-03)
synapse (GO:0045202, 5.83E-03)","cytoskeleton (GO:0005856, 8.65E-09)
cytoplasm (GO:0005737, 5.09E-08)
plasma membrane bounded cell projection (GO:0120025, 2.85E-07)
cell projection (GO:0042995, 3.58E-07)
cytosol (GO:0005829, 2.55E-06)
intracellular membraneless organelle (GO:0043232, 3.71E-06)
membraneless organelle (GO:0043228, 3.71E-06)
microtubule cytoskeleton (GO:0015630, 3.71E-06)
cell junction (GO:0030054, 2.32E-05)
centrosome (GO:0005813, 2.32E-05)
microtubule organizing center (GO:0005815, 1.04E-04)
organelle (GO:0043226, 1.10E-04)
cilium (GO:0005929, 4.93E-04)
postsynaptic density (GO:0014069, 7.97E-04)
asymmetric synapse (GO:0032279, 1.13E-03)
neuron projection (GO:0043005, 1.13E-03)
postsynaptic specialization (GO:0099572, 1.48E-03)
postsynapse (GO:0098794, 1.48E-03)
synapse (GO:0045202, 1.85E-03)
neuron to neuron synapse (GO:0098984, 2.08E-03)
intracellular anatomical structure (GO:0005622, 4.53E-03)
intracellular organelle (GO:0043229, 7.30E-03)"
set9,"cytoskeleton (GO:0005856, 1.91E-08)
cytoplasm (GO:0005737, 1.91E-08)
cell projection (GO:0042995, 1.69E-07)
plasma membrane bounded cell projection (GO:0120025, 2.17E-07)
intracellular membraneless organelle (GO:0043232, 1.21E-06)
membraneless organelle (GO:0043228, 1.21E-06)
cytosol (GO:0005829, 1.83E-06)
microtubule cytoskeleton (GO:0015630, 8.02E-06)
cell junction (GO:0030054, 9.06E-06)
centrosome (GO:0005813, 3.81E-05)
organelle (GO:0043226, 4.46E-05)
microtubule organizing center (GO:0005815, 1.62E-04)
cilium (GO:0005929, 7.78E-04)
postsynaptic density (GO:0014069, 1.08E-03)
asymmetric synapse (GO:0032279, 1.63E-03)
nucleoplasm (GO:0005654, 1.65E-03)
neuron projection (GO:0043005, 1.81E-03)
postsynaptic specialization (GO:0099572, 1.85E-03)
postsynapse (GO:0098794, 1.98E-03)
intracellular anatomical structure (GO:0005622, 2.47E-03)
neuron to neuron synapse (GO:0098984, 2.67E-03)
synapse (GO:0045202, 2.79E-03)
intracellular organelle (GO:0043229, 3.43E-03)
catalytic complex (GO:1902494, 9.50E-03)","cytoskeleton (GO:0005856, 4.06E-08)
cytoplasm (GO:0005737, 4.06E-08)
cell projection (GO:0042995, 4.14E-07)
plasma membrane bounded cell projection (GO:0120025, 5.36E-07)
intracellular membraneless organelle (GO:0043232, 1.70E-06)
membraneless organelle (GO:0043228, 1.70E-06)
cytosol (GO:0005829, 1.70E-06)
cell junction (GO:0030054, 8.70E-06)
microtubule cytoskeleton (GO:0015630, 1.95E-05)
centrosome (GO:0005813, 3.48E-05)
organelle (GO:0043226, 5.25E-05)
microtubule organizing center (GO:0005815, 1.48E-04)
postsynaptic density (GO:0014069, 1.10E-03)
asymmetric synapse (GO:0032279, 1.54E-03)
nucleoplasm (GO:0005654, 1.54E-03)
cilium (GO:0005929, 1.68E-03)
neuron projection (GO:0043005, 1.68E-03)
postsynaptic specialization (GO:0099572, 1.82E-03)
postsynapse (GO:0098794, 1.85E-03)
synapse (GO:0045202, 2.54E-03)
neuron to neuron synapse (GO:0098984, 2.54E-03)
intracellular anatomical structure (GO:0005622, 2.54E-03)
intracellular organelle (GO:0043229, 3.96E-03)
catalytic complex (GO:1902494, 8.71E-03)","cytoskeleton (GO:0005856, 2.58E-08)
cytoplasm (GO:0005737, 2.67E-08)
cell projection (GO:0042995, 4.15E-07)
plasma membrane bounded cell projection (GO:0120025, 5.38E-07)
intracellular membraneless organelle (GO:0043232, 8.73E-07)
membraneless organelle (GO:0043228, 8.73E-07)
cytosol (GO:0005829, 3.18E-06)
microtubule cytoskeleton (GO:0015630, 7.08E-06)
cell junction (GO:0030054, 2.08E-05)
centrosome (GO:0005813, 3.50E-05)
organelle (GO:0043226, 5.27E-05)
microtubule organizing center (GO:0005815, 1.49E-04)
cilium (GO:0005929, 7.23E-04)
postsynaptic density (GO:0014069, 1.03E-03)
asymmetric synapse (GO:0032279, 1.55E-03)
postsynaptic specialization (GO:0099572, 2.04E-03)
postsynapse (GO:0098794, 2.05E-03)
nucleoplasm (GO:0005654, 2.30E-03)
intracellular anatomical structure (GO:0005622, 2.78E-03)
neuron to neuron synapse (GO:0098984, 2.78E-03)
neuron projection (GO:0043005, 3.28E-03)
intracellular organelle (GO:0043229, 4.15E-03)
synapse (GO:0045202, 5.83E-03)
catalytic complex (GO:1902494, 9.35E-03)","cytoskeleton (GO:0005856, 8.65E-09)
cytoplasm (GO:0005737, 5.09E-08)
plasma membrane bounded cell projection (GO:0120025, 2.85E-07)
cell projection (GO:0042995, 3.58E-07)
cytosol (GO:0005829, 2.55E-06)
intracellular membraneless organelle (GO:0043232, 3.71E-06)
membraneless organelle (GO:0043228, 3.71E-06)
microtubule cytoskeleton (GO:0015630, 3.71E-06)
cell junction (GO:0030054, 2.32E-05)
centrosome (GO:0005813, 2.32E-05)
microtubule organizing center (GO:0005815, 1.04E-04)
organelle (GO:0043226, 1.10E-04)
cilium (GO:0005929, 4.93E-04)
postsynaptic density (GO:0014069, 7.97E-04)
asymmetric synapse (GO:0032279, 1.13E-03)
neuron projection (GO:0043005, 1.13E-03)
postsynaptic specialization (GO:0099572, 1.48E-03)
postsynapse (GO:0098794, 1.48E-03)
synapse (GO:0045202, 1.85E-03)
neuron to neuron synapse (GO:0098984, 2.08E-03)
nucleoplasm (GO:0005654, 3.28E-03)
intracellular anatomical structure (GO:0005622, 4.53E-03)
intracellular organelle (GO:0043229, 7.30E-03)"
set10,"cytoskeleton (GO:0005856, 1.91E-08)
cytoplasm (GO:0005737, 1.91E-08)
cell projection (GO:0042995, 1.69E-07)
plasma membrane bounded cell projection (GO:0120025, 2.17E-07)
intracellular membraneless organelle (GO:0043232, 1.21E-06)
membraneless organelle (GO:0043228, 1.21E-06)
cytosol (GO:0005829, 1.83E-06)
microtubule cytoskeleton (GO:0015630, 8.02E-06)
cell junction (GO:0030054, 9.06E-06)
centrosome (GO:0005813, 3.81E-05)
organelle (GO:0043226, 4.46E-05)
microtubule organizing center (GO:0005815, 1.62E-04)
cilium (GO:0005929, 7.78E-04)
postsynaptic density (GO:0014069, 1.08E-03)
asymmetric synapse (GO:0032279, 1.63E-03)
neuron projection (GO:0043005, 1.81E-03)
postsynaptic specialization (GO:0099572, 1.85E-03)
postsynapse (GO:0098794, 1.98E-03)
intracellular anatomical structure (GO:0005622, 2.47E-03)
neuron to neuron synapse (GO:0098984, 2.67E-03)
synapse (GO:0045202, 2.79E-03)
intracellular organelle (GO:0043229, 3.43E-03)
dendrite (GO:0030425, 9.38E-03)
dendritic tree (GO:0097447, 9.38E-03)
catalytic complex (GO:1902494, 9.50E-03)","cytoskeleton (GO:0005856, 4.06E-08)
cytoplasm (GO:0005737, 4.06E-08)
cell projection (GO:0042995, 4.14E-07)
plasma membrane bounded cell projection (GO:0120025, 5.36E-07)
intracellular membraneless organelle (GO:0043232, 1.70E-06)
membraneless organelle (GO:0043228, 1.70E-06)
cytosol (GO:0005829, 1.70E-06)
cell junction (GO:0030054, 8.70E-06)
microtubule cytoskeleton (GO:0015630, 1.95E-05)
centrosome (GO:0005813, 3.48E-05)
organelle (GO:0043226, 5.25E-05)
microtubule organizing center (GO:0005815, 1.48E-04)
postsynaptic density (GO:0014069, 1.10E-03)
asymmetric synapse (GO:0032279, 1.54E-03)
cilium (GO:0005929, 1.68E-03)
neuron projection (GO:0043005, 1.68E-03)
postsynaptic specialization (GO:0099572, 1.82E-03)
postsynapse (GO:0098794, 1.85E-03)
synapse (GO:0045202, 2.54E-03)
neuron to neuron synapse (GO:0098984, 2.54E-03)
intracellular anatomical structure (GO:0005622, 2.54E-03)
intracellular organelle (GO:0043229, 3.96E-03)
dendrite (GO:0030425, 8.68E-03)
dendritic tree (GO:0097447, 8.68E-03)
catalytic complex (GO:1902494, 8.71E-03)","cytoskeleton (GO:0005856, 2.58E-08)
cytoplasm (GO:0005737, 2.67E-08)
cell projection (GO:0042995, 4.15E-07)
plasma membrane bounded cell projection (GO:0120025, 5.38E-07)
intracellular membraneless organelle (GO:0043232, 8.73E-07)
membraneless organelle (GO:0043228, 8.73E-07)
cytosol (GO:0005829, 3.18E-06)
microtubule cytoskeleton (GO:0015630, 7.08E-06)
cell junction (GO:0030054, 2.08E-05)
centrosome (GO:0005813, 3.50E-05)
organelle (GO:0043226, 5.27E-05)
microtubule organizing center (GO:0005815, 1.49E-04)
cilium (GO:0005929, 7.23E-04)
postsynaptic density (GO:0014069, 1.03E-03)
asymmetric synapse (GO:0032279, 1.55E-03)
postsynaptic specialization (GO:0099572, 2.04E-03)
postsynapse (GO:0098794, 2.05E-03)
intracellular anatomical structure (GO:0005622, 2.78E-03)
neuron to neuron synapse (GO:0098984, 2.78E-03)
neuron projection (GO:0043005, 3.28E-03)
intracellular organelle (GO:0043229, 4.15E-03)
synapse (GO:0045202, 5.83E-03)
catalytic complex (GO:1902494, 9.35E-03)","cytoskeleton (GO:0005856, 8.65E-09)
cytoplasm (GO:0005737, 5.09E-08)
plasma membrane bounded cell projection (GO:0120025, 2.85E-07)
cell projection (GO:0042995, 3.58E-07)
cytosol (GO:0005829, 2.55E-06)
intracellular membraneless organelle (GO:0043232, 3.71E-06)
membraneless organelle (GO:0043228, 3.71E-06)
microtubule cytoskeleton (GO:0015630, 3.71E-06)
cell junction (GO:0030054, 2.32E-05)
centrosome (GO:0005813, 2.32E-05)
microtubule organizing center (GO:0005815, 1.04E-04)
organelle (GO:0043226, 1.10E-04)
cilium (GO:0005929, 4.93E-04)
postsynaptic density (GO:0014069, 7.97E-04)
asymmetric synapse (GO:0032279, 1.13E-03)
neuron projection (GO:0043005, 1.13E-03)
postsynaptic specialization (GO:0099572, 1.48E-03)
postsynapse (GO:0098794, 1.48E-03)
synapse (GO:0045202, 1.85E-03)
neuron to neuron synapse (GO:0098984, 2.08E-03)
intracellular anatomical structure (GO:0005622, 4.53E-03)
intracellular organelle (GO:0043229, 7.30E-03)
dendrite (GO:0030425, 7.30E-03)
dendritic tree (GO:0097447, 7.30E-03)"
set11,"cytoskeleton (GO:0005856, 1.91E-08)
cytoplasm (GO:0005737, 1.91E-08)
cell projection (GO:0042995, 1.69E-07)
plasma membrane bounded cell projection (GO:0120025, 2.17E-07)
intracellular membraneless organelle (GO:0043232, 1.21E-06)
membraneless organelle (GO:0043228, 1.21E-06)
microtubule cytoskeleton (GO:0015630, 8.02E-06)
organelle (GO:0043226, 4.46E-05)
cilium (GO:0005929, 7.78E-04)
intracellular anatomical structure (GO:0005622, 2.47E-03)
intracellular organelle (GO:0043229, 3.43E-03)","cytoskeleton (GO:0005856, 4.06E-08)
cytoplasm (GO:0005737, 4.06E-08)
cell projection (GO:0042995, 4.14E-07)
plasma membrane bounded cell projection (GO:0120025, 5.36E-07)
intracellular membraneless organelle (GO:0043232, 1.70E-06)
membraneless organelle (GO:0043228, 1.70E-06)
microtubule cytoskeleton (GO:0015630, 1.95E-05)
organelle (GO:0043226, 5.25E-05)
cilium (GO:0005929, 1.68E-03)
intracellular anatomical structure (GO:0005622, 2.54E-03)
intracellular organelle (GO:0043229, 3.96E-03)","cytoskeleton (GO:0005856, 2.58E-08)
cytoplasm (GO:0005737, 2.67E-08)
cell projection (GO:0042995, 4.15E-07)
plasma membrane bounded cell projection (GO:0120025, 5.38E-07)
intracellular membraneless organelle (GO:0043232, 8.73E-07)
membraneless organelle (GO:0043228, 8.73E-07)
microtubule cytoskeleton (GO:0015630, 7.08E-06)
organelle (GO:0043226, 5.27E-05)
cilium (GO:0005929, 7.23E-04)
intracellular anatomical structure (GO:0005622, 2.78E-03)
intracellular organelle (GO:0043229, 4.15E-03)","cytoskeleton (GO:0005856, 8.65E-09)
cytoplasm (GO:0005737, 5.09E-08)
plasma membrane bounded cell projection (GO:0120025, 2.85E-07)
cell projection (GO:0042995, 3.58E-07)
intracellular membraneless organelle (GO:0043232, 3.71E-06)
membraneless organelle (GO:0043228, 3.71E-06)
microtubule cytoskeleton (GO:0015630, 3.71E-06)
organelle (GO:0043226, 1.10E-04)
cilium (GO:0005929, 4.93E-04)
intracellular anatomical structure (GO:0005622, 4.53E-03)
intracellular organelle (GO:0043229, 7.30E-03)"
set12,"cytoskeleton (GO:0005856, 1.91E-08)
cytoplasm (GO:0005737, 1.91E-08)
cell projection (GO:0042995, 1.69E-07)
plasma membrane bounded cell projection (GO:0120025, 2.17E-07)
intracellular membraneless organelle (GO:0043232, 1.21E-06)
membraneless organelle (GO:0043228, 1.21E-06)
cytosol (GO:0005829, 1.83E-06)
microtubule cytoskeleton (GO:0015630, 8.02E-06)
cell junction (GO:0030054, 9.06E-06)
centrosome (GO:0005813, 3.81E-05)
organelle (GO:0043226, 4.46E-05)
microtubule organizing center (GO:0005815, 1.62E-04)
cilium (GO:0005929, 7.78E-04)
postsynaptic density (GO:0014069, 1.08E-03)
asymmetric synapse (GO:0032279, 1.63E-03)
nucleoplasm (GO:0005654, 1.65E-03)
neuron projection (GO:0043005, 1.81E-03)
postsynaptic specialization (GO:0099572, 1.85E-03)
postsynapse (GO:0098794, 1.98E-03)
intracellular anatomical structure (GO:0005622, 2.47E-03)
neuron to neuron synapse (GO:0098984, 2.67E-03)
synapse (GO:0045202, 2.79E-03)
intracellular organelle (GO:0043229, 3.43E-03)","cytoskeleton (GO:0005856, 4.06E-08)
cytoplasm (GO:0005737, 4.06E-08)
cell projection (GO:0042995, 4.14E-07)
plasma membrane bounded cell projection (GO:0120025, 5.36E-07)
intracellular membraneless organelle (GO:0043232, 1.70E-06)
membraneless organelle (GO:0043228, 1.70E-06)
cytosol (GO:0005829, 1.70E-06)
cell junction (GO:0030054, 8.70E-06)
microtubule cytoskeleton (GO:0015630, 1.95E-05)
centrosome (GO:0005813, 3.48E-05)
organelle (GO:0043226, 5.25E-05)
microtubule organizing center (GO:0005815, 1.48E-04)
postsynaptic density (GO:0014069, 1.10E-03)
asymmetric synapse (GO:0032279, 1.54E-03)
nucleoplasm (GO:0005654, 1.54E-03)
cilium (GO:0005929, 1.68E-03)
neuron projection (GO:0043005, 1.68E-03)
postsynaptic specialization (GO:0099572, 1.82E-03)
postsynapse (GO:0098794, 1.85E-03)
synapse (GO:0045202, 2.54E-03)
neuron to neuron synapse (GO:0098984, 2.54E-03)
intracellular anatomical structure (GO:0005622, 2.54E-03)
intracellular organelle (GO:0043229, 3.96E-03)","cytoskeleton (GO:0005856, 2.58E-08)
cytoplasm (GO:0005737, 2.67E-08)
cell projection (GO:0042995, 4.15E-07)
plasma membrane bounded cell projection (GO:0120025, 5.38E-07)
intracellular membraneless organelle (GO:0043232, 8.73E-07)
membraneless organelle (GO:0043228, 8.73E-07)
cytosol (GO:0005829, 3.18E-06)
microtubule cytoskeleton (GO:0015630, 7.08E-06)
cell junction (GO:0030054, 2.08E-05)
centrosome (GO:0005813, 3.50E-05)
organelle (GO:0043226, 5.27E-05)
microtubule organizing center (GO:0005815, 1.49E-04)
cilium (GO:0005929, 7.23E-04)
postsynaptic density (GO:0014069, 1.03E-03)
asymmetric synapse (GO:0032279, 1.55E-03)
postsynaptic specialization (GO:0099572, 2.04E-03)
postsynapse (GO:0098794, 2.05E-03)
nucleoplasm (GO:0005654, 2.30E-03)
intracellular anatomical structure (GO:0005622, 2.78E-03)
neuron to neuron synapse (GO:0098984, 2.78E-03)
neuron projection (GO:0043005, 3.28E-03)
intracellular organelle (GO:0043229, 4.15E-03)
synapse (GO:0045202, 5.83E-03)","cytoskeleton (GO:0005856, 8.65E-09)
cytoplasm (GO:0005737, 5.09E-08)
plasma membrane bounded cell projection (GO:0120025, 2.85E-07)
cell projection (GO:0042995, 3.58E-07)
cytosol (GO:0005829, 2.55E-06)
intracellular membraneless organelle (GO:0043232, 3.71E-06)
membraneless organelle (GO:0043228, 3.71E-06)
microtubule cytoskeleton (GO:0015630, 3.71E-06)
cell junction (GO:0030054, 2.32E-05)
centrosome (GO:0005813, 2.32E-05)
microtubule organizing center (GO:0005815, 1.04E-04)
organelle (GO:0043226, 1.10E-04)
cilium (GO:0005929, 4.93E-04)
postsynaptic density (GO:0014069, 7.97E-04)
asymmetric synapse (GO:0032279, 1.13E-03)
neuron projection (GO:0043005, 1.13E-03)
postsynaptic specialization (GO:0099572, 1.48E-03)
postsynapse (GO:0098794, 1.48E-03)
synapse (GO:0045202, 1.85E-03)
neuron to neuron synapse (GO:0098984, 2.08E-03)
nucleoplasm (GO:0005654, 3.28E-03)
intracellular anatomical structure (GO:0005622, 4.53E-03)
intracellular organelle (GO:0043229, 7.30E-03)"
