,set1(multi),set2(#FAM181A-AS1),set3(&BMS1P14),set4(&SRRM2-AS1)
set1(multi),"cytoskeleton organization (GO:0007010, 1.63E-04)
microtubule-based process (GO:0007017, 4.27E-04)
mitotic cell cycle (GO:0000278, 9.89E-04)
microtubule cytoskeleton organization (GO:0000226, 2.06E-03)
sexual reproduction (GO:0019953, 2.06E-03)
developmental process (GO:0032502, 2.06E-03)
nervous system development (GO:0007399, 2.06E-03)
reproductive process (GO:0022414, 2.06E-03)
mitotic cell cycle process (GO:1903047, 2.06E-03)
cell cycle process (GO:0022402, 2.12E-03)
spermatogenesis (GO:0007283, 2.12E-03)
developmental process involved in reproduction (GO:0003006, 2.27E-03)
cell cycle (GO:0007049, 2.45E-03)
male gamete generation (GO:0048232, 2.45E-03)
system development (GO:0048731, 3.97E-03)
gamete generation (GO:0007276, 4.17E-03)
organelle organization (GO:0006996, 4.29E-03)","cytoskeleton organization (GO:0007010, 1.41E-04)
microtubule-based process (GO:0007017, 8.95E-04)
mitotic cell cycle (GO:0000278, 8.95E-04)
microtubule cytoskeleton organization (GO:0000226, 1.61E-03)
sexual reproduction (GO:0019953, 1.61E-03)
developmental process (GO:0032502, 1.61E-03)
nervous system development (GO:0007399, 1.85E-03)
mitotic cell cycle process (GO:1903047, 2.11E-03)
cell cycle process (GO:0022402, 2.11E-03)
spermatogenesis (GO:0007283, 2.14E-03)
developmental process involved in reproduction (GO:0003006, 2.24E-03)
male gamete generation (GO:0048232, 2.42E-03)
cell cycle (GO:0007049, 2.42E-03)
reproductive process (GO:0022414, 2.84E-03)
system development (GO:0048731, 3.51E-03)
gamete generation (GO:0007276, 3.78E-03)
organelle organization (GO:0006996, 6.51E-03)
cell projection organization (GO:0030030, 9.14E-03)
regulation of signaling (GO:0023051, 9.14E-03)
regulation of cell communication (GO:0010646, 9.30E-03)","cytoskeleton organization (GO:0007010, 1.41E-04)
microtubule-based process (GO:0007017, 3.83E-04)
mitotic cell cycle (GO:0000278, 8.97E-04)
microtubule cytoskeleton organization (GO:0000226, 1.61E-03)
sexual reproduction (GO:0019953, 1.61E-03)
developmental process (GO:0032502, 1.61E-03)
nervous system development (GO:0007399, 1.86E-03)
reproductive process (GO:0022414, 1.90E-03)
mitotic cell cycle process (GO:1903047, 1.90E-03)
cell cycle process (GO:0022402, 1.92E-03)
spermatogenesis (GO:0007283, 1.96E-03)
developmental process involved in reproduction (GO:0003006, 2.07E-03)
cell cycle (GO:0007049, 2.27E-03)
male gamete generation (GO:0048232, 2.27E-03)
system development (GO:0048731, 3.52E-03)
gamete generation (GO:0007276, 3.65E-03)
organelle organization (GO:0006996, 3.65E-03)
cell projection organization (GO:0030030, 9.15E-03)
regulation of signaling (GO:0023051, 9.15E-03)
regulation of cell communication (GO:0010646, 9.32E-03)","cytoskeleton organization (GO:0007010, 6.84E-05)
microtubule-based process (GO:0007017, 2.21E-04)
mitotic cell cycle (GO:0000278, 1.47E-03)
microtubule cytoskeleton organization (GO:0000226, 1.50E-03)
developmental process (GO:0032502, 4.53E-03)
nervous system development (GO:0007399, 4.53E-03)
mitotic cell cycle process (GO:1903047, 4.53E-03)
cell cycle (GO:0007049, 4.53E-03)
cell cycle process (GO:0022402, 4.53E-03)
sexual reproduction (GO:0019953, 5.12E-03)
spermatogenesis (GO:0007283, 5.12E-03)
reproductive process (GO:0022414, 5.20E-03)
organelle organization (GO:0006996, 5.20E-03)
male gamete generation (GO:0048232, 5.57E-03)
developmental process involved in reproduction (GO:0003006, 7.56E-03)
gamete generation (GO:0007276, 8.02E-03)
system development (GO:0048731, 9.50E-03)"
set2(#1700029J03Rik),"mitotic cell cycle (GO:0000278, 9.89E-04)
developmental process (GO:0032502, 2.06E-03)
nervous system development (GO:0007399, 2.06E-03)
mitotic cell cycle process (GO:1903047, 2.06E-03)
cell cycle process (GO:0022402, 2.12E-03)
cell cycle (GO:0007049, 2.45E-03)
organelle organization (GO:0006996, 4.29E-03)","mitotic cell cycle (GO:0000278, 8.95E-04)
developmental process (GO:0032502, 1.61E-03)
nervous system development (GO:0007399, 1.85E-03)
mitotic cell cycle process (GO:1903047, 2.11E-03)
cell cycle process (GO:0022402, 2.11E-03)
cell cycle (GO:0007049, 2.42E-03)
organelle organization (GO:0006996, 6.51E-03)","mitotic cell cycle (GO:0000278, 8.97E-04)
developmental process (GO:0032502, 1.61E-03)
nervous system development (GO:0007399, 1.86E-03)
mitotic cell cycle process (GO:1903047, 1.90E-03)
cell cycle process (GO:0022402, 1.92E-03)
cell cycle (GO:0007049, 2.27E-03)
organelle organization (GO:0006996, 3.65E-03)","mitotic cell cycle (GO:0000278, 1.47E-03)
developmental process (GO:0032502, 4.53E-03)
nervous system development (GO:0007399, 4.53E-03)
mitotic cell cycle process (GO:1903047, 4.53E-03)
cell cycle (GO:0007049, 4.53E-03)
cell cycle process (GO:0022402, 4.53E-03)
organelle organization (GO:0006996, 5.20E-03)"
set3(#4930528D03Rik),"cytoskeleton organization (GO:0007010, 1.63E-04)
microtubule-based process (GO:0007017, 4.27E-04)
mitotic cell cycle (GO:0000278, 9.89E-04)
generation of neurons (GO:0048699, 1.08E-03)
microtubule cytoskeleton organization (GO:0000226, 2.06E-03)
sexual reproduction (GO:0019953, 2.06E-03)
developmental process (GO:0032502, 2.06E-03)
nervous system development (GO:0007399, 2.06E-03)
reproductive process (GO:0022414, 2.06E-03)
mitotic cell cycle process (GO:1903047, 2.06E-03)
cell cycle process (GO:0022402, 2.12E-03)
spermatogenesis (GO:0007283, 2.12E-03)
developmental process involved in reproduction (GO:0003006, 2.27E-03)
cell cycle (GO:0007049, 2.45E-03)
male gamete generation (GO:0048232, 2.45E-03)
system development (GO:0048731, 3.97E-03)
gamete generation (GO:0007276, 4.17E-03)
organelle organization (GO:0006996, 4.29E-03)
plasma membrane bounded cell projection organization (GO:0120036, 7.12E-03)","cytoskeleton organization (GO:0007010, 1.41E-04)
microtubule-based process (GO:0007017, 8.95E-04)
mitotic cell cycle (GO:0000278, 8.95E-04)
generation of neurons (GO:0048699, 9.54E-04)
microtubule cytoskeleton organization (GO:0000226, 1.61E-03)
sexual reproduction (GO:0019953, 1.61E-03)
developmental process (GO:0032502, 1.61E-03)
nervous system development (GO:0007399, 1.85E-03)
mitotic cell cycle process (GO:1903047, 2.11E-03)
cell cycle process (GO:0022402, 2.11E-03)
spermatogenesis (GO:0007283, 2.14E-03)
developmental process involved in reproduction (GO:0003006, 2.24E-03)
male gamete generation (GO:0048232, 2.42E-03)
cell cycle (GO:0007049, 2.42E-03)
reproductive process (GO:0022414, 2.84E-03)
system development (GO:0048731, 3.51E-03)
gamete generation (GO:0007276, 3.78E-03)
organelle organization (GO:0006996, 6.51E-03)
plasma membrane bounded cell projection organization (GO:0120036, 6.51E-03)
cell projection organization (GO:0030030, 9.14E-03)
regulation of signaling (GO:0023051, 9.14E-03)
regulation of cell communication (GO:0010646, 9.30E-03)","cytoskeleton organization (GO:0007010, 1.41E-04)
microtubule-based process (GO:0007017, 3.83E-04)
mitotic cell cycle (GO:0000278, 8.97E-04)
generation of neurons (GO:0048699, 9.55E-04)
microtubule cytoskeleton organization (GO:0000226, 1.61E-03)
sexual reproduction (GO:0019953, 1.61E-03)
developmental process (GO:0032502, 1.61E-03)
nervous system development (GO:0007399, 1.86E-03)
reproductive process (GO:0022414, 1.90E-03)
mitotic cell cycle process (GO:1903047, 1.90E-03)
cell cycle process (GO:0022402, 1.92E-03)
spermatogenesis (GO:0007283, 1.96E-03)
developmental process involved in reproduction (GO:0003006, 2.07E-03)
cell cycle (GO:0007049, 2.27E-03)
male gamete generation (GO:0048232, 2.27E-03)
system development (GO:0048731, 3.52E-03)
gamete generation (GO:0007276, 3.65E-03)
organelle organization (GO:0006996, 3.65E-03)
plasma membrane bounded cell projection organization (GO:0120036, 6.34E-03)
cell projection organization (GO:0030030, 9.15E-03)
regulation of signaling (GO:0023051, 9.15E-03)
regulation of cell communication (GO:0010646, 9.32E-03)","cytoskeleton organization (GO:0007010, 6.84E-05)
microtubule-based process (GO:0007017, 2.21E-04)
mitotic cell cycle (GO:0000278, 1.47E-03)
generation of neurons (GO:0048699, 1.47E-03)
microtubule cytoskeleton organization (GO:0000226, 1.50E-03)
developmental process (GO:0032502, 4.53E-03)
nervous system development (GO:0007399, 4.53E-03)
mitotic cell cycle process (GO:1903047, 4.53E-03)
cell cycle (GO:0007049, 4.53E-03)
cell cycle process (GO:0022402, 4.53E-03)
sexual reproduction (GO:0019953, 5.12E-03)
spermatogenesis (GO:0007283, 5.12E-03)
reproductive process (GO:0022414, 5.20E-03)
organelle organization (GO:0006996, 5.20E-03)
male gamete generation (GO:0048232, 5.57E-03)
developmental process involved in reproduction (GO:0003006, 7.56E-03)
gamete generation (GO:0007276, 8.02E-03)
system development (GO:0048731, 9.50E-03)
plasma membrane bounded cell projection organization (GO:0120036, 9.50E-03)"
set4(#4930584F24Rik),"cytoskeleton organization (GO:0007010, 1.63E-04)
microtubule-based process (GO:0007017, 4.27E-04)
mitotic cell cycle (GO:0000278, 9.89E-04)
microtubule cytoskeleton organization (GO:0000226, 2.06E-03)
sexual reproduction (GO:0019953, 2.06E-03)
developmental process (GO:0032502, 2.06E-03)
nervous system development (GO:0007399, 2.06E-03)
reproductive process (GO:0022414, 2.06E-03)
mitotic cell cycle process (GO:1903047, 2.06E-03)
cell cycle process (GO:0022402, 2.12E-03)
spermatogenesis (GO:0007283, 2.12E-03)
developmental process involved in reproduction (GO:0003006, 2.27E-03)
cell cycle (GO:0007049, 2.45E-03)
male gamete generation (GO:0048232, 2.45E-03)
system development (GO:0048731, 3.97E-03)
gamete generation (GO:0007276, 4.17E-03)
organelle organization (GO:0006996, 4.29E-03)
plasma membrane bounded cell projection organization (GO:0120036, 7.12E-03)","cytoskeleton organization (GO:0007010, 1.41E-04)
microtubule-based process (GO:0007017, 8.95E-04)
mitotic cell cycle (GO:0000278, 8.95E-04)
microtubule cytoskeleton organization (GO:0000226, 1.61E-03)
sexual reproduction (GO:0019953, 1.61E-03)
developmental process (GO:0032502, 1.61E-03)
nervous system development (GO:0007399, 1.85E-03)
mitotic cell cycle process (GO:1903047, 2.11E-03)
cell cycle process (GO:0022402, 2.11E-03)
spermatogenesis (GO:0007283, 2.14E-03)
developmental process involved in reproduction (GO:0003006, 2.24E-03)
male gamete generation (GO:0048232, 2.42E-03)
cell cycle (GO:0007049, 2.42E-03)
reproductive process (GO:0022414, 2.84E-03)
system development (GO:0048731, 3.51E-03)
gamete generation (GO:0007276, 3.78E-03)
organelle organization (GO:0006996, 6.51E-03)
plasma membrane bounded cell projection organization (GO:0120036, 6.51E-03)
cell projection organization (GO:0030030, 9.14E-03)
regulation of signaling (GO:0023051, 9.14E-03)
regulation of cell communication (GO:0010646, 9.30E-03)","cytoskeleton organization (GO:0007010, 1.41E-04)
microtubule-based process (GO:0007017, 3.83E-04)
mitotic cell cycle (GO:0000278, 8.97E-04)
microtubule cytoskeleton organization (GO:0000226, 1.61E-03)
sexual reproduction (GO:0019953, 1.61E-03)
developmental process (GO:0032502, 1.61E-03)
nervous system development (GO:0007399, 1.86E-03)
reproductive process (GO:0022414, 1.90E-03)
mitotic cell cycle process (GO:1903047, 1.90E-03)
cell cycle process (GO:0022402, 1.92E-03)
spermatogenesis (GO:0007283, 1.96E-03)
developmental process involved in reproduction (GO:0003006, 2.07E-03)
cell cycle (GO:0007049, 2.27E-03)
male gamete generation (GO:0048232, 2.27E-03)
system development (GO:0048731, 3.52E-03)
gamete generation (GO:0007276, 3.65E-03)
organelle organization (GO:0006996, 3.65E-03)
plasma membrane bounded cell projection organization (GO:0120036, 6.34E-03)
cell projection organization (GO:0030030, 9.15E-03)
regulation of signaling (GO:0023051, 9.15E-03)
regulation of cell communication (GO:0010646, 9.32E-03)","cytoskeleton organization (GO:0007010, 6.84E-05)
microtubule-based process (GO:0007017, 2.21E-04)
mitotic cell cycle (GO:0000278, 1.47E-03)
microtubule cytoskeleton organization (GO:0000226, 1.50E-03)
developmental process (GO:0032502, 4.53E-03)
nervous system development (GO:0007399, 4.53E-03)
mitotic cell cycle process (GO:1903047, 4.53E-03)
cell cycle (GO:0007049, 4.53E-03)
cell cycle process (GO:0022402, 4.53E-03)
sexual reproduction (GO:0019953, 5.12E-03)
spermatogenesis (GO:0007283, 5.12E-03)
reproductive process (GO:0022414, 5.20E-03)
organelle organization (GO:0006996, 5.20E-03)
male gamete generation (GO:0048232, 5.57E-03)
developmental process involved in reproduction (GO:0003006, 7.56E-03)
gamete generation (GO:0007276, 8.02E-03)
system development (GO:0048731, 9.50E-03)
plasma membrane bounded cell projection organization (GO:0120036, 9.50E-03)"
set5(#Gad1os),"cytoskeleton organization (GO:0007010, 1.63E-04)
microtubule-based process (GO:0007017, 4.27E-04)
mitotic cell cycle (GO:0000278, 9.89E-04)
microtubule cytoskeleton organization (GO:0000226, 2.06E-03)
sexual reproduction (GO:0019953, 2.06E-03)
developmental process (GO:0032502, 2.06E-03)
nervous system development (GO:0007399, 2.06E-03)
reproductive process (GO:0022414, 2.06E-03)
mitotic cell cycle process (GO:1903047, 2.06E-03)
cell cycle process (GO:0022402, 2.12E-03)
spermatogenesis (GO:0007283, 2.12E-03)
developmental process involved in reproduction (GO:0003006, 2.27E-03)
cell cycle (GO:0007049, 2.45E-03)
male gamete generation (GO:0048232, 2.45E-03)
gamete generation (GO:0007276, 4.17E-03)
organelle organization (GO:0006996, 4.29E-03)","cytoskeleton organization (GO:0007010, 1.41E-04)
microtubule-based process (GO:0007017, 8.95E-04)
mitotic cell cycle (GO:0000278, 8.95E-04)
microtubule cytoskeleton organization (GO:0000226, 1.61E-03)
sexual reproduction (GO:0019953, 1.61E-03)
developmental process (GO:0032502, 1.61E-03)
nervous system development (GO:0007399, 1.85E-03)
mitotic cell cycle process (GO:1903047, 2.11E-03)
cell cycle process (GO:0022402, 2.11E-03)
spermatogenesis (GO:0007283, 2.14E-03)
developmental process involved in reproduction (GO:0003006, 2.24E-03)
male gamete generation (GO:0048232, 2.42E-03)
cell cycle (GO:0007049, 2.42E-03)
reproductive process (GO:0022414, 2.84E-03)
gamete generation (GO:0007276, 3.78E-03)
organelle organization (GO:0006996, 6.51E-03)
cell projection organization (GO:0030030, 9.14E-03)
regulation of signaling (GO:0023051, 9.14E-03)
regulation of cell communication (GO:0010646, 9.30E-03)","cytoskeleton organization (GO:0007010, 1.41E-04)
microtubule-based process (GO:0007017, 3.83E-04)
mitotic cell cycle (GO:0000278, 8.97E-04)
microtubule cytoskeleton organization (GO:0000226, 1.61E-03)
sexual reproduction (GO:0019953, 1.61E-03)
developmental process (GO:0032502, 1.61E-03)
nervous system development (GO:0007399, 1.86E-03)
reproductive process (GO:0022414, 1.90E-03)
mitotic cell cycle process (GO:1903047, 1.90E-03)
cell cycle process (GO:0022402, 1.92E-03)
spermatogenesis (GO:0007283, 1.96E-03)
developmental process involved in reproduction (GO:0003006, 2.07E-03)
cell cycle (GO:0007049, 2.27E-03)
male gamete generation (GO:0048232, 2.27E-03)
gamete generation (GO:0007276, 3.65E-03)
organelle organization (GO:0006996, 3.65E-03)
cell projection organization (GO:0030030, 9.15E-03)
regulation of signaling (GO:0023051, 9.15E-03)
regulation of cell communication (GO:0010646, 9.32E-03)","cytoskeleton organization (GO:0007010, 6.84E-05)
microtubule-based process (GO:0007017, 2.21E-04)
mitotic cell cycle (GO:0000278, 1.47E-03)
microtubule cytoskeleton organization (GO:0000226, 1.50E-03)
developmental process (GO:0032502, 4.53E-03)
nervous system development (GO:0007399, 4.53E-03)
mitotic cell cycle process (GO:1903047, 4.53E-03)
cell cycle (GO:0007049, 4.53E-03)
cell cycle process (GO:0022402, 4.53E-03)
sexual reproduction (GO:0019953, 5.12E-03)
spermatogenesis (GO:0007283, 5.12E-03)
reproductive process (GO:0022414, 5.20E-03)
organelle organization (GO:0006996, 5.20E-03)
male gamete generation (GO:0048232, 5.57E-03)
developmental process involved in reproduction (GO:0003006, 7.56E-03)
gamete generation (GO:0007276, 8.02E-03)"
set6(#Gm11867),,,,
set7(#Gm14091),"cytoskeleton organization (GO:0007010, 1.63E-04)
microtubule-based process (GO:0007017, 4.27E-04)
mitotic cell cycle (GO:0000278, 9.89E-04)
microtubule cytoskeleton organization (GO:0000226, 2.06E-03)
sexual reproduction (GO:0019953, 2.06E-03)
developmental process (GO:0032502, 2.06E-03)
reproductive process (GO:0022414, 2.06E-03)
mitotic cell cycle process (GO:1903047, 2.06E-03)
cell cycle process (GO:0022402, 2.12E-03)
spermatogenesis (GO:0007283, 2.12E-03)
developmental process involved in reproduction (GO:0003006, 2.27E-03)
cell cycle (GO:0007049, 2.45E-03)
male gamete generation (GO:0048232, 2.45E-03)
gamete generation (GO:0007276, 4.17E-03)
organelle organization (GO:0006996, 4.29E-03)","cytoskeleton organization (GO:0007010, 1.41E-04)
microtubule-based process (GO:0007017, 8.95E-04)
mitotic cell cycle (GO:0000278, 8.95E-04)
microtubule cytoskeleton organization (GO:0000226, 1.61E-03)
sexual reproduction (GO:0019953, 1.61E-03)
developmental process (GO:0032502, 1.61E-03)
mitotic cell cycle process (GO:1903047, 2.11E-03)
cell cycle process (GO:0022402, 2.11E-03)
spermatogenesis (GO:0007283, 2.14E-03)
developmental process involved in reproduction (GO:0003006, 2.24E-03)
male gamete generation (GO:0048232, 2.42E-03)
cell cycle (GO:0007049, 2.42E-03)
reproductive process (GO:0022414, 2.84E-03)
gamete generation (GO:0007276, 3.78E-03)
organelle organization (GO:0006996, 6.51E-03)
regulation of signaling (GO:0023051, 9.14E-03)
regulation of cell communication (GO:0010646, 9.30E-03)","cytoskeleton organization (GO:0007010, 1.41E-04)
microtubule-based process (GO:0007017, 3.83E-04)
mitotic cell cycle (GO:0000278, 8.97E-04)
microtubule cytoskeleton organization (GO:0000226, 1.61E-03)
sexual reproduction (GO:0019953, 1.61E-03)
developmental process (GO:0032502, 1.61E-03)
reproductive process (GO:0022414, 1.90E-03)
mitotic cell cycle process (GO:1903047, 1.90E-03)
cell cycle process (GO:0022402, 1.92E-03)
spermatogenesis (GO:0007283, 1.96E-03)
developmental process involved in reproduction (GO:0003006, 2.07E-03)
cell cycle (GO:0007049, 2.27E-03)
male gamete generation (GO:0048232, 2.27E-03)
gamete generation (GO:0007276, 3.65E-03)
organelle organization (GO:0006996, 3.65E-03)
regulation of signaling (GO:0023051, 9.15E-03)
regulation of cell communication (GO:0010646, 9.32E-03)","cytoskeleton organization (GO:0007010, 6.84E-05)
microtubule-based process (GO:0007017, 2.21E-04)
mitotic cell cycle (GO:0000278, 1.47E-03)
microtubule cytoskeleton organization (GO:0000226, 1.50E-03)
developmental process (GO:0032502, 4.53E-03)
mitotic cell cycle process (GO:1903047, 4.53E-03)
cell cycle (GO:0007049, 4.53E-03)
cell cycle process (GO:0022402, 4.53E-03)
sexual reproduction (GO:0019953, 5.12E-03)
spermatogenesis (GO:0007283, 5.12E-03)
reproductive process (GO:0022414, 5.20E-03)
organelle organization (GO:0006996, 5.20E-03)
male gamete generation (GO:0048232, 5.57E-03)
developmental process involved in reproduction (GO:0003006, 7.56E-03)
gamete generation (GO:0007276, 8.02E-03)"
set8(#Gm26904),"cytoskeleton organization (GO:0007010, 1.63E-04)
microtubule-based process (GO:0007017, 4.27E-04)
mitotic cell cycle (GO:0000278, 9.89E-04)
microtubule cytoskeleton organization (GO:0000226, 2.06E-03)
sexual reproduction (GO:0019953, 2.06E-03)
developmental process (GO:0032502, 2.06E-03)
nervous system development (GO:0007399, 2.06E-03)
reproductive process (GO:0022414, 2.06E-03)
mitotic cell cycle process (GO:1903047, 2.06E-03)
cell cycle process (GO:0022402, 2.12E-03)
spermatogenesis (GO:0007283, 2.12E-03)
developmental process involved in reproduction (GO:0003006, 2.27E-03)
cell cycle (GO:0007049, 2.45E-03)
male gamete generation (GO:0048232, 2.45E-03)
system development (GO:0048731, 3.97E-03)
gamete generation (GO:0007276, 4.17E-03)
organelle organization (GO:0006996, 4.29E-03)","cytoskeleton organization (GO:0007010, 1.41E-04)
microtubule-based process (GO:0007017, 8.95E-04)
mitotic cell cycle (GO:0000278, 8.95E-04)
microtubule cytoskeleton organization (GO:0000226, 1.61E-03)
sexual reproduction (GO:0019953, 1.61E-03)
developmental process (GO:0032502, 1.61E-03)
nervous system development (GO:0007399, 1.85E-03)
mitotic cell cycle process (GO:1903047, 2.11E-03)
cell cycle process (GO:0022402, 2.11E-03)
spermatogenesis (GO:0007283, 2.14E-03)
developmental process involved in reproduction (GO:0003006, 2.24E-03)
male gamete generation (GO:0048232, 2.42E-03)
cell cycle (GO:0007049, 2.42E-03)
reproductive process (GO:0022414, 2.84E-03)
system development (GO:0048731, 3.51E-03)
gamete generation (GO:0007276, 3.78E-03)
organelle organization (GO:0006996, 6.51E-03)
cell projection organization (GO:0030030, 9.14E-03)
regulation of signaling (GO:0023051, 9.14E-03)
regulation of cell communication (GO:0010646, 9.30E-03)","cytoskeleton organization (GO:0007010, 1.41E-04)
microtubule-based process (GO:0007017, 3.83E-04)
mitotic cell cycle (GO:0000278, 8.97E-04)
microtubule cytoskeleton organization (GO:0000226, 1.61E-03)
sexual reproduction (GO:0019953, 1.61E-03)
developmental process (GO:0032502, 1.61E-03)
nervous system development (GO:0007399, 1.86E-03)
reproductive process (GO:0022414, 1.90E-03)
mitotic cell cycle process (GO:1903047, 1.90E-03)
cell cycle process (GO:0022402, 1.92E-03)
spermatogenesis (GO:0007283, 1.96E-03)
developmental process involved in reproduction (GO:0003006, 2.07E-03)
cell cycle (GO:0007049, 2.27E-03)
male gamete generation (GO:0048232, 2.27E-03)
system development (GO:0048731, 3.52E-03)
gamete generation (GO:0007276, 3.65E-03)
organelle organization (GO:0006996, 3.65E-03)
cell projection organization (GO:0030030, 9.15E-03)
regulation of signaling (GO:0023051, 9.15E-03)
regulation of cell communication (GO:0010646, 9.32E-03)","cytoskeleton organization (GO:0007010, 6.84E-05)
microtubule-based process (GO:0007017, 2.21E-04)
mitotic cell cycle (GO:0000278, 1.47E-03)
microtubule cytoskeleton organization (GO:0000226, 1.50E-03)
developmental process (GO:0032502, 4.53E-03)
nervous system development (GO:0007399, 4.53E-03)
mitotic cell cycle process (GO:1903047, 4.53E-03)
cell cycle (GO:0007049, 4.53E-03)
cell cycle process (GO:0022402, 4.53E-03)
sexual reproduction (GO:0019953, 5.12E-03)
spermatogenesis (GO:0007283, 5.12E-03)
reproductive process (GO:0022414, 5.20E-03)
organelle organization (GO:0006996, 5.20E-03)
male gamete generation (GO:0048232, 5.57E-03)
developmental process involved in reproduction (GO:0003006, 7.56E-03)
gamete generation (GO:0007276, 8.02E-03)
system development (GO:0048731, 9.50E-03)"
set9(#Gm29018),"cytoskeleton organization (GO:0007010, 1.63E-04)
microtubule-based process (GO:0007017, 4.27E-04)
mitotic cell cycle (GO:0000278, 9.89E-04)
microtubule cytoskeleton organization (GO:0000226, 2.06E-03)
sexual reproduction (GO:0019953, 2.06E-03)
developmental process (GO:0032502, 2.06E-03)
nervous system development (GO:0007399, 2.06E-03)
reproductive process (GO:0022414, 2.06E-03)
mitotic cell cycle process (GO:1903047, 2.06E-03)
cell cycle process (GO:0022402, 2.12E-03)
spermatogenesis (GO:0007283, 2.12E-03)
developmental process involved in reproduction (GO:0003006, 2.27E-03)
cell cycle (GO:0007049, 2.45E-03)
male gamete generation (GO:0048232, 2.45E-03)
system development (GO:0048731, 3.97E-03)
gamete generation (GO:0007276, 4.17E-03)
organelle organization (GO:0006996, 4.29E-03)","cytoskeleton organization (GO:0007010, 1.41E-04)
microtubule-based process (GO:0007017, 8.95E-04)
mitotic cell cycle (GO:0000278, 8.95E-04)
microtubule cytoskeleton organization (GO:0000226, 1.61E-03)
sexual reproduction (GO:0019953, 1.61E-03)
developmental process (GO:0032502, 1.61E-03)
nervous system development (GO:0007399, 1.85E-03)
mitotic cell cycle process (GO:1903047, 2.11E-03)
cell cycle process (GO:0022402, 2.11E-03)
spermatogenesis (GO:0007283, 2.14E-03)
developmental process involved in reproduction (GO:0003006, 2.24E-03)
male gamete generation (GO:0048232, 2.42E-03)
cell cycle (GO:0007049, 2.42E-03)
reproductive process (GO:0022414, 2.84E-03)
system development (GO:0048731, 3.51E-03)
gamete generation (GO:0007276, 3.78E-03)
organelle organization (GO:0006996, 6.51E-03)
regulation of signaling (GO:0023051, 9.14E-03)
regulation of cell communication (GO:0010646, 9.30E-03)","cytoskeleton organization (GO:0007010, 1.41E-04)
microtubule-based process (GO:0007017, 3.83E-04)
mitotic cell cycle (GO:0000278, 8.97E-04)
microtubule cytoskeleton organization (GO:0000226, 1.61E-03)
sexual reproduction (GO:0019953, 1.61E-03)
developmental process (GO:0032502, 1.61E-03)
nervous system development (GO:0007399, 1.86E-03)
reproductive process (GO:0022414, 1.90E-03)
mitotic cell cycle process (GO:1903047, 1.90E-03)
cell cycle process (GO:0022402, 1.92E-03)
spermatogenesis (GO:0007283, 1.96E-03)
developmental process involved in reproduction (GO:0003006, 2.07E-03)
cell cycle (GO:0007049, 2.27E-03)
male gamete generation (GO:0048232, 2.27E-03)
system development (GO:0048731, 3.52E-03)
gamete generation (GO:0007276, 3.65E-03)
organelle organization (GO:0006996, 3.65E-03)
regulation of signaling (GO:0023051, 9.15E-03)
regulation of cell communication (GO:0010646, 9.32E-03)","cytoskeleton organization (GO:0007010, 6.84E-05)
microtubule-based process (GO:0007017, 2.21E-04)
mitotic cell cycle (GO:0000278, 1.47E-03)
microtubule cytoskeleton organization (GO:0000226, 1.50E-03)
developmental process (GO:0032502, 4.53E-03)
nervous system development (GO:0007399, 4.53E-03)
mitotic cell cycle process (GO:1903047, 4.53E-03)
cell cycle (GO:0007049, 4.53E-03)
cell cycle process (GO:0022402, 4.53E-03)
sexual reproduction (GO:0019953, 5.12E-03)
spermatogenesis (GO:0007283, 5.12E-03)
reproductive process (GO:0022414, 5.20E-03)
organelle organization (GO:0006996, 5.20E-03)
male gamete generation (GO:0048232, 5.57E-03)
developmental process involved in reproduction (GO:0003006, 7.56E-03)
gamete generation (GO:0007276, 8.02E-03)
system development (GO:0048731, 9.50E-03)"
set10(#Gm37982),"cytoskeleton organization (GO:0007010, 1.63E-04)
microtubule-based process (GO:0007017, 4.27E-04)
mitotic cell cycle (GO:0000278, 9.89E-04)
microtubule cytoskeleton organization (GO:0000226, 2.06E-03)
sexual reproduction (GO:0019953, 2.06E-03)
developmental process (GO:0032502, 2.06E-03)
reproductive process (GO:0022414, 2.06E-03)
mitotic cell cycle process (GO:1903047, 2.06E-03)
cell cycle process (GO:0022402, 2.12E-03)
spermatogenesis (GO:0007283, 2.12E-03)
developmental process involved in reproduction (GO:0003006, 2.27E-03)
cell cycle (GO:0007049, 2.45E-03)
male gamete generation (GO:0048232, 2.45E-03)
gamete generation (GO:0007276, 4.17E-03)
organelle organization (GO:0006996, 4.29E-03)","cytoskeleton organization (GO:0007010, 1.41E-04)
microtubule-based process (GO:0007017, 8.95E-04)
mitotic cell cycle (GO:0000278, 8.95E-04)
microtubule cytoskeleton organization (GO:0000226, 1.61E-03)
sexual reproduction (GO:0019953, 1.61E-03)
developmental process (GO:0032502, 1.61E-03)
mitotic cell cycle process (GO:1903047, 2.11E-03)
cell cycle process (GO:0022402, 2.11E-03)
spermatogenesis (GO:0007283, 2.14E-03)
developmental process involved in reproduction (GO:0003006, 2.24E-03)
male gamete generation (GO:0048232, 2.42E-03)
cell cycle (GO:0007049, 2.42E-03)
reproductive process (GO:0022414, 2.84E-03)
gamete generation (GO:0007276, 3.78E-03)
organelle organization (GO:0006996, 6.51E-03)
regulation of signaling (GO:0023051, 9.14E-03)
regulation of cell communication (GO:0010646, 9.30E-03)","cytoskeleton organization (GO:0007010, 1.41E-04)
microtubule-based process (GO:0007017, 3.83E-04)
mitotic cell cycle (GO:0000278, 8.97E-04)
microtubule cytoskeleton organization (GO:0000226, 1.61E-03)
sexual reproduction (GO:0019953, 1.61E-03)
developmental process (GO:0032502, 1.61E-03)
reproductive process (GO:0022414, 1.90E-03)
mitotic cell cycle process (GO:1903047, 1.90E-03)
cell cycle process (GO:0022402, 1.92E-03)
spermatogenesis (GO:0007283, 1.96E-03)
developmental process involved in reproduction (GO:0003006, 2.07E-03)
cell cycle (GO:0007049, 2.27E-03)
male gamete generation (GO:0048232, 2.27E-03)
gamete generation (GO:0007276, 3.65E-03)
organelle organization (GO:0006996, 3.65E-03)
regulation of signaling (GO:0023051, 9.15E-03)
regulation of cell communication (GO:0010646, 9.32E-03)","cytoskeleton organization (GO:0007010, 6.84E-05)
microtubule-based process (GO:0007017, 2.21E-04)
mitotic cell cycle (GO:0000278, 1.47E-03)
microtubule cytoskeleton organization (GO:0000226, 1.50E-03)
developmental process (GO:0032502, 4.53E-03)
mitotic cell cycle process (GO:1903047, 4.53E-03)
cell cycle (GO:0007049, 4.53E-03)
cell cycle process (GO:0022402, 4.53E-03)
sexual reproduction (GO:0019953, 5.12E-03)
spermatogenesis (GO:0007283, 5.12E-03)
reproductive process (GO:0022414, 5.20E-03)
organelle organization (GO:0006996, 5.20E-03)
male gamete generation (GO:0048232, 5.57E-03)
developmental process involved in reproduction (GO:0003006, 7.56E-03)
gamete generation (GO:0007276, 8.02E-03)"
set11(#Gm44145),,,,
set12(#Rsf1os1),"cytoskeleton organization (GO:0007010, 1.63E-04)
microtubule-based process (GO:0007017, 4.27E-04)
mitotic cell cycle (GO:0000278, 9.89E-04)
microtubule cytoskeleton organization (GO:0000226, 2.06E-03)
sexual reproduction (GO:0019953, 2.06E-03)
developmental process (GO:0032502, 2.06E-03)
reproductive process (GO:0022414, 2.06E-03)
mitotic cell cycle process (GO:1903047, 2.06E-03)
cell cycle process (GO:0022402, 2.12E-03)
spermatogenesis (GO:0007283, 2.12E-03)
developmental process involved in reproduction (GO:0003006, 2.27E-03)
cell cycle (GO:0007049, 2.45E-03)
male gamete generation (GO:0048232, 2.45E-03)
gamete generation (GO:0007276, 4.17E-03)
organelle organization (GO:0006996, 4.29E-03)","cytoskeleton organization (GO:0007010, 1.41E-04)
microtubule-based process (GO:0007017, 8.95E-04)
mitotic cell cycle (GO:0000278, 8.95E-04)
microtubule cytoskeleton organization (GO:0000226, 1.61E-03)
sexual reproduction (GO:0019953, 1.61E-03)
developmental process (GO:0032502, 1.61E-03)
mitotic cell cycle process (GO:1903047, 2.11E-03)
cell cycle process (GO:0022402, 2.11E-03)
spermatogenesis (GO:0007283, 2.14E-03)
developmental process involved in reproduction (GO:0003006, 2.24E-03)
male gamete generation (GO:0048232, 2.42E-03)
cell cycle (GO:0007049, 2.42E-03)
reproductive process (GO:0022414, 2.84E-03)
gamete generation (GO:0007276, 3.78E-03)
organelle organization (GO:0006996, 6.51E-03)
cell projection organization (GO:0030030, 9.14E-03)
regulation of signaling (GO:0023051, 9.14E-03)
regulation of cell communication (GO:0010646, 9.30E-03)","cytoskeleton organization (GO:0007010, 1.41E-04)
microtubule-based process (GO:0007017, 3.83E-04)
mitotic cell cycle (GO:0000278, 8.97E-04)
microtubule cytoskeleton organization (GO:0000226, 1.61E-03)
sexual reproduction (GO:0019953, 1.61E-03)
developmental process (GO:0032502, 1.61E-03)
reproductive process (GO:0022414, 1.90E-03)
mitotic cell cycle process (GO:1903047, 1.90E-03)
cell cycle process (GO:0022402, 1.92E-03)
spermatogenesis (GO:0007283, 1.96E-03)
developmental process involved in reproduction (GO:0003006, 2.07E-03)
cell cycle (GO:0007049, 2.27E-03)
male gamete generation (GO:0048232, 2.27E-03)
gamete generation (GO:0007276, 3.65E-03)
organelle organization (GO:0006996, 3.65E-03)
cell projection organization (GO:0030030, 9.15E-03)
regulation of signaling (GO:0023051, 9.15E-03)
regulation of cell communication (GO:0010646, 9.32E-03)","cytoskeleton organization (GO:0007010, 6.84E-05)
microtubule-based process (GO:0007017, 2.21E-04)
mitotic cell cycle (GO:0000278, 1.47E-03)
microtubule cytoskeleton organization (GO:0000226, 1.50E-03)
developmental process (GO:0032502, 4.53E-03)
mitotic cell cycle process (GO:1903047, 4.53E-03)
cell cycle (GO:0007049, 4.53E-03)
cell cycle process (GO:0022402, 4.53E-03)
sexual reproduction (GO:0019953, 5.12E-03)
spermatogenesis (GO:0007283, 5.12E-03)
reproductive process (GO:0022414, 5.20E-03)
organelle organization (GO:0006996, 5.20E-03)
male gamete generation (GO:0048232, 5.57E-03)
developmental process involved in reproduction (GO:0003006, 7.56E-03)
gamete generation (GO:0007276, 8.02E-03)"
