,set1,set2,set3,set4
set1,"protein binding (GO:0005515, 5.66E-09)
protein domain specific binding (GO:0019904, 7.88E-03)","protein binding (GO:0005515, 7.14E-09)
protein domain specific binding (GO:0019904, 7.35E-03)","protein binding (GO:0005515, 7.13E-09)","protein binding (GO:0005515, 2.23E-08)
protein domain specific binding (GO:0019904, 5.06E-03)"
set2,"protein binding (GO:0005515, 5.66E-09)","protein binding (GO:0005515, 7.14E-09)","protein binding (GO:0005515, 7.13E-09)","protein binding (GO:0005515, 2.23E-08)"
set3,"protein binding (GO:0005515, 5.66E-09)
protein domain specific binding (GO:0019904, 7.88E-03)","protein binding (GO:0005515, 7.14E-09)
protein domain specific binding (GO:0019904, 7.35E-03)","protein binding (GO:0005515, 7.13E-09)","protein binding (GO:0005515, 2.23E-08)
protein domain specific binding (GO:0019904, 5.06E-03)"
set4,"protein binding (GO:0005515, 5.66E-09)
protein domain specific binding (GO:0019904, 7.88E-03)","protein binding (GO:0005515, 7.14E-09)
protein domain specific binding (GO:0019904, 7.35E-03)","protein binding (GO:0005515, 7.13E-09)","protein binding (GO:0005515, 2.23E-08)
protein domain specific binding (GO:0019904, 5.06E-03)"
set5,"protein binding (GO:0005515, 5.66E-09)
protein domain specific binding (GO:0019904, 7.88E-03)","protein binding (GO:0005515, 7.14E-09)
protein domain specific binding (GO:0019904, 7.35E-03)","protein binding (GO:0005515, 7.13E-09)","protein binding (GO:0005515, 2.23E-08)
protein domain specific binding (GO:0019904, 5.06E-03)"
set6,"protein binding (GO:0005515, 5.66E-09)","protein binding (GO:0005515, 7.14E-09)","protein binding (GO:0005515, 7.13E-09)","protein binding (GO:0005515, 2.23E-08)"
set7,"protein binding (GO:0005515, 5.66E-09)
protein domain specific binding (GO:0019904, 7.88E-03)","protein binding (GO:0005515, 7.14E-09)
protein domain specific binding (GO:0019904, 7.35E-03)","protein binding (GO:0005515, 7.13E-09)","protein binding (GO:0005515, 2.23E-08)
protein domain specific binding (GO:0019904, 5.06E-03)"
set8,"protein binding (GO:0005515, 5.66E-09)
protein domain specific binding (GO:0019904, 7.88E-03)","protein binding (GO:0005515, 7.14E-09)
protein domain specific binding (GO:0019904, 7.35E-03)","protein binding (GO:0005515, 7.13E-09)","protein binding (GO:0005515, 2.23E-08)
protein domain specific binding (GO:0019904, 5.06E-03)"
set9,"protein binding (GO:0005515, 5.66E-09)","protein binding (GO:0005515, 7.14E-09)","protein binding (GO:0005515, 7.13E-09)","protein binding (GO:0005515, 2.23E-08)"
set10,"protein binding (GO:0005515, 5.66E-09)
protein domain specific binding (GO:0019904, 7.88E-03)","protein binding (GO:0005515, 7.14E-09)
protein domain specific binding (GO:0019904, 7.35E-03)","protein binding (GO:0005515, 7.13E-09)","protein binding (GO:0005515, 2.23E-08)
protein domain specific binding (GO:0019904, 5.06E-03)"
set11,"protein binding (GO:0005515, 5.66E-09)","protein binding (GO:0005515, 7.14E-09)","protein binding (GO:0005515, 7.13E-09)","protein binding (GO:0005515, 2.23E-08)"
set12,"protein binding (GO:0005515, 5.66E-09)
protein domain specific binding (GO:0019904, 7.88E-03)","protein binding (GO:0005515, 7.14E-09)
protein domain specific binding (GO:0019904, 7.35E-03)","protein binding (GO:0005515, 7.13E-09)","protein binding (GO:0005515, 2.23E-08)
protein domain specific binding (GO:0019904, 5.06E-03)"
