,set1(multi),set2(#FAM181A-AS1),set3(&BMS1P14),set4(&SRRM2-AS1)
set1(multi),"phosphorus metabolic process (GO:0006793, 2.63E-03)
plasma membrane bounded cell projection organization (GO:0120036, 7.12E-03)","phosphorus metabolic process (GO:0006793, 2.42E-03)
plasma membrane bounded cell projection organization (GO:0120036, 6.51E-03)","phosphorus metabolic process (GO:0006793, 2.28E-03)
plasma membrane bounded cell projection organization (GO:0120036, 6.34E-03)","phosphorus metabolic process (GO:0006793, 5.74E-03)
plasma membrane bounded cell projection organization (GO:0120036, 9.50E-03)"
set2(#1700029J03Rik),"phosphorus metabolic process (GO:0006793, 2.63E-03)
plasma membrane bounded cell projection organization (GO:0120036, 7.12E-03)","phosphorus metabolic process (GO:0006793, 2.42E-03)
plasma membrane bounded cell projection organization (GO:0120036, 6.51E-03)
regulation of signaling (GO:0023051, 9.14E-03)","phosphorus metabolic process (GO:0006793, 2.28E-03)
plasma membrane bounded cell projection organization (GO:0120036, 6.34E-03)
regulation of signaling (GO:0023051, 9.15E-03)","phosphorus metabolic process (GO:0006793, 5.74E-03)
plasma membrane bounded cell projection organization (GO:0120036, 9.50E-03)"
set3(#4930528D03Rik),"phosphorus metabolic process (GO:0006793, 2.63E-03)","phosphorus metabolic process (GO:0006793, 2.42E-03)","phosphorus metabolic process (GO:0006793, 2.28E-03)","phosphorus metabolic process (GO:0006793, 5.74E-03)"
set4(#4930584F24Rik),"phosphorus metabolic process (GO:0006793, 2.63E-03)","phosphorus metabolic process (GO:0006793, 2.42E-03)","phosphorus metabolic process (GO:0006793, 2.28E-03)","phosphorus metabolic process (GO:0006793, 5.74E-03)"
set5(#Gad1os),"phosphorus metabolic process (GO:0006793, 2.63E-03)
plasma membrane bounded cell projection organization (GO:0120036, 7.12E-03)","phosphorus metabolic process (GO:0006793, 2.42E-03)
plasma membrane bounded cell projection organization (GO:0120036, 6.51E-03)","phosphorus metabolic process (GO:0006793, 2.28E-03)
plasma membrane bounded cell projection organization (GO:0120036, 6.34E-03)","phosphorus metabolic process (GO:0006793, 5.74E-03)
plasma membrane bounded cell projection organization (GO:0120036, 9.50E-03)"
set6(#Gm11867),"mitotic cell cycle process (GO:1903047, 2.06E-03)
phosphorus metabolic process (GO:0006793, 2.63E-03)
plasma membrane bounded cell projection organization (GO:0120036, 7.12E-03)","mitotic cell cycle process (GO:1903047, 2.11E-03)
phosphorus metabolic process (GO:0006793, 2.42E-03)
plasma membrane bounded cell projection organization (GO:0120036, 6.51E-03)
regulation of signaling (GO:0023051, 9.14E-03)","mitotic cell cycle process (GO:1903047, 1.90E-03)
phosphorus metabolic process (GO:0006793, 2.28E-03)
plasma membrane bounded cell projection organization (GO:0120036, 6.34E-03)
regulation of signaling (GO:0023051, 9.15E-03)","mitotic cell cycle process (GO:1903047, 4.53E-03)
phosphorus metabolic process (GO:0006793, 5.74E-03)
plasma membrane bounded cell projection organization (GO:0120036, 9.50E-03)"
set7(#Gm14091),"phosphorus metabolic process (GO:0006793, 2.63E-03)
plasma membrane bounded cell projection organization (GO:0120036, 7.12E-03)","phosphorus metabolic process (GO:0006793, 2.42E-03)
plasma membrane bounded cell projection organization (GO:0120036, 6.51E-03)","phosphorus metabolic process (GO:0006793, 2.28E-03)
plasma membrane bounded cell projection organization (GO:0120036, 6.34E-03)","phosphorus metabolic process (GO:0006793, 5.74E-03)
plasma membrane bounded cell projection organization (GO:0120036, 9.50E-03)"
set8(#Gm26904),"phosphorus metabolic process (GO:0006793, 2.63E-03)
plasma membrane bounded cell projection organization (GO:0120036, 7.12E-03)","phosphorus metabolic process (GO:0006793, 2.42E-03)
plasma membrane bounded cell projection organization (GO:0120036, 6.51E-03)","phosphorus metabolic process (GO:0006793, 2.28E-03)
plasma membrane bounded cell projection organization (GO:0120036, 6.34E-03)","phosphorus metabolic process (GO:0006793, 5.74E-03)
plasma membrane bounded cell projection organization (GO:0120036, 9.50E-03)"
set9(#Gm29018),"phosphorus metabolic process (GO:0006793, 2.63E-03)
plasma membrane bounded cell projection organization (GO:0120036, 7.12E-03)","phosphorus metabolic process (GO:0006793, 2.42E-03)
plasma membrane bounded cell projection organization (GO:0120036, 6.51E-03)","phosphorus metabolic process (GO:0006793, 2.28E-03)
plasma membrane bounded cell projection organization (GO:0120036, 6.34E-03)","phosphorus metabolic process (GO:0006793, 5.74E-03)
plasma membrane bounded cell projection organization (GO:0120036, 9.50E-03)"
set10(#Gm37982),"phosphorus metabolic process (GO:0006793, 2.63E-03)
plasma membrane bounded cell projection organization (GO:0120036, 7.12E-03)","phosphorus metabolic process (GO:0006793, 2.42E-03)
plasma membrane bounded cell projection organization (GO:0120036, 6.51E-03)","phosphorus metabolic process (GO:0006793, 2.28E-03)
plasma membrane bounded cell projection organization (GO:0120036, 6.34E-03)","phosphorus metabolic process (GO:0006793, 5.74E-03)
plasma membrane bounded cell projection organization (GO:0120036, 9.50E-03)"
set11(#Gm44145),"mitotic cell cycle process (GO:1903047, 2.06E-03)
phosphorus metabolic process (GO:0006793, 2.63E-03)
plasma membrane bounded cell projection organization (GO:0120036, 7.12E-03)","mitotic cell cycle process (GO:1903047, 2.11E-03)
phosphorus metabolic process (GO:0006793, 2.42E-03)
plasma membrane bounded cell projection organization (GO:0120036, 6.51E-03)
regulation of signaling (GO:0023051, 9.14E-03)","mitotic cell cycle process (GO:1903047, 1.90E-03)
phosphorus metabolic process (GO:0006793, 2.28E-03)
plasma membrane bounded cell projection organization (GO:0120036, 6.34E-03)
regulation of signaling (GO:0023051, 9.15E-03)","mitotic cell cycle process (GO:1903047, 4.53E-03)
phosphorus metabolic process (GO:0006793, 5.74E-03)
plasma membrane bounded cell projection organization (GO:0120036, 9.50E-03)"
set12(#Rsf1os1),"phosphorus metabolic process (GO:0006793, 2.63E-03)
plasma membrane bounded cell projection organization (GO:0120036, 7.12E-03)","phosphorus metabolic process (GO:0006793, 2.42E-03)
plasma membrane bounded cell projection organization (GO:0120036, 6.51E-03)","phosphorus metabolic process (GO:0006793, 2.28E-03)
plasma membrane bounded cell projection organization (GO:0120036, 6.34E-03)","phosphorus metabolic process (GO:0006793, 5.74E-03)
plasma membrane bounded cell projection organization (GO:0120036, 9.50E-03)"
