,set1(multi),set2(#FAM181A-AS1),set3(&BMS1P14),set4(&SRRM2-AS1)
set1(multi),"cilium assembly (GO:0060271, 5.29E-05)
negative regulation of smoothened signaling pathway (GO:0045879, 4.38E-04)
plasma membrane bounded cell projection assembly (GO:0120031, 4.57E-04)
intraciliary transport (GO:0042073, 9.72E-04)
sister chromatid cohesion (GO:0007062, 1.43E-03)
regulation of smoothened signaling pathway (GO:0008589, 1.43E-03)
postsynaptic density organization (GO:0097106, 1.81E-03)
regulation of signaling (GO:0023051, 2.42E-03)
smoothened signaling pathway (GO:0007224, 2.53E-03)
postsynaptic specialization organization (GO:0099084, 2.86E-03)
non-motile cilium assembly (GO:1905515, 3.85E-03)","cilium assembly (GO:0060271, 5.29E-05)
negative regulation of smoothened signaling pathway (GO:0045879, 4.38E-04)
plasma membrane bounded cell projection assembly (GO:0120031, 4.57E-04)
intraciliary transport (GO:0042073, 9.72E-04)
sister chromatid cohesion (GO:0007062, 1.43E-03)
regulation of smoothened signaling pathway (GO:0008589, 1.43E-03)
postsynaptic density organization (GO:0097106, 1.81E-03)
smoothened signaling pathway (GO:0007224, 2.53E-03)
postsynaptic specialization organization (GO:0099084, 2.86E-03)
non-motile cilium assembly (GO:1905515, 3.85E-03)","cilium assembly (GO:0060271, 5.29E-05)
negative regulation of smoothened signaling pathway (GO:0045879, 4.38E-04)
plasma membrane bounded cell projection assembly (GO:0120031, 4.57E-04)
intraciliary transport (GO:0042073, 9.72E-04)
sister chromatid cohesion (GO:0007062, 1.43E-03)
regulation of smoothened signaling pathway (GO:0008589, 1.43E-03)
postsynaptic density organization (GO:0097106, 1.81E-03)
smoothened signaling pathway (GO:0007224, 2.53E-03)
postsynaptic specialization organization (GO:0099084, 2.86E-03)
non-motile cilium assembly (GO:1905515, 3.85E-03)","cilium assembly (GO:0060271, 5.29E-05)
negative regulation of smoothened signaling pathway (GO:0045879, 4.38E-04)
plasma membrane bounded cell projection assembly (GO:0120031, 4.57E-04)
intraciliary transport (GO:0042073, 9.72E-04)
sister chromatid cohesion (GO:0007062, 1.43E-03)
regulation of smoothened signaling pathway (GO:0008589, 1.43E-03)
postsynaptic density organization (GO:0097106, 1.81E-03)
regulation of signaling (GO:0023051, 2.42E-03)
smoothened signaling pathway (GO:0007224, 2.53E-03)
postsynaptic specialization organization (GO:0099084, 2.86E-03)
non-motile cilium assembly (GO:1905515, 3.85E-03)"
set2(#1700029J03Rik),"postsynaptic density organization (GO:0097106, 6.34E-03)
postsynaptic specialization organization (GO:0099084, 6.98E-03)","postsynaptic density organization (GO:0097106, 6.34E-03)
postsynaptic specialization organization (GO:0099084, 6.98E-03)","postsynaptic density organization (GO:0097106, 6.34E-03)
postsynaptic specialization organization (GO:0099084, 6.98E-03)","postsynaptic density organization (GO:0097106, 6.34E-03)
postsynaptic specialization organization (GO:0099084, 6.98E-03)"
set3(#4930528D03Rik),"cilium assembly (GO:0060271, 1.51E-05)
plasma membrane bounded cell projection assembly (GO:0120031, 1.84E-04)
negative regulation of smoothened signaling pathway (GO:0045879, 2.58E-04)
intraciliary transport (GO:0042073, 7.10E-04)
regulation of smoothened signaling pathway (GO:0008589, 9.62E-04)
postsynaptic density organization (GO:0097106, 1.24E-03)
smoothened signaling pathway (GO:0007224, 1.54E-03)
postsynaptic specialization organization (GO:0099084, 1.96E-03)
non-motile cilium assembly (GO:1905515, 2.53E-03)
regulation of signaling (GO:0023051, 4.99E-03)
animal organ development (GO:0048513, 6.00E-03)
cell junction organization (GO:0034330, 6.10E-03)
establishment of protein localization (GO:0045184, 7.04E-03)
sister chromatid cohesion (GO:0007062, 8.08E-03)
establishment of cell polarity (GO:0030010, 8.83E-03)
smoothened signaling pathway involved in ventral spinal cord patterning (GO:0021910, 9.51E-03)","cilium assembly (GO:0060271, 1.51E-05)
plasma membrane bounded cell projection assembly (GO:0120031, 1.84E-04)
negative regulation of smoothened signaling pathway (GO:0045879, 2.58E-04)
intraciliary transport (GO:0042073, 7.10E-04)
regulation of smoothened signaling pathway (GO:0008589, 9.62E-04)
postsynaptic density organization (GO:0097106, 1.24E-03)
smoothened signaling pathway (GO:0007224, 1.54E-03)
postsynaptic specialization organization (GO:0099084, 1.96E-03)
non-motile cilium assembly (GO:1905515, 2.53E-03)
animal organ development (GO:0048513, 6.00E-03)
cell junction organization (GO:0034330, 6.10E-03)
establishment of protein localization (GO:0045184, 7.04E-03)
sister chromatid cohesion (GO:0007062, 8.08E-03)
establishment of cell polarity (GO:0030010, 8.83E-03)
smoothened signaling pathway involved in ventral spinal cord patterning (GO:0021910, 9.51E-03)","cilium assembly (GO:0060271, 1.51E-05)
plasma membrane bounded cell projection assembly (GO:0120031, 1.84E-04)
negative regulation of smoothened signaling pathway (GO:0045879, 2.58E-04)
intraciliary transport (GO:0042073, 7.10E-04)
regulation of smoothened signaling pathway (GO:0008589, 9.62E-04)
postsynaptic density organization (GO:0097106, 1.24E-03)
smoothened signaling pathway (GO:0007224, 1.54E-03)
postsynaptic specialization organization (GO:0099084, 1.96E-03)
non-motile cilium assembly (GO:1905515, 2.53E-03)
animal organ development (GO:0048513, 6.00E-03)
cell junction organization (GO:0034330, 6.10E-03)
establishment of protein localization (GO:0045184, 7.04E-03)
sister chromatid cohesion (GO:0007062, 8.08E-03)
establishment of cell polarity (GO:0030010, 8.83E-03)
smoothened signaling pathway involved in ventral spinal cord patterning (GO:0021910, 9.51E-03)","cilium assembly (GO:0060271, 1.51E-05)
plasma membrane bounded cell projection assembly (GO:0120031, 1.84E-04)
negative regulation of smoothened signaling pathway (GO:0045879, 2.58E-04)
intraciliary transport (GO:0042073, 7.10E-04)
regulation of smoothened signaling pathway (GO:0008589, 9.62E-04)
postsynaptic density organization (GO:0097106, 1.24E-03)
smoothened signaling pathway (GO:0007224, 1.54E-03)
postsynaptic specialization organization (GO:0099084, 1.96E-03)
non-motile cilium assembly (GO:1905515, 2.53E-03)
regulation of signaling (GO:0023051, 4.99E-03)
animal organ development (GO:0048513, 6.00E-03)
cell junction organization (GO:0034330, 6.10E-03)
establishment of protein localization (GO:0045184, 7.04E-03)
sister chromatid cohesion (GO:0007062, 8.08E-03)
establishment of cell polarity (GO:0030010, 8.83E-03)
smoothened signaling pathway involved in ventral spinal cord patterning (GO:0021910, 9.51E-03)"
set4(#4930584F24Rik),"cilium assembly (GO:0060271, 3.02E-05)
plasma membrane bounded cell projection assembly (GO:0120031, 2.46E-04)
negative regulation of smoothened signaling pathway (GO:0045879, 2.99E-04)
intraciliary transport (GO:0042073, 8.21E-04)
regulation of smoothened signaling pathway (GO:0008589, 1.20E-03)
sister chromatid cohesion (GO:0007062, 1.21E-03)
postsynaptic density organization (GO:0097106, 1.41E-03)
regulation of signaling (GO:0023051, 1.41E-03)
smoothened signaling pathway (GO:0007224, 1.76E-03)
postsynaptic specialization organization (GO:0099084, 2.21E-03)
non-motile cilium assembly (GO:1905515, 2.92E-03)
cell junction organization (GO:0034330, 8.08E-03)","cilium assembly (GO:0060271, 3.02E-05)
plasma membrane bounded cell projection assembly (GO:0120031, 2.46E-04)
negative regulation of smoothened signaling pathway (GO:0045879, 2.99E-04)
intraciliary transport (GO:0042073, 8.21E-04)
regulation of smoothened signaling pathway (GO:0008589, 1.20E-03)
sister chromatid cohesion (GO:0007062, 1.21E-03)
postsynaptic density organization (GO:0097106, 1.41E-03)
smoothened signaling pathway (GO:0007224, 1.76E-03)
postsynaptic specialization organization (GO:0099084, 2.21E-03)
non-motile cilium assembly (GO:1905515, 2.92E-03)
cell junction organization (GO:0034330, 8.08E-03)","cilium assembly (GO:0060271, 3.02E-05)
plasma membrane bounded cell projection assembly (GO:0120031, 2.46E-04)
negative regulation of smoothened signaling pathway (GO:0045879, 2.99E-04)
intraciliary transport (GO:0042073, 8.21E-04)
regulation of smoothened signaling pathway (GO:0008589, 1.20E-03)
sister chromatid cohesion (GO:0007062, 1.21E-03)
postsynaptic density organization (GO:0097106, 1.41E-03)
smoothened signaling pathway (GO:0007224, 1.76E-03)
postsynaptic specialization organization (GO:0099084, 2.21E-03)
non-motile cilium assembly (GO:1905515, 2.92E-03)
cell junction organization (GO:0034330, 8.08E-03)","cilium assembly (GO:0060271, 3.02E-05)
plasma membrane bounded cell projection assembly (GO:0120031, 2.46E-04)
negative regulation of smoothened signaling pathway (GO:0045879, 2.99E-04)
intraciliary transport (GO:0042073, 8.21E-04)
regulation of smoothened signaling pathway (GO:0008589, 1.20E-03)
sister chromatid cohesion (GO:0007062, 1.21E-03)
postsynaptic density organization (GO:0097106, 1.41E-03)
regulation of signaling (GO:0023051, 1.41E-03)
smoothened signaling pathway (GO:0007224, 1.76E-03)
postsynaptic specialization organization (GO:0099084, 2.21E-03)
non-motile cilium assembly (GO:1905515, 2.92E-03)
cell junction organization (GO:0034330, 8.08E-03)"
set5(#Gad1os),"cilium assembly (GO:0060271, 4.61E-05)
plasma membrane bounded cell projection assembly (GO:0120031, 4.20E-04)
negative regulation of smoothened signaling pathway (GO:0045879, 4.20E-04)
intraciliary transport (GO:0042073, 9.85E-04)
sister chromatid cohesion (GO:0007062, 1.39E-03)
regulation of smoothened signaling pathway (GO:0008589, 1.39E-03)
postsynaptic density organization (GO:0097106, 1.76E-03)
regulation of signaling (GO:0023051, 2.11E-03)
smoothened signaling pathway (GO:0007224, 2.48E-03)
postsynaptic specialization organization (GO:0099084, 2.82E-03)
non-motile cilium assembly (GO:1905515, 3.87E-03)","cilium assembly (GO:0060271, 4.61E-05)
plasma membrane bounded cell projection assembly (GO:0120031, 4.20E-04)
negative regulation of smoothened signaling pathway (GO:0045879, 4.20E-04)
intraciliary transport (GO:0042073, 9.85E-04)
sister chromatid cohesion (GO:0007062, 1.39E-03)
regulation of smoothened signaling pathway (GO:0008589, 1.39E-03)
postsynaptic density organization (GO:0097106, 1.76E-03)
smoothened signaling pathway (GO:0007224, 2.48E-03)
postsynaptic specialization organization (GO:0099084, 2.82E-03)
non-motile cilium assembly (GO:1905515, 3.87E-03)","cilium assembly (GO:0060271, 4.61E-05)
plasma membrane bounded cell projection assembly (GO:0120031, 4.20E-04)
negative regulation of smoothened signaling pathway (GO:0045879, 4.20E-04)
intraciliary transport (GO:0042073, 9.85E-04)
sister chromatid cohesion (GO:0007062, 1.39E-03)
regulation of smoothened signaling pathway (GO:0008589, 1.39E-03)
postsynaptic density organization (GO:0097106, 1.76E-03)
smoothened signaling pathway (GO:0007224, 2.48E-03)
postsynaptic specialization organization (GO:0099084, 2.82E-03)
non-motile cilium assembly (GO:1905515, 3.87E-03)","cilium assembly (GO:0060271, 4.61E-05)
plasma membrane bounded cell projection assembly (GO:0120031, 4.20E-04)
negative regulation of smoothened signaling pathway (GO:0045879, 4.20E-04)
intraciliary transport (GO:0042073, 9.85E-04)
sister chromatid cohesion (GO:0007062, 1.39E-03)
regulation of smoothened signaling pathway (GO:0008589, 1.39E-03)
postsynaptic density organization (GO:0097106, 1.76E-03)
regulation of signaling (GO:0023051, 2.11E-03)
smoothened signaling pathway (GO:0007224, 2.48E-03)
postsynaptic specialization organization (GO:0099084, 2.82E-03)
non-motile cilium assembly (GO:1905515, 3.87E-03)"
set6(#Gm11867),,,,
set7(#Gm14091),"cilium assembly (GO:0060271, 1.09E-04)
plasma membrane bounded cell projection assembly (GO:0120031, 6.52E-04)
sister chromatid cohesion (GO:0007062, 1.15E-03)
postsynaptic density organization (GO:0097106, 1.37E-03)
regulation of signaling (GO:0023051, 2.21E-03)
postsynaptic specialization organization (GO:0099084, 2.21E-03)
negative regulation of smoothened signaling pathway (GO:0045879, 2.84E-03)
regulation of smoothened signaling pathway (GO:0008589, 7.90E-03)
intraciliary transport (GO:0042073, 7.90E-03)
smoothened signaling pathway (GO:0007224, 9.88E-03)","cilium assembly (GO:0060271, 1.09E-04)
plasma membrane bounded cell projection assembly (GO:0120031, 6.52E-04)
sister chromatid cohesion (GO:0007062, 1.15E-03)
postsynaptic density organization (GO:0097106, 1.37E-03)
postsynaptic specialization organization (GO:0099084, 2.21E-03)
negative regulation of smoothened signaling pathway (GO:0045879, 2.84E-03)
regulation of smoothened signaling pathway (GO:0008589, 7.90E-03)
intraciliary transport (GO:0042073, 7.90E-03)
smoothened signaling pathway (GO:0007224, 9.88E-03)","cilium assembly (GO:0060271, 1.09E-04)
plasma membrane bounded cell projection assembly (GO:0120031, 6.52E-04)
sister chromatid cohesion (GO:0007062, 1.15E-03)
postsynaptic density organization (GO:0097106, 1.37E-03)
postsynaptic specialization organization (GO:0099084, 2.21E-03)
negative regulation of smoothened signaling pathway (GO:0045879, 2.84E-03)
regulation of smoothened signaling pathway (GO:0008589, 7.90E-03)
intraciliary transport (GO:0042073, 7.90E-03)
smoothened signaling pathway (GO:0007224, 9.88E-03)","cilium assembly (GO:0060271, 1.09E-04)
plasma membrane bounded cell projection assembly (GO:0120031, 6.52E-04)
sister chromatid cohesion (GO:0007062, 1.15E-03)
postsynaptic density organization (GO:0097106, 1.37E-03)
regulation of signaling (GO:0023051, 2.21E-03)
postsynaptic specialization organization (GO:0099084, 2.21E-03)
negative regulation of smoothened signaling pathway (GO:0045879, 2.84E-03)
regulation of smoothened signaling pathway (GO:0008589, 7.90E-03)
intraciliary transport (GO:0042073, 7.90E-03)
smoothened signaling pathway (GO:0007224, 9.88E-03)"
set8(#Gm26904),"cilium assembly (GO:0060271, 4.03E-05)
plasma membrane bounded cell projection assembly (GO:0120031, 3.41E-04)
negative regulation of smoothened signaling pathway (GO:0045879, 3.41E-04)
intraciliary transport (GO:0042073, 8.63E-04)
regulation of smoothened signaling pathway (GO:0008589, 1.28E-03)
sister chromatid cohesion (GO:0007062, 1.28E-03)
postsynaptic density organization (GO:0097106, 1.54E-03)
regulation of signaling (GO:0023051, 1.55E-03)
smoothened signaling pathway (GO:0007224, 2.15E-03)
postsynaptic specialization organization (GO:0099084, 2.46E-03)
non-motile cilium assembly (GO:1905515, 3.40E-03)","cilium assembly (GO:0060271, 4.03E-05)
plasma membrane bounded cell projection assembly (GO:0120031, 3.41E-04)
negative regulation of smoothened signaling pathway (GO:0045879, 3.41E-04)
intraciliary transport (GO:0042073, 8.63E-04)
regulation of smoothened signaling pathway (GO:0008589, 1.28E-03)
sister chromatid cohesion (GO:0007062, 1.28E-03)
postsynaptic density organization (GO:0097106, 1.54E-03)
smoothened signaling pathway (GO:0007224, 2.15E-03)
postsynaptic specialization organization (GO:0099084, 2.46E-03)
non-motile cilium assembly (GO:1905515, 3.40E-03)","cilium assembly (GO:0060271, 4.03E-05)
plasma membrane bounded cell projection assembly (GO:0120031, 3.41E-04)
negative regulation of smoothened signaling pathway (GO:0045879, 3.41E-04)
intraciliary transport (GO:0042073, 8.63E-04)
regulation of smoothened signaling pathway (GO:0008589, 1.28E-03)
sister chromatid cohesion (GO:0007062, 1.28E-03)
postsynaptic density organization (GO:0097106, 1.54E-03)
smoothened signaling pathway (GO:0007224, 2.15E-03)
postsynaptic specialization organization (GO:0099084, 2.46E-03)
non-motile cilium assembly (GO:1905515, 3.40E-03)","cilium assembly (GO:0060271, 4.03E-05)
plasma membrane bounded cell projection assembly (GO:0120031, 3.41E-04)
negative regulation of smoothened signaling pathway (GO:0045879, 3.41E-04)
intraciliary transport (GO:0042073, 8.63E-04)
regulation of smoothened signaling pathway (GO:0008589, 1.28E-03)
sister chromatid cohesion (GO:0007062, 1.28E-03)
postsynaptic density organization (GO:0097106, 1.54E-03)
regulation of signaling (GO:0023051, 1.55E-03)
smoothened signaling pathway (GO:0007224, 2.15E-03)
postsynaptic specialization organization (GO:0099084, 2.46E-03)
non-motile cilium assembly (GO:1905515, 3.40E-03)"
set9(#Gm29018),"cilium assembly (GO:0060271, 1.76E-04)
plasma membrane bounded cell projection assembly (GO:0120031, 1.21E-03)
intraciliary transport (GO:0042073, 1.23E-03)
sister chromatid cohesion (GO:0007062, 1.67E-03)
negative regulation of smoothened signaling pathway (GO:0045879, 4.31E-03)
non-motile cilium assembly (GO:1905515, 4.41E-03)
regulation of signaling (GO:0023051, 8.07E-03)
regulation of smoothened signaling pathway (GO:0008589, 9.74E-03)","cilium assembly (GO:0060271, 1.76E-04)
plasma membrane bounded cell projection assembly (GO:0120031, 1.21E-03)
intraciliary transport (GO:0042073, 1.23E-03)
sister chromatid cohesion (GO:0007062, 1.67E-03)
negative regulation of smoothened signaling pathway (GO:0045879, 4.31E-03)
non-motile cilium assembly (GO:1905515, 4.41E-03)
regulation of smoothened signaling pathway (GO:0008589, 9.74E-03)","cilium assembly (GO:0060271, 1.76E-04)
plasma membrane bounded cell projection assembly (GO:0120031, 1.21E-03)
intraciliary transport (GO:0042073, 1.23E-03)
sister chromatid cohesion (GO:0007062, 1.67E-03)
negative regulation of smoothened signaling pathway (GO:0045879, 4.31E-03)
non-motile cilium assembly (GO:1905515, 4.41E-03)
regulation of smoothened signaling pathway (GO:0008589, 9.74E-03)","cilium assembly (GO:0060271, 1.76E-04)
plasma membrane bounded cell projection assembly (GO:0120031, 1.21E-03)
intraciliary transport (GO:0042073, 1.23E-03)
sister chromatid cohesion (GO:0007062, 1.67E-03)
negative regulation of smoothened signaling pathway (GO:0045879, 4.31E-03)
non-motile cilium assembly (GO:1905515, 4.41E-03)
regulation of signaling (GO:0023051, 8.07E-03)
regulation of smoothened signaling pathway (GO:0008589, 9.74E-03)"
set10(#Gm37982),"cilium assembly (GO:0060271, 1.19E-04)
plasma membrane bounded cell projection assembly (GO:0120031, 6.94E-04)
sister chromatid cohesion (GO:0007062, 1.11E-03)
postsynaptic density organization (GO:0097106, 1.37E-03)
postsynaptic specialization organization (GO:0099084, 2.31E-03)
regulation of signaling (GO:0023051, 2.51E-03)
negative regulation of smoothened signaling pathway (GO:0045879, 2.93E-03)
regulation of smoothened signaling pathway (GO:0008589, 7.90E-03)
intraciliary transport (GO:0042073, 7.90E-03)","cilium assembly (GO:0060271, 1.19E-04)
plasma membrane bounded cell projection assembly (GO:0120031, 6.94E-04)
sister chromatid cohesion (GO:0007062, 1.11E-03)
postsynaptic density organization (GO:0097106, 1.37E-03)
postsynaptic specialization organization (GO:0099084, 2.31E-03)
negative regulation of smoothened signaling pathway (GO:0045879, 2.93E-03)
regulation of smoothened signaling pathway (GO:0008589, 7.90E-03)
intraciliary transport (GO:0042073, 7.90E-03)","cilium assembly (GO:0060271, 1.19E-04)
plasma membrane bounded cell projection assembly (GO:0120031, 6.94E-04)
sister chromatid cohesion (GO:0007062, 1.11E-03)
postsynaptic density organization (GO:0097106, 1.37E-03)
postsynaptic specialization organization (GO:0099084, 2.31E-03)
negative regulation of smoothened signaling pathway (GO:0045879, 2.93E-03)
regulation of smoothened signaling pathway (GO:0008589, 7.90E-03)
intraciliary transport (GO:0042073, 7.90E-03)","cilium assembly (GO:0060271, 1.19E-04)
plasma membrane bounded cell projection assembly (GO:0120031, 6.94E-04)
sister chromatid cohesion (GO:0007062, 1.11E-03)
postsynaptic density organization (GO:0097106, 1.37E-03)
postsynaptic specialization organization (GO:0099084, 2.31E-03)
regulation of signaling (GO:0023051, 2.51E-03)
negative regulation of smoothened signaling pathway (GO:0045879, 2.93E-03)
regulation of smoothened signaling pathway (GO:0008589, 7.90E-03)
intraciliary transport (GO:0042073, 7.90E-03)"
set11(#Gm44145),,,,
set12(#Rsf1os1),"cilium assembly (GO:0060271, 4.52E-05)
plasma membrane bounded cell projection assembly (GO:0120031, 4.03E-04)
negative regulation of smoothened signaling pathway (GO:0045879, 4.03E-04)
intraciliary transport (GO:0042073, 9.30E-04)
sister chromatid cohesion (GO:0007062, 1.41E-03)
regulation of smoothened signaling pathway (GO:0008589, 1.41E-03)
postsynaptic density organization (GO:0097106, 1.69E-03)
regulation of signaling (GO:0023051, 1.83E-03)
smoothened signaling pathway (GO:0007224, 2.41E-03)
postsynaptic specialization organization (GO:0099084, 2.77E-03)
non-motile cilium assembly (GO:1905515, 3.91E-03)","cilium assembly (GO:0060271, 4.52E-05)
plasma membrane bounded cell projection assembly (GO:0120031, 4.03E-04)
negative regulation of smoothened signaling pathway (GO:0045879, 4.03E-04)
intraciliary transport (GO:0042073, 9.30E-04)
sister chromatid cohesion (GO:0007062, 1.41E-03)
regulation of smoothened signaling pathway (GO:0008589, 1.41E-03)
postsynaptic density organization (GO:0097106, 1.69E-03)
smoothened signaling pathway (GO:0007224, 2.41E-03)
postsynaptic specialization organization (GO:0099084, 2.77E-03)
non-motile cilium assembly (GO:1905515, 3.91E-03)","cilium assembly (GO:0060271, 4.52E-05)
plasma membrane bounded cell projection assembly (GO:0120031, 4.03E-04)
negative regulation of smoothened signaling pathway (GO:0045879, 4.03E-04)
intraciliary transport (GO:0042073, 9.30E-04)
sister chromatid cohesion (GO:0007062, 1.41E-03)
regulation of smoothened signaling pathway (GO:0008589, 1.41E-03)
postsynaptic density organization (GO:0097106, 1.69E-03)
smoothened signaling pathway (GO:0007224, 2.41E-03)
postsynaptic specialization organization (GO:0099084, 2.77E-03)
non-motile cilium assembly (GO:1905515, 3.91E-03)","cilium assembly (GO:0060271, 4.52E-05)
plasma membrane bounded cell projection assembly (GO:0120031, 4.03E-04)
negative regulation of smoothened signaling pathway (GO:0045879, 4.03E-04)
intraciliary transport (GO:0042073, 9.30E-04)
sister chromatid cohesion (GO:0007062, 1.41E-03)
regulation of smoothened signaling pathway (GO:0008589, 1.41E-03)
postsynaptic density organization (GO:0097106, 1.69E-03)
regulation of signaling (GO:0023051, 1.83E-03)
smoothened signaling pathway (GO:0007224, 2.41E-03)
postsynaptic specialization organization (GO:0099084, 2.77E-03)
non-motile cilium assembly (GO:1905515, 3.91E-03)"
