,set1(multi),set2(#FAM181A-AS1),set3(&BMS1P14),set4(&SRRM2-AS1)
set1(multi),"mitotic cell cycle process (GO:1903047, 2.06E-03)","mitotic cell cycle process (GO:1903047, 2.11E-03)
regulation of signaling (GO:0023051, 9.14E-03)","mitotic cell cycle process (GO:1903047, 1.90E-03)
regulation of signaling (GO:0023051, 9.15E-03)","mitotic cell cycle process (GO:1903047, 4.53E-03)"
set2(#1700029J03Rik),"mitotic cell cycle process (GO:1903047, 2.06E-03)","mitotic cell cycle process (GO:1903047, 2.11E-03)","mitotic cell cycle process (GO:1903047, 1.90E-03)","mitotic cell cycle process (GO:1903047, 4.53E-03)"
set3(#4930528D03Rik),"mitotic cell cycle process (GO:1903047, 2.06E-03)
plasma membrane bounded cell projection organization (GO:0120036, 7.12E-03)","mitotic cell cycle process (GO:1903047, 2.11E-03)
plasma membrane bounded cell projection organization (GO:0120036, 6.51E-03)
regulation of signaling (GO:0023051, 9.14E-03)","mitotic cell cycle process (GO:1903047, 1.90E-03)
plasma membrane bounded cell projection organization (GO:0120036, 6.34E-03)
regulation of signaling (GO:0023051, 9.15E-03)","mitotic cell cycle process (GO:1903047, 4.53E-03)
plasma membrane bounded cell projection organization (GO:0120036, 9.50E-03)"
set4(#4930584F24Rik),"mitotic cell cycle process (GO:1903047, 2.06E-03)
plasma membrane bounded cell projection organization (GO:0120036, 7.12E-03)","mitotic cell cycle process (GO:1903047, 2.11E-03)
plasma membrane bounded cell projection organization (GO:0120036, 6.51E-03)
regulation of signaling (GO:0023051, 9.14E-03)","mitotic cell cycle process (GO:1903047, 1.90E-03)
plasma membrane bounded cell projection organization (GO:0120036, 6.34E-03)
regulation of signaling (GO:0023051, 9.15E-03)","mitotic cell cycle process (GO:1903047, 4.53E-03)
plasma membrane bounded cell projection organization (GO:0120036, 9.50E-03)"
set5(#Gad1os),"mitotic cell cycle process (GO:1903047, 2.06E-03)","mitotic cell cycle process (GO:1903047, 2.11E-03)
regulation of signaling (GO:0023051, 9.14E-03)","mitotic cell cycle process (GO:1903047, 1.90E-03)
regulation of signaling (GO:0023051, 9.15E-03)","mitotic cell cycle process (GO:1903047, 4.53E-03)"
set6(#Gm11867),,,,
set7(#Gm14091),"mitotic cell cycle process (GO:1903047, 2.06E-03)","mitotic cell cycle process (GO:1903047, 2.11E-03)
regulation of signaling (GO:0023051, 9.14E-03)","mitotic cell cycle process (GO:1903047, 1.90E-03)
regulation of signaling (GO:0023051, 9.15E-03)","mitotic cell cycle process (GO:1903047, 4.53E-03)"
set8(#Gm26904),"mitotic cell cycle process (GO:1903047, 2.06E-03)","mitotic cell cycle process (GO:1903047, 2.11E-03)
regulation of signaling (GO:0023051, 9.14E-03)","mitotic cell cycle process (GO:1903047, 1.90E-03)
regulation of signaling (GO:0023051, 9.15E-03)","mitotic cell cycle process (GO:1903047, 4.53E-03)"
set9(#Gm29018),"mitotic cell cycle process (GO:1903047, 2.06E-03)","mitotic cell cycle process (GO:1903047, 2.11E-03)
regulation of signaling (GO:0023051, 9.14E-03)","mitotic cell cycle process (GO:1903047, 1.90E-03)
regulation of signaling (GO:0023051, 9.15E-03)","mitotic cell cycle process (GO:1903047, 4.53E-03)"
set10(#Gm37982),"mitotic cell cycle process (GO:1903047, 2.06E-03)","mitotic cell cycle process (GO:1903047, 2.11E-03)
regulation of signaling (GO:0023051, 9.14E-03)","mitotic cell cycle process (GO:1903047, 1.90E-03)
regulation of signaling (GO:0023051, 9.15E-03)","mitotic cell cycle process (GO:1903047, 4.53E-03)"
set11(#Gm44145),,,,
set12(#Rsf1os1),"mitotic cell cycle process (GO:1903047, 2.06E-03)","mitotic cell cycle process (GO:1903047, 2.11E-03)
regulation of signaling (GO:0023051, 9.14E-03)","mitotic cell cycle process (GO:1903047, 1.90E-03)
regulation of signaling (GO:0023051, 9.15E-03)","mitotic cell cycle process (GO:1903047, 4.53E-03)"
