Target,AC006230.1,AC008966.3,AC010978.1,AC011483.1,AC021092.1,AC022075.1,AC023480.1,AC027117.1,AC027117.2,AC064799.2,AC068792.1,AC073365.1,AC077690.1,AC084018.2,AC087222.1,AC087257.1,AC090578.1,AC090578.3,AC099489.3,AC103718.1,AC103740.1,AC103796.1,AC104791.1,AC106801.1,AC108925.1,AC112220.2,AC136475.3,AL035661.1,AL049552.2,AL133335.2,AL133492.1,AL139011.1,AL139260.2,AL157786.1,AL158071.5,AL160286.3,AL358332.1,AL512625.3,AL590428.1,AP000662.1,AP006545.1,AP006621.3,BDNF-AS,HOXA-AS3,KCNQ2-AS1,KRT7-AS,LINC00519,LINC00640,LINC00943,LINC01107,LINC01405,LRP4-AS1,LUCAT1,MIRLET7A1HG,MYCBP2-AS1,PURPL,SNRK-AS1,TARID,TCL6,TNRC6C-AS1,TUBA3FP,ZNF252P-AS1,ZNF433-AS1,MSTRG.2513.6,MSTRG.4401.1,MSTRG.34636.7,MSTRG.17747.31
ABCA12,,,42,,,49,,,,,44,,44,45,,,49,,,53,51,,,,,,,,,,43,,44,,,60,,,,49,,,,44,,,,,,,57,,53,,,42,,,,,48,47,,,42,42,65
AC005412.1,,45,70,120,52,55,44,43,46,,,135,,47,86,42,77,51,45,148,86,41,,76,48,,,,57,,97,,,76,,122,56,56,44,49,,53,69,122,47,46,56,92,55,,118,118,141,52,,58,,81,66,55,61,83,,,,,81
AC005682.1,83,60,87,76,79,96,50,,40,,55,107,,73,77,49,61,90,,119,109,,,40,56,59,42,,101,,79,55,43,80,,57,93,74,87,72,,88,81,88,58,43,,77,56,,122,43,125,79,44,95,43,111,74,75,59,83,59,,,,137
AC006230.1,61,,69,56,,41,,47,,,,80,60,55,47,49,,44,44,123,55,49,,41,,45,,40,43,43,66,,53,,,110,42,,57,45,,56,86,127,,,,53,59,57,79,66,82,101,,45,42,52,52,69,65,71,49,,,,78
AC007066.1,45,,78,43,49,47,,,,,47,62,49,,,,61,,52,77,65,,,,41,,,,53,,74,41,,,,66,,48,49,43,,,73,75,,,,,,,125,47,83,55,,65,,,46,51,45,77,,,,,90
AC008761.3,50,62,130,49,88,96,42,59,47,,,174,97,62,122,47,134,51,76,249,112,,,66,63,51,,56,53,43,156,126,63,113,43,333,93,,53,78,,74,159,201,44,51,97,53,56,42,344,58,360,159,55,73,68,64,81,83,127,171,52,,,,255
AC008966.3,61,,56,56,,46,54,,,,,55,,,,,49,,42,67,,,,52,42,48,,,,,,44,,,,66,,61,60,,,,40,46,40,,40,51,,,52,,66,42,40,41,,,55,,41,58,,,,,60
AC010422.6,56,,46,,,,,43,,,,43,,43,,,48,,43,49,44,,,,,41,,,,,,42,,,,54,40,,,49,,,57,50,,,,,49,,58,45,,41,,55,,,42,,44,43,,,,,55
AC010442.2,50,49,48,48,,60,,,,,,46,47,46,58,,41,54,43,101,49,42,,,56,50,,,63,,68,56,,,43,85,,,48,,,,55,73,41,43,44,,43,,75,40,84,,,56,,,57,,57,69,,,,,79
AC010978.1,57,,67,54,59,46,45,59,,,73,70,67,,64,,40,60,46,79,60,,,43,53,,62,,45,43,68,42,49,42,51,78,54,54,46,61,,,69,69,,45,,51,47,,86,52,94,42,41,75,43,52,53,71,71,93,,,,,82
AC011483.1,48,73,103,85,65,50,,86,57,,,111,109,57,95,,114,55,54,202,113,49,,50,57,,,57,74,,101,77,,94,40,96,78,80,62,,,96,85,110,,43,88,93,57,,140,111,124,99,,81,57,46,67,95,108,109,50,,,,123
AC021092.1,52,,,84,60,50,57,96,,,,132,,66,69,51,46,62,42,131,97,,,,66,,42,,,,125,,42,46,,131,,,,,,,57,133,,,96,49,,,133,40,145,82,,50,,,,,54,119,45,,,,104
AC021443.1,,,,,,,,,,,,,,42,,,,,,79,,,,,,,,,,,,,,,,48,,,,,,,,,,,,,,,42,,,,,40,,40,,,,79,,,,,45
AC022075.1,53,44,,47,,63,,46,47,,,67,,,49,,63,,,56,42,,40,,41,,,,42,,73,,,60,,57,65,,53,61,,,62,,,,,,,44,49,64,,55,,46,,,51,42,43,42,51,,,,50
AC022336.4,44,,,57,,47,,42,,,,,,59,49,,74,,,83,41,42,,,42,40,,,,,65,,,43,,89,,,46,,,,50,55,,,42,41,,,56,,,51,,50,,,,,48,63,,,,,50
AC023480.1,,,66,72,43,,,45,,46,,40,,54,53,,42,49,43,83,55,,,,,46,,,40,,65,,46,65,,69,,,,,,,66,78,,,42,45,52,,72,49,84,77,,47,,46,42,62,49,66,,,,,70
AC024592.3,,,48,129,,,40,,,,,81,48,41,94,,71,41,,214,88,,50,,72,47,44,,144,,137,110,,46,,78,,,49,,51,,55,187,,,50,58,,68,210,42,158,55,,51,43,43,,58,45,56,,,,,100
AC026347.1,44,,54,,43,,,52,,,47,44,59,,,,,45,,60,67,,,,,,,,,,,,,,,57,57,,,,,,56,62,,,41,44,,,65,45,61,44,,57,,42,40,56,48,59,,,,,112
AC027117.1,,,,,,,50,,,43,,43,,,,,56,,46,78,42,,,,,46,,,,,,,42,,,63,,,,,,43,41,45,,,40,47,40,,52,,,,47,50,,46,,47,46,52,42,,,,53
AC027117.2,62,,42,97,54,90,61,96,,,58,216,49,68,112,,46,90,76,247,67,,49,,77,,87,63,61,,176,184,,,82,129,,49,51,71,,150,44,285,,51,46,56,,43,291,57,224,208,96,53,58,56,88,,56,110,95,,,,49
AC027796.3,67,,79,87,62,58,,61,52,,42,110,77,58,84,46,61,76,62,221,84,40,,45,61,58,46,63,84,,92,46,41,62,,85,47,61,55,,,100,71,71,,43,48,86,,,122,42,122,115,,72,62,63,43,60,52,69,49,,,,83
AC064799.2,77,45,46,55,,,,42,,,46,42,40,49,67,,60,,,109,49,,,,,,,,,,42,,,44,45,100,48,,48,,,,96,46,43,56,41,,,45,109,,88,73,,109,,48,73,52,41,48,47,,,,103
AC068775.1,48,,,42,,,,,,,,,,,,,44,,,40,42,,,,,,,,,,,,,,43,47,,,43,,,41,,,,,,,60,,46,,,,,,,40,,50,,40,,,,,58
AC068792.1,42,,40,47,,43,,41,,,,48,,,,,92,,,54,51,,,,,,,,,,42,42,,,,69,,60,45,,45,45,61,54,,42,,41,40,,,,56,54,,40,,,,44,42,,,,,,46
AC068946.1,80,51,88,116,,74,46,,,,65,80,70,40,61,49,67,,52,125,84,,,,40,,48,,52,,89,,,104,,79,86,,,45,,49,71,99,42,,,60,,,100,86,105,89,,68,,69,43,104,63,74,,,,,67
AC073365.1,49,40,46,40,,42,49,,41,40,,,,,,42,,,41,71,42,,,,,46,,,43,,67,42,,44,,78,44,,40,,,,42,74,,,45,45,,,73,,73,68,43,50,,,,52,44,75,43,,,,69
AC077690.1,96,,50,52,,,68,,,,40,54,,,,50,52,,40,93,49,,,,,43,,,,,70,48,,,,90,65,58,,,,53,55,51,,,41,,,,95,,101,91,,,,,93,46,,100,,,,,57
AC080112.1,,48,,,,,,43,69,,,40,45,76,,,58,,43,55,41,,,,,,41,41,,,56,41,,,41,56,,,44,,,,53,55,,,45,45,51,42,58,,,42,56,44,,55,54,46,,46,,,,,
AC084018.2,74,,58,146,,44,49,,,,113,241,64,142,89,54,75,65,50,392,47,47,,,44,46,,46,60,,327,91,,51,,154,,60,82,86,,97,80,434,41,,45,94,75,,472,87,238,121,166,80,,60,62,99,48,105,,,,,64
AC087222.1,61,44,84,81,55,,,56,50,,44,66,68,41,78,46,47,43,41,210,60,,,,67,,56,60,60,,199,69,52,59,45,88,54,46,47,,,40,79,207,,,69,,55,,214,75,196,109,,74,46,55,55,128,71,91,43,,,,95
AC087257.1,49,,,50,,,,47,,57,,72,50,43,,,,,41,50,,,,44,43,,,,,,52,43,,,,97,,,,,,,54,43,66,,46,,,,67,,108,,,56,41,,,,,48,,,,,94
AC087257.2,79,43,59,55,,,,53,,,,76,,49,50,,89,,41,85,46,43,,43,53,52,,,43,,66,48,40,44,,93,49,,54,43,,,61,96,41,,,41,48,,109,47,126,69,,50,,41,46,47,50,73,,,,,96
AC090578.1,98,60,68,49,57,88,,57,53,,43,87,40,67,56,53,101,62,41,97,60,,,,53,,,,60,,66,95,76,46,50,81,,,48,69,,63,71,100,67,45,46,54,,,137,64,93,102,52,93,48,67,80,59,81,125,49,,,,78
AC090578.3,,,,43,40,,,41,,,41,,,,,,42,,41,58,,,,,48,50,,,47,,48,,44,,,60,41,,,,,,,49,,,,40,,,60,,,58,,62,,,,,,61,,,,,69
AC099489.3,85,112,139,52,82,63,79,62,42,,64,187,50,112,76,,118,106,48,131,142,,,,45,63,,62,45,,122,,,118,,127,125,62,,87,,68,127,142,43,,115,,75,,140,67,139,120,,74,57,121,110,110,,129,78,,,,131
AC103718.1,50,,54,43,40,,,,,,44,75,49,43,,,45,,41,82,51,,,,58,43,43,50,,,54,,,42,49,67,,50,,,,43,44,47,,,,,58,,79,53,86,,51,60,,63,46,58,50,79,42,,,,91
AC103740.1,50,,,,,,,61,,,,49,,46,,,,,42,62,45,,,62,43,,,,41,,78,,,48,,78,,,46,,,42,81,52,,,,46,45,,83,,73,75,41,49,,,,53,,66,41,,,,67
AC103796.1,96,,81,86,70,103,,69,,46,49,110,96,79,,,81,106,,112,103,,,,68,62,,46,54,,109,71,66,95,59,81,98,67,46,57,40,,98,100,53,,,45,67,,115,70,120,102,,91,67,96,70,69,92,111,,,,,104
AC104791.1,56,44,73,86,79,60,40,79,45,,,67,67,79,45,,93,66,67,95,68,,,42,76,51,,,64,,149,60,46,53,,97,47,59,42,41,,60,84,102,,,50,64,,,144,46,172,148,,96,43,,84,65,79,90,,,,,164
AC104791.2,56,44,73,86,79,60,,79,45,,,68,67,79,45,,93,66,67,95,85,,,42,76,45,,,64,48,149,60,46,54,,97,47,59,42,41,,60,86,102,,,50,64,43,,144,46,172,148,,96,43,,66,65,79,90,,,,,166
AC106801.1,40,,42,,53,46,,41,,40,41,73,,,,44,46,,,71,,,,42,,40,,,,,62,42,42,50,,76,70,,,,,47,55,72,,,55,,,,74,,81,74,,,,,,46,,67,42,,,,66
AC107918.4,56,87,103,130,76,55,47,58,69,,94,87,115,57,137,47,127,51,68,137,102,46,,43,59,52,65,66,135,47,110,77,,70,61,116,44,63,140,109,40,142,112,135,,,58,97,71,43,176,135,148,91,,107,43,67,70,66,113,102,114,,,,109
AC108925.1,,,50,93,,50,53,62,,,48,46,55,49,52,41,73,47,43,78,51,,,49,,45,56,,,,49,49,47,42,,79,43,,49,49,,42,57,,,,57,55,57,,83,44,76,57,,45,,,,,,83,40,,,,47
AC112220.2,,41,69,95,43,49,44,,,,,99,42,59,48,44,62,,43,135,54,,40,49,67,,77,,49,41,92,94,,54,,124,51,86,41,,47,,49,132,,40,115,92,,,141,49,143,105,,,,,77,48,53,126,44,,,,79
AC120057.3,43,53,58,72,,51,45,46,,41,66,62,55,50,73,48,48,43,42,63,53,53,,41,,47,,,,,83,,,,,94,43,,109,,,61,64,95,,,,66,,,84,54,99,79,46,45,43,43,,48,44,67,52,,,,89
AC133555.3,,50,79,49,46,,45,60,,52,,61,61,54,94,,44,53,41,176,64,,,,,,,46,56,,88,,49,61,,101,55,62,51,,45,45,94,77,,,,,45,,115,48,97,72,,87,42,50,,56,67,104,,,,,97
AC136475.3,44,,46,57,,,,68,,,43,86,55,57,63,,107,61,42,145,64,,47,40,52,61,79,46,40,,70,97,42,,,96,43,,,83,,50,83,137,,,,53,,,137,52,132,63,,99,,111,80,94,46,70,,,,,105
AC211429.2,100,63,78,67,43,55,43,52,47,,60,109,52,81,101,44,75,62,51,131,83,,,46,,53,61,50,43,75,104,43,44,86,,153,58,50,50,,60,66,73,128,59,74,47,119,56,,257,46,135,74,,49,,53,101,52,55,186,70,,,,88
AC233280.2,77,63,57,104,76,69,,51,,,47,42,86,67,60,,106,79,47,182,87,51,,,,45,,,58,40,107,,41,52,,131,52,,,42,,,131,177,,42,46,,63,,130,43,137,125,,83,47,,41,128,113,130,,,,,145
ACSL5,,,50,,,43,42,42,,,,48,,,42,,,42,,101,41,,,,,,,,41,,,43,,,48,54,,,,44,,,43,53,,,43,42,,,107,,,,,49,,,,45,42,46,,43,,40,111
ADAM19,,69,112,135,102,97,68,,52,,43,145,107,95,335,58,70,92,86,355,118,42,,50,,54,,,69,55,154,105,,84,,178,97,,,52,,96,81,141,44,,62,112,50,,370,125,220,273,,63,59,83,43,95,119,138,46,144,49,42,116
ADAMTS2,145,76,128,89,112,97,46,61,80,,52,161,143,112,108,,96,71,119,185,175,51,47,83,61,107,41,,93,,185,110,43,105,51,102,92,61,72,85,41,78,117,248,,64,95,114,,44,297,114,191,153,56,45,41,116,61,132,114,145,82,212,48,98,103
ADIRF,,40,123,118,41,152,,46,,,54,144,53,74,143,,89,,82,167,106,43,,,,43,43,,45,52,133,,,44,54,151,,68,54,43,,64,74,148,50,44,45,54,42,,206,76,159,43,,44,,57,54,89,85,119,,61,47,66,66
AHRR,,,,,,,,,,,,,,,,,,,,,,,,,,,,,,,,,,,,,,,,,,,,,,,,,,,,,,,,,,,,,,,,,,,
ENSG00000063438,,,,,,113,,,,,,,,,,,,,,,,,,,,,,56,,,,,,,,,,,,,,,,,,,,,,,,,,,,69,,,,,,,,113,47,49,53
AL035661.1,132,,,,,73,,,,42,40,102,58,60,,,,,50,121,,,,41,40,,,56,,,,,,42,,115,,,,,,,50,123,,,,,53,,123,,148,84,,43,,46,56,46,41,112,42,,,,67
AL049552.2,46,,,55,,,,41,,,,57,,43,44,,48,,,82,46,,,,,,,,,,,65,45,,40,59,,,,,,50,86,47,,,,,46,,62,,67,,,,,49,45,,45,44,,,,,111
AL121594.1,,,47,72,,,45,,,,47,58,41,42,127,,65,,67,154,48,52,,,,,,48,63,44,87,,,,,159,44,50,48,,,48,58,152,,,,49,41,,151,,155,,80,48,,62,45,61,48,144,,,,,60
AL133335.2,,,48,,,50,,,,,,53,,43,,,,,44,48,40,,,,,45,,,,,,,,,42,51,,,,,,,47,60,,,,,44,,46,,,43,,,,,,44,,53,,,,,76
AL133492.1,,,55,78,,40,40,44,,,47,87,,43,44,42,71,,48,141,46,,,,,46,,,44,51,82,131,53,52,,112,49,,47,,,48,46,135,,,49,40,,,97,51,47,55,,45,,58,43,63,52,76,47,,,,53
AL139011.1,64,,56,55,,46,,,41,,41,57,53,,,,47,46,,72,54,,,,,,46,,47,,40,,43,51,,73,42,50,,48,,54,53,78,,47,48,56,47,,79,48,71,57,41,61,54,42,48,47,57,112,55,,,,78
AL139260.2,66,40,52,81,43,71,,63,,,43,65,,58,119,,64,43,,136,,,,,,46,50,,45,42,92,71,54,,,101,,50,51,45,40,58,70,129,51,47,60,51,,60,140,40,114,101,51,45,41,,,54,53,77,47,,,,99
AL157786.1,41,,46,45,,55,,55,,,,43,47,44,,,43,49,,58,44,,,51,47,47,,,,,48,58,41,,42,54,59,49,,,,,59,51,,,45,,43,,59,,57,,,,55,43,,51,50,,,,,,62
AL158071.5,,,43,44,,45,,,,,,51,,54,,,46,,44,82,45,,,,,,40,,,,73,,,44,,114,,,45,46,,,,56,,,,,,,71,44,79,55,,53,,,45,,59,42,,,,,65
AL160286.3,49,,50,51,,44,,,,,42,55,43,58,67,49,50,,40,93,49,,,,52,,,,51,,66,43,,42,,117,,47,,45,44,,69,65,,,,,53,45,70,,115,58,55,51,,,,53,,58,42,,,,88
AL358332.1,40,41,43,47,50,,,42,,,41,42,,,51,,76,40,,101,54,,,41,43,48,56,43,,,49,,,55,,62,,49,45,,,44,49,50,,45,43,42,42,,67,,,47,,46,,,,48,40,47,44,,,,54
AL512625.3,90,53,130,168,115,113,108,121,,58,64,197,122,91,181,52,137,89,131,243,140,41,,,127,88,48,,68,,247,97,44,109,,151,84,51,95,75,,152,98,145,41,,83,44,47,49,261,69,241,224,,51,47,124,125,82,58,149,,,,,142
AL590128.1,49,,47,,,,43,44,48,,,40,,48,,,45,41,56,69,,,40,,,52,,42,41,,63,,,,,49,,,,,,,50,,,,40,,57,,61,,60,55,55,44,,47,,,43,60,,,,,
AL590428.1,,95,44,70,60,,,,,,56,63,51,57,46,66,57,96,,137,,,,43,41,40,,,55,,69,84,,41,59,146,56,,57,,,83,61,109,,42,42,48,,43,148,40,94,118,40,100,41,,55,,72,145,47,,,,143
ALOX5,61,52,113,118,,78,88,61,66,,71,207,85,87,170,,64,57,83,254,79,,,42,47,,49,46,144,40,217,167,45,69,41,109,47,65,78,110,,190,122,261,,,48,99,73,49,244,122,242,180,42,93,42,,63,52,129,77,82,121,,92,103
AMY2B,56,,,47,,45,,48,,,54,48,51,,,,,,,64,,,,51,46,,,,44,43,,42,42,45,45,68,,,41,,,,56,52,,,,,42,,67,53,69,63,,100,,,,55,41,60,,40,,,101
ANGPTL4,121,55,155,104,61,69,83,63,59,,59,156,84,148,113,45,106,138,83,168,161,,,49,104,150,88,43,155,,134,87,55,147,45,91,151,59,120,137,45,152,86,170,,,121,84,68,,176,62,190,155,48,83,74,137,79,100,63,153,,128,112,159,100
ANKRD20A5P,84,78,43,95,42,57,44,93,42,,41,92,50,45,66,,42,,44,221,52,52,,45,,42,,,44,41,107,46,,,49,106,,,54,,,,81,203,52,,,70,,48,234,,114,149,,53,,46,,55,66,125,45,61,,,110
ANKRD22,52,,,43,,,,44,,,,,,49,,40,,,,51,,,,,47,,,,,,41,,,,,46,,,,,,,,,,,,,49,,48,,,43,,,,,,47,,41,,,,,47
ANXA10,43,,,,45,,,,41,,,,,40,,,50,41,,57,,,,,,42,57,,,,,,,,,48,,,,,,43,46,51,,,,,,,61,,42,,,48,,,,,45,,,51,,,64
AOPEP,83,44,67,114,52,65,,67,,,,76,,54,61,50,50,46,47,222,54,49,,58,,50,59,63,44,,167,164,48,55,,155,49,41,45,50,,70,55,170,53,67,48,108,47,41,179,59,174,162,40,48,70,,47,44,57,160,44,161,,50,99
AP000662.1,83,69,90,100,89,70,41,91,54,55,46,198,79,68,128,109,86,79,114,198,110,,,,43,89,44,,57,41,164,77,,77,49,93,,,84,42,,69,88,188,,42,52,85,64,,217,99,212,190,,88,58,94,112,91,106,130,81,,,,97
AP001267.5,97,42,81,106,68,55,44,47,60,41,42,52,51,,47,,42,48,,113,75,,62,43,55,,,,,,107,63,,106,,101,,52,,,55,45,89,113,,,,,,44,113,109,123,93,,63,,44,46,73,94,107,42,,,,89
AP006545.1,45,,,49,,43,,43,,,,59,,49,49,,67,,41,96,50,,,,49,,,,,,,45,,,,94,,44,,,,,57,44,,,44,42,40,,100,,69,54,,46,,,45,58,,45,42,,,,77
AP006621.3,79,72,86,132,55,53,40,64,100,,59,155,108,67,162,47,63,74,77,470,56,43,54,,46,62,40,61,92,,254,58,52,50,40,352,,50,112,,,72,104,230,40,,108,91,79,,226,76,195,204,42,73,45,58,64,81,66,135,62,,,,128
APOL6,,,,53,,,,,,,,50,44,,52,41,55,,,78,,44,,,64,,,,,,,,,,45,64,50,,49,,,,50,41,46,,,50,,,58,49,81,51,,63,,40,,43,,80,,99,,,57
AREG,52,53,43,51,,44,,45,45,,62,71,53,51,92,,45,49,42,86,48,,,50,,,,44,,,43,78,,,,93,66,,,62,41,81,,89,42,41,41,47,,43,96,44,90,63,,42,46,42,45,53,72,105,,41,,47,75
ARID5B,47,46,57,52,58,40,,53,41,,43,41,60,,46,,51,,58,64,62,,,,45,49,,57,49,,60,43,,64,61,60,45,41,43,,45,,63,65,,,44,,44,,74,60,61,57,,86,,49,44,57,61,61,,59,42,,69
ARMH4,78,53,80,,67,59,,54,48,,47,67,64,55,69,,,,45,130,70,,,,,,,49,54,,111,45,,,52,105,58,,,71,,59,77,124,50,,,68,60,51,119,72,137,80,78,42,,63,44,62,74,92,72,82,54,43,68
ASAP1,159,42,66,91,43,123,56,84,57,44,60,134,50,47,106,43,73,45,,206,143,51,,,61,68,,48,109,,176,226,42,40,,224,,68,188,85,,168,89,453,42,,127,135,76,48,460,77,226,239,,73,60,49,79,83,72,174,77,164,64,73,76
ASPG,49,57,92,58,55,66,66,64,106,,40,52,163,67,143,40,121,73,42,335,86,,71,,101,43,50,67,70,45,320,151,46,71,,175,,78,89,77,,,96,340,99,,43,76,71,,296,68,269,120,67,41,59,88,67,81,84,211,44,84,55,46,106
ATG2A,,,60,94,40,,58,42,40,,42,47,47,55,118,40,69,,69,131,48,,,,78,46,41,48,43,,114,,,,,110,52,,54,,,,58,127,,,65,46,,,100,69,131,93,,42,46,,62,45,57,110,,57,,,73
ATL3,61,49,48,115,,112,,,46,,,167,69,56,86,43,50,67,43,192,166,,,,,46,,,82,,167,76,,52,49,186,56,47,95,,,81,87,189,48,,48,77,,,221,94,181,96,50,40,43,51,46,46,59,151,60,113,,54,55
ATOH8,41,41,48,61,,46,41,52,,,41,,46,52,61,,55,,46,58,46,51,,,51,50,,,,,62,,,55,,46,,,57,,,,,40,,,50,43,41,,67,,57,64,63,,54,,52,,51,70,45,,,40,60
ATP6V0CP4,51,,50,47,,,41,,,,44,47,53,48,66,41,58,41,43,67,53,,,,,59,48,,,,,79,48,41,,94,45,,45,,,,71,116,,42,41,45,,,63,43,98,83,,44,,40,43,,42,81,,41,,,40
B3GALT2,,,,,,,,,,,,,,,,,,,,,,,,,,,,,,,,,,,,46,,,,,,,,,,,,,,,,,,,,,,,,,,,,43,,,42
BDNF,100,,53,77,41,51,55,,,,,131,,44,76,,51,,41,158,52,,,,,,,,74,,82,55,,43,47,52,46,,,,,61,,118,,,44,97,,,163,50,101,55,,46,,52,92,40,59,96,,148,46,45,51
BDNF-AS,48,,74,53,40,49,52,48,41,,,62,,,129,,66,68,43,142,60,,,,,,,,,,78,,41,51,,100,50,,47,,,61,111,89,46,,,47,42,,236,51,97,98,63,45,,,47,45,76,75,,58,51,46,77
BHLHB9,,73,81,50,,44,40,43,,41,42,43,48,51,51,,53,,42,138,60,,,62,,42,,,43,,43,40,46,57,,87,,,43,,,,46,64,,,,46,,47,80,,73,87,42,62,46,41,44,,50,81,,73,,,72
BIRC3,46,,52,,,,,,43,,,134,,,,40,53,,,55,48,,,,,,,,,,,,,,,50,,,,,,57,71,45,,,,45,52,,53,,43,83,,47,,68,,56,,53,,85,63,44,55
BTC,40,,55,,48,,,67,,,56,67,49,58,66,44,44,46,44,136,83,40,,41,,66,43,,132,,44,42,,53,,152,,100,47,,40,49,47,56,,,91,64,,,131,76,153,62,,44,,54,43,,73,81,,70,,,58
C10orf55,,,43,,,42,,,,,,49,,,,,44,,45,51,44,,,45,,,,,,,,42,,43,,47,,,,,,,44,,,,,,49,43,48,,,,,,,41,42,,,43,,50,,49,48
C19orf33,,,114,71,53,58,47,54,,,42,82,79,60,74,,60,71,42,93,75,,,48,90,,57,,79,,94,115,,64,46,86,58,47,,,42,69,104,96,,41,,65,,,106,63,117,96,,80,44,72,42,86,79,103,53,52,45,50,69
C1orf116,45,,47,45,,,,40,,,,53,,48,,,41,,,88,42,,,,,,,,42,,,,,,43,55,,50,41,42,,,52,53,41,,,42,,,85,,51,,,53,46,42,40,44,50,72,,,,,49
C2orf15,83,,57,185,79,53,,50,40,46,42,100,44,66,109,40,,60,50,241,108,50,42,,42,49,58,,70,,102,104,,79,41,120,58,,49,45,,68,48,106,,41,55,62,42,,161,55,111,105,42,43,44,66,71,55,46,136,,83,,43,67
CA2,78,66,63,101,,114,144,67,68,,56,184,63,188,81,54,42,73,55,291,59,,,,131,41,174,,69,68,195,200,,62,52,169,44,57,98,,,74,70,294,41,,109,148,79,,266,65,176,122,104,109,43,42,45,,72,137,52,218,,65,61
CALB2,50,46,53,93,55,58,,,47,,,119,55,74,47,,73,,42,198,59,,,43,42,49,,,45,,92,,46,67,43,94,,,77,,,45,57,169,41,58,,65,,,200,60,143,79,51,48,50,53,74,,73,87,50,46,,79,62
CALCRL,,,,,,,,,,,,,,,,,42,,,43,,,,,,44,,,,,,,,,,43,,,,,,,,,,,,,,,42,,,,,42,,,,,,,,,,,45
CAMK2D,53,,116,107,98,49,43,,45,,40,149,75,,97,,47,40,43,168,112,59,,,100,53,40,,43,,104,116,,55,,190,40,,61,57,,92,113,136,57,40,50,71,41,,138,119,151,143,,48,,163,67,88,104,115,49,115,44,105,99
CASP10,50,,59,51,48,58,,56,,58,,78,,46,,,76,73,52,79,69,,,47,,54,40,,,,,50,57,56,,73,66,,,,41,,78,74,51,,65,,58,,67,54,88,60,50,44,50,62,,52,65,60,,67,,70,72
CASP4,115,,41,50,48,42,,42,,,,51,46,,,,45,41,,132,,,45,60,,40,49,53,40,,72,,,,,138,,81,,64,,60,55,61,,,,,51,,148,40,135,66,44,43,54,54,80,44,53,71,,,43,55,111
CBR3,69,,56,59,,58,,,,,,64,,,89,,46,55,,163,,,,45,59,,,,60,42,68,82,42,,42,107,,,43,,,44,,125,59,,45,51,,44,167,45,112,63,,41,,,64,51,49,97,53,51,,44,49
CCDC116,64,,57,52,,54,45,55,,,53,75,49,52,43,46,73,,47,88,70,42,42,,,50,,,42,,85,,,52,,86,57,53,48,,,60,51,83,,,,43,,40,94,65,118,88,,60,56,45,53,49,76,73,,42,46,,57
CCDC74B,45,49,62,110,57,67,,42,,,55,121,73,75,117,,101,44,57,205,61,42,,45,,,43,44,81,43,161,57,42,66,55,191,58,63,76,,,62,126,192,41,,50,73,60,,180,57,172,171,51,75,,75,51,82,76,164,43,48,50,92,79
CCN3,56,,53,82,58,77,53,66,49,,90,95,61,57,55,48,95,58,41,196,55,52,42,43,57,44,,,138,,171,94,,51,61,211,40,,101,51,,87,69,69,,,51,78,,68,198,44,164,126,,57,64,47,75,70,48,139,47,67,59,70,85
CD33,48,,44,69,57,60,40,61,,,42,73,51,45,55,,90,41,45,83,58,,,,,95,,,60,,79,64,,55,42,97,,,,54,,47,96,83,,,,60,55,,88,52,84,57,,60,60,74,54,87,68,74,45,84,,41,100
CD96,47,,,54,,,43,65,,41,,47,,40,49,,44,,46,90,,,,,,,,,41,,,50,49,,47,86,,,,47,,54,58,,,,,54,,,60,,41,55,,40,43,,58,40,46,55,,41,,41,57
CDH1,77,71,60,78,79,62,43,51,66,,43,86,66,66,96,45,52,54,70,112,60,45,,,,44,74,57,86,,138,112,63,54,45,154,72,65,86,85,,53,59,122,41,,40,97,,,114,,115,91,44,75,44,47,110,88,68,135,50,110,43,60,68
CDH22,176,43,132,203,68,164,44,66,132,,77,327,93,60,98,,193,104,50,311,115,,,42,77,104,,,80,49,262,278,,104,44,116,79,61,82,66,,80,107,267,59,42,114,106,57,,316,79,179,149,,71,71,93,82,91,102,116,84,130,85,146,104
CDK6,55,45,61,101,,63,69,53,42,41,56,101,51,45,142,,85,46,42,178,,,,,41,48,92,,92,41,161,154,,56,40,102,70,60,60,65,,112,106,157,,48,65,64,,66,177,54,180,96,119,79,,68,57,134,,124,48,74,,68,70
CEMIP,67,44,56,91,41,147,42,,60,44,65,173,60,73,121,,111,50,68,231,47,45,54,44,92,,,,112,,187,133,,91,46,95,,124,53,72,57,94,101,207,71,,62,73,,,249,43,218,180,65,50,48,73,75,,62,72,40,91,45,80,80
CFAP221,85,,40,125,41,86,50,49,79,,47,181,46,,197,70,44,74,59,182,47,,52,40,95,74,90,,81,,144,129,40,48,,117,47,110,58,74,,147,66,193,,,58,69,57,41,174,42,162,155,47,,,,81,56,40,253,92,178,41,42,62
CHRM4,89,49,68,90,49,69,,47,100,,96,101,95,97,97,40,67,49,84,188,65,42,,,65,50,41,45,126,,180,88,,55,45,190,57,,70,118,,140,76,144,78,,49,114,71,40,390,68,196,138,48,69,54,64,58,93,69,119,68,144,45,64,68
CHST4,50,,66,,,,,52,,,52,67,42,,,44,57,,,73,57,,,,,,,,,,68,,,54,,54,,,,,,43,74,61,,,47,,43,,69,,71,52,44,46,50,55,47,,46,61,,58,,46,63
CLUHP3,73,,91,101,52,,45,43,,44,79,84,67,67,111,45,60,47,80,135,79,,,,,63,67,41,61,,113,84,,63,42,124,,,48,,49,78,73,152,,43,45,,,,154,91,157,97,60,49,49,81,61,77,67,93,63,124,,,59
CMPK2,82,76,58,298,51,165,51,61,,,65,296,76,81,108,42,52,74,50,319,52,44,,45,109,52,78,40,112,44,298,157,44,63,44,105,,57,94,110,,100,103,324,,54,55,120,,62,341,64,330,200,,45,60,51,113,92,67,213,102,142,46,68,56
CNTF,,,42,40,53,,,,,57,,51,,41,,,53,,,81,,,,,65,,,,,,74,42,,,,61,,,,,,,51,,47,,,,77,60,59,,73,54,,49,42,,64,46,,55,59,,,,65
CNTNAP3B,79,86,97,128,56,49,,40,91,,,203,87,98,101,62,93,71,99,326,76,,,,41,60,59,53,68,45,158,138,,92,42,181,54,,,,41,79,108,313,,55,74,61,51,,337,99,193,198,,57,,102,72,76,108,172,46,107,,44,101
COL12A1,87,47,59,120,54,41,42,40,,,45,117,53,40,45,,59,,50,127,70,,,50,52,52,64,61,,,76,116,48,59,,122,47,,51,67,,54,77,124,50,62,47,90,,,91,65,135,44,47,50,50,52,,62,56,53,49,63,,47,55
COL17A1,45,,51,48,46,,,44,,,,52,,,,,44,,,67,60,,,,,,,,,,58,,,41,,78,,,53,,,,53,63,,50,42,,,42,77,52,67,57,,41,47,44,,49,45,59,,47,,,69
COL4A3,40,47,60,99,46,57,56,61,69,40,,193,62,62,140,42,45,,42,321,52,42,,,62,63,69,,124,44,113,195,,45,45,233,,,,78,,139,91,224,,45,,71,51,,259,44,118,165,,68,,,99,67,43,123,42,169,,52,77
COL4A6,50,,,,44,42,,,,,,,,46,,,,,59,64,,,,,,,,,42,,62,,,,,48,,,,48,,,,55,,,42,44,,,71,41,,,57,,,,,,52,59,42,,,,49
CPA4,43,41,47,55,44,43,,,,,45,52,,50,60,,69,,,67,59,,,,,42,,44,,43,43,45,42,55,,65,43,,43,,,,68,62,,,45,,,,59,47,60,51,,,,60,47,43,60,66,,103,,43,66
CREG2,132,43,41,169,71,74,55,46,,,47,188,42,124,77,,50,127,75,177,,,,,117,53,76,57,215,,139,117,64,,,100,48,,81,,,120,50,224,,,50,110,60,52,282,,230,113,,78,42,53,66,,51,82,64,140,,58,76
CSMD2,66,54,66,99,48,60,,63,68,44,43,96,81,,84,,75,53,44,108,66,,,,57,50,41,58,78,,,46,50,66,49,107,68,40,63,62,43,56,139,102,79,,56,111,50,40,146,55,81,71,,64,43,53,67,65,61,78,45,77,64,53,116
CSPG4P11,64,64,47,95,,40,40,,,,44,83,57,41,95,45,63,73,47,156,46,48,,41,,,,,72,,105,67,63,,,115,49,58,,,52,,48,91,57,63,,,,,109,48,108,72,62,65,,,48,96,48,92,49,,44,46,85
CSTA,46,,,49,,,,56,,,77,,,,,,,49,48,79,,44,,,,,,,,,70,,,,,75,,,43,,,,86,65,42,,64,,42,,83,,77,41,,55,,54,68,50,,65,,,41,45,84
CTSO,72,46,44,44,,61,70,68,,,,127,,67,94,,,41,,131,117,,44,,59,,,,86,,115,42,,,,127,47,58,,66,,57,49,132,,,46,98,53,42,136,43,139,114,80,51,,,58,58,67,121,,122,41,49,109
CXCL8,,,,,41,,,41,,,,,,,,,,,,44,,,,,,,,,,,,,,,,,,,,,,,,,,,,,,,,,,,,,,,,40,,,,,,,45
CYP24A1,80,53,57,93,,63,44,,46,,,68,63,57,98,45,40,50,42,135,68,,,,42,,,76,72,,82,107,85,53,,145,47,,61,96,,,86,135,,,47,64,48,62,129,60,112,97,,54,,78,47,56,71,124,50,67,42,76,88
DDIT4,,44,51,44,41,46,45,66,44,,42,61,68,63,76,,102,59,55,83,59,,,,,,47,,72,42,44,71,42,50,,84,44,49,47,,41,,50,67,,,,58,46,,122,46,106,99,,46,44,40,44,70,56,83,50,81,45,67,58
DDIT4L,43,66,55,,57,44,40,72,55,,44,57,,54,60,,64,,,90,63,,,,,,,,55,,,75,44,51,,71,44,,45,,,,51,77,49,,51,45,43,,144,64,79,70,,40,40,49,51,55,48,70,,63,50,48,64
DDX3Y,,40,,,46,42,,44,,,,,41,42,,40,43,,,56,,,,48,,45,,,,,52,,,40,,82,,,,,,42,43,53,47,,49,,,,73,46,50,,42,53,45,,,,47,67,45,,,44,
DIO3,53,55,103,88,55,90,,83,125,,55,220,163,92,119,44,71,74,81,299,149,40,,,,96,40,,98,,188,148,,67,46,121,46,100,51,162,41,152,151,273,,48,74,97,40,67,302,71,155,90,60,46,50,50,77,76,84,120,63,189,,92,75
DLGAP1,43,50,63,111,,154,81,55,66,,,184,77,44,84,47,63,61,,172,69,,,,59,57,71,,120,,217,58,,51,,119,,101,116,115,,110,66,182,,,56,92,49,,168,67,255,111,94,56,55,72,90,57,68,206,56,62,,74,75
DNAH2,63,64,70,96,53,,43,63,53,,58,60,69,65,66,,49,76,52,114,66,,,,40,56,,41,,,89,74,40,62,,66,54,,,,,,64,88,,,45,40,,,99,56,176,87,53,48,42,56,41,79,52,67,49,78,43,50,61
DNAJC19P5,,,52,48,,41,,41,,,,,,47,,,,,54,66,,,,,,56,,,,,,,57,,,59,,,,,,,,,,47,,,,,62,,66,,,44,,,,,48,54,,44,62,,55
DRD1,115,43,,119,,79,44,,,,,117,57,,70,,48,,44,193,47,,,,45,,45,,66,,99,97,40,51,43,141,51,,42,,,43,41,129,41,57,,75,,,128,44,130,103,,62,52,45,63,41,50,56,45,,,46,57
DTX3L,47,52,72,95,49,47,,48,46,,49,135,66,53,71,,75,59,69,132,76,40,,,,50,60,,42,42,118,96,62,71,,99,58,43,51,,,57,77,84,43,,45,83,45,,136,59,121,48,,41,47,70,85,59,63,147,49,127,,47,87
DUSP4,82,86,82,83,82,69,41,61,79,,,79,94,41,96,,48,45,61,183,73,42,,,,74,46,49,80,,141,45,43,61,,84,66,48,,96,46,104,89,180,42,43,43,136,57,40,174,83,170,84,,46,44,84,55,49,97,128,66,88,47,55,103
DYNC2H1,,41,43,72,,67,,,58,,40,43,,54,48,,,,,78,,,,,51,45,,42,,,65,,,46,,97,40,,,,,,45,79,41,41,,,43,48,82,,81,,,43,40,,58,40,52,42,,74,,,96
EHF,,,49,51,,60,,41,,,,,43,,,,61,,,103,69,,,46,,51,,,,,,,,42,,107,,43,,,,,91,40,,,,,,,133,,,,46,65,,,42,42,51,49,,,,52,72
EML1,71,,46,134,59,43,,45,80,51,44,85,40,44,87,42,90,57,56,164,,,,43,41,53,,,63,40,,114,44,46,,84,58,65,47,57,,55,80,58,,49,41,51,77,,83,51,86,75,43,67,,73,47,57,54,81,54,92,79,43,94
ENO1P3,69,66,130,74,79,61,47,52,,,51,79,76,61,,,71,76,,141,126,,,61,,130,,41,63,,74,,74,76,,144,69,65,,46,,,121,80,,,57,42,70,,155,72,143,74,61,50,69,74,48,74,116,138,42,77,49,83,154
EPHA4,51,,46,100,,40,44,54,,,41,179,52,56,138,40,43,77,64,181,44,,,,56,40,,48,61,,135,112,,,70,126,44,51,,76,,122,44,178,,,67,86,45,50,168,50,176,170,46,49,,44,82,42,65,159,43,47,,,62
ETV7,112,,60,90,48,60,,76,,,43,74,86,102,59,,59,84,49,135,51,,49,,51,51,,,41,,120,,,86,,167,70,,,,42,64,86,136,44,,51,59,40,46,137,46,135,113,47,41,,,58,88,60,92,40,51,,67,130
EVA1A,75,,69,94,,,,,,,43,65,,56,,41,48,46,,86,78,,40,,,43,48,,,43,,,,,,89,54,,,,,45,,76,,,60,42,46,,59,,92,,,48,55,,44,50,91,64,,,41,41,89
EXO1,,,50,42,,,,,,,,46,43,,,,,,,58,43,,,,43,,,,,,50,55,,,45,53,,,,,45,,58,44,,,,40,,,65,,50,47,,,,40,43,,,44,,,49,46,50
FAM131B,80,98,243,345,107,98,45,74,106,48,62,178,176,115,311,,74,58,74,659,143,,,64,63,65,68,51,127,,617,239,52,236,52,220,67,126,78,,52,86,95,529,66,45,69,267,78,66,570,150,549,224,46,64,141,200,100,151,85,183,137,407,53,113,143
FBLIM1,52,41,62,80,44,63,44,44,47,,46,61,49,45,48,,77,,,80,59,54,41,,,49,,60,83,,42,,49,76,54,148,61,,,66,,69,53,76,,51,43,63,43,,102,69,58,75,50,47,,,42,,84,126,50,72,,47,111
FBXL15,59,63,51,57,49,43,68,55,51,,,69,63,61,84,54,83,54,50,181,51,,,44,87,73,43,45,52,,73,,46,43,,115,,,60,,63,44,66,91,45,,41,56,,,85,63,71,57,49,71,,72,62,78,87,92,,78,77,60,130
FGD1,79,42,66,61,49,59,46,50,57,85,57,199,82,53,140,67,68,73,,260,54,,45,,47,65,53,48,203,,254,160,44,51,,223,53,,115,,,111,78,276,50,42,,76,107,47,284,61,279,150,58,53,41,47,67,147,62,156,43,53,,67,94
FGF2,113,55,80,214,53,135,48,42,70,,40,217,77,60,155,,81,55,82,231,87,,,48,81,66,125,42,158,,204,190,47,71,46,177,83,60,142,107,43,179,85,218,89,58,56,181,80,47,231,83,193,116,59,40,,93,160,61,81,205,55,170,,67,84
FGFBP1,43,,48,53,41,48,,,,,40,,42,44,,,,,,56,48,,,,,,,,,,49,,42,,,59,,,,,,,52,45,,,,,42,,57,,53,54,,41,41,42,43,,,54,,42,,45,62
FGFBP3,77,120,69,169,62,84,72,58,59,,45,112,67,71,136,45,91,68,45,150,102,,,,59,42,,,98,,149,95,,,42,93,,55,,,,115,76,63,54,,170,92,43,40,163,70,140,135,,49,40,69,93,57,51,143,45,103,58,78,69
FLG,46,,56,50,,47,,,,,,,,,,,,,,47,48,,,,,,,,,,,,,49,,42,,,,,,,,41,,,,,,,48,,,,,,,41,47,46,,51,,,,40,
FOXD4L4,,44,62,49,55,53,,47,46,,,121,85,,93,,84,74,46,96,60,,58,,,73,42,50,54,40,97,82,,56,42,82,55,,,,,78,64,94,,,54,51,77,44,207,62,216,106,,72,44,,63,126,47,92,,62,,,107
FPGT-TNNI3K,,,44,42,48,48,,51,,,,49,,73,71,,46,,,100,47,53,,,,44,50,,,,94,,42,43,,91,50,,55,52,,60,57,81,67,46,,,41,,99,,111,64,,45,43,,49,40,56,110,45,84,,,66
FRAS1,45,,48,,44,49,42,45,46,,,88,48,59,46,41,68,,46,59,47,,,,43,74,47,,52,,78,52,,40,,93,48,,,45,,70,79,48,,41,44,60,,,65,43,87,55,,45,46,,43,51,,56,,56,44,40,57
FRZB,44,,54,55,,53,,43,,,51,106,64,62,141,,91,66,79,195,42,57,,,,41,56,,70,,100,133,,43,46,136,,51,92,,43,69,63,192,43,,98,80,51,,219,58,195,152,,,56,43,89,45,53,98,50,42,57,40,81
FSD1,90,74,76,64,64,66,75,64,76,41,,160,135,49,292,,165,76,80,296,66,46,,44,114,65,,67,63,,204,52,69,64,43,123,81,49,60,49,,64,113,131,,43,47,45,73,51,188,96,174,193,50,75,42,93,115,101,102,94,44,161,78,44,139
FUT3,,,51,72,40,41,41,55,,,,80,,45,,41,64,,,100,42,,,45,43,52,,,,,,42,71,42,,78,44,,49,,44,,88,65,,47,79,46,51,,95,46,94,65,50,41,54,43,,55,76,66,58,43,43,41,81
FXYD3,60,45,70,71,43,41,48,65,50,,50,63,50,61,74,49,74,50,71,106,68,,,,63,46,,45,,46,96,63,40,56,48,95,70,48,42,,,60,88,67,,48,61,40,44,,157,53,80,56,42,43,50,61,41,59,80,53,44,,50,45,69
FXYD6,79,41,67,146,,101,43,45,42,,50,150,116,50,84,46,84,,67,280,174,,,74,61,54,,,48,,202,81,56,49,58,161,56,,,57,,120,169,242,75,,43,73,47,45,294,72,256,188,43,71,52,61,103,113,52,234,84,76,,120,136
GABRE,80,65,89,109,55,45,,40,,40,66,105,104,88,137,,47,55,48,176,63,43,43,,40,50,76,,62,,162,40,42,71,,135,72,50,,62,,,71,135,,,75,50,46,42,127,65,133,96,,45,,65,42,53,60,57,54,128,,47,77
GALNT16,67,52,80,141,,77,51,68,,42,49,95,58,87,77,51,63,56,118,163,94,45,50,40,44,49,73,49,107,,119,105,42,74,60,146,,42,81,82,,71,53,168,42,,107,120,,,218,55,155,112,49,43,43,54,66,85,60,102,64,78,48,90,71
GALNT3,74,,53,97,,83,58,42,,,45,98,52,86,157,42,59,,43,211,44,,51,,62,45,,,82,,160,74,45,44,50,229,59,59,68,,,81,92,404,,64,75,64,85,,234,68,292,118,74,,,56,61,52,51,93,,118,45,42,55
GBP3,86,79,91,99,107,51,57,103,,,58,117,101,51,41,44,115,74,55,106,113,,,41,105,81,51,,106,,109,51,,94,,124,57,74,,,,,106,116,,,53,76,83,,111,106,124,69,64,84,,112,92,107,113,104,55,80,96,108,151
GCNA,65,79,92,64,58,43,42,49,59,,,81,84,50,80,40,76,49,40,88,83,41,44,40,,69,,,46,43,86,59,,86,,69,86,56,57,46,50,,86,95,,,44,56,40,,97,90,102,84,51,93,,86,58,68,95,117,62,76,48,43,111
GCNT1P1,,,46,49,43,,45,,,,,,42,,41,,41,48,43,47,41,,,,,,,,,,56,,43,40,,50,,,47,,,,41,,45,,,,,,49,40,,52,,43,,,42,46,,66,40,,45,46,48
GCNT3,61,,40,59,46,41,,,,,,49,49,40,67,42,57,,41,67,44,,,,,,,,42,,,,,,,60,51,41,44,58,,41,,70,,42,42,42,40,,63,41,63,,64,57,,40,,50,,50,,,,,65
GDF15,70,79,82,48,53,80,,,,,,79,41,,88,,82,,,135,87,44,,40,,43,40,48,40,44,63,51,43,76,,107,72,59,,,,47,71,82,40,,50,55,65,,139,128,175,127,42,61,,41,69,45,62,79,44,101,55,78,110
GJB2,68,44,57,76,,55,,58,53,,42,108,79,,135,57,45,40,79,151,44,,,,,73,,,54,57,83,,,47,40,120,,,48,63,,,52,108,,,,41,41,50,165,75,91,77,,43,,65,,43,70,97,,76,42,59,78
GJB3,88,41,94,79,49,91,57,44,41,55,,134,,118,86,,74,45,41,207,85,,,,84,47,43,43,66,,128,97,,,53,129,47,,91,,,54,65,146,,,119,85,,,241,41,143,140,,42,66,70,62,,50,115,54,50,,86,52
GJB4,,,43,112,43,51,56,41,,42,53,77,41,,66,41,75,40,56,140,59,,,,,47,,,,,114,43,,81,47,125,44,,,,,,58,115,44,68,,108,55,,124,69,141,104,,65,48,41,42,58,87,122,,,41,53,64
GLIS1,60,,60,139,53,108,76,62,101,48,55,225,62,62,134,72,106,75,45,318,48,,43,,105,84,59,,77,52,140,152,44,54,76,145,,,46,47,,69,92,324,53,,,77,68,55,213,42,186,145,58,49,,,67,120,51,151,54,93,,48,125
GPD1,85,,75,48,52,68,46,51,44,,,87,42,54,66,52,79,,68,101,93,46,,42,,50,,,42,,,51,,53,41,77,57,49,,,,68,84,84,,48,,,,,99,71,105,87,,55,60,66,67,70,60,100,50,70,,46,78
GPR176,73,66,55,227,,60,49,41,44,,61,179,49,67,148,41,68,53,40,221,76,42,,,65,,,50,111,,242,115,43,43,,294,51,,74,,,98,60,278,44,46,70,117,64,45,292,50,288,126,49,80,43,102,125,76,50,138,48,156,49,89,70
GRHL2,81,,120,81,53,,,,54,,45,85,93,73,123,50,,48,54,138,83,,,48,,51,75,58,57,,118,115,51,70,,124,51,,56,41,40,64,84,129,41,43,41,82,,46,145,115,153,79,45,81,,56,51,44,84,135,84,128,41,76,60
H2AC7,52,,51,51,,46,41,,,,49,86,,44,100,43,43,41,44,111,40,,,,44,,,,,,73,,41,63,46,108,,,,,,,70,110,63,,48,44,,,111,65,114,74,51,56,,,56,50,64,106,,,42,41,111
H2BC13,88,,,130,,72,42,,,,,72,40,50,45,,,,50,118,73,44,41,,,,,,61,,127,81,,,,82,,,41,,42,64,76,122,48,,88,99,43,,154,96,125,55,,77,,,57,50,79,112,71,53,,47,81
H2BC15,94,66,55,68,56,58,76,49,,,43,71,66,60,,,61,64,,133,54,,,,,74,,,,,106,,50,62,,136,55,,,,,63,77,119,,42,,52,51,,134,62,124,86,,45,,58,63,79,50,80,46,43,52,41,100
H3C4,49,,,,,47,,,,,,53,45,,,43,,,,77,,,,47,,48,,,,42,,,,,,59,,,,,,,,73,,41,,,58,,86,42,83,,,41,,,45,,48,52,47,,,,44
H4C8,66,,45,,,45,,42,,42,43,42,,,45,44,,,,64,51,,50,,,,,,56,,,58,,,,67,,56,,,,,59,61,,,45,,,40,63,45,60,,41,53,,,63,50,72,58,,50,,42,62
HAS3,185,49,73,173,72,195,60,54,,,44,172,110,129,146,56,44,41,59,265,66,,45,43,52,48,109,,148,,209,165,58,60,,95,56,,,242,,192,86,262,,40,54,260,42,54,284,77,288,164,76,47,45,68,71,67,58,168,69,223,43,62,75
HERC2P2,186,45,69,217,66,93,,60,53,73,,219,,168,166,46,57,143,52,228,87,,,102,146,66,148,,199,,197,173,,68,,155,,42,75,174,,194,81,215,,,58,193,58,56,237,73,241,204,89,86,,71,109,77,41,217,,221,64,67,91
HIVEP1,184,57,74,133,,93,47,53,,,,98,73,76,178,,47,83,68,198,98,,,,,51,56,,88,40,176,64,50,63,,82,50,69,47,86,,75,60,183,,,52,137,47,,224,47,212,114,50,57,,60,84,61,83,144,45,135,,64,90
HKDC1,48,,41,58,,44,,,,41,,46,,,,,78,,,77,43,,,,49,,,,,,61,,,,,52,41,,,,,,,46,44,43,,,,,53,,74,,,48,,,72,,41,,,,,,54
HMGN5,,50,52,71,40,59,43,47,,,,40,51,45,,,46,51,40,75,59,,,47,,,,,42,,67,,55,43,,88,62,65,,,46,40,86,65,,,43,,44,,85,76,86,71,,68,,43,49,53,,70,,,43,63,80
HOXA-AS3,150,63,65,296,48,101,68,95,73,,,324,100,60,264,,59,43,43,309,68,,42,59,48,,75,50,140,44,284,279,47,60,,157,49,,101,40,41,289,60,316,71,64,61,266,40,58,316,58,307,309,179,40,49,58,106,83,67,316,70,309,48,96,90
HOXA2,71,75,99,64,57,42,54,79,,,44,123,85,70,68,56,99,58,,138,89,,52,,40,55,,,90,,120,72,48,115,48,64,72,49,63,102,,59,79,101,45,,87,86,44,,124,106,141,93,79,63,45,95,81,55,88,112,51,80,57,54,86
HPD,,44,46,,,44,44,56,,,,61,,80,,,53,46,49,82,68,,,,40,60,,,,,61,,50,44,,75,48,,,,,,80,64,,,,65,,,86,60,85,64,,72,,,49,52,58,75,,64,57,46,83
HRNR,,41,44,45,,41,45,,,,,64,,,,,50,,41,62,52,,,50,,43,,,,,,,,42,41,57,,,,,,43,,48,,,,,42,,64,,,,,63,,,42,,64,62,,45,,42,72
ID2,81,69,80,167,72,52,,50,53,,,191,78,,78,,90,53,,178,83,,,61,,,78,,83,,88,,46,62,,70,67,50,53,,,72,74,183,41,,51,64,49,,193,85,106,89,58,72,44,67,72,68,62,175,56,94,,76,88
IFIH1,118,,63,152,,,,,43,,,91,49,93,115,57,51,72,,148,59,,,,45,,52,,90,,152,98,,51,41,186,,,80,75,,96,58,185,65,,,70,,,182,51,198,93,84,86,,65,59,,,107,,105,,,108
IFITM1,96,64,83,143,59,261,51,46,96,44,42,79,115,46,229,43,54,,76,383,96,45,,41,,46,80,52,88,47,249,154,,104,,113,101,52,50,89,,93,95,367,70,,74,92,69,52,399,101,363,167,53,50,41,54,89,87,147,143,91,47,48,53,65
IFITM2,,,80,100,48,,51,49,,,47,144,70,50,51,,84,45,46,133,66,55,,,,73,,,88,,186,58,,45,,92,,52,64,,,41,72,176,53,,42,61,,,231,66,107,73,,66,53,47,50,75,84,76,,77,50,,77
IFITM3,60,,45,58,58,,50,,,,,62,,56,,,73,42,41,108,51,77,,,48,43,55,,51,,71,72,46,41,,90,,,,,,46,84,79,,,43,47,50,40,94,48,86,52,,76,,42,47,,43,81,44,,,,83
IL20RA,42,58,66,154,52,134,50,47,,,61,96,44,79,172,43,42,103,45,353,146,,,77,71,56,,,72,,274,232,,52,,207,48,57,49,131,,243,77,308,43,,54,228,,70,309,51,232,280,53,59,,,137,69,43,214,,288,,93,215
IL32,62,48,61,60,57,40,41,40,68,,,112,69,63,97,43,109,70,44,143,72,49,,,,,,,,,82,46,40,54,59,98,57,48,50,70,,,82,85,41,,42,68,52,46,86,80,98,63,47,43,,60,71,80,68,90,45,105,44,53,78
IQGAP2,83,55,50,67,60,57,,63,,,117,96,69,46,69,,46,,,191,64,42,,,,60,,47,,,79,42,46,47,,120,,,48,59,,65,126,102,41,40,134,133,46,,117,64,114,105,57,56,41,50,45,67,68,95,62,91,,74,70
ITGA11,52,,47,117,,49,43,40,,,47,123,51,62,107,43,68,,47,225,61,45,,56,48,,,,90,,186,76,48,68,,98,56,57,59,124,,122,98,147,48,,51,93,49,42,221,71,194,106,45,62,48,50,121,65,75,112,43,51,,44,65
ITGA9,100,,70,311,,55,83,70,81,,41,86,134,56,183,,64,,85,353,48,,44,42,48,,67,42,88,,116,111,,44,,136,,64,69,91,40,145,52,310,42,,78,153,,45,302,86,268,175,49,51,42,54,81,,50,97,46,182,,73,66
KBTBD12,53,,63,86,,,,48,41,,89,131,,54,88,,56,59,45,138,41,43,43,72,,43,,,46,51,119,77,,43,,163,49,57,65,88,,62,78,108,43,,55,74,53,44,132,,101,74,52,49,,,69,52,54,131,42,52,,47,59
KCNQ2-AS1,56,69,76,77,50,92,44,72,,,,108,92,53,80,,86,45,62,247,72,,,,42,64,41,77,44,42,164,63,47,101,47,246,69,,83,85,,80,84,229,51,56,43,91,49,,138,125,259,159,,72,,76,72,107,135,73,59,52,58,48,181
KDM5D,55,,,,,41,,41,,,,,,,,,,,,64,,,,50,,,,,,,,43,,,,50,,50,46,41,,52,,41,,,,,,,47,,40,,,50,,,42,40,,40,,55,,,45
KIAA0040,84,41,88,74,55,57,44,,86,,,150,130,,58,,44,42,55,159,77,47,44,,61,50,,52,77,45,138,41,41,47,,110,,65,52,48,,45,84,168,45,,54,77,,,178,81,122,99,,74,,51,,58,86,165,78,110,42,54,79
KLHL30,138,,52,60,41,41,,58,45,,83,68,88,75,115,60,155,80,45,261,61,,41,,60,50,,44,66,,84,123,52,51,41,188,,60,51,,,54,176,149,,47,94,74,46,,199,76,196,114,52,55,72,49,48,104,68,88,,43,,,96
KLK1,,47,49,51,49,59,,,,,,59,49,48,45,,57,,,85,56,42,,,,50,,,60,50,68,,,86,,75,,,45,,48,,52,43,,40,42,52,,,75,47,,65,,41,51,48,,44,,64,51,45,,,81
KLK10,77,61,80,57,57,50,,81,45,41,52,132,82,53,99,,265,69,77,170,84,,,45,62,49,50,83,65,,188,81,50,84,48,157,81,98,42,44,,61,105,73,,,69,72,75,,172,92,164,116,,77,,81,55,73,78,191,,123,,53,157
KLK5,142,57,113,78,85,86,56,55,48,,44,209,61,88,73,,125,91,66,139,99,,,66,66,105,63,114,67,,141,54,54,89,51,150,94,58,70,46,,97,88,152,,44,43,70,44,49,156,96,161,140,44,78,50,114,85,117,79,145,60,111,46,120,162
KLK6,72,79,109,133,87,110,71,86,59,,67,144,99,93,102,46,166,104,61,176,130,49,,52,65,118,106,58,88,,158,53,57,73,46,128,143,51,62,90,51,120,104,163,,41,83,90,68,,166,60,187,111,76,65,82,178,125,71,61,124,50,96,70,133,135
KLK7,,157,62,253,40,70,,106,,44,45,202,48,218,466,87,411,108,54,535,184,43,43,143,,67,124,40,82,156,228,508,48,60,51,89,54,,182,,88,178,61,556,,212,96,124,416,132,289,67,295,113,274,354,88,46,122,63,85,103,228,55,,75,126
KLRC2,146,44,95,61,63,,,84,,,,53,70,51,60,,50,,44,162,67,,,,55,85,43,,71,,93,60,,41,44,121,49,,49,,,49,74,99,,,,53,63,,102,81,170,87,46,44,,49,44,73,69,85,40,,42,65,114
KLRC3,49,,,43,,,,,,,,,,,,,44,,,41,42,,,,,44,,,,,,,,,43,,,,43,,,,,48,,,,,,,46,,,,,40,,40,42,,,,,42,41,,50
KLRC4-KLRK1,66,,53,41,,41,43,42,41,,,56,,43,45,,71,,,67,54,,40,,,48,,,,,,51,45,52,49,70,,,,,,,47,63,,,,,40,,84,51,71,56,,43,41,41,40,,,64,43,56,,,70
KLRG2,88,49,77,131,41,74,42,57,53,43,41,71,50,141,63,64,46,62,,235,63,,58,,70,47,71,52,148,,146,145,65,45,43,66,,,75,57,,99,75,149,,,,94,42,,267,49,145,77,42,47,66,52,48,56,,89,50,147,,42,61
KLRK1,,,,,,,,,,,43,,,,,,46,,,,44,,42,,,45,,,,,,,,,,,,,42,,49,,44,,,,,,,,,,,,,,47,,,,,,,43,,,
KRT18,44,,57,43,43,49,42,48,41,,,89,42,97,109,65,56,64,77,156,50,,,,,,,,70,46,48,78,53,63,56,88,60,48,55,,,73,57,109,,40,44,65,,,164,53,163,56,,72,,48,63,58,55,81,,63,,89,91
KRT7,78,42,82,70,72,61,40,,,,57,218,63,69,98,,119,46,44,259,89,,,,54,52,71,,67,45,108,47,53,65,43,108,53,66,79,,,60,59,264,,,56,74,,,265,48,259,116,,44,,42,66,50,56,46,48,58,53,70,79
KRT7-AS,88,95,109,89,103,42,,58,71,,,46,55,52,53,59,51,85,49,140,107,,,42,,45,,53,,,91,63,,99,40,135,97,,,77,,,82,85,43,51,44,45,55,,111,104,107,91,,54,47,56,41,99,74,101,,136,55,41,96
KRT80,124,43,55,104,50,47,42,50,,,,78,59,58,90,,97,43,48,181,52,,,,42,74,,,67,,138,76,47,43,45,93,54,,47,78,,53,62,158,,63,41,48,,,143,46,154,74,62,56,,55,42,46,49,69,49,40,,49,69
LAMA3,122,,54,118,40,168,88,50,42,,40,190,56,86,84,40,,90,42,204,,42,,,60,46,114,45,101,,178,159,40,,,165,53,56,71,49,41,164,58,187,50,,43,113,,47,198,71,172,174,,52,,48,67,54,71,103,55,49,,170,99
LAMB3,49,44,,47,,42,54,,,,57,,,,72,,70,,,77,,,,,41,,,,,,70,,47,,51,58,47,49,45,,,50,53,71,,,,,,41,120,47,94,57,,50,46,,,,,60,,52,43,,55
LAMC2,84,,87,91,75,68,,51,,,,115,55,43,132,43,57,40,82,143,58,,,,57,55,,,132,,104,50,,,51,133,,71,43,47,,50,61,140,,40,54,110,,50,153,61,127,90,,56,,,54,74,43,136,,108,42,55,125
LCN2,42,44,64,60,,,,60,46,,60,102,52,55,43,86,55,,41,66,65,42,63,,43,43,,,76,42,,,,54,,88,,62,,,58,48,66,62,47,,40,53,,,112,62,,56,49,74,,47,70,49,61,69,65,40,,,80
LCP1,79,41,54,81,67,45,45,,46,,,91,,83,67,,44,,,135,71,,43,,,60,,45,44,40,102,50,49,,41,122,,,,65,,132,53,142,,,67,77,,60,89,,158,136,51,54,,,55,54,43,120,,146,41,,102
LGI3,84,47,86,195,,140,43,44,56,,43,324,82,66,252,61,179,49,43,420,48,41,48,42,88,79,,,139,44,240,174,50,71,,177,,81,155,110,,192,83,411,55,42,76,113,52,41,439,83,465,219,45,62,,,105,58,67,102,71,153,51,69,93
LINC00519,41,52,76,68,50,,53,44,,,,79,53,47,41,,78,,,75,82,,41,,,,,,,43,72,,,63,,87,64,,,68,,,76,82,,,40,58,,,81,44,85,51,,56,,73,46,,80,48,,71,66,55,89
LINC00640,41,49,68,68,50,,,44,,,,79,,46,41,,78,54,,76,84,,41,,55,49,,,,43,72,,,70,,86,65,,,,,,76,86,,,,58,42,,79,45,86,63,,56,,73,46,,104,48,,71,66,55,90
LINC00943,59,,49,52,,,,,,,,61,41,,40,,50,51,46,86,40,,,,54,,,,,,66,,45,,,105,,51,44,,41,62,44,53,,48,,,,,75,48,,,,67,72,,55,49,43,68,,55,81,,49
LINC01107,110,,,57,,44,70,60,47,,47,157,52,45,74,43,186,86,63,154,82,,41,49,116,,,,56,,134,78,41,46,,115,,64,50,57,52,45,88,112,,43,59,44,45,,154,72,161,118,54,158,46,121,168,57,50,105,,225,115,47,126
LINC01399,,,41,60,,,42,41,,,,73,51,54,,,52,,,64,54,,,41,43,44,41,44,,47,,42,,44,,59,57,46,48,,,44,,58,,,44,41,,,50,44,,44,46,44,45,,,43,60,45,42,48,,43,47
LINC01405,63,43,58,92,,40,42,41,,40,91,46,,40,,,90,,,100,41,,,,,54,,44,,,74,,,42,,63,,60,,,,62,84,43,,,40,42,46,47,95,88,106,60,,52,,54,48,47,70,59,47,43,41,,61
LINGO3,134,44,71,173,62,214,,65,66,50,65,243,48,58,71,,70,49,62,257,61,,40,,55,50,50,,85,,162,234,43,,58,103,53,136,46,57,,150,67,261,,48,,135,56,,295,70,224,192,,60,43,61,86,72,55,85,79,170,44,45,70
LIPH,50,,49,47,41,,,42,,,,45,,61,,,51,42,47,58,41,,,,,51,45,,,,,46,41,47,,65,,41,46,,,49,59,50,,40,,,53,,60,40,65,40,,49,,,,52,,56,,49,,40,58
LMTK3,64,54,63,163,63,113,40,103,96,,43,94,62,59,178,41,182,79,55,242,112,46,56,44,146,110,41,,55,43,86,139,41,53,40,185,45,,52,,42,47,64,207,,46,66,45,50,,110,48,161,142,,80,,116,230,71,51,88,44,322,,,111
LRP4-AS1,57,51,51,105,40,86,,,41,,82,119,57,70,110,,,,70,133,48,,,,,41,,,78,,104,51,,43,56,124,,50,50,52,,161,42,130,,47,,58,42,57,139,51,120,97,100,66,,,53,83,47,126,51,125,47,44,62
LRRC70,43,,,45,,,,49,,,,52,,,,,42,,,53,,,,,,,,,,,,,,,,52,,,,,,,47,47,,,,,,,57,,43,,,43,,,41,,,48,,,,,60
LUCAT1,55,,65,71,64,67,45,51,,41,,54,62,46,,43,57,49,,73,75,43,,,,51,,,42,,65,48,42,52,,86,55,49,,,47,,66,75,,47,45,,41,,81,,82,49,,45,,57,63,50,52,65,56,48,46,61,81
LURAP1L,120,43,77,,54,64,,,46,,,41,53,57,97,,62,,40,146,87,,,42,,46,54,47,59,,103,64,,63,,92,45,65,44,82,,44,48,75,47,,47,51,,,110,61,127,81,88,55,61,,86,,60,80,,72,46,53,92
MACC1,,,45,,47,,,43,,,,,45,,,,,,,44,,,,,43,42,,,,,48,,,,,49,,,,,,,48,,,,,,,,48,,50,,,50,,,50,,,67,,50,,,59
MAL2,99,,77,57,41,43,42,102,47,,69,85,,60,47,54,46,42,50,99,45,,41,,76,49,,48,70,,103,55,42,,,109,52,,55,42,,60,78,59,,,,,53,44,117,51,124,92,43,47,,79,50,87,47,109,46,75,,65,114
MAML3,53,99,88,143,45,149,84,61,54,,51,157,65,81,77,63,66,85,73,283,60,,,47,68,135,,59,49,61,176,125,,59,,213,49,,47,71,,140,86,256,,68,49,129,40,42,320,147,225,184,80,52,41,53,77,73,50,228,56,61,120,47,91
MAP2,112,49,60,195,47,104,,46,45,,42,252,53,157,108,53,43,101,43,273,57,46,,153,128,49,85,47,200,42,217,206,58,40,44,284,45,45,47,84,,217,56,227,113,42,116,114,,48,290,110,303,196,113,53,43,42,63,96,78,258,48,275,,84,101
MAT1A,50,44,46,43,,45,,,,,47,,,49,,,76,,42,72,47,,,,,50,,43,,,61,52,42,,,63,40,,,,,,43,45,43,,44,,,,62,41,80,55,41,55,,,,,48,64,46,45,53,44,46
MB21D2,,40,52,58,46,119,51,52,42,,86,82,73,49,80,,52,87,44,201,51,46,,,59,61,,46,41,,156,,,,,205,,,43,,,87,68,181,,,42,65,70,,245,61,199,68,,48,42,83,67,57,64,199,57,105,44,,156
MECOM,137,67,124,89,137,53,,52,78,,43,162,79,106,127,44,144,120,59,281,128,,44,42,129,138,43,48,86,,219,106,55,113,,140,150,,59,107,41,133,111,244,50,,117,88,85,47,207,65,202,194,86,87,44,155,141,70,75,225,90,99,174,149,146
MGLL,85,,55,98,62,46,42,,54,,,192,40,51,81,64,69,,43,221,51,,59,44,56,,48,,137,41,74,78,50,41,45,85,,48,44,55,,,42,187,,42,67,50,,,261,,102,51,,77,53,,87,44,,177,,156,,,58
MICAL2,77,42,57,74,47,42,,56,,,,45,43,52,,42,84,51,51,85,66,,,41,,,,,44,,81,,49,46,,91,60,49,,,42,50,70,55,,,43,,46,,90,45,92,62,,94,,,,45,64,88,46,47,45,,100
MILR1,47,,40,,,48,56,,,,,49,,49,,46,63,,44,63,57,,,,,43,43,,,,44,43,,43,,57,,,,,,,54,44,40,,41,40,47,,56,42,46,47,,44,,46,54,74,53,47,43,,,,70
MIR4701,70,50,69,60,86,66,,47,,,51,74,93,46,81,70,74,65,45,107,82,,,,40,50,41,61,76,,85,,61,87,44,112,61,58,43,,,59,72,100,42,47,46,64,44,,108,108,109,67,,72,,48,68,60,95,95,,55,,96,101
MIR6893,58,,67,180,48,66,49,51,,60,57,109,80,79,96,40,122,73,46,202,61,,,40,51,,,45,116,,254,157,40,49,,144,63,62,71,,43,124,77,205,,45,,55,73,,199,57,204,90,43,44,64,46,112,57,61,99,,79,,,79
MIRLET7A1HG,84,65,50,104,42,93,46,54,53,,41,153,77,53,107,,79,,51,295,62,47,,43,43,53,70,42,126,,147,143,56,61,,126,,89,64,96,,137,72,274,,,55,118,52,,172,59,177,127,43,68,44,54,53,93,66,147,43,121,43,76,81
MRO,,,43,47,,,,45,,,,66,,,,,45,,45,88,55,,40,,45,,,,,,42,,50,,,64,50,,,40,,,58,46,,41,40,,58,49,65,42,63,48,,52,,44,43,44,46,50,,41,,,54
MROH7-TTC4,,41,,45,,41,45,42,,,,48,48,43,,,62,57,,79,47,,,,43,58,,,50,,73,,42,42,,112,68,,46,,,44,59,43,,,,53,44,,62,46,66,54,,45,40,,61,53,59,50,,,46,,73
MSX1,54,95,118,131,98,118,79,74,60,,55,155,163,53,139,,72,94,54,173,149,,,82,80,49,90,47,130,,155,76,,98,,127,109,73,105,148,,128,130,168,,,52,146,58,46,168,121,173,146,,43,,130,55,112,139,140,93,149,,83,160
MT-TA,,,,,,,,,,,,,,,,,,,,,,,,,,,,,,,,,,,,,,,,,,,,,,,,,,,,,,,,,,,,,,,,,,,
MT-TN,,,,,,,,,,,,,,,,,,,,,,,,,,,,,,,,,,,,,,,,,,,,,,,,,,,,,,,,,,,,,,,,,,,
MT-TW,,,,,,,,,,,,,,,,,,,,,,,,,,,,,,,,,,,,,,,,,,,,,,,,,,,,,,,,,,,,,,,,,,,
MUC12,60,72,89,93,67,73,52,70,,,87,96,88,88,70,,77,76,,105,80,,,64,51,69,74,66,61,46,121,72,52,93,,96,88,62,83,,,99,90,87,,,68,46,40,,112,81,111,91,58,105,59,88,54,79,79,99,62,67,56,82,111
MVP,44,,63,59,50,40,,43,,41,49,44,47,66,62,,49,,40,70,41,,,45,,42,,,,,,,45,55,48,85,,59,,,,55,68,42,,,46,60,,,66,58,85,55,47,75,,,51,54,51,51,,60,,,80
MYCBP2-AS1,78,43,120,94,,139,,102,103,42,43,232,60,94,145,43,47,50,46,259,202,,,40,43,,,,47,42,223,73,52,65,,95,52,57,52,82,,164,137,248,,49,79,169,,42,268,55,260,156,,62,68,96,98,49,82,175,53,113,,47,84
MYRIP,89,68,77,215,,279,41,58,48,,74,239,54,68,309,42,78,81,68,357,205,,,,60,47,82,,111,,331,119,,56,44,90,48,,117,54,42,203,66,358,43,40,69,213,41,,339,72,359,242,,50,,41,114,75,74,172,71,305,,75,41
NACC1,87,48,59,73,65,66,46,58,48,,67,98,81,44,88,,50,63,48,145,57,,,,65,64,,41,125,56,88,77,49,49,,103,,,46,41,,71,81,100,,,49,54,61,41,155,65,110,72,,43,,49,61,94,62,88,51,73,46,50,88
NBPF14,44,,,55,,,,50,45,,,125,70,43,98,,51,,,226,84,,,,60,74,,,50,,128,,42,60,,128,,,66,46,,64,66,146,,41,68,90,,,178,40,103,109,,45,,,73,61,54,95,63,47,,,72
NCALD,124,44,90,152,50,41,52,55,79,,,136,,101,128,43,40,57,40,242,115,,,57,57,,,,41,,219,88,,,,160,,84,56,,,74,93,255,89,,92,148,79,,257,71,250,62,60,57,42,80,94,50,56,182,71,220,41,48,60
NEK6,153,44,41,302,41,190,42,50,104,,56,291,47,67,164,45,163,,99,446,118,,,,127,41,,46,89,,388,45,,56,51,196,,73,61,50,,227,94,402,,,,153,77,,420,46,425,165,,52,43,69,59,132,62,137,71,100,67,158,152
NFATC4,409,80,139,94,55,59,46,63,58,40,,454,72,78,84,50,337,85,76,153,125,,40,288,267,361,84,73,,,170,,49,63,66,121,386,52,50,376,143,266,440,413,168,,406,117,281,,214,95,405,381,48,47,45,435,230,62,81,157,62,410,297,416,188
NIBAN1,53,56,60,92,55,101,42,44,,,43,285,102,86,184,,49,80,42,223,100,,,,117,63,,61,82,,211,129,57,58,,169,58,43,45,124,,144,108,218,,44,41,62,,,226,60,221,181,49,40,78,52,150,,59,228,56,218,43,56,65
NIPAL4,46,81,109,90,78,83,,78,46,,,114,99,46,158,40,61,102,54,208,111,,,,53,77,,62,47,,95,54,43,99,,90,84,87,,,,82,89,115,49,49,51,83,,,144,89,111,98,54,88,,100,48,100,46,100,88,92,,92,99
NPNT,50,56,65,132,65,142,,51,53,,41,190,70,52,149,,49,76,44,195,97,53,,,84,46,43,53,68,,212,211,,60,,190,64,50,46,,,103,75,211,,44,68,71,,,224,59,187,160,,40,,54,97,77,79,201,85,220,52,67,80
NRP1,84,50,73,63,43,51,48,55,55,45,54,160,91,62,83,44,76,65,43,179,60,67,,40,42,47,42,,78,,213,130,,63,,142,43,,47,54,,66,55,224,43,,48,115,53,,239,77,172,180,,40,50,47,88,,57,98,51,45,56,139,58
NRXN2,73,61,95,180,44,54,,52,51,,77,116,81,52,96,40,85,69,59,161,74,,,52,,47,,45,70,,140,62,57,71,84,127,49,,40,,,81,77,152,58,,49,107,42,44,177,78,150,121,51,56,,95,57,49,68,74,48,50,,70,64
NTNG2,175,97,63,202,46,66,,63,64,,,84,105,41,104,68,99,76,46,235,62,,,,62,55,40,41,111,,214,78,,49,55,111,50,,101,63,,144,85,193,,,73,112,77,,244,47,261,91,47,72,,87,76,88,73,90,,86,78,76,111
NWD1,,41,49,47,42,43,47,,,,43,51,40,49,,,49,,42,68,,,,43,,,,,,,,,,48,50,53,,,,,,,56,52,,,43,48,41,,72,,46,,,41,,45,57,,47,,46,44,,42,67
OASL,56,45,50,45,,58,52,50,,,,91,61,44,,,79,42,,105,70,43,,,50,48,49,,,,,,,42,,126,,,55,41,,,66,65,41,43,,52,73,,100,49,69,,,75,,56,44,78,57,90,,44,42,56,79
OPN3,40,,,,,,,51,50,,43,43,,47,,,,,,69,41,,,47,,44,49,,,,57,44,43,,,69,,,,42,,63,59,61,47,,,,49,,77,,75,47,,62,,,,58,42,64,,70,,43,74
P3H2,95,61,65,69,48,53,,42,,,51,111,54,,90,43,67,44,62,109,62,,,55,,57,81,40,,49,92,73,57,64,47,113,55,,,,,,51,72,50,,,60,42,44,88,58,113,69,64,66,,73,48,53,55,72,51,107,,84,81
PABPC1P3,74,,40,,,,42,42,,,,126,,60,,,121,,,75,,,,44,,53,,,,,,,,,,70,,56,41,57,45,,110,82,,,49,,56,,77,76,102,40,,,46,55,61,,46,81,,119,69,111,86
PALM3,56,,,42,,,,52,,,,75,58,45,73,43,40,42,41,65,51,,47,,,,,40,,56,43,,42,,,84,51,54,61,,,,82,60,,,,,46,41,72,45,111,81,41,42,,48,45,48,54,73,,48,,48,66
PARD3B,91,,52,113,,54,,,42,,,77,44,67,112,,53,65,42,126,49,,49,,41,41,,55,41,47,108,114,,43,,107,,54,47,,,70,51,103,,,45,55,75,,107,49,131,79,,40,,49,49,56,56,125,45,76,,54,50
PARP9,66,52,72,95,49,47,,48,46,,49,135,66,53,71,,75,59,69,132,76,40,,,,,60,,70,,118,96,62,71,,99,58,43,51,,,57,77,84,43,,45,76,45,,137,58,121,48,,41,47,70,85,59,63,147,49,127,,47,87
PBX1,,,45,,,,44,,,,,,,,44,,,,,44,,,47,,,,,,43,,40,,,,,40,,,,,,,42,47,,,,,,,45,,,,,46,,43,49,,,42,,,,43,51
PCOLCE2,112,,72,140,76,72,,77,67,,66,204,,164,55,40,126,63,,237,50,,45,,87,60,89,41,64,,179,176,48,52,,135,44,,50,95,,79,70,200,48,59,76,118,41,,240,56,213,188,44,47,56,50,134,55,51,178,61,207,,71,117
PEAK3,81,64,69,185,354,157,201,116,47,,54,168,168,99,104,45,131,69,43,469,83,,64,41,43,59,42,41,51,66,272,77,187,63,,474,,54,185,,,90,428,372,,50,46,352,46,,475,59,482,74,134,52,66,153,48,482,166,80,136,70,52,47,87
PHF23,81,53,119,84,48,80,43,,102,,,181,66,84,86,,79,61,96,132,124,,,,,72,,44,67,,233,106,65,76,,85,60,73,,,,46,79,70,57,,69,95,103,47,125,94,150,104,74,76,79,71,79,93,116,103,64,85,,44,79
PKIB,46,,77,55,67,,,43,,,41,45,51,41,47,41,98,45,,111,63,52,,40,,43,,,,,80,,48,48,48,60,,54,,,,,,45,,,53,66,44,,79,,83,64,44,64,,47,,75,55,78,50,40,56,43,131
PLAU,49,,48,48,41,46,,,,,41,51,,52,42,,48,,41,73,51,41,48,,,43,40,,,,43,,,45,,64,,,46,,,,57,44,65,,,45,42,44,58,43,,57,,48,53,51,,,50,47,,44,,47,64
PLEKHA6,,,46,64,,,41,,,,,87,40,73,130,57,,56,46,96,45,,,,41,,,,80,,89,,,44,,63,44,,,68,,77,46,94,52,,,,,,99,,68,65,48,54,,,97,41,55,96,43,43,,54,63
PLK5,76,90,168,119,79,110,63,96,115,66,,135,179,106,186,42,170,52,56,348,181,41,41,53,,59,40,65,45,,202,75,69,135,,226,157,,82,132,48,60,130,188,46,40,65,64,143,47,210,178,195,137,61,53,50,108,51,53,158,168,40,173,79,164,169
PLN,,,,,,,,,,,,,,,,,,,,,,,,,,,,,,,,,,,,,,,,,,,,,,,,,,,,,,,,,,,,,,,,,,,
PLPP3,121,75,100,93,,109,60,79,83,41,41,312,78,123,141,58,45,122,90,312,70,,,,73,71,84,46,80,,293,132,,75,48,152,54,60,47,81,40,117,107,323,55,41,92,109,112,44,325,106,348,148,53,66,,46,115,81,73,156,64,258,41,55,91
PNMA2,117,87,74,87,73,60,42,,64,41,40,115,83,154,139,,43,,59,232,92,,,47,,43,50,44,72,,176,108,,84,73,114,53,61,55,85,41,71,103,137,,,59,66,66,41,136,77,135,56,50,75,,50,42,66,83,92,62,43,,77,94
PNPLA2,59,,41,59,46,76,,42,48,,42,100,98,,79,61,114,50,57,131,50,,51,43,64,,43,,85,,86,112,,52,63,97,44,43,90,,42,49,56,120,42,41,75,92,50,46,134,48,132,70,,67,,48,91,113,50,126,,106,40,42,139
PODXL2,53,45,66,179,83,358,64,56,63,57,41,321,121,59,71,43,146,95,79,434,198,,,,71,48,41,,83,,419,193,55,66,,373,56,,100,74,40,168,96,516,,,44,177,46,,534,50,472,395,,58,48,56,92,54,87,218,62,87,55,130,89
POU3F1,50,47,88,131,,121,45,42,71,67,43,109,74,55,135,,99,159,76,328,132,,,,46,44,46,41,120,,133,252,45,61,62,146,66,55,68,52,47,81,81,224,,,82,141,63,47,211,87,265,168,53,46,53,50,69,157,75,116,65,65,41,70,87
PPFIBP1,,,41,,,,42,,,40,,71,,,,45,,,,156,82,,41,,41,,,,,,44,43,,,,141,40,55,43,,,,45,,,,48,,,,97,82,,,,48,,,41,,80,65,43,,,44,52
PRICKLE4,56,89,64,69,46,107,49,55,,,56,81,147,52,84,,65,44,69,243,66,,,,61,,45,42,129,49,220,54,43,49,50,135,45,56,90,,,90,93,242,,,,63,,41,240,105,252,223,96,44,71,47,83,62,55,103,55,217,51,46,101
PRKAA2,42,75,100,89,,109,60,79,83,41,40,312,78,108,151,58,45,70,90,312,79,,,,73,71,92,46,72,,293,132,46,75,48,152,54,60,,81,40,117,107,323,55,41,92,109,45,,325,106,348,148,53,66,,67,115,81,73,156,51,258,41,55,91
PROM2,52,42,49,58,,59,40,,,,47,108,,88,77,40,40,,,85,42,,54,,,50,,41,60,,,,,54,,58,40,48,51,,,47,52,78,,,40,66,66,74,149,42,85,40,,47,,,55,47,41,75,46,40,,,56
PRSS22,64,210,87,119,64,68,,98,94,,67,81,82,135,75,98,76,46,83,194,86,41,,49,44,46,,42,79,75,137,117,41,70,42,98,63,63,81,87,55,101,115,184,47,48,72,74,59,,225,97,131,116,,72,70,105,113,135,69,83,58,45,,46,78
PRSS51,73,68,112,102,100,71,40,47,49,,48,91,86,70,53,42,66,56,43,184,96,56,,54,43,64,,,56,,102,,,77,,170,68,55,,,,86,87,86,,,60,,81,47,125,52,125,81,92,51,46,101,48,66,45,124,46,44,54,66,85
PSD2,72,86,117,197,141,109,42,78,102,69,55,305,197,60,97,66,125,55,77,344,149,57,43,71,81,60,115,49,157,41,267,119,51,106,44,272,79,,54,113,,166,100,193,43,71,71,135,43,49,360,101,301,237,57,53,41,141,53,129,92,131,58,141,66,138,85
PTAFR,67,,74,82,,54,44,55,,,53,66,55,40,67,43,80,,52,106,63,,45,,51,44,,,59,43,120,40,43,,47,139,,,51,,,48,57,62,,43,45,,54,,106,63,110,111,51,61,,,60,56,49,77,43,54,,,123
PTCHD4,83,,70,42,71,46,66,62,,,43,54,86,62,,,61,,,88,49,,,46,,,,,75,,87,,,,,90,,,,,44,60,90,90,,,,,46,,93,43,95,77,62,43,57,,56,84,55,76,50,59,43,,103
PTGES3L-AARSD1,52,41,67,46,42,66,50,43,81,,66,86,47,58,104,71,105,,,130,84,42,,,71,,56,60,77,73,148,109,50,79,,96,54,,53,97,,113,63,151,,,46,104,,,119,70,155,69,51,43,,46,43,70,90,111,49,41,,138,64
PURPL,95,,102,66,40,83,43,45,,,49,102,,,101,,109,91,45,113,71,,,,49,,,46,53,,102,43,45,62,51,107,,,,,,41,59,112,,,44,,,,119,76,121,87,49,40,41,72,43,50,63,64,,,,41,90
PXDN,60,83,183,146,200,133,66,77,84,,54,123,119,81,218,,76,117,139,267,157,,43,48,95,68,91,83,75,,233,98,,116,42,196,119,49,97,139,55,159,92,199,68,104,84,100,81,46,246,122,166,126,64,73,57,145,121,219,177,129,140,163,90,86,107
QSER1,75,56,115,129,66,67,,43,61,71,47,156,283,56,141,,54,51,92,294,70,,49,,58,53,40,99,80,,270,125,,45,,430,53,,45,113,,92,94,569,54,41,64,214,,45,585,71,469,210,41,44,80,90,87,80,112,216,86,270,,58,246
RADIL,75,100,103,86,,73,46,66,,,44,98,71,93,120,57,,65,47,291,93,,,,,67,85,,96,,200,112,47,,,141,42,53,53,63,42,66,88,180,,,,56,64,46,180,123,206,71,87,40,41,106,88,63,69,150,55,93,41,47,60
RASL10A,51,44,71,49,43,,49,48,,,,45,52,46,44,,66,44,48,75,53,,,,47,48,,,,,64,,52,,,74,53,,,,,,75,71,,,,46,44,,80,56,85,55,,62,,,45,,45,61,45,46,,47,77
RASSF6,71,40,,54,,55,,41,61,,41,117,,53,,,64,,42,115,,,,,,57,50,,59,42,103,102,42,,42,95,,,42,49,,60,,125,45,,54,47,84,,101,,104,91,,48,,40,46,,48,105,40,104,,73,60
RBM24,73,,48,58,60,51,70,45,49,,43,134,56,76,67,,,51,49,154,49,,,46,68,,,41,61,52,93,70,,40,,76,,,54,100,56,,66,167,,50,60,54,,44,169,48,166,62,49,44,44,48,55,48,65,88,52,129,65,43,65
REEP3,109,42,58,311,72,104,105,56,48,55,42,223,87,143,275,,66,101,51,339,179,,,42,79,49,153,,172,,335,226,81,52,,165,43,58,101,141,,203,63,350,64,,88,216,83,,379,159,391,240,,51,136,43,63,161,59,364,78,197,,118,69
REP15,64,45,74,61,,40,51,60,,,41,75,50,48,,,51,,42,74,71,42,,,,,40,,44,,59,,45,51,,63,54,54,,49,,,75,65,,,,,47,,77,42,77,63,,68,49,49,,67,70,73,,,48,,82
RGS2,50,42,52,68,,,41,,,,,71,,54,45,,,58,63,80,45,,,,53,48,68,,40,,74,63,,43,52,78,,52,53,,,,61,82,47,43,41,71,,,111,66,81,52,44,44,,42,48,46,,60,,67,,45,68
RINL,58,49,61,59,48,,41,41,,,55,76,55,,65,63,64,46,56,98,67,52,,,,,,56,59,,79,74,,54,41,98,54,51,47,71,63,47,69,87,,43,79,50,41,,109,59,96,61,60,44,,52,47,53,58,65,48,46,54,42,59
RN7SL455P,45,,58,69,57,40,,81,,55,,63,69,,56,,62,51,,75,67,,,40,,63,,49,,,78,,44,41,,81,63,,,41,45,,78,84,,,,,54,,97,64,98,43,43,45,,61,,77,77,83,,56,51,,94
RNA5SP392,61,,66,52,42,40,44,42,,,,57,64,65,,45,40,41,43,65,56,,,,47,60,,,49,,69,,,45,,69,52,44,,61,,,71,54,,,,,43,,75,42,78,66,,48,,50,51,65,54,72,,44,50,58,68
RNF43,71,46,66,40,52,46,,61,,,42,72,44,60,46,,76,49,,92,63,,,,41,49,,43,,,86,76,,46,,98,60,,43,42,,,88,59,,,42,,58,44,94,47,94,74,,41,,,46,,45,101,,,,,54
RORC,,61,113,126,46,89,46,,61,,46,123,98,56,100,50,87,64,104,179,88,,,,52,61,59,55,66,42,146,,112,86,47,93,98,,40,54,57,86,143,178,44,,68,113,63,,169,64,191,138,,46,,93,83,105,107,103,52,76,,106,99
RPL10P13,71,,,40,62,,43,77,,,44,60,51,46,,65,74,,44,84,42,43,,51,,47,,,,,84,42,,,,87,,49,,,,49,76,63,,,,56,,,88,51,88,80,,69,47,,57,67,44,80,42,65,54,,77
RPLP0P2,,42,,41,,,,,,,44,66,,,,45,45,,,70,46,,41,,,,,,,,47,41,,,,56,,,,,,41,,45,,,,53,,,71,,,48,,63,,,,48,45,79,,,,57,79
RPRML,127,53,100,135,87,92,83,73,,42,72,172,95,56,125,,91,87,63,166,102,54,,55,61,63,,43,103,,137,115,68,69,46,113,92,84,56,81,,100,98,166,,54,59,140,43,,185,51,179,133,49,48,71,98,72,53,54,105,65,157,45,95,114
RPS4Y1,64,47,66,46,47,43,,43,,,45,82,47,,42,41,71,,40,68,69,41,,,48,,41,,,,,40,49,63,45,65,61,,,,,55,63,63,,,56,,,,108,53,72,51,,61,,44,59,,43,68,,72,61,61,67
RTN1,79,77,85,120,72,43,41,,54,,,191,58,56,107,,46,60,46,163,74,,,46,,,,50,44,45,139,102,,42,40,74,41,,115,69,,55,49,163,42,,81,168,,52,167,87,120,156,72,76,,54,66,60,55,167,53,99,,44,95
S100A14,47,54,72,69,47,57,,49,70,,49,141,81,48,74,42,87,108,40,195,111,,,,59,52,57,49,68,,106,57,52,116,59,135,62,,50,53,,69,122,76,,43,56,63,,50,160,103,135,112,42,101,55,65,58,105,101,125,,92,53,58,129
SAMD12,49,,,52,,,,40,,,45,68,40,46,60,45,46,,,98,,,,,,49,58,,51,,70,60,46,45,,75,45,51,46,45,56,70,59,83,,,61,40,,,69,,101,130,41,50,,,,51,,73,,52,,,100
SAMD9,,,48,52,52,,43,59,49,,,50,44,,40,,52,48,42,74,,,,,,,,,,42,47,,,43,,61,,,50,,,,74,70,,,,47,,,79,46,74,66,,65,42,47,,51,53,68,47,40,,,85
SCML1,,,,47,,49,41,68,,,,58,65,47,47,,,,,66,41,,,51,,,54,,,42,47,,54,45,,78,,,44,,,,62,58,45,,,,,42,74,,63,,,42,,,41,65,53,64,42,43,49,,126
SELENOP,71,,84,,,66,55,45,,,,68,,,,,70,55,,78,70,,50,43,49,55,55,78,,,55,,47,58,,75,77,50,,43,,63,51,56,,40,,,43,,81,52,82,70,52,46,42,,41,49,58,72,,42,,43,67
SEMA3A,,57,46,42,55,,,,,,,52,,47,,,51,,,54,,,,50,,,,,,40,,45,,44,,46,48,,,,,,,,,,,,,,41,,,,,,45,,46,45,,,,,50,,
SEPTIN7P6,,55,,,40,53,,,,,,84,,,55,,44,,44,116,41,61,,,58,,44,,76,45,49,74,40,,42,73,46,,,43,,,47,85,,,,51,57,,126,50,91,55,44,49,,,52,,,78,46,117,,50,77
SERINC2,79,,61,68,56,43,41,61,,,,92,75,48,54,43,86,49,66,96,73,,,,43,48,71,55,,,71,,63,72,,101,56,,,60,,,95,85,45,41,40,58,54,,91,52,95,47,,64,,70,,71,77,88,46,103,54,47,88
SERPINB8,69,59,76,81,55,78,45,,63,40,,151,87,49,201,,89,83,40,265,88,46,,64,60,47,42,,107,,157,81,,69,41,216,69,46,45,,,65,86,168,42,55,42,81,69,40,222,92,179,92,,43,51,69,44,54,99,137,56,132,,73,143
SH3BGR,102,48,82,102,,64,42,55,83,,,100,45,99,110,,49,95,92,228,57,,41,,42,,85,,57,,109,,42,45,49,187,,41,85,47,,92,56,222,,,63,81,62,46,230,48,124,110,52,76,80,,78,91,52,218,78,106,,63,59
SHC3,211,,55,157,,157,,74,,,,174,47,53,49,,56,143,41,237,51,,49,40,,67,40,48,159,,199,173,,50,,121,50,,94,,,146,53,265,,,47,92,,46,271,66,230,223,,75,52,53,55,78,49,209,84,183,,73,102
SKIDA1,110,,84,162,70,55,59,,57,41,,142,50,60,138,,41,77,70,175,121,,58,,,,44,,183,,154,42,,88,63,158,,,73,81,,104,89,200,42,,59,157,,,233,109,191,92,,87,42,,47,99,45,121,65,102,52,51,58
SLC23A2,89,,100,94,44,66,46,51,,,59,96,69,91,,,63,97,44,97,101,,,51,,79,,,71,43,88,,44,55,63,71,78,87,59,,,62,67,106,41,,45,89,68,,103,58,105,75,40,57,87,63,42,53,66,92,43,56,47,96,110
SLC25A11,52,69,73,114,50,76,45,49,45,,58,151,110,58,104,,90,60,48,168,62,,,,70,88,73,43,84,44,104,77,41,59,59,145,47,61,51,52,,107,85,155,,42,61,77,55,47,149,48,171,129,,70,,63,54,54,99,96,55,126,46,45,73
SLC26A7,43,41,63,,50,44,,,,,,44,,44,,,44,,,68,49,,,43,,,,41,45,,,,41,,41,58,48,,,,,,63,,,,46,,,,51,,60,56,49,45,,42,,,49,49,,64,41,,63
SLC2A1,60,51,60,201,,252,83,45,44,,62,232,100,61,122,43,87,127,55,675,116,63,57,,41,,,47,72,,345,123,41,78,41,133,62,95,105,,43,124,70,527,41,58,87,96,47,53,380,60,500,185,139,60,,68,79,78,57,176,70,124,61,113,94
SLC2A3,,,55,,,,,,,,,46,49,45,,43,58,,41,60,,,,,41,45,,,,,,,,,,58,49,,45,,,,62,59,,,,47,54,42,60,45,,46,,43,43,,43,48,47,62,42,53,,,62
SLC47A2,62,48,92,86,47,66,44,48,,,57,88,41,118,94,41,79,43,41,369,65,,,43,60,49,,,59,,168,298,133,49,,204,72,55,,58,,60,76,238,,79,45,45,44,58,98,50,278,172,,75,52,103,100,162,45,107,105,,,47,61
SLC5A5,41,55,112,94,,92,49,184,65,42,43,136,69,52,112,40,132,50,63,201,92,,53,,43,44,52,,79,,138,112,,83,47,176,49,54,83,49,41,92,130,196,,50,51,122,53,,265,106,196,90,,43,61,81,56,133,70,123,60,93,42,59,111
SLCO1B7,48,,40,,42,66,44,59,,,,71,,50,,,43,,43,82,77,,,,,,,,,,46,,,52,,94,,51,45,,,,44,82,,,45,50,45,,82,,95,63,,56,44,43,51,48,46,69,40,41,64,,84
SLCO3A1,71,60,63,115,66,152,42,53,74,,43,92,69,48,112,44,,77,,371,65,40,,,62,107,41,,57,,127,137,,74,73,74,,,77,,,70,123,147,,46,62,67,45,,258,70,169,95,,57,66,64,84,96,61,90,54,162,48,60,70
SLFN5,,,52,96,44,45,,48,,42,,57,49,48,50,,50,46,41,111,50,,,46,,52,,,52,43,45,41,41,50,,109,50,,56,63,,56,52,114,,45,,42,,,109,45,50,54,,55,,,66,,46,73,,69,,46,63
SMAD7,71,42,95,147,80,56,64,115,78,,56,176,125,55,93,63,104,59,54,284,72,45,44,,142,45,81,64,173,,198,141,,88,,125,58,,112,61,,127,98,285,48,,123,139,58,60,241,105,327,134,72,68,,103,141,96,81,105,87,127,43,124,89
SMARCE1P1,40,55,48,55,47,56,,45,,,,74,44,,,,65,,44,75,94,44,,43,,,,,49,,70,,,41,,76,41,,,,,,75,55,64,,,53,59,,102,53,78,49,,52,,44,48,48,57,79,48,51,,,75
SMIM10L2A,113,66,103,105,53,51,44,78,49,42,47,140,65,128,112,43,56,85,,192,66,,60,,90,62,87,42,137,,144,121,,83,,123,95,68,105,109,,91,97,172,,,77,134,48,,193,55,197,138,,47,71,57,59,77,97,146,51,98,55,50,107
SNORA73A,55,40,53,51,,,,58,,42,,66,,42,51,,44,49,,69,,,,,,,,,41,,56,44,47,43,,76,,51,,,41,,54,69,,,,42,47,,70,,84,54,53,58,47,,47,42,49,45,43,42,,,72
SNRK-AS1,,42,,46,,42,,,,,44,,,46,,45,46,49,,67,48,,,,,,,,,44,66,45,,,,44,,,,,,42,,,43,,,,,,54,,46,44,47,,,51,,,43,,,40,42,43,42
SNTB1,105,50,121,151,69,46,,54,74,,41,90,62,58,129,,45,71,72,169,70,,42,,68,,,58,72,,159,46,45,101,,159,49,55,49,57,66,57,71,136,,,74,48,43,41,175,102,257,104,63,40,43,71,83,52,119,165,54,143,,,88
SNX18P4,51,,45,56,,43,,58,,,,50,43,47,78,,54,,41,87,58,,,,53,52,,,42,,,,,42,42,99,,,,41,,44,71,55,,41,45,54,,51,84,45,86,58,45,52,42,,70,75,41,42,,97,49,,58
SOWAHA,64,57,46,154,51,96,82,81,,,51,164,44,62,129,,44,69,43,399,42,,,,89,,91,46,105,,158,143,40,,,121,64,,89,,,155,62,410,,45,45,124,,,161,,142,317,48,43,64,52,100,60,,93,73,127,,51,49
SOWAHB,95,42,60,149,40,62,54,,,43,,145,63,97,101,,114,75,41,170,50,41,47,,77,,,,81,,269,100,,57,,131,57,,131,,,79,57,221,,,78,162,,62,180,83,166,153,,48,,47,103,81,48,136,58,158,,52,63
SPATA46,,42,49,,,52,,42,47,,,51,,44,,,56,43,43,56,41,,,,,,,,,,55,45,,57,,52,42,,,,,,63,59,,,,59,,,59,42,40,48,40,50,49,,47,52,50,44,42,61,,43,52
SPDYE17,54,,42,42,,,,56,42,,43,44,,46,,43,59,,45,61,49,45,,,54,,,,,,,,50,43,,68,41,,,,,,58,50,,,,,51,,67,65,68,46,,45,,48,,45,50,60,,,,41,56
SPSB4,44,54,60,77,49,73,41,40,40,51,,124,51,58,72,47,106,,52,194,100,47,,,45,48,44,46,90,,176,127,50,,47,141,52,102,51,,,77,96,200,,52,100,89,,,204,57,189,92,,49,51,64,57,60,59,199,48,100,,47,78
SQOR,40,,73,46,61,,53,,,,,66,,43,47,,46,,55,89,82,,,,42,52,51,,53,,40,,,42,,68,47,,41,43,,54,60,59,46,,,44,42,,104,60,104,53,46,69,,74,,55,67,73,48,52,41,,76
ST8SIA6,105,43,84,183,43,91,48,67,45,49,54,236,49,63,112,47,,52,44,407,147,49,,,128,73,,75,91,,221,162,,80,,217,,,59,72,,114,61,199,40,59,117,183,,42,375,93,207,208,41,49,42,41,63,97,138,102,98,219,41,94,90
STX11,80,,55,82,41,62,,,,,,91,50,,86,66,42,47,41,353,79,,,,41,,,40,81,,128,,,55,,83,40,66,,51,,87,84,159,,,75,76,,,143,53,230,80,,53,41,49,62,44,59,92,42,83,,44,123
SUCNR1,43,,,,,,,,,,,82,,,,,57,,44,55,,,,,,,,,,,46,,,,47,68,,,,50,40,,72,61,,,51,,54,,46,,42,48,43,41,,69,62,42,46,42,,74,45,67,95
SULT1C2,,51,53,,,,,45,,,47,66,,,,,,,,57,,,,,,43,43,,,,,,,44,,52,,46,,,,43,49,55,,,,,,,58,51,,48,48,,,59,,49,53,46,,53,,41,52
SUSD2,79,44,69,84,46,61,,,46,,45,78,88,42,69,45,111,54,48,138,92,42,46,,,,,,44,,134,,43,96,,64,,50,49,,,108,93,218,,41,48,63,79,,112,66,280,58,45,48,40,59,68,56,89,55,53,96,59,78,76
SUSD4,74,83,80,184,55,126,70,76,75,,,232,84,56,128,41,89,61,42,396,73,41,,50,61,47,42,49,158,,358,67,,113,44,166,55,,49,54,,86,70,408,43,,55,56,78,46,235,84,411,121,,45,44,128,56,110,78,101,44,209,55,171,76
SYK,58,,53,91,50,74,44,,46,,83,107,43,49,98,41,43,42,,113,93,,43,,,,48,,73,,101,133,,45,,79,49,47,57,60,,81,45,220,,42,72,61,48,,122,53,118,110,,76,,,55,49,52,101,,124,,41,93
SYS1-DBNDD2,40,,53,63,44,79,57,46,80,,61,48,50,62,113,45,43,47,41,147,48,41,,,62,48,,,75,,124,101,81,59,,84,43,46,126,51,41,,50,120,,,40,53,62,54,149,56,141,125,,42,49,58,85,50,,111,41,49,,,67
SYTL2,90,51,93,76,80,55,,45,70,,42,60,80,59,84,,55,,55,184,73,,,,,47,94,51,58,,154,40,,86,59,88,,,,,,78,87,169,,43,68,44,50,,117,82,98,134,,50,,91,62,56,68,92,46,91,,48,71
TAB3,,47,58,58,46,66,,,,,,44,,44,,,,,,62,45,,44,,44,44,,,48,,59,67,,44,,56,42,,,40,,,61,49,,,,,,,67,43,65,51,,42,,,,41,45,74,,70,,44,47
TACSTD2,59,61,50,247,46,58,41,44,,,42,284,91,78,70,,72,60,52,417,55,42,56,43,61,43,86,,80,,228,214,61,,,432,64,57,64,50,,76,63,337,,72,54,132,,,440,98,450,110,52,48,52,50,83,52,75,210,54,68,,57,90
TARID,60,114,57,78,71,47,,52,,,,63,,46,69,42,43,,,91,84,,,40,,41,,47,49,,76,67,,76,,93,44,,,,,63,,68,,,47,,,40,96,73,94,85,51,69,47,45,60,51,95,110,,86,,,67
TCL6,45,,,50,,59,,56,,,,41,,,44,45,45,,,137,88,,,,,,,,,41,123,43,,,,67,43,,45,69,51,55,57,60,,40,43,48,,46,118,40,137,49,,,57,,76,54,54,54,55,,,,65
TENM3,67,42,61,133,46,67,56,66,67,,71,224,79,60,82,40,97,129,51,145,62,60,45,,67,,,,78,,112,41,55,53,54,170,57,,81,53,46,41,86,199,,40,55,193,60,67,256,96,135,84,42,49,,73,58,72,55,113,79,91,49,79,81
TERT,48,46,116,161,49,63,,,71,,54,54,99,54,243,44,51,,40,439,101,,,51,40,50,55,43,122,43,91,141,,75,,134,55,,49,95,41,53,72,177,43,76,67,70,45,,226,112,260,144,47,58,51,63,93,92,94,143,70,91,,53,88
TESC,111,40,48,59,,105,,42,40,40,41,106,47,41,72,42,67,58,,209,,,,,60,,,,66,,119,,47,,,83,,,47,,,,,148,43,,46,140,,,151,56,160,74,,41,,41,86,,,108,,73,,45,64
THSD4,53,,,53,46,54,,49,,,41,,,54,,45,42,,,67,40,,,,44,59,41,45,,,53,,,44,,57,,,,,,,61,48,,,,50,43,41,69,,69,51,56,43,,,,57,41,65,,53,,,74
TICAM2,114,61,45,244,45,62,41,79,,,,144,45,102,80,,54,46,46,204,91,41,,89,66,,73,,62,42,201,136,50,,40,202,55,,74,54,,117,58,212,73,46,,85,,42,389,61,220,203,,120,,60,114,99,74,208,50,129,,72,100
TM4SF19,50,47,53,66,,43,46,40,,,,52,47,,60,,71,,,108,66,,,,46,41,46,,47,,,,,,,80,,,,,,,53,75,,,48,45,,53,104,64,44,57,46,44,47,43,51,55,74,72,,58,,43,58
TMEM125,48,42,50,50,41,55,46,50,,,44,42,43,41,,,,47,42,65,,,,48,,58,41,,,,,41,43,,,85,45,,,51,,,46,52,,,,42,,,102,64,,53,,44,47,,,43,46,81,48,42,52,,45
TMEM139,42,,41,45,46,,,,,,,47,46,45,,,49,43,,47,46,,,,,,,,,,44,,41,,,48,,,,,,,45,50,,47,40,,,,52,,52,,,49,,,41,55,48,75,,,,,55
TMEM40,98,69,72,43,83,77,43,47,66,,80,101,45,52,130,,52,104,,236,105,,,,41,62,48,47,103,,207,47,,67,,90,47,58,43,71,,118,83,215,40,,61,71,52,,264,69,203,202,,45,48,73,70,55,102,124,44,156,,,121
TNFSF18,47,,58,,,41,,,,,,52,43,40,,,,,,55,46,,,42,,,,47,,,51,,42,41,,61,,,,,,,49,49,,,,45,41,,58,,57,,,46,49,,53,52,46,54,40,,44,,73
TNFSF4,41,,51,44,,40,,,,,40,44,,,,,,,,54,57,,,,,47,,40,42,,42,,,,46,57,49,,49,40,,,51,52,,,,42,,,61,,69,,,42,,,,46,49,51,45,,43,,56
TNRC6C-AS1,,,,,,,,,,,,,,,,,,,,,,,,,,,,,,,,,,,,,,,,,,,,,,,,,,,,,,,,,,,,,,,,,,,
TRANK1,77,,50,73,,101,,46,,,,97,48,47,137,108,54,82,,133,48,52,,,,49,47,,60,,71,98,,40,46,145,43,50,50,,,108,51,151,,,44,86,55,,209,59,,57,45,52,69,52,46,92,56,95,,147,,47,61
TRIM34,74,47,61,46,54,42,,72,,,,66,61,50,55,,63,71,56,83,64,,,50,,56,54,,69,,61,,75,46,,80,63,57,,43,,,79,75,,,,,60,,88,57,94,60,,72,,,48,81,52,78,,62,42,,114
TSPAN1,62,49,62,84,44,87,49,56,75,43,59,114,149,61,52,,164,41,48,145,63,,,,134,101,,,52,,107,54,51,66,43,144,67,78,71,49,,68,177,62,,,98,49,52,47,137,53,150,118,,44,40,99,148,127,82,144,44,302,69,,158
TSPAN2,84,61,87,96,59,42,46,53,120,,,118,117,77,133,41,48,52,63,225,77,43,,45,52,42,46,,66,,187,111,,145,50,103,77,62,44,118,,42,92,205,43,,115,58,42,47,175,109,169,125,,50,49,78,79,185,71,127,72,129,,51,72
TUBA3FP,49,43,44,48,44,61,,,46,,43,48,70,51,65,,61,44,41,60,64,41,42,,,,,,73,,88,79,,43,41,120,,,,,59,51,61,113,,47,,49,58,,117,45,95,87,,109,,47,72,55,58,71,,55,,66,88
TWF1P1,58,44,63,60,,45,,50,42,,,98,41,48,56,40,53,,,92,50,,,92,,,,,62,,52,42,,,,76,,43,57,,,59,57,63,,,,,41,,64,41,46,55,,45,,,46,,,66,46,50,,42,86
TWIST1,100,66,136,195,78,129,43,61,148,61,77,197,110,95,91,,100,57,76,222,103,49,,77,,61,79,73,65,43,204,163,,63,41,156,57,53,68,63,43,121,105,220,49,51,70,118,57,42,209,88,254,98,40,44,99,47,175,149,88,81,61,165,,136,125
UPP1,58,,52,145,42,44,42,102,63,,,112,110,56,77,68,74,53,61,312,64,,,,,,,,78,,163,126,,51,46,148,50,,,66,48,73,59,244,47,,,94,,42,371,67,323,59,,91,45,46,119,60,77,107,47,56,49,69,77
USP9Y,51,,43,80,47,95,56,124,76,,,151,45,50,,50,180,56,49,133,102,,,,153,108,,47,,,128,79,,72,,180,97,,46,52,44,43,163,160,,,71,,63,71,137,41,177,114,,129,,114,164,135,,133,,181,134,44,205
UTY,52,,52,52,,,49,,,,,,,41,48,,41,44,,61,42,,,,,,46,42,,45,,,,,,48,,,,,,49,,41,,,45,,,,56,,,50,47,,,40,41,,41,62,,,,45,55
WASF3,62,59,49,210,52,162,50,83,65,,71,545,101,172,143,86,49,63,68,373,57,42,,80,78,,183,,191,,317,162,,51,50,242,,57,101,110,44,195,55,399,,,120,164,62,45,394,51,327,194,116,47,46,53,64,88,52,212,71,211,55,107,126
WDR72,63,,47,55,,57,41,64,41,,48,72,47,50,,,77,58,55,84,82,,40,47,,55,,,54,,86,45,42,47,,83,52,,49,72,,,82,75,,,50,45,67,62,92,67,94,70,,48,48,74,62,78,82,78,49,65,,56,83
WNT11,54,46,68,109,47,93,43,55,,,,135,53,76,115,76,109,68,44,142,59,,40,,63,,84,,69,,93,71,,42,40,100,59,,51,,,77,80,140,,,60,90,73,51,114,47,143,101,,43,,47,51,81,53,137,61,100,48,119,97
WNT16,50,51,60,52,,51,,69,60,,41,82,48,,,,72,56,42,108,69,,,,55,63,49,,41,,43,,,43,,111,42,45,45,58,,62,107,77,42,,45,43,,,103,,84,66,57,73,,83,48,73,47,94,,83,68,46,118
WNT7B,130,46,60,123,43,137,51,70,59,43,41,139,75,56,142,48,106,48,73,241,69,,51,64,79,75,45,69,116,,281,81,46,63,42,131,66,50,88,,,90,63,326,,55,49,110,56,,338,68,280,139,98,40,57,67,105,60,77,86,78,75,,88,89
WNT9A,115,94,96,161,,210,41,74,54,,40,255,117,77,125,63,82,50,46,472,76,,,,44,49,56,,173,,228,154,48,47,51,171,61,,81,,44,87,140,474,,45,52,90,71,,219,56,457,128,56,47,48,46,81,97,63,70,62,259,58,118,126
XK,50,,102,105,46,49,42,,46,,43,190,56,88,152,,93,115,44,253,124,,,,105,80,55,,131,,148,158,,44,46,227,55,,75,,,158,62,259,,,54,127,44,,310,81,206,169,,41,43,58,94,47,58,120,56,183,45,66,138
ZBED2,92,65,64,73,65,46,44,62,,,47,64,53,59,46,65,64,56,,100,83,,,,,51,,,59,,102,,62,43,,79,66,55,,,,85,87,69,,43,42,,,55,85,69,97,93,,53,41,66,88,60,66,79,49,69,49,68,73
ZCCHC12,55,46,67,45,44,,44,83,,,,74,55,94,,,56,47,45,92,71,48,,,,42,,,,55,56,,,45,44,128,61,,49,,,,106,64,43,,,,54,48,75,63,74,40,,64,,,47,68,60,101,,46,61,42,123
ZNF155,,,,48,,40,,44,,,,55,,46,,,74,45,45,58,50,,,,44,,42,,,,,71,,44,,59,,,,,41,,40,50,,44,,,,,55,42,,54,,46,50,,42,47,50,,,43,,,53
ZNF20,48,42,41,53,,54,51,58,,,49,119,50,47,115,,50,59,51,108,101,,,,92,44,67,64,67,,146,93,,44,,94,,,119,46,47,164,63,234,,43,62,78,,43,248,61,130,91,,74,,,47,88,55,107,56,65,47,41,63
ZNF252P-AS1,164,50,80,45,47,63,41,64,72,41,,192,96,42,148,43,,51,79,256,50,,,57,45,,,43,45,,222,148,58,43,40,246,41,41,60,,,137,63,242,50,,57,76,41,,266,77,270,127,,48,,57,59,51,68,95,58,123,54,,162
ZNF433-AS1,73,50,62,57,57,50,57,58,,,,74,59,,112,,,52,41,127,63,,48,,93,,,50,109,40,122,,51,64,52,124,56,54,72,,51,45,68,129,,,80,52,68,59,128,104,123,89,,66,56,57,42,87,59,102,,111,58,50,86
ZNF502,81,,57,112,50,66,53,42,,,45,60,59,,67,45,78,56,47,161,52,,,40,,,,,112,46,41,,,71,,167,56,48,,,,77,145,62,,,,57,42,,203,48,149,79,56,55,,64,57,46,50,157,,50,,,146
ZNF804A,112,47,63,109,94,73,73,44,45,,95,109,79,100,122,,100,110,52,310,97,42,,,77,64,41,,59,,143,129,,,,139,47,44,68,,51,105,58,248,,48,101,54,65,,313,86,261,115,84,63,47,100,64,117,58,116,43,123,,64,53
