,set1,set2,set3,set4,set5,set6,set7,set8
set1,"Cell cycle (KEGG:04110, 3.85E-03)",,"Cell cycle (KEGG:04110, 3.55E-03)","Cell cycle (KEGG:04110, 9.42E-03)",,"Cell cycle (KEGG:04110, 3.56E-03)","Cell cycle (KEGG:04110, 3.56E-03)","Cell cycle (KEGG:04110, 3.55E-03)"
set2,"Cell cycle (KEGG:04110, 3.85E-03)",,"Cell cycle (KEGG:04110, 3.55E-03)","Cell cycle (KEGG:04110, 9.42E-03)",,"Cell cycle (KEGG:04110, 3.56E-03)","Cell cycle (KEGG:04110, 3.56E-03)","Cell cycle (KEGG:04110, 3.55E-03)"
set3,"Cell cycle (KEGG:04110, 3.85E-03)",,"Cell cycle (KEGG:04110, 3.55E-03)","Cell cycle (KEGG:04110, 9.42E-03)",,"Cell cycle (KEGG:04110, 3.56E-03)","Cell cycle (KEGG:04110, 3.56E-03)","Cell cycle (KEGG:04110, 3.55E-03)"
set4,"Cell cycle (KEGG:04110, 3.85E-03)",,"Cell cycle (KEGG:04110, 3.55E-03)","Cell cycle (KEGG:04110, 9.42E-03)",,"Cell cycle (KEGG:04110, 3.56E-03)","Cell cycle (KEGG:04110, 3.56E-03)","Cell cycle (KEGG:04110, 3.55E-03)"
set5,"Cell cycle (KEGG:04110, 3.85E-03)",,"Cell cycle (KEGG:04110, 3.55E-03)","Cell cycle (KEGG:04110, 9.42E-03)",,"Cell cycle (KEGG:04110, 3.56E-03)","Cell cycle (KEGG:04110, 3.56E-03)","Cell cycle (KEGG:04110, 3.55E-03)"
set6,,,,,,,,
set7,"Cell cycle (KEGG:04110, 3.85E-03)",,"Cell cycle (KEGG:04110, 3.55E-03)","Cell cycle (KEGG:04110, 9.42E-03)",,"Cell cycle (KEGG:04110, 3.56E-03)","Cell cycle (KEGG:04110, 3.56E-03)","Cell cycle (KEGG:04110, 3.55E-03)"
set8,"Cell cycle (KEGG:04110, 3.85E-03)",,"Cell cycle (KEGG:04110, 3.55E-03)","Cell cycle (KEGG:04110, 9.42E-03)",,"Cell cycle (KEGG:04110, 3.56E-03)","Cell cycle (KEGG:04110, 3.56E-03)","Cell cycle (KEGG:04110, 3.55E-03)"
set9,"Cell cycle (KEGG:04110, 3.85E-03)",,"Cell cycle (KEGG:04110, 3.55E-03)","Cell cycle (KEGG:04110, 9.42E-03)",,"Cell cycle (KEGG:04110, 3.56E-03)","Cell cycle (KEGG:04110, 3.56E-03)","Cell cycle (KEGG:04110, 3.55E-03)"
set10,"Cell cycle (KEGG:04110, 3.85E-03)",,"Cell cycle (KEGG:04110, 3.55E-03)","Cell cycle (KEGG:04110, 9.42E-03)",,"Cell cycle (KEGG:04110, 3.56E-03)","Cell cycle (KEGG:04110, 3.56E-03)","Cell cycle (KEGG:04110, 3.55E-03)"
