,set1,set2,set3,set4,set5,set6,set7,set8
set1,"tau-protein kinase activity (GO:0050321, 4.80E-03)
beta-tubulin binding (GO:0048487, 5.06E-03)","tau-protein kinase activity (GO:0050321, 5.39E-03)","tau-protein kinase activity (GO:0050321, 3.78E-03)
beta-tubulin binding (GO:0048487, 3.98E-03)","tau-protein kinase activity (GO:0050321, 3.57E-03)","tau-protein kinase activity (GO:0050321, 4.28E-03)","tau-protein kinase activity (GO:0050321, 4.53E-03)
beta-tubulin binding (GO:0048487, 4.93E-03)","tau-protein kinase activity (GO:0050321, 4.46E-03)
beta-tubulin binding (GO:0048487, 4.84E-03)","tau-protein kinase activity (GO:0050321, 4.44E-03)
beta-tubulin binding (GO:0048487, 4.82E-03)"
set2,"tau-protein kinase activity (GO:0050321, 4.80E-03)
beta-tubulin binding (GO:0048487, 5.06E-03)","tau-protein kinase activity (GO:0050321, 5.39E-03)","tau-protein kinase activity (GO:0050321, 3.78E-03)
beta-tubulin binding (GO:0048487, 3.98E-03)","tau-protein kinase activity (GO:0050321, 3.57E-03)","tau-protein kinase activity (GO:0050321, 4.28E-03)","tau-protein kinase activity (GO:0050321, 4.53E-03)
beta-tubulin binding (GO:0048487, 4.93E-03)","tau-protein kinase activity (GO:0050321, 4.46E-03)
beta-tubulin binding (GO:0048487, 4.84E-03)","tau-protein kinase activity (GO:0050321, 4.44E-03)
beta-tubulin binding (GO:0048487, 4.82E-03)"
set3,"tau-protein kinase activity (GO:0050321, 4.80E-03)
beta-tubulin binding (GO:0048487, 5.06E-03)","tau-protein kinase activity (GO:0050321, 5.39E-03)","tau-protein kinase activity (GO:0050321, 3.78E-03)
beta-tubulin binding (GO:0048487, 3.98E-03)","tau-protein kinase activity (GO:0050321, 3.57E-03)","tau-protein kinase activity (GO:0050321, 4.28E-03)","tau-protein kinase activity (GO:0050321, 4.53E-03)
beta-tubulin binding (GO:0048487, 4.93E-03)","tau-protein kinase activity (GO:0050321, 4.46E-03)
beta-tubulin binding (GO:0048487, 4.84E-03)","tau-protein kinase activity (GO:0050321, 4.44E-03)
beta-tubulin binding (GO:0048487, 4.82E-03)"
set4,"tau-protein kinase activity (GO:0050321, 4.80E-03)
beta-tubulin binding (GO:0048487, 5.06E-03)","tau-protein kinase activity (GO:0050321, 5.39E-03)","tau-protein kinase activity (GO:0050321, 3.78E-03)
beta-tubulin binding (GO:0048487, 3.98E-03)","tau-protein kinase activity (GO:0050321, 3.57E-03)","tau-protein kinase activity (GO:0050321, 4.28E-03)","tau-protein kinase activity (GO:0050321, 4.53E-03)
beta-tubulin binding (GO:0048487, 4.93E-03)","tau-protein kinase activity (GO:0050321, 4.46E-03)
beta-tubulin binding (GO:0048487, 4.84E-03)","tau-protein kinase activity (GO:0050321, 4.44E-03)
beta-tubulin binding (GO:0048487, 4.82E-03)"
set5,"tau-protein kinase activity (GO:0050321, 4.80E-03)
beta-tubulin binding (GO:0048487, 5.06E-03)","tau-protein kinase activity (GO:0050321, 5.39E-03)","tau-protein kinase activity (GO:0050321, 3.78E-03)
beta-tubulin binding (GO:0048487, 3.98E-03)","tau-protein kinase activity (GO:0050321, 3.57E-03)","tau-protein kinase activity (GO:0050321, 4.28E-03)","tau-protein kinase activity (GO:0050321, 4.53E-03)
beta-tubulin binding (GO:0048487, 4.93E-03)","tau-protein kinase activity (GO:0050321, 4.46E-03)
beta-tubulin binding (GO:0048487, 4.84E-03)","tau-protein kinase activity (GO:0050321, 4.44E-03)
beta-tubulin binding (GO:0048487, 4.82E-03)"
set6,"tau-protein kinase activity (GO:0050321, 4.80E-03)
beta-tubulin binding (GO:0048487, 5.06E-03)","tau-protein kinase activity (GO:0050321, 5.39E-03)","tau-protein kinase activity (GO:0050321, 3.78E-03)
beta-tubulin binding (GO:0048487, 3.98E-03)","tau-protein kinase activity (GO:0050321, 3.57E-03)","tau-protein kinase activity (GO:0050321, 4.28E-03)","tau-protein kinase activity (GO:0050321, 4.53E-03)
beta-tubulin binding (GO:0048487, 4.93E-03)","tau-protein kinase activity (GO:0050321, 4.46E-03)
beta-tubulin binding (GO:0048487, 4.84E-03)","tau-protein kinase activity (GO:0050321, 4.44E-03)
beta-tubulin binding (GO:0048487, 4.82E-03)"
set7,"kinase activity (GO:0016301, 1.47E-03)
transferase activity, transferring phosphorus-containing groups (GO:0016772, 4.52E-03)
tau-protein kinase activity (GO:0050321, 4.80E-03)
beta-tubulin binding (GO:0048487, 5.06E-03)
protein kinase activity (GO:0004672, 8.21E-03)
purine nucleotide binding (GO:0017076, 8.21E-03)","kinase activity (GO:0016301, 4.46E-03)
tau-protein kinase activity (GO:0050321, 5.39E-03)
transferase activity, transferring phosphorus-containing groups (GO:0016772, 8.03E-03)","kinase activity (GO:0016301, 8.65E-04)
transferase activity, transferring phosphorus-containing groups (GO:0016772, 2.40E-03)
tau-protein kinase activity (GO:0050321, 3.78E-03)
beta-tubulin binding (GO:0048487, 3.98E-03)
protein kinase activity (GO:0004672, 6.03E-03)
purine nucleotide binding (GO:0017076, 7.22E-03)
cohesin loader activity (GO:0061775, 9.82E-03)","kinase activity (GO:0016301, 9.10E-04)
transferase activity, transferring phosphorus-containing groups (GO:0016772, 1.30E-03)
tau-protein kinase activity (GO:0050321, 3.57E-03)
protein kinase activity (GO:0004672, 3.99E-03)
purine nucleotide binding (GO:0017076, 5.33E-03)
anion binding (GO:0043168, 6.97E-03)
histone modifying activity (GO:0140993, 8.27E-03)
small GTPase binding (GO:0031267, 8.27E-03)
PDZ domain binding (GO:0030165, 8.27E-03)","tau-protein kinase activity (GO:0050321, 4.28E-03)
kinase activity (GO:0016301, 8.29E-03)","kinase activity (GO:0016301, 1.37E-03)
transferase activity, transferring phosphorus-containing groups (GO:0016772, 4.21E-03)
tau-protein kinase activity (GO:0050321, 4.53E-03)
beta-tubulin binding (GO:0048487, 4.93E-03)
purine nucleotide binding (GO:0017076, 7.54E-03)
protein kinase activity (GO:0004672, 7.77E-03)","kinase activity (GO:0016301, 1.28E-03)
transferase activity, transferring phosphorus-containing groups (GO:0016772, 3.93E-03)
tau-protein kinase activity (GO:0050321, 4.46E-03)
beta-tubulin binding (GO:0048487, 4.84E-03)
protein kinase activity (GO:0004672, 9.08E-03)","kinase activity (GO:0016301, 1.28E-03)
transferase activity, transferring phosphorus-containing groups (GO:0016772, 3.92E-03)
tau-protein kinase activity (GO:0050321, 4.44E-03)
beta-tubulin binding (GO:0048487, 4.82E-03)
protein kinase activity (GO:0004672, 8.64E-03)"
set8,"tau-protein kinase activity (GO:0050321, 4.80E-03)
beta-tubulin binding (GO:0048487, 5.06E-03)","tau-protein kinase activity (GO:0050321, 5.39E-03)","tau-protein kinase activity (GO:0050321, 3.78E-03)
beta-tubulin binding (GO:0048487, 3.98E-03)","tau-protein kinase activity (GO:0050321, 3.57E-03)","tau-protein kinase activity (GO:0050321, 4.28E-03)","tau-protein kinase activity (GO:0050321, 4.53E-03)
beta-tubulin binding (GO:0048487, 4.93E-03)","tau-protein kinase activity (GO:0050321, 4.46E-03)
beta-tubulin binding (GO:0048487, 4.84E-03)","tau-protein kinase activity (GO:0050321, 4.44E-03)
beta-tubulin binding (GO:0048487, 4.82E-03)"
set9,"tau-protein kinase activity (GO:0050321, 4.80E-03)
beta-tubulin binding (GO:0048487, 5.06E-03)","tau-protein kinase activity (GO:0050321, 5.39E-03)","tau-protein kinase activity (GO:0050321, 3.78E-03)
beta-tubulin binding (GO:0048487, 3.98E-03)","tau-protein kinase activity (GO:0050321, 3.57E-03)","tau-protein kinase activity (GO:0050321, 4.28E-03)","tau-protein kinase activity (GO:0050321, 4.53E-03)
beta-tubulin binding (GO:0048487, 4.93E-03)","tau-protein kinase activity (GO:0050321, 4.46E-03)
beta-tubulin binding (GO:0048487, 4.84E-03)","tau-protein kinase activity (GO:0050321, 4.44E-03)
beta-tubulin binding (GO:0048487, 4.82E-03)"
set10,"tau-protein kinase activity (GO:0050321, 4.80E-03)
beta-tubulin binding (GO:0048487, 5.06E-03)","tau-protein kinase activity (GO:0050321, 5.39E-03)","tau-protein kinase activity (GO:0050321, 3.78E-03)
beta-tubulin binding (GO:0048487, 3.98E-03)","tau-protein kinase activity (GO:0050321, 3.57E-03)","tau-protein kinase activity (GO:0050321, 4.28E-03)","tau-protein kinase activity (GO:0050321, 4.53E-03)
beta-tubulin binding (GO:0048487, 4.93E-03)","tau-protein kinase activity (GO:0050321, 4.46E-03)
beta-tubulin binding (GO:0048487, 4.84E-03)","tau-protein kinase activity (GO:0050321, 4.44E-03)
beta-tubulin binding (GO:0048487, 4.82E-03)"
