,set1,set2,set3,set4,set5,set6,set7,set8
set1,"chromosome, centromeric region (GO:0000775, 1.31E-04)
unconventional myosin complex (GO:0016461, 1.60E-03)
ooplasm (GO:1990917, 1.68E-03)
mitotic spindle (GO:0072686, 2.82E-03)
condensed chromosome (GO:0000793, 3.92E-03)
protein kinase complex (GO:1902911, 4.68E-03)
trans-Golgi network (GO:0005802, 8.07E-03)
serine/threonine protein kinase complex (GO:1902554, 9.48E-03)","chromosome, centromeric region (GO:0000775, 5.05E-04)
unconventional myosin complex (GO:0016461, 1.55E-03)
ooplasm (GO:1990917, 1.66E-03)
protein kinase complex (GO:1902911, 4.45E-03)
trans-Golgi network (GO:0005802, 7.61E-03)
serine/threonine protein kinase complex (GO:1902554, 9.05E-03)","chromosome, centromeric region (GO:0000775, 8.69E-05)
unconventional myosin complex (GO:0016461, 1.56E-03)
ooplasm (GO:1990917, 1.66E-03)
mitotic spindle (GO:0072686, 2.39E-03)
condensed chromosome (GO:0000793, 3.07E-03)","chromosome, centromeric region (GO:0000775, 2.71E-04)
ooplasm (GO:1990917, 1.44E-03)
protein kinase complex (GO:1902911, 2.84E-03)
trans-Golgi network (GO:0005802, 4.22E-03)
serine/threonine protein kinase complex (GO:1902554, 5.98E-03)","ooplasm (GO:1990917, 1.74E-03)","chromosome, centromeric region (GO:0000775, 1.26E-04)
unconventional myosin complex (GO:0016461, 1.58E-03)
ooplasm (GO:1990917, 1.67E-03)
mitotic spindle (GO:0072686, 2.73E-03)
condensed chromosome (GO:0000793, 3.79E-03)
protein kinase complex (GO:1902911, 4.56E-03)
trans-Golgi network (GO:0005802, 7.83E-03)
serine/threonine protein kinase complex (GO:1902554, 9.26E-03)","chromosome, centromeric region (GO:0000775, 1.16E-04)
unconventional myosin complex (GO:0016461, 1.60E-03)
ooplasm (GO:1990917, 1.70E-03)
mitotic spindle (GO:0072686, 2.65E-03)
condensed chromosome (GO:0000793, 3.66E-03)
protein kinase complex (GO:1902911, 4.43E-03)
trans-Golgi network (GO:0005802, 7.58E-03)
serine/threonine protein kinase complex (GO:1902554, 9.04E-03)","chromosome, centromeric region (GO:0000775, 1.16E-04)
unconventional myosin complex (GO:0016461, 1.65E-03)
ooplasm (GO:1990917, 1.70E-03)
mitotic spindle (GO:0072686, 2.71E-03)
condensed chromosome (GO:0000793, 3.74E-03)
protein kinase complex (GO:1902911, 4.53E-03)
trans-Golgi network (GO:0005802, 7.58E-03)
serine/threonine protein kinase complex (GO:1902554, 9.04E-03)"
set2,"chromosome, centromeric region (GO:0000775, 1.31E-04)
unconventional myosin complex (GO:0016461, 1.60E-03)
ooplasm (GO:1990917, 1.68E-03)
mitotic spindle (GO:0072686, 2.82E-03)
condensed chromosome (GO:0000793, 3.92E-03)
protein kinase complex (GO:1902911, 4.68E-03)
trans-Golgi network (GO:0005802, 8.07E-03)
serine/threonine protein kinase complex (GO:1902554, 9.48E-03)","chromosome, centromeric region (GO:0000775, 5.05E-04)
unconventional myosin complex (GO:0016461, 1.55E-03)
ooplasm (GO:1990917, 1.66E-03)
protein kinase complex (GO:1902911, 4.45E-03)
trans-Golgi network (GO:0005802, 7.61E-03)
serine/threonine protein kinase complex (GO:1902554, 9.05E-03)","chromosome, centromeric region (GO:0000775, 8.69E-05)
unconventional myosin complex (GO:0016461, 1.56E-03)
ooplasm (GO:1990917, 1.66E-03)
mitotic spindle (GO:0072686, 2.39E-03)
condensed chromosome (GO:0000793, 3.07E-03)","chromosome, centromeric region (GO:0000775, 2.71E-04)
ooplasm (GO:1990917, 1.44E-03)
protein kinase complex (GO:1902911, 2.84E-03)
trans-Golgi network (GO:0005802, 4.22E-03)
serine/threonine protein kinase complex (GO:1902554, 5.98E-03)","ooplasm (GO:1990917, 1.74E-03)","chromosome, centromeric region (GO:0000775, 1.26E-04)
unconventional myosin complex (GO:0016461, 1.58E-03)
ooplasm (GO:1990917, 1.67E-03)
mitotic spindle (GO:0072686, 2.73E-03)
condensed chromosome (GO:0000793, 3.79E-03)
protein kinase complex (GO:1902911, 4.56E-03)
trans-Golgi network (GO:0005802, 7.83E-03)
serine/threonine protein kinase complex (GO:1902554, 9.26E-03)","chromosome, centromeric region (GO:0000775, 1.16E-04)
unconventional myosin complex (GO:0016461, 1.60E-03)
ooplasm (GO:1990917, 1.70E-03)
mitotic spindle (GO:0072686, 2.65E-03)
condensed chromosome (GO:0000793, 3.66E-03)
protein kinase complex (GO:1902911, 4.43E-03)
trans-Golgi network (GO:0005802, 7.58E-03)
serine/threonine protein kinase complex (GO:1902554, 9.04E-03)","chromosome, centromeric region (GO:0000775, 1.16E-04)
unconventional myosin complex (GO:0016461, 1.65E-03)
ooplasm (GO:1990917, 1.70E-03)
mitotic spindle (GO:0072686, 2.71E-03)
condensed chromosome (GO:0000793, 3.74E-03)
protein kinase complex (GO:1902911, 4.53E-03)
trans-Golgi network (GO:0005802, 7.58E-03)
serine/threonine protein kinase complex (GO:1902554, 9.04E-03)"
set3,"chromosome, centromeric region (GO:0000775, 1.31E-04)
unconventional myosin complex (GO:0016461, 1.60E-03)
ooplasm (GO:1990917, 1.68E-03)
mitotic spindle (GO:0072686, 2.82E-03)
condensed chromosome (GO:0000793, 3.92E-03)
protein kinase complex (GO:1902911, 4.68E-03)
trans-Golgi network (GO:0005802, 8.07E-03)
serine/threonine protein kinase complex (GO:1902554, 9.48E-03)","chromosome, centromeric region (GO:0000775, 5.05E-04)
unconventional myosin complex (GO:0016461, 1.55E-03)
ooplasm (GO:1990917, 1.66E-03)
protein kinase complex (GO:1902911, 4.45E-03)
trans-Golgi network (GO:0005802, 7.61E-03)
serine/threonine protein kinase complex (GO:1902554, 9.05E-03)","chromosome, centromeric region (GO:0000775, 8.69E-05)
unconventional myosin complex (GO:0016461, 1.56E-03)
ooplasm (GO:1990917, 1.66E-03)
mitotic spindle (GO:0072686, 2.39E-03)
condensed chromosome (GO:0000793, 3.07E-03)","chromosome, centromeric region (GO:0000775, 2.71E-04)
ooplasm (GO:1990917, 1.44E-03)
protein kinase complex (GO:1902911, 2.84E-03)
trans-Golgi network (GO:0005802, 4.22E-03)
serine/threonine protein kinase complex (GO:1902554, 5.98E-03)","ooplasm (GO:1990917, 1.74E-03)","chromosome, centromeric region (GO:0000775, 1.26E-04)
unconventional myosin complex (GO:0016461, 1.58E-03)
ooplasm (GO:1990917, 1.67E-03)
mitotic spindle (GO:0072686, 2.73E-03)
condensed chromosome (GO:0000793, 3.79E-03)
protein kinase complex (GO:1902911, 4.56E-03)
trans-Golgi network (GO:0005802, 7.83E-03)
serine/threonine protein kinase complex (GO:1902554, 9.26E-03)","chromosome, centromeric region (GO:0000775, 1.16E-04)
unconventional myosin complex (GO:0016461, 1.60E-03)
ooplasm (GO:1990917, 1.70E-03)
mitotic spindle (GO:0072686, 2.65E-03)
condensed chromosome (GO:0000793, 3.66E-03)
protein kinase complex (GO:1902911, 4.43E-03)
trans-Golgi network (GO:0005802, 7.58E-03)
serine/threonine protein kinase complex (GO:1902554, 9.04E-03)","chromosome, centromeric region (GO:0000775, 1.16E-04)
unconventional myosin complex (GO:0016461, 1.65E-03)
ooplasm (GO:1990917, 1.70E-03)
mitotic spindle (GO:0072686, 2.71E-03)
condensed chromosome (GO:0000793, 3.74E-03)
protein kinase complex (GO:1902911, 4.53E-03)
trans-Golgi network (GO:0005802, 7.58E-03)
serine/threonine protein kinase complex (GO:1902554, 9.04E-03)"
set4,"chromosome, centromeric region (GO:0000775, 1.31E-04)
unconventional myosin complex (GO:0016461, 1.60E-03)
ooplasm (GO:1990917, 1.68E-03)
mitotic spindle (GO:0072686, 2.82E-03)
condensed chromosome (GO:0000793, 3.92E-03)
protein kinase complex (GO:1902911, 4.68E-03)
trans-Golgi network (GO:0005802, 8.07E-03)
serine/threonine protein kinase complex (GO:1902554, 9.48E-03)","chromosome, centromeric region (GO:0000775, 5.05E-04)
unconventional myosin complex (GO:0016461, 1.55E-03)
ooplasm (GO:1990917, 1.66E-03)
protein kinase complex (GO:1902911, 4.45E-03)
trans-Golgi network (GO:0005802, 7.61E-03)
serine/threonine protein kinase complex (GO:1902554, 9.05E-03)","chromosome, centromeric region (GO:0000775, 8.69E-05)
unconventional myosin complex (GO:0016461, 1.56E-03)
ooplasm (GO:1990917, 1.66E-03)
mitotic spindle (GO:0072686, 2.39E-03)
condensed chromosome (GO:0000793, 3.07E-03)","chromosome, centromeric region (GO:0000775, 2.71E-04)
ooplasm (GO:1990917, 1.44E-03)
protein kinase complex (GO:1902911, 2.84E-03)
trans-Golgi network (GO:0005802, 4.22E-03)
serine/threonine protein kinase complex (GO:1902554, 5.98E-03)","ooplasm (GO:1990917, 1.74E-03)","chromosome, centromeric region (GO:0000775, 1.26E-04)
unconventional myosin complex (GO:0016461, 1.58E-03)
ooplasm (GO:1990917, 1.67E-03)
mitotic spindle (GO:0072686, 2.73E-03)
condensed chromosome (GO:0000793, 3.79E-03)
protein kinase complex (GO:1902911, 4.56E-03)
trans-Golgi network (GO:0005802, 7.83E-03)
serine/threonine protein kinase complex (GO:1902554, 9.26E-03)","chromosome, centromeric region (GO:0000775, 1.16E-04)
unconventional myosin complex (GO:0016461, 1.60E-03)
ooplasm (GO:1990917, 1.70E-03)
mitotic spindle (GO:0072686, 2.65E-03)
condensed chromosome (GO:0000793, 3.66E-03)
protein kinase complex (GO:1902911, 4.43E-03)
trans-Golgi network (GO:0005802, 7.58E-03)
serine/threonine protein kinase complex (GO:1902554, 9.04E-03)","chromosome, centromeric region (GO:0000775, 1.16E-04)
unconventional myosin complex (GO:0016461, 1.65E-03)
ooplasm (GO:1990917, 1.70E-03)
mitotic spindle (GO:0072686, 2.71E-03)
condensed chromosome (GO:0000793, 3.74E-03)
protein kinase complex (GO:1902911, 4.53E-03)
trans-Golgi network (GO:0005802, 7.58E-03)
serine/threonine protein kinase complex (GO:1902554, 9.04E-03)"
set5,"chromosome, centromeric region (GO:0000775, 1.31E-04)
unconventional myosin complex (GO:0016461, 1.60E-03)
ooplasm (GO:1990917, 1.68E-03)
mitotic spindle (GO:0072686, 2.82E-03)
condensed chromosome (GO:0000793, 3.92E-03)
protein kinase complex (GO:1902911, 4.68E-03)
trans-Golgi network (GO:0005802, 8.07E-03)
serine/threonine protein kinase complex (GO:1902554, 9.48E-03)","chromosome, centromeric region (GO:0000775, 5.05E-04)
unconventional myosin complex (GO:0016461, 1.55E-03)
ooplasm (GO:1990917, 1.66E-03)
protein kinase complex (GO:1902911, 4.45E-03)
trans-Golgi network (GO:0005802, 7.61E-03)
serine/threonine protein kinase complex (GO:1902554, 9.05E-03)","chromosome, centromeric region (GO:0000775, 8.69E-05)
unconventional myosin complex (GO:0016461, 1.56E-03)
ooplasm (GO:1990917, 1.66E-03)
mitotic spindle (GO:0072686, 2.39E-03)
condensed chromosome (GO:0000793, 3.07E-03)","chromosome, centromeric region (GO:0000775, 2.71E-04)
ooplasm (GO:1990917, 1.44E-03)
protein kinase complex (GO:1902911, 2.84E-03)
trans-Golgi network (GO:0005802, 4.22E-03)
serine/threonine protein kinase complex (GO:1902554, 5.98E-03)","ooplasm (GO:1990917, 1.74E-03)","chromosome, centromeric region (GO:0000775, 1.26E-04)
unconventional myosin complex (GO:0016461, 1.58E-03)
ooplasm (GO:1990917, 1.67E-03)
mitotic spindle (GO:0072686, 2.73E-03)
condensed chromosome (GO:0000793, 3.79E-03)
protein kinase complex (GO:1902911, 4.56E-03)
trans-Golgi network (GO:0005802, 7.83E-03)
serine/threonine protein kinase complex (GO:1902554, 9.26E-03)","chromosome, centromeric region (GO:0000775, 1.16E-04)
unconventional myosin complex (GO:0016461, 1.60E-03)
ooplasm (GO:1990917, 1.70E-03)
mitotic spindle (GO:0072686, 2.65E-03)
condensed chromosome (GO:0000793, 3.66E-03)
protein kinase complex (GO:1902911, 4.43E-03)
trans-Golgi network (GO:0005802, 7.58E-03)
serine/threonine protein kinase complex (GO:1902554, 9.04E-03)","chromosome, centromeric region (GO:0000775, 1.16E-04)
unconventional myosin complex (GO:0016461, 1.65E-03)
ooplasm (GO:1990917, 1.70E-03)
mitotic spindle (GO:0072686, 2.71E-03)
condensed chromosome (GO:0000793, 3.74E-03)
protein kinase complex (GO:1902911, 4.53E-03)
trans-Golgi network (GO:0005802, 7.58E-03)
serine/threonine protein kinase complex (GO:1902554, 9.04E-03)"
set6,"chromosome, centromeric region (GO:0000775, 1.31E-04)
Golgi apparatus (GO:0005794, 1.06E-03)
unconventional myosin complex (GO:0016461, 1.60E-03)
ooplasm (GO:1990917, 1.68E-03)
mitotic spindle (GO:0072686, 2.82E-03)
condensed chromosome (GO:0000793, 3.92E-03)
protein kinase complex (GO:1902911, 4.68E-03)
trans-Golgi network (GO:0005802, 8.07E-03)
serine/threonine protein kinase complex (GO:1902554, 9.48E-03)","chromosome, centromeric region (GO:0000775, 5.05E-04)
Golgi apparatus (GO:0005794, 6.91E-04)
unconventional myosin complex (GO:0016461, 1.55E-03)
ooplasm (GO:1990917, 1.66E-03)
protein kinase complex (GO:1902911, 4.45E-03)
trans-Golgi network (GO:0005802, 7.61E-03)
serine/threonine protein kinase complex (GO:1902554, 9.05E-03)","chromosome, centromeric region (GO:0000775, 8.69E-05)
unconventional myosin complex (GO:0016461, 1.56E-03)
ooplasm (GO:1990917, 1.66E-03)
mitotic spindle (GO:0072686, 2.39E-03)
condensed chromosome (GO:0000793, 3.07E-03)
Golgi apparatus (GO:0005794, 3.96E-03)","chromosome, centromeric region (GO:0000775, 2.71E-04)
ooplasm (GO:1990917, 1.44E-03)
protein kinase complex (GO:1902911, 2.84E-03)
trans-Golgi network (GO:0005802, 4.22E-03)
serine/threonine protein kinase complex (GO:1902554, 5.98E-03)","ooplasm (GO:1990917, 1.74E-03)
Golgi apparatus (GO:0005794, 8.17E-03)","chromosome, centromeric region (GO:0000775, 1.26E-04)
Golgi apparatus (GO:0005794, 9.76E-04)
unconventional myosin complex (GO:0016461, 1.58E-03)
ooplasm (GO:1990917, 1.67E-03)
mitotic spindle (GO:0072686, 2.73E-03)
condensed chromosome (GO:0000793, 3.79E-03)
protein kinase complex (GO:1902911, 4.56E-03)
trans-Golgi network (GO:0005802, 7.83E-03)
serine/threonine protein kinase complex (GO:1902554, 9.26E-03)","chromosome, centromeric region (GO:0000775, 1.16E-04)
Golgi apparatus (GO:0005794, 8.94E-04)
unconventional myosin complex (GO:0016461, 1.60E-03)
ooplasm (GO:1990917, 1.70E-03)
mitotic spindle (GO:0072686, 2.65E-03)
condensed chromosome (GO:0000793, 3.66E-03)
protein kinase complex (GO:1902911, 4.43E-03)
trans-Golgi network (GO:0005802, 7.58E-03)
serine/threonine protein kinase complex (GO:1902554, 9.04E-03)","chromosome, centromeric region (GO:0000775, 1.16E-04)
unconventional myosin complex (GO:0016461, 1.65E-03)
Golgi apparatus (GO:0005794, 1.70E-03)
ooplasm (GO:1990917, 1.70E-03)
mitotic spindle (GO:0072686, 2.71E-03)
condensed chromosome (GO:0000793, 3.74E-03)
protein kinase complex (GO:1902911, 4.53E-03)
trans-Golgi network (GO:0005802, 7.58E-03)
serine/threonine protein kinase complex (GO:1902554, 9.04E-03)"
set7,"microtubule organizing center (GO:0005815, 1.20E-05)
catalytic complex (GO:1902494, 1.66E-05)
centrosome (GO:0005813, 5.22E-05)
Golgi apparatus (GO:0005794, 1.06E-03)
unconventional myosin complex (GO:0016461, 1.60E-03)
ooplasm (GO:1990917, 1.68E-03)
transferase complex (GO:1990234, 2.61E-03)
mitotic spindle (GO:0072686, 2.82E-03)
condensed chromosome (GO:0000793, 3.92E-03)
protein kinase complex (GO:1902911, 4.68E-03)
trans-Golgi network (GO:0005802, 8.07E-03)
serine/threonine protein kinase complex (GO:1902554, 9.48E-03)","catalytic complex (GO:1902494, 1.05E-05)
microtubule organizing center (GO:0005815, 2.43E-05)
centrosome (GO:0005813, 1.06E-04)
Golgi apparatus (GO:0005794, 6.91E-04)
unconventional myosin complex (GO:0016461, 1.55E-03)
ooplasm (GO:1990917, 1.66E-03)
transferase complex (GO:1990234, 2.02E-03)
protein kinase complex (GO:1902911, 4.45E-03)
trans-Golgi network (GO:0005802, 7.61E-03)
serine/threonine protein kinase complex (GO:1902554, 9.05E-03)","microtubule organizing center (GO:0005815, 5.42E-06)
centrosome (GO:0005813, 2.64E-05)
catalytic complex (GO:1902494, 3.68E-05)
unconventional myosin complex (GO:0016461, 1.56E-03)
ooplasm (GO:1990917, 1.66E-03)
mitotic spindle (GO:0072686, 2.39E-03)
condensed chromosome (GO:0000793, 3.07E-03)
Golgi apparatus (GO:0005794, 3.96E-03)
transferase complex (GO:1990234, 8.11E-03)","microtubule organizing center (GO:0005815, 2.28E-05)
catalytic complex (GO:1902494, 2.77E-05)
centrosome (GO:0005813, 3.66E-05)
ooplasm (GO:1990917, 1.44E-03)
transferase complex (GO:1990234, 1.85E-03)
protein kinase complex (GO:1902911, 2.84E-03)
trans-Golgi network (GO:0005802, 4.22E-03)
serine/threonine protein kinase complex (GO:1902554, 5.98E-03)","catalytic complex (GO:1902494, 3.75E-04)
ooplasm (GO:1990917, 1.74E-03)
transferase complex (GO:1990234, 1.94E-03)
centrosome (GO:0005813, 2.84E-03)
microtubule organizing center (GO:0005815, 3.04E-03)
Golgi apparatus (GO:0005794, 8.17E-03)","microtubule organizing center (GO:0005815, 1.10E-05)
catalytic complex (GO:1902494, 1.48E-05)
centrosome (GO:0005813, 4.67E-05)
Golgi apparatus (GO:0005794, 9.76E-04)
unconventional myosin complex (GO:0016461, 1.58E-03)
ooplasm (GO:1990917, 1.67E-03)
transferase complex (GO:1990234, 2.46E-03)
mitotic spindle (GO:0072686, 2.73E-03)
condensed chromosome (GO:0000793, 3.79E-03)
protein kinase complex (GO:1902911, 4.56E-03)
trans-Golgi network (GO:0005802, 7.83E-03)
serine/threonine protein kinase complex (GO:1902554, 9.26E-03)","microtubule organizing center (GO:0005815, 1.01E-05)
catalytic complex (GO:1902494, 1.32E-05)
centrosome (GO:0005813, 4.48E-05)
Golgi apparatus (GO:0005794, 8.94E-04)
unconventional myosin complex (GO:0016461, 1.60E-03)
ooplasm (GO:1990917, 1.70E-03)
transferase complex (GO:1990234, 2.36E-03)
mitotic spindle (GO:0072686, 2.65E-03)
condensed chromosome (GO:0000793, 3.66E-03)
protein kinase complex (GO:1902911, 4.43E-03)
trans-Golgi network (GO:0005802, 7.58E-03)
serine/threonine protein kinase complex (GO:1902554, 9.04E-03)","microtubule organizing center (GO:0005815, 1.01E-05)
catalytic complex (GO:1902494, 3.41E-05)
centrosome (GO:0005813, 4.31E-05)
unconventional myosin complex (GO:0016461, 1.65E-03)
Golgi apparatus (GO:0005794, 1.70E-03)
ooplasm (GO:1990917, 1.70E-03)
transferase complex (GO:1990234, 2.37E-03)
mitotic spindle (GO:0072686, 2.71E-03)
condensed chromosome (GO:0000793, 3.74E-03)
protein kinase complex (GO:1902911, 4.53E-03)
trans-Golgi network (GO:0005802, 7.58E-03)
serine/threonine protein kinase complex (GO:1902554, 9.04E-03)"
set8,"chromosome, centromeric region (GO:0000775, 1.31E-04)
unconventional myosin complex (GO:0016461, 1.60E-03)
ooplasm (GO:1990917, 1.68E-03)
mitotic spindle (GO:0072686, 2.82E-03)
condensed chromosome (GO:0000793, 3.92E-03)
protein kinase complex (GO:1902911, 4.68E-03)
trans-Golgi network (GO:0005802, 8.07E-03)
serine/threonine protein kinase complex (GO:1902554, 9.48E-03)","chromosome, centromeric region (GO:0000775, 5.05E-04)
unconventional myosin complex (GO:0016461, 1.55E-03)
ooplasm (GO:1990917, 1.66E-03)
protein kinase complex (GO:1902911, 4.45E-03)
trans-Golgi network (GO:0005802, 7.61E-03)
serine/threonine protein kinase complex (GO:1902554, 9.05E-03)","chromosome, centromeric region (GO:0000775, 8.69E-05)
unconventional myosin complex (GO:0016461, 1.56E-03)
ooplasm (GO:1990917, 1.66E-03)
mitotic spindle (GO:0072686, 2.39E-03)
condensed chromosome (GO:0000793, 3.07E-03)","chromosome, centromeric region (GO:0000775, 2.71E-04)
ooplasm (GO:1990917, 1.44E-03)
protein kinase complex (GO:1902911, 2.84E-03)
trans-Golgi network (GO:0005802, 4.22E-03)
serine/threonine protein kinase complex (GO:1902554, 5.98E-03)","ooplasm (GO:1990917, 1.74E-03)","chromosome, centromeric region (GO:0000775, 1.26E-04)
unconventional myosin complex (GO:0016461, 1.58E-03)
ooplasm (GO:1990917, 1.67E-03)
mitotic spindle (GO:0072686, 2.73E-03)
condensed chromosome (GO:0000793, 3.79E-03)
protein kinase complex (GO:1902911, 4.56E-03)
trans-Golgi network (GO:0005802, 7.83E-03)
serine/threonine protein kinase complex (GO:1902554, 9.26E-03)","chromosome, centromeric region (GO:0000775, 1.16E-04)
unconventional myosin complex (GO:0016461, 1.60E-03)
ooplasm (GO:1990917, 1.70E-03)
mitotic spindle (GO:0072686, 2.65E-03)
condensed chromosome (GO:0000793, 3.66E-03)
protein kinase complex (GO:1902911, 4.43E-03)
trans-Golgi network (GO:0005802, 7.58E-03)
serine/threonine protein kinase complex (GO:1902554, 9.04E-03)","chromosome, centromeric region (GO:0000775, 1.16E-04)
unconventional myosin complex (GO:0016461, 1.65E-03)
ooplasm (GO:1990917, 1.70E-03)
mitotic spindle (GO:0072686, 2.71E-03)
condensed chromosome (GO:0000793, 3.74E-03)
protein kinase complex (GO:1902911, 4.53E-03)
trans-Golgi network (GO:0005802, 7.58E-03)
serine/threonine protein kinase complex (GO:1902554, 9.04E-03)"
set9,"chromosome, centromeric region (GO:0000775, 1.31E-04)
unconventional myosin complex (GO:0016461, 1.60E-03)
ooplasm (GO:1990917, 1.68E-03)
mitotic spindle (GO:0072686, 2.82E-03)
condensed chromosome (GO:0000793, 3.92E-03)
protein kinase complex (GO:1902911, 4.68E-03)
trans-Golgi network (GO:0005802, 8.07E-03)
serine/threonine protein kinase complex (GO:1902554, 9.48E-03)","chromosome, centromeric region (GO:0000775, 5.05E-04)
unconventional myosin complex (GO:0016461, 1.55E-03)
ooplasm (GO:1990917, 1.66E-03)
protein kinase complex (GO:1902911, 4.45E-03)
trans-Golgi network (GO:0005802, 7.61E-03)
serine/threonine protein kinase complex (GO:1902554, 9.05E-03)","chromosome, centromeric region (GO:0000775, 8.69E-05)
unconventional myosin complex (GO:0016461, 1.56E-03)
ooplasm (GO:1990917, 1.66E-03)
mitotic spindle (GO:0072686, 2.39E-03)
condensed chromosome (GO:0000793, 3.07E-03)","chromosome, centromeric region (GO:0000775, 2.71E-04)
ooplasm (GO:1990917, 1.44E-03)
protein kinase complex (GO:1902911, 2.84E-03)
trans-Golgi network (GO:0005802, 4.22E-03)
serine/threonine protein kinase complex (GO:1902554, 5.98E-03)","ooplasm (GO:1990917, 1.74E-03)","chromosome, centromeric region (GO:0000775, 1.26E-04)
unconventional myosin complex (GO:0016461, 1.58E-03)
ooplasm (GO:1990917, 1.67E-03)
mitotic spindle (GO:0072686, 2.73E-03)
condensed chromosome (GO:0000793, 3.79E-03)
protein kinase complex (GO:1902911, 4.56E-03)
trans-Golgi network (GO:0005802, 7.83E-03)
serine/threonine protein kinase complex (GO:1902554, 9.26E-03)","chromosome, centromeric region (GO:0000775, 1.16E-04)
unconventional myosin complex (GO:0016461, 1.60E-03)
ooplasm (GO:1990917, 1.70E-03)
mitotic spindle (GO:0072686, 2.65E-03)
condensed chromosome (GO:0000793, 3.66E-03)
protein kinase complex (GO:1902911, 4.43E-03)
trans-Golgi network (GO:0005802, 7.58E-03)
serine/threonine protein kinase complex (GO:1902554, 9.04E-03)","chromosome, centromeric region (GO:0000775, 1.16E-04)
unconventional myosin complex (GO:0016461, 1.65E-03)
ooplasm (GO:1990917, 1.70E-03)
mitotic spindle (GO:0072686, 2.71E-03)
condensed chromosome (GO:0000793, 3.74E-03)
protein kinase complex (GO:1902911, 4.53E-03)
trans-Golgi network (GO:0005802, 7.58E-03)
serine/threonine protein kinase complex (GO:1902554, 9.04E-03)"
set10,"chromosome, centromeric region (GO:0000775, 1.31E-04)
unconventional myosin complex (GO:0016461, 1.60E-03)
ooplasm (GO:1990917, 1.68E-03)
mitotic spindle (GO:0072686, 2.82E-03)
condensed chromosome (GO:0000793, 3.92E-03)
protein kinase complex (GO:1902911, 4.68E-03)
trans-Golgi network (GO:0005802, 8.07E-03)
serine/threonine protein kinase complex (GO:1902554, 9.48E-03)","chromosome, centromeric region (GO:0000775, 5.05E-04)
unconventional myosin complex (GO:0016461, 1.55E-03)
ooplasm (GO:1990917, 1.66E-03)
protein kinase complex (GO:1902911, 4.45E-03)
trans-Golgi network (GO:0005802, 7.61E-03)
serine/threonine protein kinase complex (GO:1902554, 9.05E-03)","chromosome, centromeric region (GO:0000775, 8.69E-05)
unconventional myosin complex (GO:0016461, 1.56E-03)
ooplasm (GO:1990917, 1.66E-03)
mitotic spindle (GO:0072686, 2.39E-03)
condensed chromosome (GO:0000793, 3.07E-03)","chromosome, centromeric region (GO:0000775, 2.71E-04)
ooplasm (GO:1990917, 1.44E-03)
protein kinase complex (GO:1902911, 2.84E-03)
trans-Golgi network (GO:0005802, 4.22E-03)
serine/threonine protein kinase complex (GO:1902554, 5.98E-03)","ooplasm (GO:1990917, 1.74E-03)","chromosome, centromeric region (GO:0000775, 1.26E-04)
unconventional myosin complex (GO:0016461, 1.58E-03)
ooplasm (GO:1990917, 1.67E-03)
mitotic spindle (GO:0072686, 2.73E-03)
condensed chromosome (GO:0000793, 3.79E-03)
protein kinase complex (GO:1902911, 4.56E-03)
trans-Golgi network (GO:0005802, 7.83E-03)
serine/threonine protein kinase complex (GO:1902554, 9.26E-03)","chromosome, centromeric region (GO:0000775, 1.16E-04)
unconventional myosin complex (GO:0016461, 1.60E-03)
ooplasm (GO:1990917, 1.70E-03)
mitotic spindle (GO:0072686, 2.65E-03)
condensed chromosome (GO:0000793, 3.66E-03)
protein kinase complex (GO:1902911, 4.43E-03)
trans-Golgi network (GO:0005802, 7.58E-03)
serine/threonine protein kinase complex (GO:1902554, 9.04E-03)","chromosome, centromeric region (GO:0000775, 1.16E-04)
unconventional myosin complex (GO:0016461, 1.65E-03)
ooplasm (GO:1990917, 1.70E-03)
mitotic spindle (GO:0072686, 2.71E-03)
condensed chromosome (GO:0000793, 3.74E-03)
protein kinase complex (GO:1902911, 4.53E-03)
trans-Golgi network (GO:0005802, 7.58E-03)
serine/threonine protein kinase complex (GO:1902554, 9.04E-03)"
