,set1,set2,set3,set4,set5,set6,set7,set8
set1,"Cohesin Loading onto Chromatin (REAC:R-HSA-2470946, 1.46E-06)
Mitotic Telophase/Cytokinesis (REAC:R-HSA-68884, 5.74E-06)
Establishment of Sister Chromatid Cohesion (REAC:R-HSA-2468052, 7.40E-05)
Resolution of Sister Chromatid Cohesion (REAC:R-HSA-2500257, 3.51E-04)
Mitotic Prometaphase (REAC:R-HSA-68877, 1.09E-03)
Separation of Sister Chromatids (REAC:R-HSA-2467813, 2.63E-03)
Cell Cycle, Mitotic (REAC:R-HSA-69278, 5.21E-03)","Cohesin Loading onto Chromatin (REAC:R-HSA-2470946, 1.02E-04)
Mitotic Telophase/Cytokinesis (REAC:R-HSA-68884, 2.53E-04)
Establishment of Sister Chromatid Cohesion (REAC:R-HSA-2468052, 2.39E-03)
Resolution of Sister Chromatid Cohesion (REAC:R-HSA-2500257, 2.39E-03)
Mitotic Prometaphase (REAC:R-HSA-68877, 3.95E-03)
Separation of Sister Chromatids (REAC:R-HSA-2467813, 9.55E-03)","Cohesin Loading onto Chromatin (REAC:R-HSA-2470946, 1.19E-06)
Mitotic Telophase/Cytokinesis (REAC:R-HSA-68884, 4.71E-06)
Establishment of Sister Chromatid Cohesion (REAC:R-HSA-2468052, 6.27E-05)
Resolution of Sister Chromatid Cohesion (REAC:R-HSA-2500257, 2.54E-04)
Mitotic Prometaphase (REAC:R-HSA-68877, 7.60E-04)
Separation of Sister Chromatids (REAC:R-HSA-2467813, 1.89E-03)
Cell Cycle, Mitotic (REAC:R-HSA-69278, 3.19E-03)
Mitotic Anaphase (REAC:R-HSA-68882, 8.01E-03)
S Phase (REAC:R-HSA-69242, 8.01E-03)
Mitotic Metaphase and Anaphase (REAC:R-HSA-2555396, 8.01E-03)","Cohesin Loading onto Chromatin (REAC:R-HSA-2470946, 7.60E-05)
Mitotic Telophase/Cytokinesis (REAC:R-HSA-68884, 1.88E-04)
Resolution of Sister Chromatid Cohesion (REAC:R-HSA-2500257, 1.44E-03)
Establishment of Sister Chromatid Cohesion (REAC:R-HSA-2468052, 1.89E-03)
Separation of Sister Chromatids (REAC:R-HSA-2467813, 6.63E-03)
Mitotic Prometaphase (REAC:R-HSA-68877, 9.27E-03)","Cohesin Loading onto Chromatin (REAC:R-HSA-2470946, 2.88E-03)
Mitotic Telophase/Cytokinesis (REAC:R-HSA-68884, 4.77E-03)","Cohesin Loading onto Chromatin (REAC:R-HSA-2470946, 1.39E-06)
Mitotic Telophase/Cytokinesis (REAC:R-HSA-68884, 5.50E-06)
Establishment of Sister Chromatid Cohesion (REAC:R-HSA-2468052, 7.13E-05)
Resolution of Sister Chromatid Cohesion (REAC:R-HSA-2500257, 3.28E-04)
Mitotic Prometaphase (REAC:R-HSA-68877, 1.01E-03)
Separation of Sister Chromatids (REAC:R-HSA-2467813, 2.45E-03)
Cell Cycle, Mitotic (REAC:R-HSA-69278, 4.71E-03)","Cohesin Loading onto Chromatin (REAC:R-HSA-2470946, 1.40E-06)
Mitotic Telophase/Cytokinesis (REAC:R-HSA-68884, 5.51E-06)
Establishment of Sister Chromatid Cohesion (REAC:R-HSA-2468052, 7.15E-05)
Resolution of Sister Chromatid Cohesion (REAC:R-HSA-2500257, 3.29E-04)
Mitotic Prometaphase (REAC:R-HSA-68877, 1.01E-03)
Separation of Sister Chromatids (REAC:R-HSA-2467813, 2.46E-03)
Cell Cycle, Mitotic (REAC:R-HSA-69278, 4.72E-03)","Cohesin Loading onto Chromatin (REAC:R-HSA-2470946, 1.33E-06)
Mitotic Telophase/Cytokinesis (REAC:R-HSA-68884, 5.26E-06)
Establishment of Sister Chromatid Cohesion (REAC:R-HSA-2468052, 6.87E-05)
Resolution of Sister Chromatid Cohesion (REAC:R-HSA-2500257, 3.06E-04)
Mitotic Prometaphase (REAC:R-HSA-68877, 9.36E-04)
Separation of Sister Chromatids (REAC:R-HSA-2467813, 2.29E-03)
Cell Cycle, Mitotic (REAC:R-HSA-69278, 4.25E-03)
Mitotic Anaphase (REAC:R-HSA-68882, 9.42E-03)
S Phase (REAC:R-HSA-69242, 9.42E-03)
Mitotic Metaphase and Anaphase (REAC:R-HSA-2555396, 9.42E-03)"
set2,"Cohesin Loading onto Chromatin (REAC:R-HSA-2470946, 1.46E-06)
Mitotic Telophase/Cytokinesis (REAC:R-HSA-68884, 5.74E-06)
Establishment of Sister Chromatid Cohesion (REAC:R-HSA-2468052, 7.40E-05)
Resolution of Sister Chromatid Cohesion (REAC:R-HSA-2500257, 3.51E-04)
Mitotic Prometaphase (REAC:R-HSA-68877, 1.09E-03)
Separation of Sister Chromatids (REAC:R-HSA-2467813, 2.63E-03)
Cell Cycle, Mitotic (REAC:R-HSA-69278, 5.21E-03)","Cohesin Loading onto Chromatin (REAC:R-HSA-2470946, 1.02E-04)
Mitotic Telophase/Cytokinesis (REAC:R-HSA-68884, 2.53E-04)
Establishment of Sister Chromatid Cohesion (REAC:R-HSA-2468052, 2.39E-03)
Resolution of Sister Chromatid Cohesion (REAC:R-HSA-2500257, 2.39E-03)
Mitotic Prometaphase (REAC:R-HSA-68877, 3.95E-03)
Separation of Sister Chromatids (REAC:R-HSA-2467813, 9.55E-03)","Cohesin Loading onto Chromatin (REAC:R-HSA-2470946, 1.19E-06)
Mitotic Telophase/Cytokinesis (REAC:R-HSA-68884, 4.71E-06)
Establishment of Sister Chromatid Cohesion (REAC:R-HSA-2468052, 6.27E-05)
Resolution of Sister Chromatid Cohesion (REAC:R-HSA-2500257, 2.54E-04)
Mitotic Prometaphase (REAC:R-HSA-68877, 7.60E-04)
Separation of Sister Chromatids (REAC:R-HSA-2467813, 1.89E-03)
Cell Cycle, Mitotic (REAC:R-HSA-69278, 3.19E-03)
Mitotic Anaphase (REAC:R-HSA-68882, 8.01E-03)
S Phase (REAC:R-HSA-69242, 8.01E-03)
Mitotic Metaphase and Anaphase (REAC:R-HSA-2555396, 8.01E-03)","Cohesin Loading onto Chromatin (REAC:R-HSA-2470946, 7.60E-05)
Mitotic Telophase/Cytokinesis (REAC:R-HSA-68884, 1.88E-04)
Resolution of Sister Chromatid Cohesion (REAC:R-HSA-2500257, 1.44E-03)
Establishment of Sister Chromatid Cohesion (REAC:R-HSA-2468052, 1.89E-03)
Separation of Sister Chromatids (REAC:R-HSA-2467813, 6.63E-03)
Mitotic Prometaphase (REAC:R-HSA-68877, 9.27E-03)","Cohesin Loading onto Chromatin (REAC:R-HSA-2470946, 2.88E-03)
Mitotic Telophase/Cytokinesis (REAC:R-HSA-68884, 4.77E-03)","Cohesin Loading onto Chromatin (REAC:R-HSA-2470946, 1.39E-06)
Mitotic Telophase/Cytokinesis (REAC:R-HSA-68884, 5.50E-06)
Establishment of Sister Chromatid Cohesion (REAC:R-HSA-2468052, 7.13E-05)
Resolution of Sister Chromatid Cohesion (REAC:R-HSA-2500257, 3.28E-04)
Mitotic Prometaphase (REAC:R-HSA-68877, 1.01E-03)
Separation of Sister Chromatids (REAC:R-HSA-2467813, 2.45E-03)
Cell Cycle, Mitotic (REAC:R-HSA-69278, 4.71E-03)","Cohesin Loading onto Chromatin (REAC:R-HSA-2470946, 1.40E-06)
Mitotic Telophase/Cytokinesis (REAC:R-HSA-68884, 5.51E-06)
Establishment of Sister Chromatid Cohesion (REAC:R-HSA-2468052, 7.15E-05)
Resolution of Sister Chromatid Cohesion (REAC:R-HSA-2500257, 3.29E-04)
Mitotic Prometaphase (REAC:R-HSA-68877, 1.01E-03)
Separation of Sister Chromatids (REAC:R-HSA-2467813, 2.46E-03)
Cell Cycle, Mitotic (REAC:R-HSA-69278, 4.72E-03)","Cohesin Loading onto Chromatin (REAC:R-HSA-2470946, 1.33E-06)
Mitotic Telophase/Cytokinesis (REAC:R-HSA-68884, 5.26E-06)
Establishment of Sister Chromatid Cohesion (REAC:R-HSA-2468052, 6.87E-05)
Resolution of Sister Chromatid Cohesion (REAC:R-HSA-2500257, 3.06E-04)
Mitotic Prometaphase (REAC:R-HSA-68877, 9.36E-04)
Separation of Sister Chromatids (REAC:R-HSA-2467813, 2.29E-03)
Cell Cycle, Mitotic (REAC:R-HSA-69278, 4.25E-03)
Mitotic Anaphase (REAC:R-HSA-68882, 9.42E-03)
S Phase (REAC:R-HSA-69242, 9.42E-03)
Mitotic Metaphase and Anaphase (REAC:R-HSA-2555396, 9.42E-03)"
set3,"Cohesin Loading onto Chromatin (REAC:R-HSA-2470946, 1.46E-06)
Mitotic Telophase/Cytokinesis (REAC:R-HSA-68884, 5.74E-06)
Establishment of Sister Chromatid Cohesion (REAC:R-HSA-2468052, 7.40E-05)
Resolution of Sister Chromatid Cohesion (REAC:R-HSA-2500257, 3.51E-04)
Mitotic Prometaphase (REAC:R-HSA-68877, 1.09E-03)
Separation of Sister Chromatids (REAC:R-HSA-2467813, 2.63E-03)
Cell Cycle, Mitotic (REAC:R-HSA-69278, 5.21E-03)","Cohesin Loading onto Chromatin (REAC:R-HSA-2470946, 1.02E-04)
Mitotic Telophase/Cytokinesis (REAC:R-HSA-68884, 2.53E-04)
Establishment of Sister Chromatid Cohesion (REAC:R-HSA-2468052, 2.39E-03)
Resolution of Sister Chromatid Cohesion (REAC:R-HSA-2500257, 2.39E-03)
Mitotic Prometaphase (REAC:R-HSA-68877, 3.95E-03)
Separation of Sister Chromatids (REAC:R-HSA-2467813, 9.55E-03)","Cohesin Loading onto Chromatin (REAC:R-HSA-2470946, 1.19E-06)
Mitotic Telophase/Cytokinesis (REAC:R-HSA-68884, 4.71E-06)
Establishment of Sister Chromatid Cohesion (REAC:R-HSA-2468052, 6.27E-05)
Resolution of Sister Chromatid Cohesion (REAC:R-HSA-2500257, 2.54E-04)
Mitotic Prometaphase (REAC:R-HSA-68877, 7.60E-04)
Separation of Sister Chromatids (REAC:R-HSA-2467813, 1.89E-03)
Cell Cycle, Mitotic (REAC:R-HSA-69278, 3.19E-03)
Mitotic Anaphase (REAC:R-HSA-68882, 8.01E-03)
S Phase (REAC:R-HSA-69242, 8.01E-03)
Mitotic Metaphase and Anaphase (REAC:R-HSA-2555396, 8.01E-03)","Cohesin Loading onto Chromatin (REAC:R-HSA-2470946, 7.60E-05)
Mitotic Telophase/Cytokinesis (REAC:R-HSA-68884, 1.88E-04)
Resolution of Sister Chromatid Cohesion (REAC:R-HSA-2500257, 1.44E-03)
Establishment of Sister Chromatid Cohesion (REAC:R-HSA-2468052, 1.89E-03)
Separation of Sister Chromatids (REAC:R-HSA-2467813, 6.63E-03)
Mitotic Prometaphase (REAC:R-HSA-68877, 9.27E-03)","Cohesin Loading onto Chromatin (REAC:R-HSA-2470946, 2.88E-03)
Mitotic Telophase/Cytokinesis (REAC:R-HSA-68884, 4.77E-03)","Cohesin Loading onto Chromatin (REAC:R-HSA-2470946, 1.39E-06)
Mitotic Telophase/Cytokinesis (REAC:R-HSA-68884, 5.50E-06)
Establishment of Sister Chromatid Cohesion (REAC:R-HSA-2468052, 7.13E-05)
Resolution of Sister Chromatid Cohesion (REAC:R-HSA-2500257, 3.28E-04)
Mitotic Prometaphase (REAC:R-HSA-68877, 1.01E-03)
Separation of Sister Chromatids (REAC:R-HSA-2467813, 2.45E-03)
Cell Cycle, Mitotic (REAC:R-HSA-69278, 4.71E-03)","Cohesin Loading onto Chromatin (REAC:R-HSA-2470946, 1.40E-06)
Mitotic Telophase/Cytokinesis (REAC:R-HSA-68884, 5.51E-06)
Establishment of Sister Chromatid Cohesion (REAC:R-HSA-2468052, 7.15E-05)
Resolution of Sister Chromatid Cohesion (REAC:R-HSA-2500257, 3.29E-04)
Mitotic Prometaphase (REAC:R-HSA-68877, 1.01E-03)
Separation of Sister Chromatids (REAC:R-HSA-2467813, 2.46E-03)
Cell Cycle, Mitotic (REAC:R-HSA-69278, 4.72E-03)","Cohesin Loading onto Chromatin (REAC:R-HSA-2470946, 1.33E-06)
Mitotic Telophase/Cytokinesis (REAC:R-HSA-68884, 5.26E-06)
Establishment of Sister Chromatid Cohesion (REAC:R-HSA-2468052, 6.87E-05)
Resolution of Sister Chromatid Cohesion (REAC:R-HSA-2500257, 3.06E-04)
Mitotic Prometaphase (REAC:R-HSA-68877, 9.36E-04)
Separation of Sister Chromatids (REAC:R-HSA-2467813, 2.29E-03)
Cell Cycle, Mitotic (REAC:R-HSA-69278, 4.25E-03)
Mitotic Anaphase (REAC:R-HSA-68882, 9.42E-03)
S Phase (REAC:R-HSA-69242, 9.42E-03)
Mitotic Metaphase and Anaphase (REAC:R-HSA-2555396, 9.42E-03)"
set4,"Cohesin Loading onto Chromatin (REAC:R-HSA-2470946, 1.46E-06)
Mitotic Telophase/Cytokinesis (REAC:R-HSA-68884, 5.74E-06)
Establishment of Sister Chromatid Cohesion (REAC:R-HSA-2468052, 7.40E-05)
Resolution of Sister Chromatid Cohesion (REAC:R-HSA-2500257, 3.51E-04)
Mitotic Prometaphase (REAC:R-HSA-68877, 1.09E-03)
Separation of Sister Chromatids (REAC:R-HSA-2467813, 2.63E-03)
Cell Cycle, Mitotic (REAC:R-HSA-69278, 5.21E-03)","Cohesin Loading onto Chromatin (REAC:R-HSA-2470946, 1.02E-04)
Mitotic Telophase/Cytokinesis (REAC:R-HSA-68884, 2.53E-04)
Establishment of Sister Chromatid Cohesion (REAC:R-HSA-2468052, 2.39E-03)
Resolution of Sister Chromatid Cohesion (REAC:R-HSA-2500257, 2.39E-03)
Mitotic Prometaphase (REAC:R-HSA-68877, 3.95E-03)
Separation of Sister Chromatids (REAC:R-HSA-2467813, 9.55E-03)","Cohesin Loading onto Chromatin (REAC:R-HSA-2470946, 1.19E-06)
Mitotic Telophase/Cytokinesis (REAC:R-HSA-68884, 4.71E-06)
Establishment of Sister Chromatid Cohesion (REAC:R-HSA-2468052, 6.27E-05)
Resolution of Sister Chromatid Cohesion (REAC:R-HSA-2500257, 2.54E-04)
Mitotic Prometaphase (REAC:R-HSA-68877, 7.60E-04)
Separation of Sister Chromatids (REAC:R-HSA-2467813, 1.89E-03)
Cell Cycle, Mitotic (REAC:R-HSA-69278, 3.19E-03)
Mitotic Anaphase (REAC:R-HSA-68882, 8.01E-03)
S Phase (REAC:R-HSA-69242, 8.01E-03)
Mitotic Metaphase and Anaphase (REAC:R-HSA-2555396, 8.01E-03)","Cohesin Loading onto Chromatin (REAC:R-HSA-2470946, 7.60E-05)
Mitotic Telophase/Cytokinesis (REAC:R-HSA-68884, 1.88E-04)
Resolution of Sister Chromatid Cohesion (REAC:R-HSA-2500257, 1.44E-03)
Establishment of Sister Chromatid Cohesion (REAC:R-HSA-2468052, 1.89E-03)
Separation of Sister Chromatids (REAC:R-HSA-2467813, 6.63E-03)
Mitotic Prometaphase (REAC:R-HSA-68877, 9.27E-03)","Cohesin Loading onto Chromatin (REAC:R-HSA-2470946, 2.88E-03)
Mitotic Telophase/Cytokinesis (REAC:R-HSA-68884, 4.77E-03)","Cohesin Loading onto Chromatin (REAC:R-HSA-2470946, 1.39E-06)
Mitotic Telophase/Cytokinesis (REAC:R-HSA-68884, 5.50E-06)
Establishment of Sister Chromatid Cohesion (REAC:R-HSA-2468052, 7.13E-05)
Resolution of Sister Chromatid Cohesion (REAC:R-HSA-2500257, 3.28E-04)
Mitotic Prometaphase (REAC:R-HSA-68877, 1.01E-03)
Separation of Sister Chromatids (REAC:R-HSA-2467813, 2.45E-03)
Cell Cycle, Mitotic (REAC:R-HSA-69278, 4.71E-03)","Cohesin Loading onto Chromatin (REAC:R-HSA-2470946, 1.40E-06)
Mitotic Telophase/Cytokinesis (REAC:R-HSA-68884, 5.51E-06)
Establishment of Sister Chromatid Cohesion (REAC:R-HSA-2468052, 7.15E-05)
Resolution of Sister Chromatid Cohesion (REAC:R-HSA-2500257, 3.29E-04)
Mitotic Prometaphase (REAC:R-HSA-68877, 1.01E-03)
Separation of Sister Chromatids (REAC:R-HSA-2467813, 2.46E-03)
Cell Cycle, Mitotic (REAC:R-HSA-69278, 4.72E-03)","Cohesin Loading onto Chromatin (REAC:R-HSA-2470946, 1.33E-06)
Mitotic Telophase/Cytokinesis (REAC:R-HSA-68884, 5.26E-06)
Establishment of Sister Chromatid Cohesion (REAC:R-HSA-2468052, 6.87E-05)
Resolution of Sister Chromatid Cohesion (REAC:R-HSA-2500257, 3.06E-04)
Mitotic Prometaphase (REAC:R-HSA-68877, 9.36E-04)
Separation of Sister Chromatids (REAC:R-HSA-2467813, 2.29E-03)
Cell Cycle, Mitotic (REAC:R-HSA-69278, 4.25E-03)
Mitotic Anaphase (REAC:R-HSA-68882, 9.42E-03)
S Phase (REAC:R-HSA-69242, 9.42E-03)
Mitotic Metaphase and Anaphase (REAC:R-HSA-2555396, 9.42E-03)"
set5,"Cohesin Loading onto Chromatin (REAC:R-HSA-2470946, 1.46E-06)
Mitotic Telophase/Cytokinesis (REAC:R-HSA-68884, 5.74E-06)
Establishment of Sister Chromatid Cohesion (REAC:R-HSA-2468052, 7.40E-05)
Resolution of Sister Chromatid Cohesion (REAC:R-HSA-2500257, 3.51E-04)
Mitotic Prometaphase (REAC:R-HSA-68877, 1.09E-03)
Separation of Sister Chromatids (REAC:R-HSA-2467813, 2.63E-03)
Cell Cycle, Mitotic (REAC:R-HSA-69278, 5.21E-03)","Cohesin Loading onto Chromatin (REAC:R-HSA-2470946, 1.02E-04)
Mitotic Telophase/Cytokinesis (REAC:R-HSA-68884, 2.53E-04)
Establishment of Sister Chromatid Cohesion (REAC:R-HSA-2468052, 2.39E-03)
Resolution of Sister Chromatid Cohesion (REAC:R-HSA-2500257, 2.39E-03)
Mitotic Prometaphase (REAC:R-HSA-68877, 3.95E-03)
Separation of Sister Chromatids (REAC:R-HSA-2467813, 9.55E-03)","Cohesin Loading onto Chromatin (REAC:R-HSA-2470946, 1.19E-06)
Mitotic Telophase/Cytokinesis (REAC:R-HSA-68884, 4.71E-06)
Establishment of Sister Chromatid Cohesion (REAC:R-HSA-2468052, 6.27E-05)
Resolution of Sister Chromatid Cohesion (REAC:R-HSA-2500257, 2.54E-04)
Mitotic Prometaphase (REAC:R-HSA-68877, 7.60E-04)
Separation of Sister Chromatids (REAC:R-HSA-2467813, 1.89E-03)
Cell Cycle, Mitotic (REAC:R-HSA-69278, 3.19E-03)
Mitotic Anaphase (REAC:R-HSA-68882, 8.01E-03)
S Phase (REAC:R-HSA-69242, 8.01E-03)
Mitotic Metaphase and Anaphase (REAC:R-HSA-2555396, 8.01E-03)","Cohesin Loading onto Chromatin (REAC:R-HSA-2470946, 7.60E-05)
Mitotic Telophase/Cytokinesis (REAC:R-HSA-68884, 1.88E-04)
Resolution of Sister Chromatid Cohesion (REAC:R-HSA-2500257, 1.44E-03)
Establishment of Sister Chromatid Cohesion (REAC:R-HSA-2468052, 1.89E-03)
Separation of Sister Chromatids (REAC:R-HSA-2467813, 6.63E-03)
Mitotic Prometaphase (REAC:R-HSA-68877, 9.27E-03)","Cohesin Loading onto Chromatin (REAC:R-HSA-2470946, 2.88E-03)
Mitotic Telophase/Cytokinesis (REAC:R-HSA-68884, 4.77E-03)","Cohesin Loading onto Chromatin (REAC:R-HSA-2470946, 1.39E-06)
Mitotic Telophase/Cytokinesis (REAC:R-HSA-68884, 5.50E-06)
Establishment of Sister Chromatid Cohesion (REAC:R-HSA-2468052, 7.13E-05)
Resolution of Sister Chromatid Cohesion (REAC:R-HSA-2500257, 3.28E-04)
Mitotic Prometaphase (REAC:R-HSA-68877, 1.01E-03)
Separation of Sister Chromatids (REAC:R-HSA-2467813, 2.45E-03)
Cell Cycle, Mitotic (REAC:R-HSA-69278, 4.71E-03)","Cohesin Loading onto Chromatin (REAC:R-HSA-2470946, 1.40E-06)
Mitotic Telophase/Cytokinesis (REAC:R-HSA-68884, 5.51E-06)
Establishment of Sister Chromatid Cohesion (REAC:R-HSA-2468052, 7.15E-05)
Resolution of Sister Chromatid Cohesion (REAC:R-HSA-2500257, 3.29E-04)
Mitotic Prometaphase (REAC:R-HSA-68877, 1.01E-03)
Separation of Sister Chromatids (REAC:R-HSA-2467813, 2.46E-03)
Cell Cycle, Mitotic (REAC:R-HSA-69278, 4.72E-03)","Cohesin Loading onto Chromatin (REAC:R-HSA-2470946, 1.33E-06)
Mitotic Telophase/Cytokinesis (REAC:R-HSA-68884, 5.26E-06)
Establishment of Sister Chromatid Cohesion (REAC:R-HSA-2468052, 6.87E-05)
Resolution of Sister Chromatid Cohesion (REAC:R-HSA-2500257, 3.06E-04)
Mitotic Prometaphase (REAC:R-HSA-68877, 9.36E-04)
Separation of Sister Chromatids (REAC:R-HSA-2467813, 2.29E-03)
Cell Cycle, Mitotic (REAC:R-HSA-69278, 4.25E-03)
Mitotic Anaphase (REAC:R-HSA-68882, 9.42E-03)
S Phase (REAC:R-HSA-69242, 9.42E-03)
Mitotic Metaphase and Anaphase (REAC:R-HSA-2555396, 9.42E-03)"
set6,"Cohesin Loading onto Chromatin (REAC:R-HSA-2470946, 1.46E-06)
Mitotic Telophase/Cytokinesis (REAC:R-HSA-68884, 5.74E-06)
Establishment of Sister Chromatid Cohesion (REAC:R-HSA-2468052, 7.40E-05)
Resolution of Sister Chromatid Cohesion (REAC:R-HSA-2500257, 3.51E-04)
Mitotic Prometaphase (REAC:R-HSA-68877, 1.09E-03)
Separation of Sister Chromatids (REAC:R-HSA-2467813, 2.63E-03)
Cell Cycle, Mitotic (REAC:R-HSA-69278, 5.21E-03)","Cohesin Loading onto Chromatin (REAC:R-HSA-2470946, 1.02E-04)
Mitotic Telophase/Cytokinesis (REAC:R-HSA-68884, 2.53E-04)
Establishment of Sister Chromatid Cohesion (REAC:R-HSA-2468052, 2.39E-03)
Resolution of Sister Chromatid Cohesion (REAC:R-HSA-2500257, 2.39E-03)
Mitotic Prometaphase (REAC:R-HSA-68877, 3.95E-03)
Separation of Sister Chromatids (REAC:R-HSA-2467813, 9.55E-03)","Cohesin Loading onto Chromatin (REAC:R-HSA-2470946, 1.19E-06)
Mitotic Telophase/Cytokinesis (REAC:R-HSA-68884, 4.71E-06)
Establishment of Sister Chromatid Cohesion (REAC:R-HSA-2468052, 6.27E-05)
Resolution of Sister Chromatid Cohesion (REAC:R-HSA-2500257, 2.54E-04)
Mitotic Prometaphase (REAC:R-HSA-68877, 7.60E-04)
Separation of Sister Chromatids (REAC:R-HSA-2467813, 1.89E-03)
Cell Cycle, Mitotic (REAC:R-HSA-69278, 3.19E-03)
Mitotic Anaphase (REAC:R-HSA-68882, 8.01E-03)
S Phase (REAC:R-HSA-69242, 8.01E-03)
Mitotic Metaphase and Anaphase (REAC:R-HSA-2555396, 8.01E-03)","Cohesin Loading onto Chromatin (REAC:R-HSA-2470946, 7.60E-05)
Mitotic Telophase/Cytokinesis (REAC:R-HSA-68884, 1.88E-04)
Resolution of Sister Chromatid Cohesion (REAC:R-HSA-2500257, 1.44E-03)
Establishment of Sister Chromatid Cohesion (REAC:R-HSA-2468052, 1.89E-03)
Separation of Sister Chromatids (REAC:R-HSA-2467813, 6.63E-03)
Mitotic Prometaphase (REAC:R-HSA-68877, 9.27E-03)","Cohesin Loading onto Chromatin (REAC:R-HSA-2470946, 2.88E-03)
Mitotic Telophase/Cytokinesis (REAC:R-HSA-68884, 4.77E-03)","Cohesin Loading onto Chromatin (REAC:R-HSA-2470946, 1.39E-06)
Mitotic Telophase/Cytokinesis (REAC:R-HSA-68884, 5.50E-06)
Establishment of Sister Chromatid Cohesion (REAC:R-HSA-2468052, 7.13E-05)
Resolution of Sister Chromatid Cohesion (REAC:R-HSA-2500257, 3.28E-04)
Mitotic Prometaphase (REAC:R-HSA-68877, 1.01E-03)
Separation of Sister Chromatids (REAC:R-HSA-2467813, 2.45E-03)
Cell Cycle, Mitotic (REAC:R-HSA-69278, 4.71E-03)","Cohesin Loading onto Chromatin (REAC:R-HSA-2470946, 1.40E-06)
Mitotic Telophase/Cytokinesis (REAC:R-HSA-68884, 5.51E-06)
Establishment of Sister Chromatid Cohesion (REAC:R-HSA-2468052, 7.15E-05)
Resolution of Sister Chromatid Cohesion (REAC:R-HSA-2500257, 3.29E-04)
Mitotic Prometaphase (REAC:R-HSA-68877, 1.01E-03)
Separation of Sister Chromatids (REAC:R-HSA-2467813, 2.46E-03)
Cell Cycle, Mitotic (REAC:R-HSA-69278, 4.72E-03)","Cohesin Loading onto Chromatin (REAC:R-HSA-2470946, 1.33E-06)
Mitotic Telophase/Cytokinesis (REAC:R-HSA-68884, 5.26E-06)
Establishment of Sister Chromatid Cohesion (REAC:R-HSA-2468052, 6.87E-05)
Resolution of Sister Chromatid Cohesion (REAC:R-HSA-2500257, 3.06E-04)
Mitotic Prometaphase (REAC:R-HSA-68877, 9.36E-04)
Separation of Sister Chromatids (REAC:R-HSA-2467813, 2.29E-03)
Cell Cycle, Mitotic (REAC:R-HSA-69278, 4.25E-03)
Mitotic Anaphase (REAC:R-HSA-68882, 9.42E-03)
S Phase (REAC:R-HSA-69242, 9.42E-03)
Mitotic Metaphase and Anaphase (REAC:R-HSA-2555396, 9.42E-03)"
set7,"Cohesin Loading onto Chromatin (REAC:R-HSA-2470946, 1.46E-06)
Mitotic Telophase/Cytokinesis (REAC:R-HSA-68884, 5.74E-06)
Establishment of Sister Chromatid Cohesion (REAC:R-HSA-2468052, 7.40E-05)
Resolution of Sister Chromatid Cohesion (REAC:R-HSA-2500257, 3.51E-04)
Mitotic Prometaphase (REAC:R-HSA-68877, 1.09E-03)
Separation of Sister Chromatids (REAC:R-HSA-2467813, 2.63E-03)
Cell Cycle, Mitotic (REAC:R-HSA-69278, 5.21E-03)","Cohesin Loading onto Chromatin (REAC:R-HSA-2470946, 1.02E-04)
Mitotic Telophase/Cytokinesis (REAC:R-HSA-68884, 2.53E-04)
Establishment of Sister Chromatid Cohesion (REAC:R-HSA-2468052, 2.39E-03)
Resolution of Sister Chromatid Cohesion (REAC:R-HSA-2500257, 2.39E-03)
Mitotic Prometaphase (REAC:R-HSA-68877, 3.95E-03)
Separation of Sister Chromatids (REAC:R-HSA-2467813, 9.55E-03)","Cohesin Loading onto Chromatin (REAC:R-HSA-2470946, 1.19E-06)
Mitotic Telophase/Cytokinesis (REAC:R-HSA-68884, 4.71E-06)
Establishment of Sister Chromatid Cohesion (REAC:R-HSA-2468052, 6.27E-05)
Resolution of Sister Chromatid Cohesion (REAC:R-HSA-2500257, 2.54E-04)
Mitotic Prometaphase (REAC:R-HSA-68877, 7.60E-04)
Separation of Sister Chromatids (REAC:R-HSA-2467813, 1.89E-03)
Cell Cycle, Mitotic (REAC:R-HSA-69278, 3.19E-03)
Mitotic Anaphase (REAC:R-HSA-68882, 8.01E-03)
S Phase (REAC:R-HSA-69242, 8.01E-03)
Mitotic Metaphase and Anaphase (REAC:R-HSA-2555396, 8.01E-03)","Cohesin Loading onto Chromatin (REAC:R-HSA-2470946, 7.60E-05)
Mitotic Telophase/Cytokinesis (REAC:R-HSA-68884, 1.88E-04)
Resolution of Sister Chromatid Cohesion (REAC:R-HSA-2500257, 1.44E-03)
Establishment of Sister Chromatid Cohesion (REAC:R-HSA-2468052, 1.89E-03)
Separation of Sister Chromatids (REAC:R-HSA-2467813, 6.63E-03)
Mitotic Prometaphase (REAC:R-HSA-68877, 9.27E-03)","Cohesin Loading onto Chromatin (REAC:R-HSA-2470946, 2.88E-03)
Mitotic Telophase/Cytokinesis (REAC:R-HSA-68884, 4.77E-03)","Cohesin Loading onto Chromatin (REAC:R-HSA-2470946, 1.39E-06)
Mitotic Telophase/Cytokinesis (REAC:R-HSA-68884, 5.50E-06)
Establishment of Sister Chromatid Cohesion (REAC:R-HSA-2468052, 7.13E-05)
Resolution of Sister Chromatid Cohesion (REAC:R-HSA-2500257, 3.28E-04)
Mitotic Prometaphase (REAC:R-HSA-68877, 1.01E-03)
Separation of Sister Chromatids (REAC:R-HSA-2467813, 2.45E-03)
Cell Cycle, Mitotic (REAC:R-HSA-69278, 4.71E-03)","Cohesin Loading onto Chromatin (REAC:R-HSA-2470946, 1.40E-06)
Mitotic Telophase/Cytokinesis (REAC:R-HSA-68884, 5.51E-06)
Establishment of Sister Chromatid Cohesion (REAC:R-HSA-2468052, 7.15E-05)
Resolution of Sister Chromatid Cohesion (REAC:R-HSA-2500257, 3.29E-04)
Mitotic Prometaphase (REAC:R-HSA-68877, 1.01E-03)
Separation of Sister Chromatids (REAC:R-HSA-2467813, 2.46E-03)
Cell Cycle, Mitotic (REAC:R-HSA-69278, 4.72E-03)","Cohesin Loading onto Chromatin (REAC:R-HSA-2470946, 1.33E-06)
Mitotic Telophase/Cytokinesis (REAC:R-HSA-68884, 5.26E-06)
Establishment of Sister Chromatid Cohesion (REAC:R-HSA-2468052, 6.87E-05)
Resolution of Sister Chromatid Cohesion (REAC:R-HSA-2500257, 3.06E-04)
Mitotic Prometaphase (REAC:R-HSA-68877, 9.36E-04)
Separation of Sister Chromatids (REAC:R-HSA-2467813, 2.29E-03)
Cell Cycle, Mitotic (REAC:R-HSA-69278, 4.25E-03)
Mitotic Anaphase (REAC:R-HSA-68882, 9.42E-03)
S Phase (REAC:R-HSA-69242, 9.42E-03)
Mitotic Metaphase and Anaphase (REAC:R-HSA-2555396, 9.42E-03)"
set8,"Cohesin Loading onto Chromatin (REAC:R-HSA-2470946, 1.46E-06)
Mitotic Telophase/Cytokinesis (REAC:R-HSA-68884, 5.74E-06)
Establishment of Sister Chromatid Cohesion (REAC:R-HSA-2468052, 7.40E-05)
Resolution of Sister Chromatid Cohesion (REAC:R-HSA-2500257, 3.51E-04)
Mitotic Prometaphase (REAC:R-HSA-68877, 1.09E-03)
Separation of Sister Chromatids (REAC:R-HSA-2467813, 2.63E-03)
Cell Cycle, Mitotic (REAC:R-HSA-69278, 5.21E-03)","Cohesin Loading onto Chromatin (REAC:R-HSA-2470946, 1.02E-04)
Mitotic Telophase/Cytokinesis (REAC:R-HSA-68884, 2.53E-04)
Establishment of Sister Chromatid Cohesion (REAC:R-HSA-2468052, 2.39E-03)
Resolution of Sister Chromatid Cohesion (REAC:R-HSA-2500257, 2.39E-03)
Mitotic Prometaphase (REAC:R-HSA-68877, 3.95E-03)
Separation of Sister Chromatids (REAC:R-HSA-2467813, 9.55E-03)","Cohesin Loading onto Chromatin (REAC:R-HSA-2470946, 1.19E-06)
Mitotic Telophase/Cytokinesis (REAC:R-HSA-68884, 4.71E-06)
Establishment of Sister Chromatid Cohesion (REAC:R-HSA-2468052, 6.27E-05)
Resolution of Sister Chromatid Cohesion (REAC:R-HSA-2500257, 2.54E-04)
Mitotic Prometaphase (REAC:R-HSA-68877, 7.60E-04)
Separation of Sister Chromatids (REAC:R-HSA-2467813, 1.89E-03)
Cell Cycle, Mitotic (REAC:R-HSA-69278, 3.19E-03)
Mitotic Anaphase (REAC:R-HSA-68882, 8.01E-03)
S Phase (REAC:R-HSA-69242, 8.01E-03)
Mitotic Metaphase and Anaphase (REAC:R-HSA-2555396, 8.01E-03)","Cohesin Loading onto Chromatin (REAC:R-HSA-2470946, 7.60E-05)
Mitotic Telophase/Cytokinesis (REAC:R-HSA-68884, 1.88E-04)
Resolution of Sister Chromatid Cohesion (REAC:R-HSA-2500257, 1.44E-03)
Establishment of Sister Chromatid Cohesion (REAC:R-HSA-2468052, 1.89E-03)
Separation of Sister Chromatids (REAC:R-HSA-2467813, 6.63E-03)
Mitotic Prometaphase (REAC:R-HSA-68877, 9.27E-03)","Cohesin Loading onto Chromatin (REAC:R-HSA-2470946, 2.88E-03)
Mitotic Telophase/Cytokinesis (REAC:R-HSA-68884, 4.77E-03)","Cohesin Loading onto Chromatin (REAC:R-HSA-2470946, 1.39E-06)
Mitotic Telophase/Cytokinesis (REAC:R-HSA-68884, 5.50E-06)
Establishment of Sister Chromatid Cohesion (REAC:R-HSA-2468052, 7.13E-05)
Resolution of Sister Chromatid Cohesion (REAC:R-HSA-2500257, 3.28E-04)
Mitotic Prometaphase (REAC:R-HSA-68877, 1.01E-03)
Separation of Sister Chromatids (REAC:R-HSA-2467813, 2.45E-03)
Cell Cycle, Mitotic (REAC:R-HSA-69278, 4.71E-03)","Cohesin Loading onto Chromatin (REAC:R-HSA-2470946, 1.40E-06)
Mitotic Telophase/Cytokinesis (REAC:R-HSA-68884, 5.51E-06)
Establishment of Sister Chromatid Cohesion (REAC:R-HSA-2468052, 7.15E-05)
Resolution of Sister Chromatid Cohesion (REAC:R-HSA-2500257, 3.29E-04)
Mitotic Prometaphase (REAC:R-HSA-68877, 1.01E-03)
Separation of Sister Chromatids (REAC:R-HSA-2467813, 2.46E-03)
Cell Cycle, Mitotic (REAC:R-HSA-69278, 4.72E-03)","Cohesin Loading onto Chromatin (REAC:R-HSA-2470946, 1.33E-06)
Mitotic Telophase/Cytokinesis (REAC:R-HSA-68884, 5.26E-06)
Establishment of Sister Chromatid Cohesion (REAC:R-HSA-2468052, 6.87E-05)
Resolution of Sister Chromatid Cohesion (REAC:R-HSA-2500257, 3.06E-04)
Mitotic Prometaphase (REAC:R-HSA-68877, 9.36E-04)
Separation of Sister Chromatids (REAC:R-HSA-2467813, 2.29E-03)
Cell Cycle, Mitotic (REAC:R-HSA-69278, 4.25E-03)
Mitotic Anaphase (REAC:R-HSA-68882, 9.42E-03)
S Phase (REAC:R-HSA-69242, 9.42E-03)
Mitotic Metaphase and Anaphase (REAC:R-HSA-2555396, 9.42E-03)"
set9,"Cohesin Loading onto Chromatin (REAC:R-HSA-2470946, 1.46E-06)
Mitotic Telophase/Cytokinesis (REAC:R-HSA-68884, 5.74E-06)
Establishment of Sister Chromatid Cohesion (REAC:R-HSA-2468052, 7.40E-05)
Resolution of Sister Chromatid Cohesion (REAC:R-HSA-2500257, 3.51E-04)
Mitotic Prometaphase (REAC:R-HSA-68877, 1.09E-03)
Separation of Sister Chromatids (REAC:R-HSA-2467813, 2.63E-03)
Cell Cycle, Mitotic (REAC:R-HSA-69278, 5.21E-03)","Cohesin Loading onto Chromatin (REAC:R-HSA-2470946, 1.02E-04)
Mitotic Telophase/Cytokinesis (REAC:R-HSA-68884, 2.53E-04)
Establishment of Sister Chromatid Cohesion (REAC:R-HSA-2468052, 2.39E-03)
Resolution of Sister Chromatid Cohesion (REAC:R-HSA-2500257, 2.39E-03)
Mitotic Prometaphase (REAC:R-HSA-68877, 3.95E-03)
Separation of Sister Chromatids (REAC:R-HSA-2467813, 9.55E-03)","Cohesin Loading onto Chromatin (REAC:R-HSA-2470946, 1.19E-06)
Mitotic Telophase/Cytokinesis (REAC:R-HSA-68884, 4.71E-06)
Establishment of Sister Chromatid Cohesion (REAC:R-HSA-2468052, 6.27E-05)
Resolution of Sister Chromatid Cohesion (REAC:R-HSA-2500257, 2.54E-04)
Mitotic Prometaphase (REAC:R-HSA-68877, 7.60E-04)
Separation of Sister Chromatids (REAC:R-HSA-2467813, 1.89E-03)
Cell Cycle, Mitotic (REAC:R-HSA-69278, 3.19E-03)
Mitotic Anaphase (REAC:R-HSA-68882, 8.01E-03)
S Phase (REAC:R-HSA-69242, 8.01E-03)
Mitotic Metaphase and Anaphase (REAC:R-HSA-2555396, 8.01E-03)","Cohesin Loading onto Chromatin (REAC:R-HSA-2470946, 7.60E-05)
Mitotic Telophase/Cytokinesis (REAC:R-HSA-68884, 1.88E-04)
Resolution of Sister Chromatid Cohesion (REAC:R-HSA-2500257, 1.44E-03)
Establishment of Sister Chromatid Cohesion (REAC:R-HSA-2468052, 1.89E-03)
Separation of Sister Chromatids (REAC:R-HSA-2467813, 6.63E-03)
Mitotic Prometaphase (REAC:R-HSA-68877, 9.27E-03)","Cohesin Loading onto Chromatin (REAC:R-HSA-2470946, 2.88E-03)
Mitotic Telophase/Cytokinesis (REAC:R-HSA-68884, 4.77E-03)","Cohesin Loading onto Chromatin (REAC:R-HSA-2470946, 1.39E-06)
Mitotic Telophase/Cytokinesis (REAC:R-HSA-68884, 5.50E-06)
Establishment of Sister Chromatid Cohesion (REAC:R-HSA-2468052, 7.13E-05)
Resolution of Sister Chromatid Cohesion (REAC:R-HSA-2500257, 3.28E-04)
Mitotic Prometaphase (REAC:R-HSA-68877, 1.01E-03)
Separation of Sister Chromatids (REAC:R-HSA-2467813, 2.45E-03)
Cell Cycle, Mitotic (REAC:R-HSA-69278, 4.71E-03)","Cohesin Loading onto Chromatin (REAC:R-HSA-2470946, 1.40E-06)
Mitotic Telophase/Cytokinesis (REAC:R-HSA-68884, 5.51E-06)
Establishment of Sister Chromatid Cohesion (REAC:R-HSA-2468052, 7.15E-05)
Resolution of Sister Chromatid Cohesion (REAC:R-HSA-2500257, 3.29E-04)
Mitotic Prometaphase (REAC:R-HSA-68877, 1.01E-03)
Separation of Sister Chromatids (REAC:R-HSA-2467813, 2.46E-03)
Cell Cycle, Mitotic (REAC:R-HSA-69278, 4.72E-03)","Cohesin Loading onto Chromatin (REAC:R-HSA-2470946, 1.33E-06)
Mitotic Telophase/Cytokinesis (REAC:R-HSA-68884, 5.26E-06)
Establishment of Sister Chromatid Cohesion (REAC:R-HSA-2468052, 6.87E-05)
Resolution of Sister Chromatid Cohesion (REAC:R-HSA-2500257, 3.06E-04)
Mitotic Prometaphase (REAC:R-HSA-68877, 9.36E-04)
Separation of Sister Chromatids (REAC:R-HSA-2467813, 2.29E-03)
Cell Cycle, Mitotic (REAC:R-HSA-69278, 4.25E-03)
Mitotic Anaphase (REAC:R-HSA-68882, 9.42E-03)
S Phase (REAC:R-HSA-69242, 9.42E-03)
Mitotic Metaphase and Anaphase (REAC:R-HSA-2555396, 9.42E-03)"
set10,"Cohesin Loading onto Chromatin (REAC:R-HSA-2470946, 1.46E-06)
Mitotic Telophase/Cytokinesis (REAC:R-HSA-68884, 5.74E-06)
Establishment of Sister Chromatid Cohesion (REAC:R-HSA-2468052, 7.40E-05)
Resolution of Sister Chromatid Cohesion (REAC:R-HSA-2500257, 3.51E-04)
Mitotic Prometaphase (REAC:R-HSA-68877, 1.09E-03)
Separation of Sister Chromatids (REAC:R-HSA-2467813, 2.63E-03)
Cell Cycle, Mitotic (REAC:R-HSA-69278, 5.21E-03)","Cohesin Loading onto Chromatin (REAC:R-HSA-2470946, 1.02E-04)
Mitotic Telophase/Cytokinesis (REAC:R-HSA-68884, 2.53E-04)
Establishment of Sister Chromatid Cohesion (REAC:R-HSA-2468052, 2.39E-03)
Resolution of Sister Chromatid Cohesion (REAC:R-HSA-2500257, 2.39E-03)
Mitotic Prometaphase (REAC:R-HSA-68877, 3.95E-03)
Separation of Sister Chromatids (REAC:R-HSA-2467813, 9.55E-03)","Cohesin Loading onto Chromatin (REAC:R-HSA-2470946, 1.19E-06)
Mitotic Telophase/Cytokinesis (REAC:R-HSA-68884, 4.71E-06)
Establishment of Sister Chromatid Cohesion (REAC:R-HSA-2468052, 6.27E-05)
Resolution of Sister Chromatid Cohesion (REAC:R-HSA-2500257, 2.54E-04)
Mitotic Prometaphase (REAC:R-HSA-68877, 7.60E-04)
Separation of Sister Chromatids (REAC:R-HSA-2467813, 1.89E-03)
Cell Cycle, Mitotic (REAC:R-HSA-69278, 3.19E-03)
Mitotic Anaphase (REAC:R-HSA-68882, 8.01E-03)
S Phase (REAC:R-HSA-69242, 8.01E-03)
Mitotic Metaphase and Anaphase (REAC:R-HSA-2555396, 8.01E-03)","Cohesin Loading onto Chromatin (REAC:R-HSA-2470946, 7.60E-05)
Mitotic Telophase/Cytokinesis (REAC:R-HSA-68884, 1.88E-04)
Resolution of Sister Chromatid Cohesion (REAC:R-HSA-2500257, 1.44E-03)
Establishment of Sister Chromatid Cohesion (REAC:R-HSA-2468052, 1.89E-03)
Separation of Sister Chromatids (REAC:R-HSA-2467813, 6.63E-03)
Mitotic Prometaphase (REAC:R-HSA-68877, 9.27E-03)","Cohesin Loading onto Chromatin (REAC:R-HSA-2470946, 2.88E-03)
Mitotic Telophase/Cytokinesis (REAC:R-HSA-68884, 4.77E-03)","Cohesin Loading onto Chromatin (REAC:R-HSA-2470946, 1.39E-06)
Mitotic Telophase/Cytokinesis (REAC:R-HSA-68884, 5.50E-06)
Establishment of Sister Chromatid Cohesion (REAC:R-HSA-2468052, 7.13E-05)
Resolution of Sister Chromatid Cohesion (REAC:R-HSA-2500257, 3.28E-04)
Mitotic Prometaphase (REAC:R-HSA-68877, 1.01E-03)
Separation of Sister Chromatids (REAC:R-HSA-2467813, 2.45E-03)
Cell Cycle, Mitotic (REAC:R-HSA-69278, 4.71E-03)","Cohesin Loading onto Chromatin (REAC:R-HSA-2470946, 1.40E-06)
Mitotic Telophase/Cytokinesis (REAC:R-HSA-68884, 5.51E-06)
Establishment of Sister Chromatid Cohesion (REAC:R-HSA-2468052, 7.15E-05)
Resolution of Sister Chromatid Cohesion (REAC:R-HSA-2500257, 3.29E-04)
Mitotic Prometaphase (REAC:R-HSA-68877, 1.01E-03)
Separation of Sister Chromatids (REAC:R-HSA-2467813, 2.46E-03)
Cell Cycle, Mitotic (REAC:R-HSA-69278, 4.72E-03)","Cohesin Loading onto Chromatin (REAC:R-HSA-2470946, 1.33E-06)
Mitotic Telophase/Cytokinesis (REAC:R-HSA-68884, 5.26E-06)
Establishment of Sister Chromatid Cohesion (REAC:R-HSA-2468052, 6.87E-05)
Resolution of Sister Chromatid Cohesion (REAC:R-HSA-2500257, 3.06E-04)
Mitotic Prometaphase (REAC:R-HSA-68877, 9.36E-04)
Separation of Sister Chromatids (REAC:R-HSA-2467813, 2.29E-03)
Cell Cycle, Mitotic (REAC:R-HSA-69278, 4.25E-03)
Mitotic Anaphase (REAC:R-HSA-68882, 9.42E-03)
S Phase (REAC:R-HSA-69242, 9.42E-03)
Mitotic Metaphase and Anaphase (REAC:R-HSA-2555396, 9.42E-03)"
