,set1,set2,set3,set4,set5,set6,set7,set8
set1,"Endoderm differentiation (WP:WP2853, 3.56E-04)
Mesodermal commitment pathway (WP:WP2857, 3.56E-04)","Endoderm differentiation (WP:WP2853, 2.35E-04)
Mesodermal commitment pathway (WP:WP2857, 2.35E-04)","Endoderm differentiation (WP:WP2853, 3.31E-04)
Mesodermal commitment pathway (WP:WP2857, 3.31E-04)","Endoderm differentiation (WP:WP2853, 1.89E-04)
Mesodermal commitment pathway (WP:WP2857, 8.24E-04)","Endoderm differentiation (WP:WP2853, 1.94E-03)
Mesodermal commitment pathway (WP:WP2857, 7.62E-03)","Endoderm differentiation (WP:WP2853, 3.30E-04)
Mesodermal commitment pathway (WP:WP2857, 3.30E-04)","Endoderm differentiation (WP:WP2853, 3.31E-04)
Mesodermal commitment pathway (WP:WP2857, 3.31E-04)","Endoderm differentiation (WP:WP2853, 1.79E-03)
Mesodermal commitment pathway (WP:WP2857, 1.79E-03)"
set2,"Endoderm differentiation (WP:WP2853, 3.56E-04)
Mesodermal commitment pathway (WP:WP2857, 3.56E-04)","Endoderm differentiation (WP:WP2853, 2.35E-04)
Mesodermal commitment pathway (WP:WP2857, 2.35E-04)","Endoderm differentiation (WP:WP2853, 3.31E-04)
Mesodermal commitment pathway (WP:WP2857, 3.31E-04)","Endoderm differentiation (WP:WP2853, 1.89E-04)
Mesodermal commitment pathway (WP:WP2857, 8.24E-04)","Endoderm differentiation (WP:WP2853, 1.94E-03)
Mesodermal commitment pathway (WP:WP2857, 7.62E-03)","Endoderm differentiation (WP:WP2853, 3.30E-04)
Mesodermal commitment pathway (WP:WP2857, 3.30E-04)","Endoderm differentiation (WP:WP2853, 3.31E-04)
Mesodermal commitment pathway (WP:WP2857, 3.31E-04)","Endoderm differentiation (WP:WP2853, 1.79E-03)
Mesodermal commitment pathway (WP:WP2857, 1.79E-03)"
set3,"Endoderm differentiation (WP:WP2853, 3.56E-04)
Mesodermal commitment pathway (WP:WP2857, 3.56E-04)","Endoderm differentiation (WP:WP2853, 2.35E-04)
Mesodermal commitment pathway (WP:WP2857, 2.35E-04)","Endoderm differentiation (WP:WP2853, 3.31E-04)
Mesodermal commitment pathway (WP:WP2857, 3.31E-04)","Endoderm differentiation (WP:WP2853, 1.89E-04)
Mesodermal commitment pathway (WP:WP2857, 8.24E-04)","Endoderm differentiation (WP:WP2853, 1.94E-03)
Mesodermal commitment pathway (WP:WP2857, 7.62E-03)","Endoderm differentiation (WP:WP2853, 3.30E-04)
Mesodermal commitment pathway (WP:WP2857, 3.30E-04)","Endoderm differentiation (WP:WP2853, 3.31E-04)
Mesodermal commitment pathway (WP:WP2857, 3.31E-04)","Endoderm differentiation (WP:WP2853, 1.79E-03)
Mesodermal commitment pathway (WP:WP2857, 1.79E-03)"
set4,"Endoderm differentiation (WP:WP2853, 3.56E-04)
Mesodermal commitment pathway (WP:WP2857, 3.56E-04)","Endoderm differentiation (WP:WP2853, 2.35E-04)
Mesodermal commitment pathway (WP:WP2857, 2.35E-04)","Endoderm differentiation (WP:WP2853, 3.31E-04)
Mesodermal commitment pathway (WP:WP2857, 3.31E-04)","Endoderm differentiation (WP:WP2853, 1.89E-04)
Mesodermal commitment pathway (WP:WP2857, 8.24E-04)","Endoderm differentiation (WP:WP2853, 1.94E-03)
Mesodermal commitment pathway (WP:WP2857, 7.62E-03)","Endoderm differentiation (WP:WP2853, 3.30E-04)
Mesodermal commitment pathway (WP:WP2857, 3.30E-04)","Endoderm differentiation (WP:WP2853, 3.31E-04)
Mesodermal commitment pathway (WP:WP2857, 3.31E-04)","Endoderm differentiation (WP:WP2853, 1.79E-03)
Mesodermal commitment pathway (WP:WP2857, 1.79E-03)"
set5,"Endoderm differentiation (WP:WP2853, 3.56E-04)
Mesodermal commitment pathway (WP:WP2857, 3.56E-04)","Endoderm differentiation (WP:WP2853, 2.35E-04)
Mesodermal commitment pathway (WP:WP2857, 2.35E-04)","Endoderm differentiation (WP:WP2853, 3.31E-04)
Mesodermal commitment pathway (WP:WP2857, 3.31E-04)","Endoderm differentiation (WP:WP2853, 1.89E-04)
Mesodermal commitment pathway (WP:WP2857, 8.24E-04)","Endoderm differentiation (WP:WP2853, 1.94E-03)
Mesodermal commitment pathway (WP:WP2857, 7.62E-03)","Endoderm differentiation (WP:WP2853, 3.30E-04)
Mesodermal commitment pathway (WP:WP2857, 3.30E-04)","Endoderm differentiation (WP:WP2853, 3.31E-04)
Mesodermal commitment pathway (WP:WP2857, 3.31E-04)","Endoderm differentiation (WP:WP2853, 1.79E-03)
Mesodermal commitment pathway (WP:WP2857, 1.79E-03)"
set6,"Endoderm differentiation (WP:WP2853, 3.56E-04)
Mesodermal commitment pathway (WP:WP2857, 3.56E-04)","Endoderm differentiation (WP:WP2853, 2.35E-04)
Mesodermal commitment pathway (WP:WP2857, 2.35E-04)","Endoderm differentiation (WP:WP2853, 3.31E-04)
Mesodermal commitment pathway (WP:WP2857, 3.31E-04)","Endoderm differentiation (WP:WP2853, 1.89E-04)
Mesodermal commitment pathway (WP:WP2857, 8.24E-04)","Endoderm differentiation (WP:WP2853, 1.94E-03)
Mesodermal commitment pathway (WP:WP2857, 7.62E-03)","Endoderm differentiation (WP:WP2853, 3.30E-04)
Mesodermal commitment pathway (WP:WP2857, 3.30E-04)","Endoderm differentiation (WP:WP2853, 3.31E-04)
Mesodermal commitment pathway (WP:WP2857, 3.31E-04)","Endoderm differentiation (WP:WP2853, 1.79E-03)
Mesodermal commitment pathway (WP:WP2857, 1.79E-03)"
set7,"Endoderm differentiation (WP:WP2853, 3.56E-04)
Mesodermal commitment pathway (WP:WP2857, 3.56E-04)","Endoderm differentiation (WP:WP2853, 2.35E-04)
Mesodermal commitment pathway (WP:WP2857, 2.35E-04)","Endoderm differentiation (WP:WP2853, 3.31E-04)
Mesodermal commitment pathway (WP:WP2857, 3.31E-04)","Endoderm differentiation (WP:WP2853, 1.89E-04)
Mesodermal commitment pathway (WP:WP2857, 8.24E-04)","Endoderm differentiation (WP:WP2853, 1.94E-03)
Mesodermal commitment pathway (WP:WP2857, 7.62E-03)","Endoderm differentiation (WP:WP2853, 3.30E-04)
Mesodermal commitment pathway (WP:WP2857, 3.30E-04)","Endoderm differentiation (WP:WP2853, 3.31E-04)
Mesodermal commitment pathway (WP:WP2857, 3.31E-04)","Endoderm differentiation (WP:WP2853, 1.79E-03)
Mesodermal commitment pathway (WP:WP2857, 1.79E-03)"
set8,"Endoderm differentiation (WP:WP2853, 3.56E-04)
Mesodermal commitment pathway (WP:WP2857, 3.56E-04)","Endoderm differentiation (WP:WP2853, 2.35E-04)
Mesodermal commitment pathway (WP:WP2857, 2.35E-04)","Endoderm differentiation (WP:WP2853, 3.31E-04)
Mesodermal commitment pathway (WP:WP2857, 3.31E-04)","Endoderm differentiation (WP:WP2853, 1.89E-04)
Mesodermal commitment pathway (WP:WP2857, 8.24E-04)","Endoderm differentiation (WP:WP2853, 1.94E-03)
Mesodermal commitment pathway (WP:WP2857, 7.62E-03)","Endoderm differentiation (WP:WP2853, 3.30E-04)
Mesodermal commitment pathway (WP:WP2857, 3.30E-04)","Endoderm differentiation (WP:WP2853, 3.31E-04)
Mesodermal commitment pathway (WP:WP2857, 3.31E-04)","Endoderm differentiation (WP:WP2853, 1.79E-03)
Mesodermal commitment pathway (WP:WP2857, 1.79E-03)"
set9,"Endoderm differentiation (WP:WP2853, 3.56E-04)
Mesodermal commitment pathway (WP:WP2857, 3.56E-04)","Endoderm differentiation (WP:WP2853, 2.35E-04)
Mesodermal commitment pathway (WP:WP2857, 2.35E-04)","Endoderm differentiation (WP:WP2853, 3.31E-04)
Mesodermal commitment pathway (WP:WP2857, 3.31E-04)","Endoderm differentiation (WP:WP2853, 1.89E-04)
Mesodermal commitment pathway (WP:WP2857, 8.24E-04)","Endoderm differentiation (WP:WP2853, 1.94E-03)
Mesodermal commitment pathway (WP:WP2857, 7.62E-03)","Endoderm differentiation (WP:WP2853, 3.30E-04)
Mesodermal commitment pathway (WP:WP2857, 3.30E-04)","Endoderm differentiation (WP:WP2853, 3.31E-04)
Mesodermal commitment pathway (WP:WP2857, 3.31E-04)","Endoderm differentiation (WP:WP2853, 1.79E-03)
Mesodermal commitment pathway (WP:WP2857, 1.79E-03)"
set10,"Endoderm differentiation (WP:WP2853, 3.56E-04)
Mesodermal commitment pathway (WP:WP2857, 3.56E-04)","Endoderm differentiation (WP:WP2853, 2.35E-04)
Mesodermal commitment pathway (WP:WP2857, 2.35E-04)","Endoderm differentiation (WP:WP2853, 3.31E-04)
Mesodermal commitment pathway (WP:WP2857, 3.31E-04)","Endoderm differentiation (WP:WP2853, 1.89E-04)
Mesodermal commitment pathway (WP:WP2857, 8.24E-04)","Endoderm differentiation (WP:WP2853, 1.94E-03)
Mesodermal commitment pathway (WP:WP2857, 7.62E-03)","Endoderm differentiation (WP:WP2853, 3.30E-04)
Mesodermal commitment pathway (WP:WP2857, 3.30E-04)","Endoderm differentiation (WP:WP2853, 3.31E-04)
Mesodermal commitment pathway (WP:WP2857, 3.31E-04)","Endoderm differentiation (WP:WP2853, 1.79E-03)
Mesodermal commitment pathway (WP:WP2857, 1.79E-03)"
