,set1,set2,set3,set4,set5,set6,set7,set8
set1,,,,,,,,
set2,,,,,,,,
set3,,,,,,,,
set4,,,,,,,,
set5,,,,,,,,
set6,"Adherens junction (KEGG:04520, 9.67E-03)","Cell cycle (KEGG:04110, 9.67E-03)
Adherens junction (KEGG:04520, 9.67E-03)","Adherens junction (KEGG:04520, 9.67E-03)","Adherens junction (KEGG:04520, 9.67E-03)","Cell cycle (KEGG:04110, 9.67E-03)
Adherens junction (KEGG:04520, 9.67E-03)","Adherens junction (KEGG:04520, 9.67E-03)","Adherens junction (KEGG:04520, 9.67E-03)","Adherens junction (KEGG:04520, 9.67E-03)"
set7,,,,,,,,
set8,,,,,,,,
set9,,,,,,,,
set10,,,,,,,,
