,set1,set2,set3,set4,set5,set6,set7,set8
set1,"protein binding (GO:0005515, 6.16E-14)
protein domain specific binding (GO:0019904, 4.74E-05)
chromatin binding (GO:0003682, 9.36E-05)
transferase activity (GO:0016740, 4.94E-04)
binding (GO:0005488, 6.95E-04)
molecular adaptor activity (GO:0060090, 7.14E-04)
catalytic activity, acting on a protein (GO:0140096, 7.14E-04)
protein serine kinase activity (GO:0106310, 8.19E-04)
adenyl ribonucleotide binding (GO:0032559, 8.48E-04)
ATP binding (GO:0005524, 9.83E-04)
cytoskeletal protein binding (GO:0008092, 1.03E-03)
adenyl nucleotide binding (GO:0030554, 1.05E-03)
kinase activity (GO:0016301, 1.47E-03)
protein-macromolecule adaptor activity (GO:0030674, 1.47E-03)
protein serine/threonine kinase activity (GO:0004674, 1.47E-03)
transcription coregulator activity (GO:0003712, 3.77E-03)
transferase activity, transferring phosphorus-containing groups (GO:0016772, 4.52E-03)
phosphotransferase activity, alcohol group as acceptor (GO:0016773, 4.80E-03)
DNA binding (GO:0003677, 7.03E-03)
purine ribonucleotide binding (GO:0032555, 7.06E-03)
purine ribonucleoside triphosphate binding (GO:0035639, 7.48E-03)
enzyme binding (GO:0019899, 7.48E-03)
ribonucleotide binding (GO:0032553, 7.48E-03)
protein kinase activity (GO:0004672, 8.21E-03)
purine nucleotide binding (GO:0017076, 8.21E-03)","protein binding (GO:0005515, 2.11E-13)
protein domain specific binding (GO:0019904, 1.17E-04)
chromatin binding (GO:0003682, 2.38E-04)
transferase activity (GO:0016740, 5.71E-04)
catalytic activity, acting on a protein (GO:0140096, 9.64E-04)
binding (GO:0005488, 9.64E-04)
molecular adaptor activity (GO:0060090, 1.13E-03)
protein serine kinase activity (GO:0106310, 2.57E-03)
protein-macromolecule adaptor activity (GO:0030674, 4.20E-03)
adenyl ribonucleotide binding (GO:0032559, 4.46E-03)
kinase activity (GO:0016301, 4.46E-03)
cytoskeletal protein binding (GO:0008092, 4.46E-03)
protein serine/threonine kinase activity (GO:0004674, 4.46E-03)
ATP binding (GO:0005524, 5.38E-03)
adenyl nucleotide binding (GO:0030554, 5.40E-03)
transferase activity, transferring phosphorus-containing groups (GO:0016772, 8.03E-03)
transcription coregulator activity (GO:0003712, 8.03E-03)
DNA binding (GO:0003677, 8.70E-03)
phosphotransferase activity, alcohol group as acceptor (GO:0016773, 9.41E-03)","protein binding (GO:0005515, 1.71E-14)
chromatin binding (GO:0003682, 6.96E-05)
protein domain specific binding (GO:0019904, 2.04E-04)
molecular adaptor activity (GO:0060090, 5.15E-04)
transferase activity (GO:0016740, 5.98E-04)
protein serine kinase activity (GO:0106310, 6.72E-04)
cytoskeletal protein binding (GO:0008092, 7.82E-04)
binding (GO:0005488, 8.28E-04)
adenyl ribonucleotide binding (GO:0032559, 8.28E-04)
kinase activity (GO:0016301, 8.65E-04)
ATP binding (GO:0005524, 8.65E-04)
adenyl nucleotide binding (GO:0030554, 8.65E-04)
protein serine/threonine kinase activity (GO:0004674, 8.65E-04)
protein-macromolecule adaptor activity (GO:0030674, 8.65E-04)
catalytic activity, acting on a protein (GO:0140096, 1.06E-03)
transcription coregulator activity (GO:0003712, 2.30E-03)
transferase activity, transferring phosphorus-containing groups (GO:0016772, 2.40E-03)
phosphotransferase activity, alcohol group as acceptor (GO:0016773, 2.94E-03)
enzyme binding (GO:0019899, 3.78E-03)
protein kinase activity (GO:0004672, 6.03E-03)
purine ribonucleotide binding (GO:0032555, 6.03E-03)
purine ribonucleoside triphosphate binding (GO:0035639, 6.76E-03)
ribonucleotide binding (GO:0032553, 6.76E-03)
purine nucleotide binding (GO:0017076, 7.22E-03)
cohesin loader activity (GO:0061775, 9.82E-03)","protein binding (GO:0005515, 1.03E-11)
protein domain specific binding (GO:0019904, 3.06E-05)
protein serine kinase activity (GO:0106310, 6.86E-04)
transferase activity (GO:0016740, 9.10E-04)
kinase activity (GO:0016301, 9.10E-04)
adenyl nucleotide binding (GO:0030554, 9.10E-04)
ATP binding (GO:0005524, 9.10E-04)
adenyl ribonucleotide binding (GO:0032559, 9.10E-04)
protein serine/threonine kinase activity (GO:0004674, 9.10E-04)
chromatin binding (GO:0003682, 1.01E-03)
catalytic activity, acting on a protein (GO:0140096, 1.30E-03)
binding (GO:0005488, 1.30E-03)
transferase activity, transferring phosphorus-containing groups (GO:0016772, 1.30E-03)
phosphotransferase activity, alcohol group as acceptor (GO:0016773, 1.77E-03)
molecular adaptor activity (GO:0060090, 2.27E-03)
cytoskeletal protein binding (GO:0008092, 2.61E-03)
protein kinase activity (GO:0004672, 3.99E-03)
purine ribonucleotide binding (GO:0032555, 4.65E-03)
enzyme regulator activity (GO:0030234, 4.65E-03)
ribonucleotide binding (GO:0032553, 5.30E-03)
purine ribonucleoside triphosphate binding (GO:0035639, 5.30E-03)
purine nucleotide binding (GO:0017076, 5.33E-03)
anion binding (GO:0043168, 6.97E-03)
enzyme binding (GO:0019899, 7.58E-03)
protein-macromolecule adaptor activity (GO:0030674, 7.58E-03)
histone modifying activity (GO:0140993, 8.27E-03)
enzyme activator activity (GO:0008047, 8.27E-03)
small GTPase binding (GO:0031267, 8.27E-03)
PDZ domain binding (GO:0030165, 8.27E-03)
GTPase regulator activity (GO:0030695, 9.65E-03)
nucleoside-triphosphatase regulator activity (GO:0060589, 9.65E-03)","protein binding (GO:0005515, 1.10E-11)
protein domain specific binding (GO:0019904, 7.13E-05)
chromatin binding (GO:0003682, 1.87E-04)
binding (GO:0005488, 7.80E-04)
protein serine kinase activity (GO:0106310, 2.35E-03)
transferase activity (GO:0016740, 3.64E-03)
catalytic activity, acting on a protein (GO:0140096, 3.64E-03)
molecular adaptor activity (GO:0060090, 4.28E-03)
kinase activity (GO:0016301, 8.29E-03)
protein serine/threonine kinase activity (GO:0004674, 8.72E-03)","protein binding (GO:0005515, 1.38E-14)
protein domain specific binding (GO:0019904, 4.35E-05)
chromatin binding (GO:0003682, 8.64E-05)
transferase activity (GO:0016740, 6.28E-04)
molecular adaptor activity (GO:0060090, 6.28E-04)
catalytic activity, acting on a protein (GO:0140096, 6.28E-04)
binding (GO:0005488, 6.28E-04)
protein serine kinase activity (GO:0106310, 7.65E-04)
adenyl ribonucleotide binding (GO:0032559, 7.65E-04)
ATP binding (GO:0005524, 8.89E-04)
cytoskeletal protein binding (GO:0008092, 9.43E-04)
adenyl nucleotide binding (GO:0030554, 9.43E-04)
kinase activity (GO:0016301, 1.37E-03)
protein-macromolecule adaptor activity (GO:0030674, 1.37E-03)
protein serine/threonine kinase activity (GO:0004674, 1.37E-03)
transcription coregulator activity (GO:0003712, 3.56E-03)
transferase activity, transferring phosphorus-containing groups (GO:0016772, 4.21E-03)
phosphotransferase activity, alcohol group as acceptor (GO:0016773, 4.53E-03)
DNA binding (GO:0003677, 6.30E-03)
purine ribonucleotide binding (GO:0032555, 6.42E-03)
purine ribonucleoside triphosphate binding (GO:0035639, 6.81E-03)
enzyme binding (GO:0019899, 6.81E-03)
ribonucleotide binding (GO:0032553, 6.81E-03)
purine nucleotide binding (GO:0017076, 7.54E-03)
protein kinase activity (GO:0004672, 7.77E-03)","protein binding (GO:0005515, 1.01E-13)
protein domain specific binding (GO:0019904, 4.01E-05)
chromatin binding (GO:0003682, 8.02E-05)
transferase activity (GO:0016740, 3.79E-04)
molecular adaptor activity (GO:0060090, 5.75E-04)
catalytic activity, acting on a protein (GO:0140096, 5.75E-04)
binding (GO:0005488, 5.75E-04)
protein serine kinase activity (GO:0106310, 6.94E-04)
adenyl ribonucleotide binding (GO:0032559, 6.94E-04)
ATP binding (GO:0005524, 8.09E-04)
cytoskeletal protein binding (GO:0008092, 8.55E-04)
adenyl nucleotide binding (GO:0030554, 8.55E-04)
kinase activity (GO:0016301, 1.28E-03)
protein-macromolecule adaptor activity (GO:0030674, 1.28E-03)
protein serine/threonine kinase activity (GO:0004674, 1.28E-03)
transcription coregulator activity (GO:0003712, 3.38E-03)
transferase activity, transferring phosphorus-containing groups (GO:0016772, 3.93E-03)
phosphotransferase activity, alcohol group as acceptor (GO:0016773, 4.46E-03)
DNA binding (GO:0003677, 5.67E-03)
protein kinase activity (GO:0004672, 9.08E-03)","protein binding (GO:0005515, 1.00E-13)
protein domain specific binding (GO:0019904, 3.99E-05)
chromatin binding (GO:0003682, 7.98E-05)
transferase activity (GO:0016740, 5.72E-04)
molecular adaptor activity (GO:0060090, 5.72E-04)
catalytic activity, acting on a protein (GO:0140096, 5.72E-04)
binding (GO:0005488, 5.72E-04)
protein serine kinase activity (GO:0106310, 6.91E-04)
adenyl ribonucleotide binding (GO:0032559, 6.91E-04)
ATP binding (GO:0005524, 8.05E-04)
cytoskeletal protein binding (GO:0008092, 8.51E-04)
adenyl nucleotide binding (GO:0030554, 8.51E-04)
kinase activity (GO:0016301, 1.28E-03)
protein-macromolecule adaptor activity (GO:0030674, 1.28E-03)
protein serine/threonine kinase activity (GO:0004674, 1.28E-03)
transcription coregulator activity (GO:0003712, 3.37E-03)
transferase activity, transferring phosphorus-containing groups (GO:0016772, 3.92E-03)
phosphotransferase activity, alcohol group as acceptor (GO:0016773, 4.44E-03)
DNA binding (GO:0003677, 5.65E-03)
enzyme binding (GO:0019899, 6.79E-03)
protein kinase activity (GO:0004672, 8.64E-03)"
set2,"protein binding (GO:0005515, 6.16E-14)
protein domain specific binding (GO:0019904, 4.74E-05)
chromatin binding (GO:0003682, 9.36E-05)
transferase activity (GO:0016740, 4.94E-04)
binding (GO:0005488, 6.95E-04)
molecular adaptor activity (GO:0060090, 7.14E-04)
catalytic activity, acting on a protein (GO:0140096, 7.14E-04)
protein serine kinase activity (GO:0106310, 8.19E-04)
adenyl ribonucleotide binding (GO:0032559, 8.48E-04)
ATP binding (GO:0005524, 9.83E-04)
cytoskeletal protein binding (GO:0008092, 1.03E-03)
adenyl nucleotide binding (GO:0030554, 1.05E-03)
kinase activity (GO:0016301, 1.47E-03)
protein-macromolecule adaptor activity (GO:0030674, 1.47E-03)
protein serine/threonine kinase activity (GO:0004674, 1.47E-03)
transcription coregulator activity (GO:0003712, 3.77E-03)
transferase activity, transferring phosphorus-containing groups (GO:0016772, 4.52E-03)
phosphotransferase activity, alcohol group as acceptor (GO:0016773, 4.80E-03)
DNA binding (GO:0003677, 7.03E-03)
purine ribonucleotide binding (GO:0032555, 7.06E-03)
purine ribonucleoside triphosphate binding (GO:0035639, 7.48E-03)
enzyme binding (GO:0019899, 7.48E-03)
ribonucleotide binding (GO:0032553, 7.48E-03)
protein kinase activity (GO:0004672, 8.21E-03)
purine nucleotide binding (GO:0017076, 8.21E-03)","protein binding (GO:0005515, 2.11E-13)
protein domain specific binding (GO:0019904, 1.17E-04)
chromatin binding (GO:0003682, 2.38E-04)
transferase activity (GO:0016740, 5.71E-04)
catalytic activity, acting on a protein (GO:0140096, 9.64E-04)
binding (GO:0005488, 9.64E-04)
molecular adaptor activity (GO:0060090, 1.13E-03)
protein serine kinase activity (GO:0106310, 2.57E-03)
protein-macromolecule adaptor activity (GO:0030674, 4.20E-03)
adenyl ribonucleotide binding (GO:0032559, 4.46E-03)
kinase activity (GO:0016301, 4.46E-03)
cytoskeletal protein binding (GO:0008092, 4.46E-03)
protein serine/threonine kinase activity (GO:0004674, 4.46E-03)
ATP binding (GO:0005524, 5.38E-03)
adenyl nucleotide binding (GO:0030554, 5.40E-03)
transferase activity, transferring phosphorus-containing groups (GO:0016772, 8.03E-03)
transcription coregulator activity (GO:0003712, 8.03E-03)
DNA binding (GO:0003677, 8.70E-03)
phosphotransferase activity, alcohol group as acceptor (GO:0016773, 9.41E-03)","protein binding (GO:0005515, 1.71E-14)
chromatin binding (GO:0003682, 6.96E-05)
protein domain specific binding (GO:0019904, 2.04E-04)
molecular adaptor activity (GO:0060090, 5.15E-04)
transferase activity (GO:0016740, 5.98E-04)
protein serine kinase activity (GO:0106310, 6.72E-04)
cytoskeletal protein binding (GO:0008092, 7.82E-04)
binding (GO:0005488, 8.28E-04)
adenyl ribonucleotide binding (GO:0032559, 8.28E-04)
kinase activity (GO:0016301, 8.65E-04)
ATP binding (GO:0005524, 8.65E-04)
adenyl nucleotide binding (GO:0030554, 8.65E-04)
protein serine/threonine kinase activity (GO:0004674, 8.65E-04)
protein-macromolecule adaptor activity (GO:0030674, 8.65E-04)
catalytic activity, acting on a protein (GO:0140096, 1.06E-03)
transcription coregulator activity (GO:0003712, 2.30E-03)
transferase activity, transferring phosphorus-containing groups (GO:0016772, 2.40E-03)
phosphotransferase activity, alcohol group as acceptor (GO:0016773, 2.94E-03)
enzyme binding (GO:0019899, 3.78E-03)
protein kinase activity (GO:0004672, 6.03E-03)
purine ribonucleotide binding (GO:0032555, 6.03E-03)
purine ribonucleoside triphosphate binding (GO:0035639, 6.76E-03)
ribonucleotide binding (GO:0032553, 6.76E-03)
purine nucleotide binding (GO:0017076, 7.22E-03)
cohesin loader activity (GO:0061775, 9.82E-03)","protein binding (GO:0005515, 1.03E-11)
protein domain specific binding (GO:0019904, 3.06E-05)
protein serine kinase activity (GO:0106310, 6.86E-04)
transferase activity (GO:0016740, 9.10E-04)
kinase activity (GO:0016301, 9.10E-04)
adenyl nucleotide binding (GO:0030554, 9.10E-04)
ATP binding (GO:0005524, 9.10E-04)
adenyl ribonucleotide binding (GO:0032559, 9.10E-04)
protein serine/threonine kinase activity (GO:0004674, 9.10E-04)
chromatin binding (GO:0003682, 1.01E-03)
catalytic activity, acting on a protein (GO:0140096, 1.30E-03)
binding (GO:0005488, 1.30E-03)
transferase activity, transferring phosphorus-containing groups (GO:0016772, 1.30E-03)
phosphotransferase activity, alcohol group as acceptor (GO:0016773, 1.77E-03)
molecular adaptor activity (GO:0060090, 2.27E-03)
cytoskeletal protein binding (GO:0008092, 2.61E-03)
protein kinase activity (GO:0004672, 3.99E-03)
purine ribonucleotide binding (GO:0032555, 4.65E-03)
enzyme regulator activity (GO:0030234, 4.65E-03)
ribonucleotide binding (GO:0032553, 5.30E-03)
purine ribonucleoside triphosphate binding (GO:0035639, 5.30E-03)
purine nucleotide binding (GO:0017076, 5.33E-03)
anion binding (GO:0043168, 6.97E-03)
enzyme binding (GO:0019899, 7.58E-03)
protein-macromolecule adaptor activity (GO:0030674, 7.58E-03)
histone modifying activity (GO:0140993, 8.27E-03)
enzyme activator activity (GO:0008047, 8.27E-03)
small GTPase binding (GO:0031267, 8.27E-03)
PDZ domain binding (GO:0030165, 8.27E-03)
GTPase regulator activity (GO:0030695, 9.65E-03)
nucleoside-triphosphatase regulator activity (GO:0060589, 9.65E-03)","protein binding (GO:0005515, 1.10E-11)
protein domain specific binding (GO:0019904, 7.13E-05)
chromatin binding (GO:0003682, 1.87E-04)
binding (GO:0005488, 7.80E-04)
protein serine kinase activity (GO:0106310, 2.35E-03)
transferase activity (GO:0016740, 3.64E-03)
catalytic activity, acting on a protein (GO:0140096, 3.64E-03)
molecular adaptor activity (GO:0060090, 4.28E-03)
kinase activity (GO:0016301, 8.29E-03)
protein serine/threonine kinase activity (GO:0004674, 8.72E-03)","protein binding (GO:0005515, 1.38E-14)
protein domain specific binding (GO:0019904, 4.35E-05)
chromatin binding (GO:0003682, 8.64E-05)
transferase activity (GO:0016740, 6.28E-04)
molecular adaptor activity (GO:0060090, 6.28E-04)
catalytic activity, acting on a protein (GO:0140096, 6.28E-04)
binding (GO:0005488, 6.28E-04)
protein serine kinase activity (GO:0106310, 7.65E-04)
adenyl ribonucleotide binding (GO:0032559, 7.65E-04)
ATP binding (GO:0005524, 8.89E-04)
cytoskeletal protein binding (GO:0008092, 9.43E-04)
adenyl nucleotide binding (GO:0030554, 9.43E-04)
kinase activity (GO:0016301, 1.37E-03)
protein-macromolecule adaptor activity (GO:0030674, 1.37E-03)
protein serine/threonine kinase activity (GO:0004674, 1.37E-03)
transcription coregulator activity (GO:0003712, 3.56E-03)
transferase activity, transferring phosphorus-containing groups (GO:0016772, 4.21E-03)
phosphotransferase activity, alcohol group as acceptor (GO:0016773, 4.53E-03)
DNA binding (GO:0003677, 6.30E-03)
purine ribonucleotide binding (GO:0032555, 6.42E-03)
purine ribonucleoside triphosphate binding (GO:0035639, 6.81E-03)
enzyme binding (GO:0019899, 6.81E-03)
ribonucleotide binding (GO:0032553, 6.81E-03)
purine nucleotide binding (GO:0017076, 7.54E-03)
protein kinase activity (GO:0004672, 7.77E-03)","protein binding (GO:0005515, 1.01E-13)
protein domain specific binding (GO:0019904, 4.01E-05)
chromatin binding (GO:0003682, 8.02E-05)
transferase activity (GO:0016740, 3.79E-04)
molecular adaptor activity (GO:0060090, 5.75E-04)
catalytic activity, acting on a protein (GO:0140096, 5.75E-04)
binding (GO:0005488, 5.75E-04)
protein serine kinase activity (GO:0106310, 6.94E-04)
adenyl ribonucleotide binding (GO:0032559, 6.94E-04)
ATP binding (GO:0005524, 8.09E-04)
cytoskeletal protein binding (GO:0008092, 8.55E-04)
adenyl nucleotide binding (GO:0030554, 8.55E-04)
kinase activity (GO:0016301, 1.28E-03)
protein-macromolecule adaptor activity (GO:0030674, 1.28E-03)
protein serine/threonine kinase activity (GO:0004674, 1.28E-03)
transcription coregulator activity (GO:0003712, 3.38E-03)
transferase activity, transferring phosphorus-containing groups (GO:0016772, 3.93E-03)
phosphotransferase activity, alcohol group as acceptor (GO:0016773, 4.46E-03)
DNA binding (GO:0003677, 5.67E-03)
protein kinase activity (GO:0004672, 9.08E-03)","protein binding (GO:0005515, 1.00E-13)
protein domain specific binding (GO:0019904, 3.99E-05)
chromatin binding (GO:0003682, 7.98E-05)
transferase activity (GO:0016740, 5.72E-04)
molecular adaptor activity (GO:0060090, 5.72E-04)
catalytic activity, acting on a protein (GO:0140096, 5.72E-04)
binding (GO:0005488, 5.72E-04)
protein serine kinase activity (GO:0106310, 6.91E-04)
adenyl ribonucleotide binding (GO:0032559, 6.91E-04)
ATP binding (GO:0005524, 8.05E-04)
cytoskeletal protein binding (GO:0008092, 8.51E-04)
adenyl nucleotide binding (GO:0030554, 8.51E-04)
kinase activity (GO:0016301, 1.28E-03)
protein-macromolecule adaptor activity (GO:0030674, 1.28E-03)
protein serine/threonine kinase activity (GO:0004674, 1.28E-03)
transcription coregulator activity (GO:0003712, 3.37E-03)
transferase activity, transferring phosphorus-containing groups (GO:0016772, 3.92E-03)
phosphotransferase activity, alcohol group as acceptor (GO:0016773, 4.44E-03)
DNA binding (GO:0003677, 5.65E-03)
enzyme binding (GO:0019899, 6.79E-03)
protein kinase activity (GO:0004672, 8.64E-03)"
set3,"protein binding (GO:0005515, 6.16E-14)
protein domain specific binding (GO:0019904, 4.74E-05)
chromatin binding (GO:0003682, 9.36E-05)
transferase activity (GO:0016740, 4.94E-04)
binding (GO:0005488, 6.95E-04)
molecular adaptor activity (GO:0060090, 7.14E-04)
catalytic activity, acting on a protein (GO:0140096, 7.14E-04)
protein serine kinase activity (GO:0106310, 8.19E-04)
adenyl ribonucleotide binding (GO:0032559, 8.48E-04)
ATP binding (GO:0005524, 9.83E-04)
cytoskeletal protein binding (GO:0008092, 1.03E-03)
adenyl nucleotide binding (GO:0030554, 1.05E-03)
kinase activity (GO:0016301, 1.47E-03)
protein-macromolecule adaptor activity (GO:0030674, 1.47E-03)
protein serine/threonine kinase activity (GO:0004674, 1.47E-03)
transcription coregulator activity (GO:0003712, 3.77E-03)
transferase activity, transferring phosphorus-containing groups (GO:0016772, 4.52E-03)
phosphotransferase activity, alcohol group as acceptor (GO:0016773, 4.80E-03)
DNA binding (GO:0003677, 7.03E-03)
purine ribonucleotide binding (GO:0032555, 7.06E-03)
purine ribonucleoside triphosphate binding (GO:0035639, 7.48E-03)
enzyme binding (GO:0019899, 7.48E-03)
ribonucleotide binding (GO:0032553, 7.48E-03)
protein kinase activity (GO:0004672, 8.21E-03)
purine nucleotide binding (GO:0017076, 8.21E-03)","protein binding (GO:0005515, 2.11E-13)
protein domain specific binding (GO:0019904, 1.17E-04)
chromatin binding (GO:0003682, 2.38E-04)
transferase activity (GO:0016740, 5.71E-04)
catalytic activity, acting on a protein (GO:0140096, 9.64E-04)
binding (GO:0005488, 9.64E-04)
molecular adaptor activity (GO:0060090, 1.13E-03)
protein serine kinase activity (GO:0106310, 2.57E-03)
protein-macromolecule adaptor activity (GO:0030674, 4.20E-03)
adenyl ribonucleotide binding (GO:0032559, 4.46E-03)
kinase activity (GO:0016301, 4.46E-03)
cytoskeletal protein binding (GO:0008092, 4.46E-03)
protein serine/threonine kinase activity (GO:0004674, 4.46E-03)
ATP binding (GO:0005524, 5.38E-03)
adenyl nucleotide binding (GO:0030554, 5.40E-03)
transferase activity, transferring phosphorus-containing groups (GO:0016772, 8.03E-03)
transcription coregulator activity (GO:0003712, 8.03E-03)
DNA binding (GO:0003677, 8.70E-03)
phosphotransferase activity, alcohol group as acceptor (GO:0016773, 9.41E-03)","protein binding (GO:0005515, 1.71E-14)
chromatin binding (GO:0003682, 6.96E-05)
protein domain specific binding (GO:0019904, 2.04E-04)
molecular adaptor activity (GO:0060090, 5.15E-04)
transferase activity (GO:0016740, 5.98E-04)
protein serine kinase activity (GO:0106310, 6.72E-04)
cytoskeletal protein binding (GO:0008092, 7.82E-04)
binding (GO:0005488, 8.28E-04)
adenyl ribonucleotide binding (GO:0032559, 8.28E-04)
kinase activity (GO:0016301, 8.65E-04)
ATP binding (GO:0005524, 8.65E-04)
adenyl nucleotide binding (GO:0030554, 8.65E-04)
protein serine/threonine kinase activity (GO:0004674, 8.65E-04)
protein-macromolecule adaptor activity (GO:0030674, 8.65E-04)
catalytic activity, acting on a protein (GO:0140096, 1.06E-03)
transcription coregulator activity (GO:0003712, 2.30E-03)
transferase activity, transferring phosphorus-containing groups (GO:0016772, 2.40E-03)
phosphotransferase activity, alcohol group as acceptor (GO:0016773, 2.94E-03)
enzyme binding (GO:0019899, 3.78E-03)
protein kinase activity (GO:0004672, 6.03E-03)
purine ribonucleotide binding (GO:0032555, 6.03E-03)
purine ribonucleoside triphosphate binding (GO:0035639, 6.76E-03)
ribonucleotide binding (GO:0032553, 6.76E-03)
purine nucleotide binding (GO:0017076, 7.22E-03)
cohesin loader activity (GO:0061775, 9.82E-03)","protein binding (GO:0005515, 1.03E-11)
protein domain specific binding (GO:0019904, 3.06E-05)
protein serine kinase activity (GO:0106310, 6.86E-04)
transferase activity (GO:0016740, 9.10E-04)
kinase activity (GO:0016301, 9.10E-04)
adenyl nucleotide binding (GO:0030554, 9.10E-04)
ATP binding (GO:0005524, 9.10E-04)
adenyl ribonucleotide binding (GO:0032559, 9.10E-04)
protein serine/threonine kinase activity (GO:0004674, 9.10E-04)
chromatin binding (GO:0003682, 1.01E-03)
catalytic activity, acting on a protein (GO:0140096, 1.30E-03)
binding (GO:0005488, 1.30E-03)
transferase activity, transferring phosphorus-containing groups (GO:0016772, 1.30E-03)
phosphotransferase activity, alcohol group as acceptor (GO:0016773, 1.77E-03)
molecular adaptor activity (GO:0060090, 2.27E-03)
cytoskeletal protein binding (GO:0008092, 2.61E-03)
protein kinase activity (GO:0004672, 3.99E-03)
purine ribonucleotide binding (GO:0032555, 4.65E-03)
enzyme regulator activity (GO:0030234, 4.65E-03)
ribonucleotide binding (GO:0032553, 5.30E-03)
purine ribonucleoside triphosphate binding (GO:0035639, 5.30E-03)
purine nucleotide binding (GO:0017076, 5.33E-03)
anion binding (GO:0043168, 6.97E-03)
enzyme binding (GO:0019899, 7.58E-03)
protein-macromolecule adaptor activity (GO:0030674, 7.58E-03)
histone modifying activity (GO:0140993, 8.27E-03)
enzyme activator activity (GO:0008047, 8.27E-03)
small GTPase binding (GO:0031267, 8.27E-03)
PDZ domain binding (GO:0030165, 8.27E-03)
GTPase regulator activity (GO:0030695, 9.65E-03)
nucleoside-triphosphatase regulator activity (GO:0060589, 9.65E-03)","protein binding (GO:0005515, 1.10E-11)
protein domain specific binding (GO:0019904, 7.13E-05)
chromatin binding (GO:0003682, 1.87E-04)
binding (GO:0005488, 7.80E-04)
protein serine kinase activity (GO:0106310, 2.35E-03)
transferase activity (GO:0016740, 3.64E-03)
catalytic activity, acting on a protein (GO:0140096, 3.64E-03)
molecular adaptor activity (GO:0060090, 4.28E-03)
kinase activity (GO:0016301, 8.29E-03)
protein serine/threonine kinase activity (GO:0004674, 8.72E-03)","protein binding (GO:0005515, 1.38E-14)
protein domain specific binding (GO:0019904, 4.35E-05)
chromatin binding (GO:0003682, 8.64E-05)
transferase activity (GO:0016740, 6.28E-04)
molecular adaptor activity (GO:0060090, 6.28E-04)
catalytic activity, acting on a protein (GO:0140096, 6.28E-04)
binding (GO:0005488, 6.28E-04)
protein serine kinase activity (GO:0106310, 7.65E-04)
adenyl ribonucleotide binding (GO:0032559, 7.65E-04)
ATP binding (GO:0005524, 8.89E-04)
cytoskeletal protein binding (GO:0008092, 9.43E-04)
adenyl nucleotide binding (GO:0030554, 9.43E-04)
kinase activity (GO:0016301, 1.37E-03)
protein-macromolecule adaptor activity (GO:0030674, 1.37E-03)
protein serine/threonine kinase activity (GO:0004674, 1.37E-03)
transcription coregulator activity (GO:0003712, 3.56E-03)
transferase activity, transferring phosphorus-containing groups (GO:0016772, 4.21E-03)
phosphotransferase activity, alcohol group as acceptor (GO:0016773, 4.53E-03)
DNA binding (GO:0003677, 6.30E-03)
purine ribonucleotide binding (GO:0032555, 6.42E-03)
purine ribonucleoside triphosphate binding (GO:0035639, 6.81E-03)
enzyme binding (GO:0019899, 6.81E-03)
ribonucleotide binding (GO:0032553, 6.81E-03)
purine nucleotide binding (GO:0017076, 7.54E-03)
protein kinase activity (GO:0004672, 7.77E-03)","protein binding (GO:0005515, 1.01E-13)
protein domain specific binding (GO:0019904, 4.01E-05)
chromatin binding (GO:0003682, 8.02E-05)
transferase activity (GO:0016740, 3.79E-04)
molecular adaptor activity (GO:0060090, 5.75E-04)
catalytic activity, acting on a protein (GO:0140096, 5.75E-04)
binding (GO:0005488, 5.75E-04)
protein serine kinase activity (GO:0106310, 6.94E-04)
adenyl ribonucleotide binding (GO:0032559, 6.94E-04)
ATP binding (GO:0005524, 8.09E-04)
cytoskeletal protein binding (GO:0008092, 8.55E-04)
adenyl nucleotide binding (GO:0030554, 8.55E-04)
kinase activity (GO:0016301, 1.28E-03)
protein-macromolecule adaptor activity (GO:0030674, 1.28E-03)
protein serine/threonine kinase activity (GO:0004674, 1.28E-03)
transcription coregulator activity (GO:0003712, 3.38E-03)
transferase activity, transferring phosphorus-containing groups (GO:0016772, 3.93E-03)
phosphotransferase activity, alcohol group as acceptor (GO:0016773, 4.46E-03)
DNA binding (GO:0003677, 5.67E-03)
protein kinase activity (GO:0004672, 9.08E-03)","protein binding (GO:0005515, 1.00E-13)
protein domain specific binding (GO:0019904, 3.99E-05)
chromatin binding (GO:0003682, 7.98E-05)
transferase activity (GO:0016740, 5.72E-04)
molecular adaptor activity (GO:0060090, 5.72E-04)
catalytic activity, acting on a protein (GO:0140096, 5.72E-04)
binding (GO:0005488, 5.72E-04)
protein serine kinase activity (GO:0106310, 6.91E-04)
adenyl ribonucleotide binding (GO:0032559, 6.91E-04)
ATP binding (GO:0005524, 8.05E-04)
cytoskeletal protein binding (GO:0008092, 8.51E-04)
adenyl nucleotide binding (GO:0030554, 8.51E-04)
kinase activity (GO:0016301, 1.28E-03)
protein-macromolecule adaptor activity (GO:0030674, 1.28E-03)
protein serine/threonine kinase activity (GO:0004674, 1.28E-03)
transcription coregulator activity (GO:0003712, 3.37E-03)
transferase activity, transferring phosphorus-containing groups (GO:0016772, 3.92E-03)
phosphotransferase activity, alcohol group as acceptor (GO:0016773, 4.44E-03)
DNA binding (GO:0003677, 5.65E-03)
enzyme binding (GO:0019899, 6.79E-03)
protein kinase activity (GO:0004672, 8.64E-03)"
set4,"protein binding (GO:0005515, 6.16E-14)
protein domain specific binding (GO:0019904, 4.74E-05)
chromatin binding (GO:0003682, 9.36E-05)
transferase activity (GO:0016740, 4.94E-04)
binding (GO:0005488, 6.95E-04)
molecular adaptor activity (GO:0060090, 7.14E-04)
catalytic activity, acting on a protein (GO:0140096, 7.14E-04)
protein serine kinase activity (GO:0106310, 8.19E-04)
adenyl ribonucleotide binding (GO:0032559, 8.48E-04)
ATP binding (GO:0005524, 9.83E-04)
cytoskeletal protein binding (GO:0008092, 1.03E-03)
adenyl nucleotide binding (GO:0030554, 1.05E-03)
kinase activity (GO:0016301, 1.47E-03)
protein-macromolecule adaptor activity (GO:0030674, 1.47E-03)
protein serine/threonine kinase activity (GO:0004674, 1.47E-03)
transcription coregulator activity (GO:0003712, 3.77E-03)
transferase activity, transferring phosphorus-containing groups (GO:0016772, 4.52E-03)
phosphotransferase activity, alcohol group as acceptor (GO:0016773, 4.80E-03)
DNA binding (GO:0003677, 7.03E-03)
purine ribonucleotide binding (GO:0032555, 7.06E-03)
purine ribonucleoside triphosphate binding (GO:0035639, 7.48E-03)
enzyme binding (GO:0019899, 7.48E-03)
ribonucleotide binding (GO:0032553, 7.48E-03)
protein kinase activity (GO:0004672, 8.21E-03)
purine nucleotide binding (GO:0017076, 8.21E-03)","protein binding (GO:0005515, 2.11E-13)
protein domain specific binding (GO:0019904, 1.17E-04)
chromatin binding (GO:0003682, 2.38E-04)
transferase activity (GO:0016740, 5.71E-04)
catalytic activity, acting on a protein (GO:0140096, 9.64E-04)
binding (GO:0005488, 9.64E-04)
molecular adaptor activity (GO:0060090, 1.13E-03)
protein serine kinase activity (GO:0106310, 2.57E-03)
protein-macromolecule adaptor activity (GO:0030674, 4.20E-03)
adenyl ribonucleotide binding (GO:0032559, 4.46E-03)
kinase activity (GO:0016301, 4.46E-03)
cytoskeletal protein binding (GO:0008092, 4.46E-03)
protein serine/threonine kinase activity (GO:0004674, 4.46E-03)
ATP binding (GO:0005524, 5.38E-03)
adenyl nucleotide binding (GO:0030554, 5.40E-03)
transferase activity, transferring phosphorus-containing groups (GO:0016772, 8.03E-03)
transcription coregulator activity (GO:0003712, 8.03E-03)
DNA binding (GO:0003677, 8.70E-03)
phosphotransferase activity, alcohol group as acceptor (GO:0016773, 9.41E-03)","protein binding (GO:0005515, 1.71E-14)
chromatin binding (GO:0003682, 6.96E-05)
protein domain specific binding (GO:0019904, 2.04E-04)
molecular adaptor activity (GO:0060090, 5.15E-04)
transferase activity (GO:0016740, 5.98E-04)
protein serine kinase activity (GO:0106310, 6.72E-04)
cytoskeletal protein binding (GO:0008092, 7.82E-04)
binding (GO:0005488, 8.28E-04)
adenyl ribonucleotide binding (GO:0032559, 8.28E-04)
kinase activity (GO:0016301, 8.65E-04)
ATP binding (GO:0005524, 8.65E-04)
adenyl nucleotide binding (GO:0030554, 8.65E-04)
protein serine/threonine kinase activity (GO:0004674, 8.65E-04)
protein-macromolecule adaptor activity (GO:0030674, 8.65E-04)
catalytic activity, acting on a protein (GO:0140096, 1.06E-03)
transcription coregulator activity (GO:0003712, 2.30E-03)
transferase activity, transferring phosphorus-containing groups (GO:0016772, 2.40E-03)
phosphotransferase activity, alcohol group as acceptor (GO:0016773, 2.94E-03)
enzyme binding (GO:0019899, 3.78E-03)
protein kinase activity (GO:0004672, 6.03E-03)
purine ribonucleotide binding (GO:0032555, 6.03E-03)
purine ribonucleoside triphosphate binding (GO:0035639, 6.76E-03)
ribonucleotide binding (GO:0032553, 6.76E-03)
purine nucleotide binding (GO:0017076, 7.22E-03)
cohesin loader activity (GO:0061775, 9.82E-03)","protein binding (GO:0005515, 1.03E-11)
protein domain specific binding (GO:0019904, 3.06E-05)
protein serine kinase activity (GO:0106310, 6.86E-04)
transferase activity (GO:0016740, 9.10E-04)
kinase activity (GO:0016301, 9.10E-04)
adenyl nucleotide binding (GO:0030554, 9.10E-04)
ATP binding (GO:0005524, 9.10E-04)
adenyl ribonucleotide binding (GO:0032559, 9.10E-04)
protein serine/threonine kinase activity (GO:0004674, 9.10E-04)
chromatin binding (GO:0003682, 1.01E-03)
catalytic activity, acting on a protein (GO:0140096, 1.30E-03)
binding (GO:0005488, 1.30E-03)
transferase activity, transferring phosphorus-containing groups (GO:0016772, 1.30E-03)
phosphotransferase activity, alcohol group as acceptor (GO:0016773, 1.77E-03)
molecular adaptor activity (GO:0060090, 2.27E-03)
cytoskeletal protein binding (GO:0008092, 2.61E-03)
protein kinase activity (GO:0004672, 3.99E-03)
purine ribonucleotide binding (GO:0032555, 4.65E-03)
enzyme regulator activity (GO:0030234, 4.65E-03)
ribonucleotide binding (GO:0032553, 5.30E-03)
purine ribonucleoside triphosphate binding (GO:0035639, 5.30E-03)
purine nucleotide binding (GO:0017076, 5.33E-03)
anion binding (GO:0043168, 6.97E-03)
enzyme binding (GO:0019899, 7.58E-03)
protein-macromolecule adaptor activity (GO:0030674, 7.58E-03)
histone modifying activity (GO:0140993, 8.27E-03)
enzyme activator activity (GO:0008047, 8.27E-03)
small GTPase binding (GO:0031267, 8.27E-03)
PDZ domain binding (GO:0030165, 8.27E-03)
GTPase regulator activity (GO:0030695, 9.65E-03)
nucleoside-triphosphatase regulator activity (GO:0060589, 9.65E-03)","protein binding (GO:0005515, 1.10E-11)
protein domain specific binding (GO:0019904, 7.13E-05)
chromatin binding (GO:0003682, 1.87E-04)
binding (GO:0005488, 7.80E-04)
protein serine kinase activity (GO:0106310, 2.35E-03)
transferase activity (GO:0016740, 3.64E-03)
catalytic activity, acting on a protein (GO:0140096, 3.64E-03)
molecular adaptor activity (GO:0060090, 4.28E-03)
kinase activity (GO:0016301, 8.29E-03)
protein serine/threonine kinase activity (GO:0004674, 8.72E-03)","protein binding (GO:0005515, 1.38E-14)
protein domain specific binding (GO:0019904, 4.35E-05)
chromatin binding (GO:0003682, 8.64E-05)
transferase activity (GO:0016740, 6.28E-04)
molecular adaptor activity (GO:0060090, 6.28E-04)
catalytic activity, acting on a protein (GO:0140096, 6.28E-04)
binding (GO:0005488, 6.28E-04)
protein serine kinase activity (GO:0106310, 7.65E-04)
adenyl ribonucleotide binding (GO:0032559, 7.65E-04)
ATP binding (GO:0005524, 8.89E-04)
cytoskeletal protein binding (GO:0008092, 9.43E-04)
adenyl nucleotide binding (GO:0030554, 9.43E-04)
kinase activity (GO:0016301, 1.37E-03)
protein-macromolecule adaptor activity (GO:0030674, 1.37E-03)
protein serine/threonine kinase activity (GO:0004674, 1.37E-03)
transcription coregulator activity (GO:0003712, 3.56E-03)
transferase activity, transferring phosphorus-containing groups (GO:0016772, 4.21E-03)
phosphotransferase activity, alcohol group as acceptor (GO:0016773, 4.53E-03)
DNA binding (GO:0003677, 6.30E-03)
purine ribonucleotide binding (GO:0032555, 6.42E-03)
purine ribonucleoside triphosphate binding (GO:0035639, 6.81E-03)
enzyme binding (GO:0019899, 6.81E-03)
ribonucleotide binding (GO:0032553, 6.81E-03)
purine nucleotide binding (GO:0017076, 7.54E-03)
protein kinase activity (GO:0004672, 7.77E-03)","protein binding (GO:0005515, 1.01E-13)
protein domain specific binding (GO:0019904, 4.01E-05)
chromatin binding (GO:0003682, 8.02E-05)
transferase activity (GO:0016740, 3.79E-04)
molecular adaptor activity (GO:0060090, 5.75E-04)
catalytic activity, acting on a protein (GO:0140096, 5.75E-04)
binding (GO:0005488, 5.75E-04)
protein serine kinase activity (GO:0106310, 6.94E-04)
adenyl ribonucleotide binding (GO:0032559, 6.94E-04)
ATP binding (GO:0005524, 8.09E-04)
cytoskeletal protein binding (GO:0008092, 8.55E-04)
adenyl nucleotide binding (GO:0030554, 8.55E-04)
kinase activity (GO:0016301, 1.28E-03)
protein-macromolecule adaptor activity (GO:0030674, 1.28E-03)
protein serine/threonine kinase activity (GO:0004674, 1.28E-03)
transcription coregulator activity (GO:0003712, 3.38E-03)
transferase activity, transferring phosphorus-containing groups (GO:0016772, 3.93E-03)
phosphotransferase activity, alcohol group as acceptor (GO:0016773, 4.46E-03)
DNA binding (GO:0003677, 5.67E-03)
protein kinase activity (GO:0004672, 9.08E-03)","protein binding (GO:0005515, 1.00E-13)
protein domain specific binding (GO:0019904, 3.99E-05)
chromatin binding (GO:0003682, 7.98E-05)
transferase activity (GO:0016740, 5.72E-04)
molecular adaptor activity (GO:0060090, 5.72E-04)
catalytic activity, acting on a protein (GO:0140096, 5.72E-04)
binding (GO:0005488, 5.72E-04)
protein serine kinase activity (GO:0106310, 6.91E-04)
adenyl ribonucleotide binding (GO:0032559, 6.91E-04)
ATP binding (GO:0005524, 8.05E-04)
cytoskeletal protein binding (GO:0008092, 8.51E-04)
adenyl nucleotide binding (GO:0030554, 8.51E-04)
kinase activity (GO:0016301, 1.28E-03)
protein-macromolecule adaptor activity (GO:0030674, 1.28E-03)
protein serine/threonine kinase activity (GO:0004674, 1.28E-03)
transcription coregulator activity (GO:0003712, 3.37E-03)
transferase activity, transferring phosphorus-containing groups (GO:0016772, 3.92E-03)
phosphotransferase activity, alcohol group as acceptor (GO:0016773, 4.44E-03)
DNA binding (GO:0003677, 5.65E-03)
enzyme binding (GO:0019899, 6.79E-03)
protein kinase activity (GO:0004672, 8.64E-03)"
set5,"protein binding (GO:0005515, 6.16E-14)
protein domain specific binding (GO:0019904, 4.74E-05)
chromatin binding (GO:0003682, 9.36E-05)
transferase activity (GO:0016740, 4.94E-04)
binding (GO:0005488, 6.95E-04)
molecular adaptor activity (GO:0060090, 7.14E-04)
catalytic activity, acting on a protein (GO:0140096, 7.14E-04)
protein serine kinase activity (GO:0106310, 8.19E-04)
adenyl ribonucleotide binding (GO:0032559, 8.48E-04)
ATP binding (GO:0005524, 9.83E-04)
cytoskeletal protein binding (GO:0008092, 1.03E-03)
adenyl nucleotide binding (GO:0030554, 1.05E-03)
kinase activity (GO:0016301, 1.47E-03)
protein-macromolecule adaptor activity (GO:0030674, 1.47E-03)
protein serine/threonine kinase activity (GO:0004674, 1.47E-03)
transcription coregulator activity (GO:0003712, 3.77E-03)
transferase activity, transferring phosphorus-containing groups (GO:0016772, 4.52E-03)
phosphotransferase activity, alcohol group as acceptor (GO:0016773, 4.80E-03)
DNA binding (GO:0003677, 7.03E-03)
purine ribonucleotide binding (GO:0032555, 7.06E-03)
purine ribonucleoside triphosphate binding (GO:0035639, 7.48E-03)
enzyme binding (GO:0019899, 7.48E-03)
ribonucleotide binding (GO:0032553, 7.48E-03)
protein kinase activity (GO:0004672, 8.21E-03)
purine nucleotide binding (GO:0017076, 8.21E-03)","protein binding (GO:0005515, 2.11E-13)
protein domain specific binding (GO:0019904, 1.17E-04)
chromatin binding (GO:0003682, 2.38E-04)
transferase activity (GO:0016740, 5.71E-04)
catalytic activity, acting on a protein (GO:0140096, 9.64E-04)
binding (GO:0005488, 9.64E-04)
molecular adaptor activity (GO:0060090, 1.13E-03)
protein serine kinase activity (GO:0106310, 2.57E-03)
protein-macromolecule adaptor activity (GO:0030674, 4.20E-03)
adenyl ribonucleotide binding (GO:0032559, 4.46E-03)
kinase activity (GO:0016301, 4.46E-03)
cytoskeletal protein binding (GO:0008092, 4.46E-03)
protein serine/threonine kinase activity (GO:0004674, 4.46E-03)
ATP binding (GO:0005524, 5.38E-03)
adenyl nucleotide binding (GO:0030554, 5.40E-03)
transferase activity, transferring phosphorus-containing groups (GO:0016772, 8.03E-03)
transcription coregulator activity (GO:0003712, 8.03E-03)
DNA binding (GO:0003677, 8.70E-03)
phosphotransferase activity, alcohol group as acceptor (GO:0016773, 9.41E-03)","protein binding (GO:0005515, 1.71E-14)
chromatin binding (GO:0003682, 6.96E-05)
protein domain specific binding (GO:0019904, 2.04E-04)
molecular adaptor activity (GO:0060090, 5.15E-04)
transferase activity (GO:0016740, 5.98E-04)
protein serine kinase activity (GO:0106310, 6.72E-04)
cytoskeletal protein binding (GO:0008092, 7.82E-04)
binding (GO:0005488, 8.28E-04)
adenyl ribonucleotide binding (GO:0032559, 8.28E-04)
kinase activity (GO:0016301, 8.65E-04)
ATP binding (GO:0005524, 8.65E-04)
adenyl nucleotide binding (GO:0030554, 8.65E-04)
protein serine/threonine kinase activity (GO:0004674, 8.65E-04)
protein-macromolecule adaptor activity (GO:0030674, 8.65E-04)
catalytic activity, acting on a protein (GO:0140096, 1.06E-03)
transcription coregulator activity (GO:0003712, 2.30E-03)
transferase activity, transferring phosphorus-containing groups (GO:0016772, 2.40E-03)
phosphotransferase activity, alcohol group as acceptor (GO:0016773, 2.94E-03)
enzyme binding (GO:0019899, 3.78E-03)
protein kinase activity (GO:0004672, 6.03E-03)
purine ribonucleotide binding (GO:0032555, 6.03E-03)
purine ribonucleoside triphosphate binding (GO:0035639, 6.76E-03)
ribonucleotide binding (GO:0032553, 6.76E-03)
purine nucleotide binding (GO:0017076, 7.22E-03)
cohesin loader activity (GO:0061775, 9.82E-03)","protein binding (GO:0005515, 1.03E-11)
protein domain specific binding (GO:0019904, 3.06E-05)
protein serine kinase activity (GO:0106310, 6.86E-04)
transferase activity (GO:0016740, 9.10E-04)
kinase activity (GO:0016301, 9.10E-04)
adenyl nucleotide binding (GO:0030554, 9.10E-04)
ATP binding (GO:0005524, 9.10E-04)
adenyl ribonucleotide binding (GO:0032559, 9.10E-04)
protein serine/threonine kinase activity (GO:0004674, 9.10E-04)
chromatin binding (GO:0003682, 1.01E-03)
catalytic activity, acting on a protein (GO:0140096, 1.30E-03)
binding (GO:0005488, 1.30E-03)
transferase activity, transferring phosphorus-containing groups (GO:0016772, 1.30E-03)
phosphotransferase activity, alcohol group as acceptor (GO:0016773, 1.77E-03)
molecular adaptor activity (GO:0060090, 2.27E-03)
cytoskeletal protein binding (GO:0008092, 2.61E-03)
protein kinase activity (GO:0004672, 3.99E-03)
purine ribonucleotide binding (GO:0032555, 4.65E-03)
enzyme regulator activity (GO:0030234, 4.65E-03)
ribonucleotide binding (GO:0032553, 5.30E-03)
purine ribonucleoside triphosphate binding (GO:0035639, 5.30E-03)
purine nucleotide binding (GO:0017076, 5.33E-03)
anion binding (GO:0043168, 6.97E-03)
enzyme binding (GO:0019899, 7.58E-03)
protein-macromolecule adaptor activity (GO:0030674, 7.58E-03)
histone modifying activity (GO:0140993, 8.27E-03)
enzyme activator activity (GO:0008047, 8.27E-03)
small GTPase binding (GO:0031267, 8.27E-03)
PDZ domain binding (GO:0030165, 8.27E-03)
GTPase regulator activity (GO:0030695, 9.65E-03)
nucleoside-triphosphatase regulator activity (GO:0060589, 9.65E-03)","protein binding (GO:0005515, 1.10E-11)
protein domain specific binding (GO:0019904, 7.13E-05)
chromatin binding (GO:0003682, 1.87E-04)
binding (GO:0005488, 7.80E-04)
protein serine kinase activity (GO:0106310, 2.35E-03)
transferase activity (GO:0016740, 3.64E-03)
catalytic activity, acting on a protein (GO:0140096, 3.64E-03)
molecular adaptor activity (GO:0060090, 4.28E-03)
kinase activity (GO:0016301, 8.29E-03)
protein serine/threonine kinase activity (GO:0004674, 8.72E-03)","protein binding (GO:0005515, 1.38E-14)
protein domain specific binding (GO:0019904, 4.35E-05)
chromatin binding (GO:0003682, 8.64E-05)
transferase activity (GO:0016740, 6.28E-04)
molecular adaptor activity (GO:0060090, 6.28E-04)
catalytic activity, acting on a protein (GO:0140096, 6.28E-04)
binding (GO:0005488, 6.28E-04)
protein serine kinase activity (GO:0106310, 7.65E-04)
adenyl ribonucleotide binding (GO:0032559, 7.65E-04)
ATP binding (GO:0005524, 8.89E-04)
cytoskeletal protein binding (GO:0008092, 9.43E-04)
adenyl nucleotide binding (GO:0030554, 9.43E-04)
kinase activity (GO:0016301, 1.37E-03)
protein-macromolecule adaptor activity (GO:0030674, 1.37E-03)
protein serine/threonine kinase activity (GO:0004674, 1.37E-03)
transcription coregulator activity (GO:0003712, 3.56E-03)
transferase activity, transferring phosphorus-containing groups (GO:0016772, 4.21E-03)
phosphotransferase activity, alcohol group as acceptor (GO:0016773, 4.53E-03)
DNA binding (GO:0003677, 6.30E-03)
purine ribonucleotide binding (GO:0032555, 6.42E-03)
purine ribonucleoside triphosphate binding (GO:0035639, 6.81E-03)
enzyme binding (GO:0019899, 6.81E-03)
ribonucleotide binding (GO:0032553, 6.81E-03)
purine nucleotide binding (GO:0017076, 7.54E-03)
protein kinase activity (GO:0004672, 7.77E-03)","protein binding (GO:0005515, 1.01E-13)
protein domain specific binding (GO:0019904, 4.01E-05)
chromatin binding (GO:0003682, 8.02E-05)
transferase activity (GO:0016740, 3.79E-04)
molecular adaptor activity (GO:0060090, 5.75E-04)
catalytic activity, acting on a protein (GO:0140096, 5.75E-04)
binding (GO:0005488, 5.75E-04)
protein serine kinase activity (GO:0106310, 6.94E-04)
adenyl ribonucleotide binding (GO:0032559, 6.94E-04)
ATP binding (GO:0005524, 8.09E-04)
cytoskeletal protein binding (GO:0008092, 8.55E-04)
adenyl nucleotide binding (GO:0030554, 8.55E-04)
kinase activity (GO:0016301, 1.28E-03)
protein-macromolecule adaptor activity (GO:0030674, 1.28E-03)
protein serine/threonine kinase activity (GO:0004674, 1.28E-03)
transcription coregulator activity (GO:0003712, 3.38E-03)
transferase activity, transferring phosphorus-containing groups (GO:0016772, 3.93E-03)
phosphotransferase activity, alcohol group as acceptor (GO:0016773, 4.46E-03)
DNA binding (GO:0003677, 5.67E-03)
protein kinase activity (GO:0004672, 9.08E-03)","protein binding (GO:0005515, 1.00E-13)
protein domain specific binding (GO:0019904, 3.99E-05)
chromatin binding (GO:0003682, 7.98E-05)
transferase activity (GO:0016740, 5.72E-04)
molecular adaptor activity (GO:0060090, 5.72E-04)
catalytic activity, acting on a protein (GO:0140096, 5.72E-04)
binding (GO:0005488, 5.72E-04)
protein serine kinase activity (GO:0106310, 6.91E-04)
adenyl ribonucleotide binding (GO:0032559, 6.91E-04)
ATP binding (GO:0005524, 8.05E-04)
cytoskeletal protein binding (GO:0008092, 8.51E-04)
adenyl nucleotide binding (GO:0030554, 8.51E-04)
kinase activity (GO:0016301, 1.28E-03)
protein-macromolecule adaptor activity (GO:0030674, 1.28E-03)
protein serine/threonine kinase activity (GO:0004674, 1.28E-03)
transcription coregulator activity (GO:0003712, 3.37E-03)
transferase activity, transferring phosphorus-containing groups (GO:0016772, 3.92E-03)
phosphotransferase activity, alcohol group as acceptor (GO:0016773, 4.44E-03)
DNA binding (GO:0003677, 5.65E-03)
enzyme binding (GO:0019899, 6.79E-03)
protein kinase activity (GO:0004672, 8.64E-03)"
set6,"protein binding (GO:0005515, 6.16E-14)
protein domain specific binding (GO:0019904, 4.74E-05)
chromatin binding (GO:0003682, 9.36E-05)
transferase activity (GO:0016740, 4.94E-04)
binding (GO:0005488, 6.95E-04)
molecular adaptor activity (GO:0060090, 7.14E-04)
catalytic activity, acting on a protein (GO:0140096, 7.14E-04)
protein serine kinase activity (GO:0106310, 8.19E-04)
adenyl ribonucleotide binding (GO:0032559, 8.48E-04)
ATP binding (GO:0005524, 9.83E-04)
cytoskeletal protein binding (GO:0008092, 1.03E-03)
adenyl nucleotide binding (GO:0030554, 1.05E-03)
kinase activity (GO:0016301, 1.47E-03)
protein-macromolecule adaptor activity (GO:0030674, 1.47E-03)
protein serine/threonine kinase activity (GO:0004674, 1.47E-03)
transcription coregulator activity (GO:0003712, 3.77E-03)
transferase activity, transferring phosphorus-containing groups (GO:0016772, 4.52E-03)
phosphotransferase activity, alcohol group as acceptor (GO:0016773, 4.80E-03)
DNA binding (GO:0003677, 7.03E-03)
purine ribonucleotide binding (GO:0032555, 7.06E-03)
purine ribonucleoside triphosphate binding (GO:0035639, 7.48E-03)
enzyme binding (GO:0019899, 7.48E-03)
ribonucleotide binding (GO:0032553, 7.48E-03)
protein kinase activity (GO:0004672, 8.21E-03)
purine nucleotide binding (GO:0017076, 8.21E-03)","protein binding (GO:0005515, 2.11E-13)
protein domain specific binding (GO:0019904, 1.17E-04)
chromatin binding (GO:0003682, 2.38E-04)
transferase activity (GO:0016740, 5.71E-04)
catalytic activity, acting on a protein (GO:0140096, 9.64E-04)
binding (GO:0005488, 9.64E-04)
molecular adaptor activity (GO:0060090, 1.13E-03)
protein serine kinase activity (GO:0106310, 2.57E-03)
protein-macromolecule adaptor activity (GO:0030674, 4.20E-03)
adenyl ribonucleotide binding (GO:0032559, 4.46E-03)
kinase activity (GO:0016301, 4.46E-03)
cytoskeletal protein binding (GO:0008092, 4.46E-03)
protein serine/threonine kinase activity (GO:0004674, 4.46E-03)
ATP binding (GO:0005524, 5.38E-03)
adenyl nucleotide binding (GO:0030554, 5.40E-03)
transferase activity, transferring phosphorus-containing groups (GO:0016772, 8.03E-03)
transcription coregulator activity (GO:0003712, 8.03E-03)
DNA binding (GO:0003677, 8.70E-03)
phosphotransferase activity, alcohol group as acceptor (GO:0016773, 9.41E-03)","protein binding (GO:0005515, 1.71E-14)
chromatin binding (GO:0003682, 6.96E-05)
protein domain specific binding (GO:0019904, 2.04E-04)
molecular adaptor activity (GO:0060090, 5.15E-04)
transferase activity (GO:0016740, 5.98E-04)
protein serine kinase activity (GO:0106310, 6.72E-04)
cytoskeletal protein binding (GO:0008092, 7.82E-04)
binding (GO:0005488, 8.28E-04)
adenyl ribonucleotide binding (GO:0032559, 8.28E-04)
kinase activity (GO:0016301, 8.65E-04)
ATP binding (GO:0005524, 8.65E-04)
adenyl nucleotide binding (GO:0030554, 8.65E-04)
protein serine/threonine kinase activity (GO:0004674, 8.65E-04)
protein-macromolecule adaptor activity (GO:0030674, 8.65E-04)
catalytic activity, acting on a protein (GO:0140096, 1.06E-03)
transcription coregulator activity (GO:0003712, 2.30E-03)
transferase activity, transferring phosphorus-containing groups (GO:0016772, 2.40E-03)
phosphotransferase activity, alcohol group as acceptor (GO:0016773, 2.94E-03)
enzyme binding (GO:0019899, 3.78E-03)
protein kinase activity (GO:0004672, 6.03E-03)
purine ribonucleotide binding (GO:0032555, 6.03E-03)
purine ribonucleoside triphosphate binding (GO:0035639, 6.76E-03)
ribonucleotide binding (GO:0032553, 6.76E-03)
purine nucleotide binding (GO:0017076, 7.22E-03)
cohesin loader activity (GO:0061775, 9.82E-03)","protein binding (GO:0005515, 1.03E-11)
protein domain specific binding (GO:0019904, 3.06E-05)
protein serine kinase activity (GO:0106310, 6.86E-04)
transferase activity (GO:0016740, 9.10E-04)
kinase activity (GO:0016301, 9.10E-04)
adenyl nucleotide binding (GO:0030554, 9.10E-04)
ATP binding (GO:0005524, 9.10E-04)
adenyl ribonucleotide binding (GO:0032559, 9.10E-04)
protein serine/threonine kinase activity (GO:0004674, 9.10E-04)
chromatin binding (GO:0003682, 1.01E-03)
catalytic activity, acting on a protein (GO:0140096, 1.30E-03)
binding (GO:0005488, 1.30E-03)
transferase activity, transferring phosphorus-containing groups (GO:0016772, 1.30E-03)
phosphotransferase activity, alcohol group as acceptor (GO:0016773, 1.77E-03)
molecular adaptor activity (GO:0060090, 2.27E-03)
cytoskeletal protein binding (GO:0008092, 2.61E-03)
protein kinase activity (GO:0004672, 3.99E-03)
purine ribonucleotide binding (GO:0032555, 4.65E-03)
enzyme regulator activity (GO:0030234, 4.65E-03)
ribonucleotide binding (GO:0032553, 5.30E-03)
purine ribonucleoside triphosphate binding (GO:0035639, 5.30E-03)
purine nucleotide binding (GO:0017076, 5.33E-03)
anion binding (GO:0043168, 6.97E-03)
enzyme binding (GO:0019899, 7.58E-03)
protein-macromolecule adaptor activity (GO:0030674, 7.58E-03)
histone modifying activity (GO:0140993, 8.27E-03)
enzyme activator activity (GO:0008047, 8.27E-03)
small GTPase binding (GO:0031267, 8.27E-03)
PDZ domain binding (GO:0030165, 8.27E-03)
GTPase regulator activity (GO:0030695, 9.65E-03)
nucleoside-triphosphatase regulator activity (GO:0060589, 9.65E-03)","protein binding (GO:0005515, 1.10E-11)
protein domain specific binding (GO:0019904, 7.13E-05)
chromatin binding (GO:0003682, 1.87E-04)
binding (GO:0005488, 7.80E-04)
protein serine kinase activity (GO:0106310, 2.35E-03)
transferase activity (GO:0016740, 3.64E-03)
catalytic activity, acting on a protein (GO:0140096, 3.64E-03)
molecular adaptor activity (GO:0060090, 4.28E-03)
kinase activity (GO:0016301, 8.29E-03)
protein serine/threonine kinase activity (GO:0004674, 8.72E-03)","protein binding (GO:0005515, 1.38E-14)
protein domain specific binding (GO:0019904, 4.35E-05)
chromatin binding (GO:0003682, 8.64E-05)
transferase activity (GO:0016740, 6.28E-04)
molecular adaptor activity (GO:0060090, 6.28E-04)
catalytic activity, acting on a protein (GO:0140096, 6.28E-04)
binding (GO:0005488, 6.28E-04)
protein serine kinase activity (GO:0106310, 7.65E-04)
adenyl ribonucleotide binding (GO:0032559, 7.65E-04)
ATP binding (GO:0005524, 8.89E-04)
cytoskeletal protein binding (GO:0008092, 9.43E-04)
adenyl nucleotide binding (GO:0030554, 9.43E-04)
kinase activity (GO:0016301, 1.37E-03)
protein-macromolecule adaptor activity (GO:0030674, 1.37E-03)
protein serine/threonine kinase activity (GO:0004674, 1.37E-03)
transcription coregulator activity (GO:0003712, 3.56E-03)
transferase activity, transferring phosphorus-containing groups (GO:0016772, 4.21E-03)
phosphotransferase activity, alcohol group as acceptor (GO:0016773, 4.53E-03)
DNA binding (GO:0003677, 6.30E-03)
purine ribonucleotide binding (GO:0032555, 6.42E-03)
purine ribonucleoside triphosphate binding (GO:0035639, 6.81E-03)
enzyme binding (GO:0019899, 6.81E-03)
ribonucleotide binding (GO:0032553, 6.81E-03)
purine nucleotide binding (GO:0017076, 7.54E-03)
protein kinase activity (GO:0004672, 7.77E-03)","protein binding (GO:0005515, 1.01E-13)
protein domain specific binding (GO:0019904, 4.01E-05)
chromatin binding (GO:0003682, 8.02E-05)
transferase activity (GO:0016740, 3.79E-04)
molecular adaptor activity (GO:0060090, 5.75E-04)
catalytic activity, acting on a protein (GO:0140096, 5.75E-04)
binding (GO:0005488, 5.75E-04)
protein serine kinase activity (GO:0106310, 6.94E-04)
adenyl ribonucleotide binding (GO:0032559, 6.94E-04)
ATP binding (GO:0005524, 8.09E-04)
cytoskeletal protein binding (GO:0008092, 8.55E-04)
adenyl nucleotide binding (GO:0030554, 8.55E-04)
kinase activity (GO:0016301, 1.28E-03)
protein-macromolecule adaptor activity (GO:0030674, 1.28E-03)
protein serine/threonine kinase activity (GO:0004674, 1.28E-03)
transcription coregulator activity (GO:0003712, 3.38E-03)
transferase activity, transferring phosphorus-containing groups (GO:0016772, 3.93E-03)
phosphotransferase activity, alcohol group as acceptor (GO:0016773, 4.46E-03)
DNA binding (GO:0003677, 5.67E-03)
protein kinase activity (GO:0004672, 9.08E-03)","protein binding (GO:0005515, 1.00E-13)
protein domain specific binding (GO:0019904, 3.99E-05)
chromatin binding (GO:0003682, 7.98E-05)
transferase activity (GO:0016740, 5.72E-04)
molecular adaptor activity (GO:0060090, 5.72E-04)
catalytic activity, acting on a protein (GO:0140096, 5.72E-04)
binding (GO:0005488, 5.72E-04)
protein serine kinase activity (GO:0106310, 6.91E-04)
adenyl ribonucleotide binding (GO:0032559, 6.91E-04)
ATP binding (GO:0005524, 8.05E-04)
cytoskeletal protein binding (GO:0008092, 8.51E-04)
adenyl nucleotide binding (GO:0030554, 8.51E-04)
kinase activity (GO:0016301, 1.28E-03)
protein-macromolecule adaptor activity (GO:0030674, 1.28E-03)
protein serine/threonine kinase activity (GO:0004674, 1.28E-03)
transcription coregulator activity (GO:0003712, 3.37E-03)
transferase activity, transferring phosphorus-containing groups (GO:0016772, 3.92E-03)
phosphotransferase activity, alcohol group as acceptor (GO:0016773, 4.44E-03)
DNA binding (GO:0003677, 5.65E-03)
enzyme binding (GO:0019899, 6.79E-03)
protein kinase activity (GO:0004672, 8.64E-03)"
set7,"protein binding (GO:0005515, 6.16E-14)
protein domain specific binding (GO:0019904, 4.74E-05)
chromatin binding (GO:0003682, 9.36E-05)
transferase activity (GO:0016740, 4.94E-04)
binding (GO:0005488, 6.95E-04)
molecular adaptor activity (GO:0060090, 7.14E-04)
catalytic activity, acting on a protein (GO:0140096, 7.14E-04)
protein serine kinase activity (GO:0106310, 8.19E-04)
adenyl ribonucleotide binding (GO:0032559, 8.48E-04)
ATP binding (GO:0005524, 9.83E-04)
cytoskeletal protein binding (GO:0008092, 1.03E-03)
adenyl nucleotide binding (GO:0030554, 1.05E-03)
protein-macromolecule adaptor activity (GO:0030674, 1.47E-03)
protein serine/threonine kinase activity (GO:0004674, 1.47E-03)
transcription coregulator activity (GO:0003712, 3.77E-03)
phosphotransferase activity, alcohol group as acceptor (GO:0016773, 4.80E-03)
DNA binding (GO:0003677, 7.03E-03)
purine ribonucleotide binding (GO:0032555, 7.06E-03)
purine ribonucleoside triphosphate binding (GO:0035639, 7.48E-03)
enzyme binding (GO:0019899, 7.48E-03)
ribonucleotide binding (GO:0032553, 7.48E-03)","protein binding (GO:0005515, 2.11E-13)
protein domain specific binding (GO:0019904, 1.17E-04)
chromatin binding (GO:0003682, 2.38E-04)
transferase activity (GO:0016740, 5.71E-04)
catalytic activity, acting on a protein (GO:0140096, 9.64E-04)
binding (GO:0005488, 9.64E-04)
molecular adaptor activity (GO:0060090, 1.13E-03)
protein serine kinase activity (GO:0106310, 2.57E-03)
protein-macromolecule adaptor activity (GO:0030674, 4.20E-03)
adenyl ribonucleotide binding (GO:0032559, 4.46E-03)
cytoskeletal protein binding (GO:0008092, 4.46E-03)
protein serine/threonine kinase activity (GO:0004674, 4.46E-03)
ATP binding (GO:0005524, 5.38E-03)
adenyl nucleotide binding (GO:0030554, 5.40E-03)
transcription coregulator activity (GO:0003712, 8.03E-03)
DNA binding (GO:0003677, 8.70E-03)
phosphotransferase activity, alcohol group as acceptor (GO:0016773, 9.41E-03)","protein binding (GO:0005515, 1.71E-14)
chromatin binding (GO:0003682, 6.96E-05)
protein domain specific binding (GO:0019904, 2.04E-04)
molecular adaptor activity (GO:0060090, 5.15E-04)
transferase activity (GO:0016740, 5.98E-04)
protein serine kinase activity (GO:0106310, 6.72E-04)
cytoskeletal protein binding (GO:0008092, 7.82E-04)
binding (GO:0005488, 8.28E-04)
adenyl ribonucleotide binding (GO:0032559, 8.28E-04)
ATP binding (GO:0005524, 8.65E-04)
adenyl nucleotide binding (GO:0030554, 8.65E-04)
protein serine/threonine kinase activity (GO:0004674, 8.65E-04)
protein-macromolecule adaptor activity (GO:0030674, 8.65E-04)
catalytic activity, acting on a protein (GO:0140096, 1.06E-03)
transcription coregulator activity (GO:0003712, 2.30E-03)
phosphotransferase activity, alcohol group as acceptor (GO:0016773, 2.94E-03)
enzyme binding (GO:0019899, 3.78E-03)
purine ribonucleotide binding (GO:0032555, 6.03E-03)
purine ribonucleoside triphosphate binding (GO:0035639, 6.76E-03)
ribonucleotide binding (GO:0032553, 6.76E-03)","protein binding (GO:0005515, 1.03E-11)
protein domain specific binding (GO:0019904, 3.06E-05)
protein serine kinase activity (GO:0106310, 6.86E-04)
transferase activity (GO:0016740, 9.10E-04)
adenyl nucleotide binding (GO:0030554, 9.10E-04)
ATP binding (GO:0005524, 9.10E-04)
adenyl ribonucleotide binding (GO:0032559, 9.10E-04)
protein serine/threonine kinase activity (GO:0004674, 9.10E-04)
chromatin binding (GO:0003682, 1.01E-03)
catalytic activity, acting on a protein (GO:0140096, 1.30E-03)
binding (GO:0005488, 1.30E-03)
phosphotransferase activity, alcohol group as acceptor (GO:0016773, 1.77E-03)
molecular adaptor activity (GO:0060090, 2.27E-03)
cytoskeletal protein binding (GO:0008092, 2.61E-03)
purine ribonucleotide binding (GO:0032555, 4.65E-03)
enzyme regulator activity (GO:0030234, 4.65E-03)
ribonucleotide binding (GO:0032553, 5.30E-03)
purine ribonucleoside triphosphate binding (GO:0035639, 5.30E-03)
enzyme binding (GO:0019899, 7.58E-03)
protein-macromolecule adaptor activity (GO:0030674, 7.58E-03)
enzyme activator activity (GO:0008047, 8.27E-03)
GTPase regulator activity (GO:0030695, 9.65E-03)
nucleoside-triphosphatase regulator activity (GO:0060589, 9.65E-03)","protein binding (GO:0005515, 1.10E-11)
protein domain specific binding (GO:0019904, 7.13E-05)
chromatin binding (GO:0003682, 1.87E-04)
binding (GO:0005488, 7.80E-04)
protein serine kinase activity (GO:0106310, 2.35E-03)
transferase activity (GO:0016740, 3.64E-03)
catalytic activity, acting on a protein (GO:0140096, 3.64E-03)
molecular adaptor activity (GO:0060090, 4.28E-03)
protein serine/threonine kinase activity (GO:0004674, 8.72E-03)","protein binding (GO:0005515, 1.38E-14)
protein domain specific binding (GO:0019904, 4.35E-05)
chromatin binding (GO:0003682, 8.64E-05)
transferase activity (GO:0016740, 6.28E-04)
molecular adaptor activity (GO:0060090, 6.28E-04)
catalytic activity, acting on a protein (GO:0140096, 6.28E-04)
binding (GO:0005488, 6.28E-04)
protein serine kinase activity (GO:0106310, 7.65E-04)
adenyl ribonucleotide binding (GO:0032559, 7.65E-04)
ATP binding (GO:0005524, 8.89E-04)
cytoskeletal protein binding (GO:0008092, 9.43E-04)
adenyl nucleotide binding (GO:0030554, 9.43E-04)
protein-macromolecule adaptor activity (GO:0030674, 1.37E-03)
protein serine/threonine kinase activity (GO:0004674, 1.37E-03)
transcription coregulator activity (GO:0003712, 3.56E-03)
phosphotransferase activity, alcohol group as acceptor (GO:0016773, 4.53E-03)
DNA binding (GO:0003677, 6.30E-03)
purine ribonucleotide binding (GO:0032555, 6.42E-03)
purine ribonucleoside triphosphate binding (GO:0035639, 6.81E-03)
enzyme binding (GO:0019899, 6.81E-03)
ribonucleotide binding (GO:0032553, 6.81E-03)","protein binding (GO:0005515, 1.01E-13)
protein domain specific binding (GO:0019904, 4.01E-05)
chromatin binding (GO:0003682, 8.02E-05)
transferase activity (GO:0016740, 3.79E-04)
molecular adaptor activity (GO:0060090, 5.75E-04)
catalytic activity, acting on a protein (GO:0140096, 5.75E-04)
binding (GO:0005488, 5.75E-04)
protein serine kinase activity (GO:0106310, 6.94E-04)
adenyl ribonucleotide binding (GO:0032559, 6.94E-04)
ATP binding (GO:0005524, 8.09E-04)
cytoskeletal protein binding (GO:0008092, 8.55E-04)
adenyl nucleotide binding (GO:0030554, 8.55E-04)
protein-macromolecule adaptor activity (GO:0030674, 1.28E-03)
protein serine/threonine kinase activity (GO:0004674, 1.28E-03)
transcription coregulator activity (GO:0003712, 3.38E-03)
phosphotransferase activity, alcohol group as acceptor (GO:0016773, 4.46E-03)
DNA binding (GO:0003677, 5.67E-03)","protein binding (GO:0005515, 1.00E-13)
protein domain specific binding (GO:0019904, 3.99E-05)
chromatin binding (GO:0003682, 7.98E-05)
transferase activity (GO:0016740, 5.72E-04)
molecular adaptor activity (GO:0060090, 5.72E-04)
catalytic activity, acting on a protein (GO:0140096, 5.72E-04)
binding (GO:0005488, 5.72E-04)
protein serine kinase activity (GO:0106310, 6.91E-04)
adenyl ribonucleotide binding (GO:0032559, 6.91E-04)
ATP binding (GO:0005524, 8.05E-04)
cytoskeletal protein binding (GO:0008092, 8.51E-04)
adenyl nucleotide binding (GO:0030554, 8.51E-04)
protein-macromolecule adaptor activity (GO:0030674, 1.28E-03)
protein serine/threonine kinase activity (GO:0004674, 1.28E-03)
transcription coregulator activity (GO:0003712, 3.37E-03)
phosphotransferase activity, alcohol group as acceptor (GO:0016773, 4.44E-03)
DNA binding (GO:0003677, 5.65E-03)
enzyme binding (GO:0019899, 6.79E-03)"
set8,"protein binding (GO:0005515, 6.16E-14)
protein domain specific binding (GO:0019904, 4.74E-05)
chromatin binding (GO:0003682, 9.36E-05)
transferase activity (GO:0016740, 4.94E-04)
binding (GO:0005488, 6.95E-04)
molecular adaptor activity (GO:0060090, 7.14E-04)
catalytic activity, acting on a protein (GO:0140096, 7.14E-04)
protein serine kinase activity (GO:0106310, 8.19E-04)
adenyl ribonucleotide binding (GO:0032559, 8.48E-04)
ATP binding (GO:0005524, 9.83E-04)
cytoskeletal protein binding (GO:0008092, 1.03E-03)
adenyl nucleotide binding (GO:0030554, 1.05E-03)
kinase activity (GO:0016301, 1.47E-03)
protein-macromolecule adaptor activity (GO:0030674, 1.47E-03)
protein serine/threonine kinase activity (GO:0004674, 1.47E-03)
transcription coregulator activity (GO:0003712, 3.77E-03)
transferase activity, transferring phosphorus-containing groups (GO:0016772, 4.52E-03)
phosphotransferase activity, alcohol group as acceptor (GO:0016773, 4.80E-03)
DNA binding (GO:0003677, 7.03E-03)
purine ribonucleotide binding (GO:0032555, 7.06E-03)
purine ribonucleoside triphosphate binding (GO:0035639, 7.48E-03)
enzyme binding (GO:0019899, 7.48E-03)
ribonucleotide binding (GO:0032553, 7.48E-03)
protein kinase activity (GO:0004672, 8.21E-03)
purine nucleotide binding (GO:0017076, 8.21E-03)","protein binding (GO:0005515, 2.11E-13)
protein domain specific binding (GO:0019904, 1.17E-04)
chromatin binding (GO:0003682, 2.38E-04)
transferase activity (GO:0016740, 5.71E-04)
catalytic activity, acting on a protein (GO:0140096, 9.64E-04)
binding (GO:0005488, 9.64E-04)
molecular adaptor activity (GO:0060090, 1.13E-03)
protein serine kinase activity (GO:0106310, 2.57E-03)
protein-macromolecule adaptor activity (GO:0030674, 4.20E-03)
adenyl ribonucleotide binding (GO:0032559, 4.46E-03)
kinase activity (GO:0016301, 4.46E-03)
cytoskeletal protein binding (GO:0008092, 4.46E-03)
protein serine/threonine kinase activity (GO:0004674, 4.46E-03)
ATP binding (GO:0005524, 5.38E-03)
adenyl nucleotide binding (GO:0030554, 5.40E-03)
transferase activity, transferring phosphorus-containing groups (GO:0016772, 8.03E-03)
transcription coregulator activity (GO:0003712, 8.03E-03)
DNA binding (GO:0003677, 8.70E-03)
phosphotransferase activity, alcohol group as acceptor (GO:0016773, 9.41E-03)","protein binding (GO:0005515, 1.71E-14)
chromatin binding (GO:0003682, 6.96E-05)
protein domain specific binding (GO:0019904, 2.04E-04)
molecular adaptor activity (GO:0060090, 5.15E-04)
transferase activity (GO:0016740, 5.98E-04)
protein serine kinase activity (GO:0106310, 6.72E-04)
cytoskeletal protein binding (GO:0008092, 7.82E-04)
binding (GO:0005488, 8.28E-04)
adenyl ribonucleotide binding (GO:0032559, 8.28E-04)
kinase activity (GO:0016301, 8.65E-04)
ATP binding (GO:0005524, 8.65E-04)
adenyl nucleotide binding (GO:0030554, 8.65E-04)
protein serine/threonine kinase activity (GO:0004674, 8.65E-04)
protein-macromolecule adaptor activity (GO:0030674, 8.65E-04)
catalytic activity, acting on a protein (GO:0140096, 1.06E-03)
transcription coregulator activity (GO:0003712, 2.30E-03)
transferase activity, transferring phosphorus-containing groups (GO:0016772, 2.40E-03)
phosphotransferase activity, alcohol group as acceptor (GO:0016773, 2.94E-03)
enzyme binding (GO:0019899, 3.78E-03)
protein kinase activity (GO:0004672, 6.03E-03)
purine ribonucleotide binding (GO:0032555, 6.03E-03)
purine ribonucleoside triphosphate binding (GO:0035639, 6.76E-03)
ribonucleotide binding (GO:0032553, 6.76E-03)
purine nucleotide binding (GO:0017076, 7.22E-03)
cohesin loader activity (GO:0061775, 9.82E-03)","protein binding (GO:0005515, 1.03E-11)
protein domain specific binding (GO:0019904, 3.06E-05)
protein serine kinase activity (GO:0106310, 6.86E-04)
transferase activity (GO:0016740, 9.10E-04)
kinase activity (GO:0016301, 9.10E-04)
adenyl nucleotide binding (GO:0030554, 9.10E-04)
ATP binding (GO:0005524, 9.10E-04)
adenyl ribonucleotide binding (GO:0032559, 9.10E-04)
protein serine/threonine kinase activity (GO:0004674, 9.10E-04)
chromatin binding (GO:0003682, 1.01E-03)
catalytic activity, acting on a protein (GO:0140096, 1.30E-03)
binding (GO:0005488, 1.30E-03)
transferase activity, transferring phosphorus-containing groups (GO:0016772, 1.30E-03)
phosphotransferase activity, alcohol group as acceptor (GO:0016773, 1.77E-03)
molecular adaptor activity (GO:0060090, 2.27E-03)
cytoskeletal protein binding (GO:0008092, 2.61E-03)
protein kinase activity (GO:0004672, 3.99E-03)
purine ribonucleotide binding (GO:0032555, 4.65E-03)
enzyme regulator activity (GO:0030234, 4.65E-03)
ribonucleotide binding (GO:0032553, 5.30E-03)
purine ribonucleoside triphosphate binding (GO:0035639, 5.30E-03)
purine nucleotide binding (GO:0017076, 5.33E-03)
anion binding (GO:0043168, 6.97E-03)
enzyme binding (GO:0019899, 7.58E-03)
protein-macromolecule adaptor activity (GO:0030674, 7.58E-03)
histone modifying activity (GO:0140993, 8.27E-03)
enzyme activator activity (GO:0008047, 8.27E-03)
small GTPase binding (GO:0031267, 8.27E-03)
PDZ domain binding (GO:0030165, 8.27E-03)
GTPase regulator activity (GO:0030695, 9.65E-03)
nucleoside-triphosphatase regulator activity (GO:0060589, 9.65E-03)","protein binding (GO:0005515, 1.10E-11)
protein domain specific binding (GO:0019904, 7.13E-05)
chromatin binding (GO:0003682, 1.87E-04)
binding (GO:0005488, 7.80E-04)
protein serine kinase activity (GO:0106310, 2.35E-03)
transferase activity (GO:0016740, 3.64E-03)
catalytic activity, acting on a protein (GO:0140096, 3.64E-03)
molecular adaptor activity (GO:0060090, 4.28E-03)
kinase activity (GO:0016301, 8.29E-03)
protein serine/threonine kinase activity (GO:0004674, 8.72E-03)","protein binding (GO:0005515, 1.38E-14)
protein domain specific binding (GO:0019904, 4.35E-05)
chromatin binding (GO:0003682, 8.64E-05)
transferase activity (GO:0016740, 6.28E-04)
molecular adaptor activity (GO:0060090, 6.28E-04)
catalytic activity, acting on a protein (GO:0140096, 6.28E-04)
binding (GO:0005488, 6.28E-04)
protein serine kinase activity (GO:0106310, 7.65E-04)
adenyl ribonucleotide binding (GO:0032559, 7.65E-04)
ATP binding (GO:0005524, 8.89E-04)
cytoskeletal protein binding (GO:0008092, 9.43E-04)
adenyl nucleotide binding (GO:0030554, 9.43E-04)
kinase activity (GO:0016301, 1.37E-03)
protein-macromolecule adaptor activity (GO:0030674, 1.37E-03)
protein serine/threonine kinase activity (GO:0004674, 1.37E-03)
transcription coregulator activity (GO:0003712, 3.56E-03)
transferase activity, transferring phosphorus-containing groups (GO:0016772, 4.21E-03)
phosphotransferase activity, alcohol group as acceptor (GO:0016773, 4.53E-03)
DNA binding (GO:0003677, 6.30E-03)
purine ribonucleotide binding (GO:0032555, 6.42E-03)
purine ribonucleoside triphosphate binding (GO:0035639, 6.81E-03)
enzyme binding (GO:0019899, 6.81E-03)
ribonucleotide binding (GO:0032553, 6.81E-03)
purine nucleotide binding (GO:0017076, 7.54E-03)
protein kinase activity (GO:0004672, 7.77E-03)","protein binding (GO:0005515, 1.01E-13)
protein domain specific binding (GO:0019904, 4.01E-05)
chromatin binding (GO:0003682, 8.02E-05)
transferase activity (GO:0016740, 3.79E-04)
molecular adaptor activity (GO:0060090, 5.75E-04)
catalytic activity, acting on a protein (GO:0140096, 5.75E-04)
binding (GO:0005488, 5.75E-04)
protein serine kinase activity (GO:0106310, 6.94E-04)
adenyl ribonucleotide binding (GO:0032559, 6.94E-04)
ATP binding (GO:0005524, 8.09E-04)
cytoskeletal protein binding (GO:0008092, 8.55E-04)
adenyl nucleotide binding (GO:0030554, 8.55E-04)
kinase activity (GO:0016301, 1.28E-03)
protein-macromolecule adaptor activity (GO:0030674, 1.28E-03)
protein serine/threonine kinase activity (GO:0004674, 1.28E-03)
transcription coregulator activity (GO:0003712, 3.38E-03)
transferase activity, transferring phosphorus-containing groups (GO:0016772, 3.93E-03)
phosphotransferase activity, alcohol group as acceptor (GO:0016773, 4.46E-03)
DNA binding (GO:0003677, 5.67E-03)
protein kinase activity (GO:0004672, 9.08E-03)","protein binding (GO:0005515, 1.00E-13)
protein domain specific binding (GO:0019904, 3.99E-05)
chromatin binding (GO:0003682, 7.98E-05)
transferase activity (GO:0016740, 5.72E-04)
molecular adaptor activity (GO:0060090, 5.72E-04)
catalytic activity, acting on a protein (GO:0140096, 5.72E-04)
binding (GO:0005488, 5.72E-04)
protein serine kinase activity (GO:0106310, 6.91E-04)
adenyl ribonucleotide binding (GO:0032559, 6.91E-04)
ATP binding (GO:0005524, 8.05E-04)
cytoskeletal protein binding (GO:0008092, 8.51E-04)
adenyl nucleotide binding (GO:0030554, 8.51E-04)
kinase activity (GO:0016301, 1.28E-03)
protein-macromolecule adaptor activity (GO:0030674, 1.28E-03)
protein serine/threonine kinase activity (GO:0004674, 1.28E-03)
transcription coregulator activity (GO:0003712, 3.37E-03)
transferase activity, transferring phosphorus-containing groups (GO:0016772, 3.92E-03)
phosphotransferase activity, alcohol group as acceptor (GO:0016773, 4.44E-03)
DNA binding (GO:0003677, 5.65E-03)
enzyme binding (GO:0019899, 6.79E-03)
protein kinase activity (GO:0004672, 8.64E-03)"
set9,"protein binding (GO:0005515, 6.16E-14)
protein domain specific binding (GO:0019904, 4.74E-05)
chromatin binding (GO:0003682, 9.36E-05)
transferase activity (GO:0016740, 4.94E-04)
binding (GO:0005488, 6.95E-04)
molecular adaptor activity (GO:0060090, 7.14E-04)
catalytic activity, acting on a protein (GO:0140096, 7.14E-04)
protein serine kinase activity (GO:0106310, 8.19E-04)
adenyl ribonucleotide binding (GO:0032559, 8.48E-04)
ATP binding (GO:0005524, 9.83E-04)
cytoskeletal protein binding (GO:0008092, 1.03E-03)
adenyl nucleotide binding (GO:0030554, 1.05E-03)
kinase activity (GO:0016301, 1.47E-03)
protein-macromolecule adaptor activity (GO:0030674, 1.47E-03)
protein serine/threonine kinase activity (GO:0004674, 1.47E-03)
transcription coregulator activity (GO:0003712, 3.77E-03)
transferase activity, transferring phosphorus-containing groups (GO:0016772, 4.52E-03)
phosphotransferase activity, alcohol group as acceptor (GO:0016773, 4.80E-03)
DNA binding (GO:0003677, 7.03E-03)
purine ribonucleotide binding (GO:0032555, 7.06E-03)
purine ribonucleoside triphosphate binding (GO:0035639, 7.48E-03)
enzyme binding (GO:0019899, 7.48E-03)
ribonucleotide binding (GO:0032553, 7.48E-03)
protein kinase activity (GO:0004672, 8.21E-03)
purine nucleotide binding (GO:0017076, 8.21E-03)","protein binding (GO:0005515, 2.11E-13)
protein domain specific binding (GO:0019904, 1.17E-04)
chromatin binding (GO:0003682, 2.38E-04)
transferase activity (GO:0016740, 5.71E-04)
catalytic activity, acting on a protein (GO:0140096, 9.64E-04)
binding (GO:0005488, 9.64E-04)
molecular adaptor activity (GO:0060090, 1.13E-03)
protein serine kinase activity (GO:0106310, 2.57E-03)
protein-macromolecule adaptor activity (GO:0030674, 4.20E-03)
adenyl ribonucleotide binding (GO:0032559, 4.46E-03)
kinase activity (GO:0016301, 4.46E-03)
cytoskeletal protein binding (GO:0008092, 4.46E-03)
protein serine/threonine kinase activity (GO:0004674, 4.46E-03)
ATP binding (GO:0005524, 5.38E-03)
adenyl nucleotide binding (GO:0030554, 5.40E-03)
transferase activity, transferring phosphorus-containing groups (GO:0016772, 8.03E-03)
transcription coregulator activity (GO:0003712, 8.03E-03)
DNA binding (GO:0003677, 8.70E-03)
phosphotransferase activity, alcohol group as acceptor (GO:0016773, 9.41E-03)","protein binding (GO:0005515, 1.71E-14)
chromatin binding (GO:0003682, 6.96E-05)
protein domain specific binding (GO:0019904, 2.04E-04)
molecular adaptor activity (GO:0060090, 5.15E-04)
transferase activity (GO:0016740, 5.98E-04)
protein serine kinase activity (GO:0106310, 6.72E-04)
cytoskeletal protein binding (GO:0008092, 7.82E-04)
binding (GO:0005488, 8.28E-04)
adenyl ribonucleotide binding (GO:0032559, 8.28E-04)
kinase activity (GO:0016301, 8.65E-04)
ATP binding (GO:0005524, 8.65E-04)
adenyl nucleotide binding (GO:0030554, 8.65E-04)
protein serine/threonine kinase activity (GO:0004674, 8.65E-04)
protein-macromolecule adaptor activity (GO:0030674, 8.65E-04)
catalytic activity, acting on a protein (GO:0140096, 1.06E-03)
transcription coregulator activity (GO:0003712, 2.30E-03)
transferase activity, transferring phosphorus-containing groups (GO:0016772, 2.40E-03)
phosphotransferase activity, alcohol group as acceptor (GO:0016773, 2.94E-03)
enzyme binding (GO:0019899, 3.78E-03)
protein kinase activity (GO:0004672, 6.03E-03)
purine ribonucleotide binding (GO:0032555, 6.03E-03)
purine ribonucleoside triphosphate binding (GO:0035639, 6.76E-03)
ribonucleotide binding (GO:0032553, 6.76E-03)
purine nucleotide binding (GO:0017076, 7.22E-03)
cohesin loader activity (GO:0061775, 9.82E-03)","protein binding (GO:0005515, 1.03E-11)
protein domain specific binding (GO:0019904, 3.06E-05)
protein serine kinase activity (GO:0106310, 6.86E-04)
transferase activity (GO:0016740, 9.10E-04)
kinase activity (GO:0016301, 9.10E-04)
adenyl nucleotide binding (GO:0030554, 9.10E-04)
ATP binding (GO:0005524, 9.10E-04)
adenyl ribonucleotide binding (GO:0032559, 9.10E-04)
protein serine/threonine kinase activity (GO:0004674, 9.10E-04)
chromatin binding (GO:0003682, 1.01E-03)
catalytic activity, acting on a protein (GO:0140096, 1.30E-03)
binding (GO:0005488, 1.30E-03)
transferase activity, transferring phosphorus-containing groups (GO:0016772, 1.30E-03)
phosphotransferase activity, alcohol group as acceptor (GO:0016773, 1.77E-03)
molecular adaptor activity (GO:0060090, 2.27E-03)
cytoskeletal protein binding (GO:0008092, 2.61E-03)
protein kinase activity (GO:0004672, 3.99E-03)
purine ribonucleotide binding (GO:0032555, 4.65E-03)
enzyme regulator activity (GO:0030234, 4.65E-03)
ribonucleotide binding (GO:0032553, 5.30E-03)
purine ribonucleoside triphosphate binding (GO:0035639, 5.30E-03)
purine nucleotide binding (GO:0017076, 5.33E-03)
anion binding (GO:0043168, 6.97E-03)
enzyme binding (GO:0019899, 7.58E-03)
protein-macromolecule adaptor activity (GO:0030674, 7.58E-03)
histone modifying activity (GO:0140993, 8.27E-03)
enzyme activator activity (GO:0008047, 8.27E-03)
small GTPase binding (GO:0031267, 8.27E-03)
PDZ domain binding (GO:0030165, 8.27E-03)
GTPase regulator activity (GO:0030695, 9.65E-03)
nucleoside-triphosphatase regulator activity (GO:0060589, 9.65E-03)","protein binding (GO:0005515, 1.10E-11)
protein domain specific binding (GO:0019904, 7.13E-05)
chromatin binding (GO:0003682, 1.87E-04)
binding (GO:0005488, 7.80E-04)
protein serine kinase activity (GO:0106310, 2.35E-03)
transferase activity (GO:0016740, 3.64E-03)
catalytic activity, acting on a protein (GO:0140096, 3.64E-03)
molecular adaptor activity (GO:0060090, 4.28E-03)
kinase activity (GO:0016301, 8.29E-03)
protein serine/threonine kinase activity (GO:0004674, 8.72E-03)","protein binding (GO:0005515, 1.38E-14)
protein domain specific binding (GO:0019904, 4.35E-05)
chromatin binding (GO:0003682, 8.64E-05)
transferase activity (GO:0016740, 6.28E-04)
molecular adaptor activity (GO:0060090, 6.28E-04)
catalytic activity, acting on a protein (GO:0140096, 6.28E-04)
binding (GO:0005488, 6.28E-04)
protein serine kinase activity (GO:0106310, 7.65E-04)
adenyl ribonucleotide binding (GO:0032559, 7.65E-04)
ATP binding (GO:0005524, 8.89E-04)
cytoskeletal protein binding (GO:0008092, 9.43E-04)
adenyl nucleotide binding (GO:0030554, 9.43E-04)
kinase activity (GO:0016301, 1.37E-03)
protein-macromolecule adaptor activity (GO:0030674, 1.37E-03)
protein serine/threonine kinase activity (GO:0004674, 1.37E-03)
transcription coregulator activity (GO:0003712, 3.56E-03)
transferase activity, transferring phosphorus-containing groups (GO:0016772, 4.21E-03)
phosphotransferase activity, alcohol group as acceptor (GO:0016773, 4.53E-03)
DNA binding (GO:0003677, 6.30E-03)
purine ribonucleotide binding (GO:0032555, 6.42E-03)
purine ribonucleoside triphosphate binding (GO:0035639, 6.81E-03)
enzyme binding (GO:0019899, 6.81E-03)
ribonucleotide binding (GO:0032553, 6.81E-03)
purine nucleotide binding (GO:0017076, 7.54E-03)
protein kinase activity (GO:0004672, 7.77E-03)","protein binding (GO:0005515, 1.01E-13)
protein domain specific binding (GO:0019904, 4.01E-05)
chromatin binding (GO:0003682, 8.02E-05)
transferase activity (GO:0016740, 3.79E-04)
molecular adaptor activity (GO:0060090, 5.75E-04)
catalytic activity, acting on a protein (GO:0140096, 5.75E-04)
binding (GO:0005488, 5.75E-04)
protein serine kinase activity (GO:0106310, 6.94E-04)
adenyl ribonucleotide binding (GO:0032559, 6.94E-04)
ATP binding (GO:0005524, 8.09E-04)
cytoskeletal protein binding (GO:0008092, 8.55E-04)
adenyl nucleotide binding (GO:0030554, 8.55E-04)
kinase activity (GO:0016301, 1.28E-03)
protein-macromolecule adaptor activity (GO:0030674, 1.28E-03)
protein serine/threonine kinase activity (GO:0004674, 1.28E-03)
transcription coregulator activity (GO:0003712, 3.38E-03)
transferase activity, transferring phosphorus-containing groups (GO:0016772, 3.93E-03)
phosphotransferase activity, alcohol group as acceptor (GO:0016773, 4.46E-03)
DNA binding (GO:0003677, 5.67E-03)
protein kinase activity (GO:0004672, 9.08E-03)","protein binding (GO:0005515, 1.00E-13)
protein domain specific binding (GO:0019904, 3.99E-05)
chromatin binding (GO:0003682, 7.98E-05)
transferase activity (GO:0016740, 5.72E-04)
molecular adaptor activity (GO:0060090, 5.72E-04)
catalytic activity, acting on a protein (GO:0140096, 5.72E-04)
binding (GO:0005488, 5.72E-04)
protein serine kinase activity (GO:0106310, 6.91E-04)
adenyl ribonucleotide binding (GO:0032559, 6.91E-04)
ATP binding (GO:0005524, 8.05E-04)
cytoskeletal protein binding (GO:0008092, 8.51E-04)
adenyl nucleotide binding (GO:0030554, 8.51E-04)
kinase activity (GO:0016301, 1.28E-03)
protein-macromolecule adaptor activity (GO:0030674, 1.28E-03)
protein serine/threonine kinase activity (GO:0004674, 1.28E-03)
transcription coregulator activity (GO:0003712, 3.37E-03)
transferase activity, transferring phosphorus-containing groups (GO:0016772, 3.92E-03)
phosphotransferase activity, alcohol group as acceptor (GO:0016773, 4.44E-03)
DNA binding (GO:0003677, 5.65E-03)
enzyme binding (GO:0019899, 6.79E-03)
protein kinase activity (GO:0004672, 8.64E-03)"
set10,"protein binding (GO:0005515, 6.16E-14)
protein domain specific binding (GO:0019904, 4.74E-05)
chromatin binding (GO:0003682, 9.36E-05)
transferase activity (GO:0016740, 4.94E-04)
binding (GO:0005488, 6.95E-04)
molecular adaptor activity (GO:0060090, 7.14E-04)
catalytic activity, acting on a protein (GO:0140096, 7.14E-04)
protein serine kinase activity (GO:0106310, 8.19E-04)
adenyl ribonucleotide binding (GO:0032559, 8.48E-04)
ATP binding (GO:0005524, 9.83E-04)
cytoskeletal protein binding (GO:0008092, 1.03E-03)
adenyl nucleotide binding (GO:0030554, 1.05E-03)
kinase activity (GO:0016301, 1.47E-03)
protein-macromolecule adaptor activity (GO:0030674, 1.47E-03)
protein serine/threonine kinase activity (GO:0004674, 1.47E-03)
transcription coregulator activity (GO:0003712, 3.77E-03)
transferase activity, transferring phosphorus-containing groups (GO:0016772, 4.52E-03)
phosphotransferase activity, alcohol group as acceptor (GO:0016773, 4.80E-03)
DNA binding (GO:0003677, 7.03E-03)
purine ribonucleotide binding (GO:0032555, 7.06E-03)
purine ribonucleoside triphosphate binding (GO:0035639, 7.48E-03)
enzyme binding (GO:0019899, 7.48E-03)
ribonucleotide binding (GO:0032553, 7.48E-03)
protein kinase activity (GO:0004672, 8.21E-03)
purine nucleotide binding (GO:0017076, 8.21E-03)","protein binding (GO:0005515, 2.11E-13)
protein domain specific binding (GO:0019904, 1.17E-04)
chromatin binding (GO:0003682, 2.38E-04)
transferase activity (GO:0016740, 5.71E-04)
catalytic activity, acting on a protein (GO:0140096, 9.64E-04)
binding (GO:0005488, 9.64E-04)
molecular adaptor activity (GO:0060090, 1.13E-03)
protein serine kinase activity (GO:0106310, 2.57E-03)
protein-macromolecule adaptor activity (GO:0030674, 4.20E-03)
adenyl ribonucleotide binding (GO:0032559, 4.46E-03)
kinase activity (GO:0016301, 4.46E-03)
cytoskeletal protein binding (GO:0008092, 4.46E-03)
protein serine/threonine kinase activity (GO:0004674, 4.46E-03)
ATP binding (GO:0005524, 5.38E-03)
adenyl nucleotide binding (GO:0030554, 5.40E-03)
transferase activity, transferring phosphorus-containing groups (GO:0016772, 8.03E-03)
transcription coregulator activity (GO:0003712, 8.03E-03)
DNA binding (GO:0003677, 8.70E-03)
phosphotransferase activity, alcohol group as acceptor (GO:0016773, 9.41E-03)","protein binding (GO:0005515, 1.71E-14)
chromatin binding (GO:0003682, 6.96E-05)
protein domain specific binding (GO:0019904, 2.04E-04)
molecular adaptor activity (GO:0060090, 5.15E-04)
transferase activity (GO:0016740, 5.98E-04)
protein serine kinase activity (GO:0106310, 6.72E-04)
cytoskeletal protein binding (GO:0008092, 7.82E-04)
binding (GO:0005488, 8.28E-04)
adenyl ribonucleotide binding (GO:0032559, 8.28E-04)
kinase activity (GO:0016301, 8.65E-04)
ATP binding (GO:0005524, 8.65E-04)
adenyl nucleotide binding (GO:0030554, 8.65E-04)
protein serine/threonine kinase activity (GO:0004674, 8.65E-04)
protein-macromolecule adaptor activity (GO:0030674, 8.65E-04)
catalytic activity, acting on a protein (GO:0140096, 1.06E-03)
transcription coregulator activity (GO:0003712, 2.30E-03)
transferase activity, transferring phosphorus-containing groups (GO:0016772, 2.40E-03)
phosphotransferase activity, alcohol group as acceptor (GO:0016773, 2.94E-03)
enzyme binding (GO:0019899, 3.78E-03)
protein kinase activity (GO:0004672, 6.03E-03)
purine ribonucleotide binding (GO:0032555, 6.03E-03)
purine ribonucleoside triphosphate binding (GO:0035639, 6.76E-03)
ribonucleotide binding (GO:0032553, 6.76E-03)
purine nucleotide binding (GO:0017076, 7.22E-03)
cohesin loader activity (GO:0061775, 9.82E-03)","protein binding (GO:0005515, 1.03E-11)
protein domain specific binding (GO:0019904, 3.06E-05)
protein serine kinase activity (GO:0106310, 6.86E-04)
transferase activity (GO:0016740, 9.10E-04)
kinase activity (GO:0016301, 9.10E-04)
adenyl nucleotide binding (GO:0030554, 9.10E-04)
ATP binding (GO:0005524, 9.10E-04)
adenyl ribonucleotide binding (GO:0032559, 9.10E-04)
protein serine/threonine kinase activity (GO:0004674, 9.10E-04)
chromatin binding (GO:0003682, 1.01E-03)
catalytic activity, acting on a protein (GO:0140096, 1.30E-03)
binding (GO:0005488, 1.30E-03)
transferase activity, transferring phosphorus-containing groups (GO:0016772, 1.30E-03)
phosphotransferase activity, alcohol group as acceptor (GO:0016773, 1.77E-03)
molecular adaptor activity (GO:0060090, 2.27E-03)
cytoskeletal protein binding (GO:0008092, 2.61E-03)
protein kinase activity (GO:0004672, 3.99E-03)
purine ribonucleotide binding (GO:0032555, 4.65E-03)
enzyme regulator activity (GO:0030234, 4.65E-03)
ribonucleotide binding (GO:0032553, 5.30E-03)
purine ribonucleoside triphosphate binding (GO:0035639, 5.30E-03)
purine nucleotide binding (GO:0017076, 5.33E-03)
anion binding (GO:0043168, 6.97E-03)
enzyme binding (GO:0019899, 7.58E-03)
protein-macromolecule adaptor activity (GO:0030674, 7.58E-03)
histone modifying activity (GO:0140993, 8.27E-03)
enzyme activator activity (GO:0008047, 8.27E-03)
small GTPase binding (GO:0031267, 8.27E-03)
PDZ domain binding (GO:0030165, 8.27E-03)
GTPase regulator activity (GO:0030695, 9.65E-03)
nucleoside-triphosphatase regulator activity (GO:0060589, 9.65E-03)","protein binding (GO:0005515, 1.10E-11)
protein domain specific binding (GO:0019904, 7.13E-05)
chromatin binding (GO:0003682, 1.87E-04)
binding (GO:0005488, 7.80E-04)
protein serine kinase activity (GO:0106310, 2.35E-03)
transferase activity (GO:0016740, 3.64E-03)
catalytic activity, acting on a protein (GO:0140096, 3.64E-03)
molecular adaptor activity (GO:0060090, 4.28E-03)
kinase activity (GO:0016301, 8.29E-03)
protein serine/threonine kinase activity (GO:0004674, 8.72E-03)","protein binding (GO:0005515, 1.38E-14)
protein domain specific binding (GO:0019904, 4.35E-05)
chromatin binding (GO:0003682, 8.64E-05)
transferase activity (GO:0016740, 6.28E-04)
molecular adaptor activity (GO:0060090, 6.28E-04)
catalytic activity, acting on a protein (GO:0140096, 6.28E-04)
binding (GO:0005488, 6.28E-04)
protein serine kinase activity (GO:0106310, 7.65E-04)
adenyl ribonucleotide binding (GO:0032559, 7.65E-04)
ATP binding (GO:0005524, 8.89E-04)
cytoskeletal protein binding (GO:0008092, 9.43E-04)
adenyl nucleotide binding (GO:0030554, 9.43E-04)
kinase activity (GO:0016301, 1.37E-03)
protein-macromolecule adaptor activity (GO:0030674, 1.37E-03)
protein serine/threonine kinase activity (GO:0004674, 1.37E-03)
transcription coregulator activity (GO:0003712, 3.56E-03)
transferase activity, transferring phosphorus-containing groups (GO:0016772, 4.21E-03)
phosphotransferase activity, alcohol group as acceptor (GO:0016773, 4.53E-03)
DNA binding (GO:0003677, 6.30E-03)
purine ribonucleotide binding (GO:0032555, 6.42E-03)
purine ribonucleoside triphosphate binding (GO:0035639, 6.81E-03)
enzyme binding (GO:0019899, 6.81E-03)
ribonucleotide binding (GO:0032553, 6.81E-03)
purine nucleotide binding (GO:0017076, 7.54E-03)
protein kinase activity (GO:0004672, 7.77E-03)","protein binding (GO:0005515, 1.01E-13)
protein domain specific binding (GO:0019904, 4.01E-05)
chromatin binding (GO:0003682, 8.02E-05)
transferase activity (GO:0016740, 3.79E-04)
molecular adaptor activity (GO:0060090, 5.75E-04)
catalytic activity, acting on a protein (GO:0140096, 5.75E-04)
binding (GO:0005488, 5.75E-04)
protein serine kinase activity (GO:0106310, 6.94E-04)
adenyl ribonucleotide binding (GO:0032559, 6.94E-04)
ATP binding (GO:0005524, 8.09E-04)
cytoskeletal protein binding (GO:0008092, 8.55E-04)
adenyl nucleotide binding (GO:0030554, 8.55E-04)
kinase activity (GO:0016301, 1.28E-03)
protein-macromolecule adaptor activity (GO:0030674, 1.28E-03)
protein serine/threonine kinase activity (GO:0004674, 1.28E-03)
transcription coregulator activity (GO:0003712, 3.38E-03)
transferase activity, transferring phosphorus-containing groups (GO:0016772, 3.93E-03)
phosphotransferase activity, alcohol group as acceptor (GO:0016773, 4.46E-03)
DNA binding (GO:0003677, 5.67E-03)
protein kinase activity (GO:0004672, 9.08E-03)","protein binding (GO:0005515, 1.00E-13)
protein domain specific binding (GO:0019904, 3.99E-05)
chromatin binding (GO:0003682, 7.98E-05)
transferase activity (GO:0016740, 5.72E-04)
molecular adaptor activity (GO:0060090, 5.72E-04)
catalytic activity, acting on a protein (GO:0140096, 5.72E-04)
binding (GO:0005488, 5.72E-04)
protein serine kinase activity (GO:0106310, 6.91E-04)
adenyl ribonucleotide binding (GO:0032559, 6.91E-04)
ATP binding (GO:0005524, 8.05E-04)
cytoskeletal protein binding (GO:0008092, 8.51E-04)
adenyl nucleotide binding (GO:0030554, 8.51E-04)
kinase activity (GO:0016301, 1.28E-03)
protein-macromolecule adaptor activity (GO:0030674, 1.28E-03)
protein serine/threonine kinase activity (GO:0004674, 1.28E-03)
transcription coregulator activity (GO:0003712, 3.37E-03)
transferase activity, transferring phosphorus-containing groups (GO:0016772, 3.92E-03)
phosphotransferase activity, alcohol group as acceptor (GO:0016773, 4.44E-03)
DNA binding (GO:0003677, 5.65E-03)
enzyme binding (GO:0019899, 6.79E-03)
protein kinase activity (GO:0004672, 8.64E-03)"
