,set1(multi),set2(#C5orf17),set3(#CTD-2201E18.3),set4(#LINC00174),set5(#TTTY10),set6(#ZNF528-AS1),set7(&ARRDC3-AS1),set8(&TRG-AS1)
set1(multi),"peptidyl-serine modification (GO:0018209, 1.80E-03)
establishment of mitotic sister chromatid cohesion (GO:0034087, 1.93E-03)
regulation of cell-matrix adhesion (GO:0001952, 2.75E-03)
regulation of cell-substrate junction assembly (GO:0090109, 2.92E-03)
regulation of focal adhesion assembly (GO:0051893, 2.92E-03)
regulation of cell-substrate junction organization (GO:0150116, 4.06E-03)
positive regulation of termination of DNA-templated transcription (GO:0060566, 4.10E-03)
positive regulation of termination of RNA polymerase II transcription (GO:1904595, 4.10E-03)
regulation of JNK cascade (GO:0046328, 5.82E-03)
hepaticobiliary system development (GO:0061008, 8.69E-03)
nuclear chromosome segregation (GO:0098813, 8.79E-03)
mitotic sister chromatid segregation (GO:0000070, 9.46E-03)
regulation of response to oxidative stress (GO:1902882, 9.48E-03)
positive regulation of protein binding (GO:0032092, 9.67E-03)
maintenance of sister chromatid cohesion (GO:0034086, 9.72E-03)
positive regulation of cell size (GO:0045793, 9.72E-03)
maintenance of mitotic sister chromatid cohesion (GO:0034088, 9.72E-03)","peptidyl-serine modification (GO:0018209, 1.68E-03)
regulation of cell-matrix adhesion (GO:0001952, 2.49E-03)
regulation of focal adhesion assembly (GO:0051893, 2.61E-03)
regulation of cell-substrate junction assembly (GO:0090109, 2.61E-03)
regulation of cell-substrate junction organization (GO:0150116, 3.62E-03)
positive regulation of termination of RNA polymerase II transcription (GO:1904595, 3.94E-03)
positive regulation of termination of DNA-templated transcription (GO:0060566, 3.94E-03)
regulation of JNK cascade (GO:0046328, 5.21E-03)
hepaticobiliary system development (GO:0061008, 7.86E-03)
regulation of response to oxidative stress (GO:1902882, 9.12E-03)
positive regulation of protein binding (GO:0032092, 9.15E-03)
maintenance of mitotic sister chromatid cohesion (GO:0034088, 9.47E-03)
maintenance of sister chromatid cohesion (GO:0034086, 9.47E-03)
focal adhesion assembly (GO:0048041, 9.63E-03)","peptidyl-serine modification (GO:0018209, 1.34E-03)
establishment of mitotic sister chromatid cohesion (GO:0034087, 1.74E-03)
regulation of cell-matrix adhesion (GO:0001952, 2.09E-03)
regulation of cell-substrate junction assembly (GO:0090109, 2.32E-03)
regulation of focal adhesion assembly (GO:0051893, 2.32E-03)
regulation of cell-substrate junction organization (GO:0150116, 3.33E-03)
positive regulation of termination of DNA-templated transcription (GO:0060566, 3.75E-03)
positive regulation of termination of RNA polymerase II transcription (GO:1904595, 3.75E-03)
regulation of JNK cascade (GO:0046328, 4.70E-03)
nuclear chromosome segregation (GO:0098813, 6.65E-03)
hepaticobiliary system development (GO:0061008, 7.01E-03)
mitotic sister chromatid segregation (GO:0000070, 7.44E-03)
chromosome segregation (GO:0007059, 7.71E-03)
positive regulation of protein binding (GO:0032092, 8.28E-03)
maintenance of sister chromatid cohesion (GO:0034086, 8.66E-03)
RNA localization (GO:0006403, 8.66E-03)
positive regulation of cell size (GO:0045793, 8.66E-03)
maintenance of mitotic sister chromatid cohesion (GO:0034088, 8.66E-03)
focal adhesion assembly (GO:0048041, 8.72E-03)
nucleic acid transport (GO:0050657, 8.91E-03)
RNA transport (GO:0050658, 8.91E-03)
establishment of RNA localization (GO:0051236, 9.86E-03)","peptidyl-serine modification (GO:0018209, 8.80E-04)
regulation of cell-matrix adhesion (GO:0001952, 1.48E-03)
regulation of focal adhesion assembly (GO:0051893, 1.76E-03)
regulation of cell-substrate junction assembly (GO:0090109, 1.76E-03)
regulation of cell-substrate junction organization (GO:0150116, 2.50E-03)
positive regulation of termination of RNA polymerase II transcription (GO:1904595, 3.36E-03)
regulation of JNK cascade (GO:0046328, 3.36E-03)
positive regulation of termination of DNA-templated transcription (GO:0060566, 3.36E-03)
RNA localization (GO:0006403, 6.51E-03)
positive regulation of protein binding (GO:0032092, 6.68E-03)
nucleic acid transport (GO:0050657, 6.90E-03)
RNA transport (GO:0050658, 6.90E-03)
focal adhesion assembly (GO:0048041, 6.99E-03)
establishment of RNA localization (GO:0051236, 7.73E-03)
positive regulation of cell size (GO:0045793, 7.73E-03)
regulation of small GTPase mediated signal transduction (GO:0051056, 9.56E-03)","positive regulation of termination of DNA-templated transcription (GO:0060566, 4.42E-03)
positive regulation of termination of RNA polymerase II transcription (GO:1904595, 4.42E-03)
regulation of cell-matrix adhesion (GO:0001952, 6.60E-03)
sensory system development (GO:0048880, 6.87E-03)
regulation of response to oxidative stress (GO:1902882, 7.27E-03)
positive regulation of cell size (GO:0045793, 8.70E-03)
peptidyl-serine modification (GO:0018209, 9.22E-03)","peptidyl-serine modification (GO:0018209, 1.73E-03)
establishment of mitotic sister chromatid cohesion (GO:0034087, 1.89E-03)
regulation of cell-matrix adhesion (GO:0001952, 2.64E-03)
regulation of focal adhesion assembly (GO:0051893, 2.82E-03)
regulation of cell-substrate junction assembly (GO:0090109, 2.82E-03)
regulation of cell-substrate junction organization (GO:0150116, 3.95E-03)
positive regulation of termination of DNA-templated transcription (GO:0060566, 4.06E-03)
positive regulation of termination of RNA polymerase II transcription (GO:1904595, 4.06E-03)
regulation of JNK cascade (GO:0046328, 5.56E-03)
hepaticobiliary system development (GO:0061008, 8.30E-03)
nuclear chromosome segregation (GO:0098813, 8.33E-03)
mitotic sister chromatid segregation (GO:0000070, 9.16E-03)
regulation of response to oxidative stress (GO:1902882, 9.25E-03)
positive regulation of protein binding (GO:0032092, 9.40E-03)
maintenance of sister chromatid cohesion (GO:0034086, 9.45E-03)
positive regulation of cell size (GO:0045793, 9.45E-03)
maintenance of mitotic sister chromatid cohesion (GO:0034088, 9.45E-03)
chromosome segregation (GO:0007059, 9.53E-03)
focal adhesion assembly (GO:0048041, 9.89E-03)","peptidyl-serine modification (GO:0018209, 1.67E-03)
establishment of mitotic sister chromatid cohesion (GO:0034087, 1.88E-03)
regulation of cell-matrix adhesion (GO:0001952, 2.62E-03)
regulation of cell-substrate junction assembly (GO:0090109, 2.79E-03)
regulation of focal adhesion assembly (GO:0051893, 2.79E-03)
regulation of cell-substrate junction organization (GO:0150116, 3.85E-03)
positive regulation of termination of RNA polymerase II transcription (GO:1904595, 3.94E-03)
positive regulation of termination of DNA-templated transcription (GO:0060566, 3.94E-03)
regulation of JNK cascade (GO:0046328, 5.45E-03)
hepaticobiliary system development (GO:0061008, 8.14E-03)
nuclear chromosome segregation (GO:0098813, 8.14E-03)
mitotic sister chromatid segregation (GO:0000070, 8.84E-03)
regulation of response to oxidative stress (GO:1902882, 9.11E-03)
positive regulation of protein binding (GO:0032092, 9.11E-03)
chromosome segregation (GO:0007059, 9.31E-03)
maintenance of sister chromatid cohesion (GO:0034086, 9.31E-03)
maintenance of mitotic sister chromatid cohesion (GO:0034088, 9.31E-03)
positive regulation of cell size (GO:0045793, 9.31E-03)
focal adhesion assembly (GO:0048041, 9.46E-03)","peptidyl-serine modification (GO:0018209, 1.69E-03)
establishment of mitotic sister chromatid cohesion (GO:0034087, 1.91E-03)
regulation of cell-matrix adhesion (GO:0001952, 2.62E-03)
regulation of cell-substrate junction assembly (GO:0090109, 2.81E-03)
regulation of focal adhesion assembly (GO:0051893, 2.81E-03)
regulation of cell-substrate junction organization (GO:0150116, 3.84E-03)
positive regulation of termination of DNA-templated transcription (GO:0060566, 3.96E-03)
positive regulation of termination of RNA polymerase II transcription (GO:1904595, 3.96E-03)
regulation of JNK cascade (GO:0046328, 5.44E-03)
nuclear chromosome segregation (GO:0098813, 8.00E-03)
hepaticobiliary system development (GO:0061008, 8.00E-03)
mitotic sister chromatid segregation (GO:0000070, 8.74E-03)
regulation of response to oxidative stress (GO:1902882, 9.01E-03)
positive regulation of protein binding (GO:0032092, 9.07E-03)
maintenance of sister chromatid cohesion (GO:0034086, 9.26E-03)
maintenance of mitotic sister chromatid cohesion (GO:0034088, 9.26E-03)
chromosome segregation (GO:0007059, 9.26E-03)
positive regulation of cell size (GO:0045793, 9.26E-03)
focal adhesion assembly (GO:0048041, 9.58E-03)
RNA localization (GO:0006403, 9.79E-03)"
"set2(#3632454L22Rik, #Gm26767)","peptidyl-serine modification (GO:0018209, 1.80E-03)
establishment of mitotic sister chromatid cohesion (GO:0034087, 1.93E-03)
regulation of cell-matrix adhesion (GO:0001952, 2.75E-03)
regulation of cell-substrate junction assembly (GO:0090109, 2.92E-03)
regulation of focal adhesion assembly (GO:0051893, 2.92E-03)
regulation of cell-substrate junction organization (GO:0150116, 4.06E-03)
positive regulation of termination of DNA-templated transcription (GO:0060566, 4.10E-03)
positive regulation of termination of RNA polymerase II transcription (GO:1904595, 4.10E-03)
regulation of JNK cascade (GO:0046328, 5.82E-03)
hepaticobiliary system development (GO:0061008, 8.69E-03)
nuclear chromosome segregation (GO:0098813, 8.79E-03)
mitotic sister chromatid segregation (GO:0000070, 9.46E-03)
regulation of response to oxidative stress (GO:1902882, 9.48E-03)
positive regulation of protein binding (GO:0032092, 9.67E-03)
maintenance of sister chromatid cohesion (GO:0034086, 9.72E-03)
positive regulation of cell size (GO:0045793, 9.72E-03)
maintenance of mitotic sister chromatid cohesion (GO:0034088, 9.72E-03)","peptidyl-serine modification (GO:0018209, 1.68E-03)
regulation of cell-matrix adhesion (GO:0001952, 2.49E-03)
regulation of focal adhesion assembly (GO:0051893, 2.61E-03)
regulation of cell-substrate junction assembly (GO:0090109, 2.61E-03)
regulation of cell-substrate junction organization (GO:0150116, 3.62E-03)
positive regulation of termination of RNA polymerase II transcription (GO:1904595, 3.94E-03)
positive regulation of termination of DNA-templated transcription (GO:0060566, 3.94E-03)
regulation of JNK cascade (GO:0046328, 5.21E-03)
hepaticobiliary system development (GO:0061008, 7.86E-03)
regulation of response to oxidative stress (GO:1902882, 9.12E-03)
positive regulation of protein binding (GO:0032092, 9.15E-03)
maintenance of mitotic sister chromatid cohesion (GO:0034088, 9.47E-03)
maintenance of sister chromatid cohesion (GO:0034086, 9.47E-03)
focal adhesion assembly (GO:0048041, 9.63E-03)
regulation of mitotic cell cycle phase transition (GO:1901990, 9.63E-03)","peptidyl-serine modification (GO:0018209, 1.34E-03)
establishment of mitotic sister chromatid cohesion (GO:0034087, 1.74E-03)
regulation of cell-matrix adhesion (GO:0001952, 2.09E-03)
regulation of cell-substrate junction assembly (GO:0090109, 2.32E-03)
regulation of focal adhesion assembly (GO:0051893, 2.32E-03)
regulation of cell-substrate junction organization (GO:0150116, 3.33E-03)
positive regulation of termination of DNA-templated transcription (GO:0060566, 3.75E-03)
positive regulation of termination of RNA polymerase II transcription (GO:1904595, 3.75E-03)
regulation of JNK cascade (GO:0046328, 4.70E-03)
nuclear chromosome segregation (GO:0098813, 6.65E-03)
hepaticobiliary system development (GO:0061008, 7.01E-03)
mitotic sister chromatid segregation (GO:0000070, 7.44E-03)
chromosome segregation (GO:0007059, 7.71E-03)
positive regulation of protein binding (GO:0032092, 8.28E-03)
maintenance of sister chromatid cohesion (GO:0034086, 8.66E-03)
RNA localization (GO:0006403, 8.66E-03)
positive regulation of cell size (GO:0045793, 8.66E-03)
maintenance of mitotic sister chromatid cohesion (GO:0034088, 8.66E-03)
regulation of mitotic cell cycle phase transition (GO:1901990, 8.66E-03)
focal adhesion assembly (GO:0048041, 8.72E-03)
nucleic acid transport (GO:0050657, 8.91E-03)
RNA transport (GO:0050658, 8.91E-03)
establishment of RNA localization (GO:0051236, 9.86E-03)","peptidyl-serine modification (GO:0018209, 8.80E-04)
regulation of cell-matrix adhesion (GO:0001952, 1.48E-03)
regulation of focal adhesion assembly (GO:0051893, 1.76E-03)
regulation of cell-substrate junction assembly (GO:0090109, 1.76E-03)
regulation of cell-substrate junction organization (GO:0150116, 2.50E-03)
positive regulation of termination of RNA polymerase II transcription (GO:1904595, 3.36E-03)
regulation of JNK cascade (GO:0046328, 3.36E-03)
positive regulation of termination of DNA-templated transcription (GO:0060566, 3.36E-03)
RNA localization (GO:0006403, 6.51E-03)
positive regulation of protein binding (GO:0032092, 6.68E-03)
nucleic acid transport (GO:0050657, 6.90E-03)
RNA transport (GO:0050658, 6.90E-03)
focal adhesion assembly (GO:0048041, 6.99E-03)
establishment of RNA localization (GO:0051236, 7.73E-03)
positive regulation of cell size (GO:0045793, 7.73E-03)
regulation of small GTPase mediated signal transduction (GO:0051056, 9.56E-03)","positive regulation of termination of DNA-templated transcription (GO:0060566, 4.42E-03)
positive regulation of termination of RNA polymerase II transcription (GO:1904595, 4.42E-03)
regulation of cell-matrix adhesion (GO:0001952, 6.60E-03)
sensory system development (GO:0048880, 6.87E-03)
regulation of response to oxidative stress (GO:1902882, 7.27E-03)
positive regulation of cell size (GO:0045793, 8.70E-03)
peptidyl-serine modification (GO:0018209, 9.22E-03)","peptidyl-serine modification (GO:0018209, 1.73E-03)
establishment of mitotic sister chromatid cohesion (GO:0034087, 1.89E-03)
regulation of cell-matrix adhesion (GO:0001952, 2.64E-03)
regulation of focal adhesion assembly (GO:0051893, 2.82E-03)
regulation of cell-substrate junction assembly (GO:0090109, 2.82E-03)
regulation of cell-substrate junction organization (GO:0150116, 3.95E-03)
positive regulation of termination of DNA-templated transcription (GO:0060566, 4.06E-03)
positive regulation of termination of RNA polymerase II transcription (GO:1904595, 4.06E-03)
regulation of JNK cascade (GO:0046328, 5.56E-03)
hepaticobiliary system development (GO:0061008, 8.30E-03)
nuclear chromosome segregation (GO:0098813, 8.33E-03)
mitotic sister chromatid segregation (GO:0000070, 9.16E-03)
regulation of response to oxidative stress (GO:1902882, 9.25E-03)
positive regulation of protein binding (GO:0032092, 9.40E-03)
maintenance of sister chromatid cohesion (GO:0034086, 9.45E-03)
positive regulation of cell size (GO:0045793, 9.45E-03)
maintenance of mitotic sister chromatid cohesion (GO:0034088, 9.45E-03)
chromosome segregation (GO:0007059, 9.53E-03)
focal adhesion assembly (GO:0048041, 9.89E-03)","peptidyl-serine modification (GO:0018209, 1.67E-03)
establishment of mitotic sister chromatid cohesion (GO:0034087, 1.88E-03)
regulation of cell-matrix adhesion (GO:0001952, 2.62E-03)
regulation of cell-substrate junction assembly (GO:0090109, 2.79E-03)
regulation of focal adhesion assembly (GO:0051893, 2.79E-03)
regulation of cell-substrate junction organization (GO:0150116, 3.85E-03)
positive regulation of termination of RNA polymerase II transcription (GO:1904595, 3.94E-03)
positive regulation of termination of DNA-templated transcription (GO:0060566, 3.94E-03)
regulation of JNK cascade (GO:0046328, 5.45E-03)
hepaticobiliary system development (GO:0061008, 8.14E-03)
nuclear chromosome segregation (GO:0098813, 8.14E-03)
mitotic sister chromatid segregation (GO:0000070, 8.84E-03)
regulation of response to oxidative stress (GO:1902882, 9.11E-03)
positive regulation of protein binding (GO:0032092, 9.11E-03)
chromosome segregation (GO:0007059, 9.31E-03)
maintenance of sister chromatid cohesion (GO:0034086, 9.31E-03)
maintenance of mitotic sister chromatid cohesion (GO:0034088, 9.31E-03)
positive regulation of cell size (GO:0045793, 9.31E-03)
focal adhesion assembly (GO:0048041, 9.46E-03)
regulation of mitotic cell cycle phase transition (GO:1901990, 9.89E-03)","peptidyl-serine modification (GO:0018209, 1.69E-03)
establishment of mitotic sister chromatid cohesion (GO:0034087, 1.91E-03)
regulation of cell-matrix adhesion (GO:0001952, 2.62E-03)
regulation of cell-substrate junction assembly (GO:0090109, 2.81E-03)
regulation of focal adhesion assembly (GO:0051893, 2.81E-03)
regulation of cell-substrate junction organization (GO:0150116, 3.84E-03)
positive regulation of termination of DNA-templated transcription (GO:0060566, 3.96E-03)
positive regulation of termination of RNA polymerase II transcription (GO:1904595, 3.96E-03)
regulation of JNK cascade (GO:0046328, 5.44E-03)
nuclear chromosome segregation (GO:0098813, 8.00E-03)
hepaticobiliary system development (GO:0061008, 8.00E-03)
mitotic sister chromatid segregation (GO:0000070, 8.74E-03)
regulation of response to oxidative stress (GO:1902882, 9.01E-03)
positive regulation of protein binding (GO:0032092, 9.07E-03)
maintenance of sister chromatid cohesion (GO:0034086, 9.26E-03)
maintenance of mitotic sister chromatid cohesion (GO:0034088, 9.26E-03)
chromosome segregation (GO:0007059, 9.26E-03)
positive regulation of cell size (GO:0045793, 9.26E-03)
focal adhesion assembly (GO:0048041, 9.58E-03)
RNA localization (GO:0006403, 9.79E-03)
regulation of mitotic cell cycle phase transition (GO:1901990, 9.95E-03)"
set3(#4930483O08Rik),"peptidyl-serine modification (GO:0018209, 1.80E-03)
establishment of mitotic sister chromatid cohesion (GO:0034087, 1.93E-03)
regulation of cell-matrix adhesion (GO:0001952, 2.75E-03)
regulation of cell-substrate junction assembly (GO:0090109, 2.92E-03)
regulation of focal adhesion assembly (GO:0051893, 2.92E-03)
regulation of cell-substrate junction organization (GO:0150116, 4.06E-03)
positive regulation of termination of DNA-templated transcription (GO:0060566, 4.10E-03)
positive regulation of termination of RNA polymerase II transcription (GO:1904595, 4.10E-03)
regulation of JNK cascade (GO:0046328, 5.82E-03)
hepaticobiliary system development (GO:0061008, 8.69E-03)
nuclear chromosome segregation (GO:0098813, 8.79E-03)
mitotic sister chromatid segregation (GO:0000070, 9.46E-03)
regulation of response to oxidative stress (GO:1902882, 9.48E-03)
positive regulation of protein binding (GO:0032092, 9.67E-03)
maintenance of sister chromatid cohesion (GO:0034086, 9.72E-03)
positive regulation of cell size (GO:0045793, 9.72E-03)
maintenance of mitotic sister chromatid cohesion (GO:0034088, 9.72E-03)","peptidyl-serine modification (GO:0018209, 1.68E-03)
regulation of cell-matrix adhesion (GO:0001952, 2.49E-03)
regulation of focal adhesion assembly (GO:0051893, 2.61E-03)
regulation of cell-substrate junction assembly (GO:0090109, 2.61E-03)
regulation of cell-substrate junction organization (GO:0150116, 3.62E-03)
positive regulation of termination of RNA polymerase II transcription (GO:1904595, 3.94E-03)
positive regulation of termination of DNA-templated transcription (GO:0060566, 3.94E-03)
regulation of JNK cascade (GO:0046328, 5.21E-03)
hepaticobiliary system development (GO:0061008, 7.86E-03)
regulation of response to oxidative stress (GO:1902882, 9.12E-03)
positive regulation of protein binding (GO:0032092, 9.15E-03)
maintenance of mitotic sister chromatid cohesion (GO:0034088, 9.47E-03)
maintenance of sister chromatid cohesion (GO:0034086, 9.47E-03)
focal adhesion assembly (GO:0048041, 9.63E-03)","peptidyl-serine modification (GO:0018209, 1.34E-03)
establishment of mitotic sister chromatid cohesion (GO:0034087, 1.74E-03)
regulation of cell-matrix adhesion (GO:0001952, 2.09E-03)
regulation of cell-substrate junction assembly (GO:0090109, 2.32E-03)
regulation of focal adhesion assembly (GO:0051893, 2.32E-03)
regulation of cell-substrate junction organization (GO:0150116, 3.33E-03)
positive regulation of termination of DNA-templated transcription (GO:0060566, 3.75E-03)
positive regulation of termination of RNA polymerase II transcription (GO:1904595, 3.75E-03)
regulation of JNK cascade (GO:0046328, 4.70E-03)
nuclear chromosome segregation (GO:0098813, 6.65E-03)
hepaticobiliary system development (GO:0061008, 7.01E-03)
mitotic sister chromatid segregation (GO:0000070, 7.44E-03)
chromosome segregation (GO:0007059, 7.71E-03)
positive regulation of protein binding (GO:0032092, 8.28E-03)
maintenance of sister chromatid cohesion (GO:0034086, 8.66E-03)
RNA localization (GO:0006403, 8.66E-03)
positive regulation of cell size (GO:0045793, 8.66E-03)
maintenance of mitotic sister chromatid cohesion (GO:0034088, 8.66E-03)
focal adhesion assembly (GO:0048041, 8.72E-03)
nucleic acid transport (GO:0050657, 8.91E-03)
RNA transport (GO:0050658, 8.91E-03)
establishment of RNA localization (GO:0051236, 9.86E-03)","peptidyl-serine modification (GO:0018209, 8.80E-04)
regulation of cell-matrix adhesion (GO:0001952, 1.48E-03)
regulation of focal adhesion assembly (GO:0051893, 1.76E-03)
regulation of cell-substrate junction assembly (GO:0090109, 1.76E-03)
regulation of cell-substrate junction organization (GO:0150116, 2.50E-03)
positive regulation of termination of RNA polymerase II transcription (GO:1904595, 3.36E-03)
regulation of JNK cascade (GO:0046328, 3.36E-03)
positive regulation of termination of DNA-templated transcription (GO:0060566, 3.36E-03)
RNA localization (GO:0006403, 6.51E-03)
positive regulation of protein binding (GO:0032092, 6.68E-03)
nucleic acid transport (GO:0050657, 6.90E-03)
RNA transport (GO:0050658, 6.90E-03)
focal adhesion assembly (GO:0048041, 6.99E-03)
establishment of RNA localization (GO:0051236, 7.73E-03)
positive regulation of cell size (GO:0045793, 7.73E-03)
regulation of small GTPase mediated signal transduction (GO:0051056, 9.56E-03)","positive regulation of termination of DNA-templated transcription (GO:0060566, 4.42E-03)
positive regulation of termination of RNA polymerase II transcription (GO:1904595, 4.42E-03)
regulation of cell-matrix adhesion (GO:0001952, 6.60E-03)
regulation of response to oxidative stress (GO:1902882, 7.27E-03)
positive regulation of cell size (GO:0045793, 8.70E-03)
peptidyl-serine modification (GO:0018209, 9.22E-03)","peptidyl-serine modification (GO:0018209, 1.73E-03)
establishment of mitotic sister chromatid cohesion (GO:0034087, 1.89E-03)
regulation of cell-matrix adhesion (GO:0001952, 2.64E-03)
regulation of focal adhesion assembly (GO:0051893, 2.82E-03)
regulation of cell-substrate junction assembly (GO:0090109, 2.82E-03)
regulation of cell-substrate junction organization (GO:0150116, 3.95E-03)
positive regulation of termination of DNA-templated transcription (GO:0060566, 4.06E-03)
positive regulation of termination of RNA polymerase II transcription (GO:1904595, 4.06E-03)
regulation of JNK cascade (GO:0046328, 5.56E-03)
hepaticobiliary system development (GO:0061008, 8.30E-03)
nuclear chromosome segregation (GO:0098813, 8.33E-03)
mitotic sister chromatid segregation (GO:0000070, 9.16E-03)
regulation of response to oxidative stress (GO:1902882, 9.25E-03)
positive regulation of protein binding (GO:0032092, 9.40E-03)
maintenance of sister chromatid cohesion (GO:0034086, 9.45E-03)
positive regulation of cell size (GO:0045793, 9.45E-03)
maintenance of mitotic sister chromatid cohesion (GO:0034088, 9.45E-03)
chromosome segregation (GO:0007059, 9.53E-03)
focal adhesion assembly (GO:0048041, 9.89E-03)","peptidyl-serine modification (GO:0018209, 1.67E-03)
establishment of mitotic sister chromatid cohesion (GO:0034087, 1.88E-03)
regulation of cell-matrix adhesion (GO:0001952, 2.62E-03)
regulation of cell-substrate junction assembly (GO:0090109, 2.79E-03)
regulation of focal adhesion assembly (GO:0051893, 2.79E-03)
regulation of cell-substrate junction organization (GO:0150116, 3.85E-03)
positive regulation of termination of RNA polymerase II transcription (GO:1904595, 3.94E-03)
positive regulation of termination of DNA-templated transcription (GO:0060566, 3.94E-03)
regulation of JNK cascade (GO:0046328, 5.45E-03)
hepaticobiliary system development (GO:0061008, 8.14E-03)
nuclear chromosome segregation (GO:0098813, 8.14E-03)
mitotic sister chromatid segregation (GO:0000070, 8.84E-03)
regulation of response to oxidative stress (GO:1902882, 9.11E-03)
positive regulation of protein binding (GO:0032092, 9.11E-03)
chromosome segregation (GO:0007059, 9.31E-03)
maintenance of sister chromatid cohesion (GO:0034086, 9.31E-03)
maintenance of mitotic sister chromatid cohesion (GO:0034088, 9.31E-03)
positive regulation of cell size (GO:0045793, 9.31E-03)
focal adhesion assembly (GO:0048041, 9.46E-03)","peptidyl-serine modification (GO:0018209, 1.69E-03)
establishment of mitotic sister chromatid cohesion (GO:0034087, 1.91E-03)
regulation of cell-matrix adhesion (GO:0001952, 2.62E-03)
regulation of cell-substrate junction assembly (GO:0090109, 2.81E-03)
regulation of focal adhesion assembly (GO:0051893, 2.81E-03)
regulation of cell-substrate junction organization (GO:0150116, 3.84E-03)
positive regulation of termination of DNA-templated transcription (GO:0060566, 3.96E-03)
positive regulation of termination of RNA polymerase II transcription (GO:1904595, 3.96E-03)
regulation of JNK cascade (GO:0046328, 5.44E-03)
nuclear chromosome segregation (GO:0098813, 8.00E-03)
hepaticobiliary system development (GO:0061008, 8.00E-03)
mitotic sister chromatid segregation (GO:0000070, 8.74E-03)
regulation of response to oxidative stress (GO:1902882, 9.01E-03)
positive regulation of protein binding (GO:0032092, 9.07E-03)
maintenance of sister chromatid cohesion (GO:0034086, 9.26E-03)
maintenance of mitotic sister chromatid cohesion (GO:0034088, 9.26E-03)
chromosome segregation (GO:0007059, 9.26E-03)
positive regulation of cell size (GO:0045793, 9.26E-03)
focal adhesion assembly (GO:0048041, 9.58E-03)
RNA localization (GO:0006403, 9.79E-03)"
set4(#AI506816),"peptidyl-serine modification (GO:0018209, 1.80E-03)
establishment of mitotic sister chromatid cohesion (GO:0034087, 1.93E-03)
regulation of cell-matrix adhesion (GO:0001952, 2.75E-03)
regulation of cell-substrate junction assembly (GO:0090109, 2.92E-03)
regulation of focal adhesion assembly (GO:0051893, 2.92E-03)
regulation of cell-substrate junction organization (GO:0150116, 4.06E-03)
positive regulation of termination of DNA-templated transcription (GO:0060566, 4.10E-03)
positive regulation of termination of RNA polymerase II transcription (GO:1904595, 4.10E-03)
regulation of JNK cascade (GO:0046328, 5.82E-03)
hepaticobiliary system development (GO:0061008, 8.69E-03)
nuclear chromosome segregation (GO:0098813, 8.79E-03)
mitotic sister chromatid segregation (GO:0000070, 9.46E-03)
regulation of response to oxidative stress (GO:1902882, 9.48E-03)
positive regulation of protein binding (GO:0032092, 9.67E-03)
maintenance of sister chromatid cohesion (GO:0034086, 9.72E-03)
positive regulation of cell size (GO:0045793, 9.72E-03)
maintenance of mitotic sister chromatid cohesion (GO:0034088, 9.72E-03)","peptidyl-serine modification (GO:0018209, 1.68E-03)
regulation of cell-matrix adhesion (GO:0001952, 2.49E-03)
regulation of focal adhesion assembly (GO:0051893, 2.61E-03)
regulation of cell-substrate junction assembly (GO:0090109, 2.61E-03)
regulation of cell-substrate junction organization (GO:0150116, 3.62E-03)
positive regulation of termination of RNA polymerase II transcription (GO:1904595, 3.94E-03)
positive regulation of termination of DNA-templated transcription (GO:0060566, 3.94E-03)
regulation of JNK cascade (GO:0046328, 5.21E-03)
hepaticobiliary system development (GO:0061008, 7.86E-03)
regulation of response to oxidative stress (GO:1902882, 9.12E-03)
positive regulation of protein binding (GO:0032092, 9.15E-03)
maintenance of mitotic sister chromatid cohesion (GO:0034088, 9.47E-03)
maintenance of sister chromatid cohesion (GO:0034086, 9.47E-03)
focal adhesion assembly (GO:0048041, 9.63E-03)","peptidyl-serine modification (GO:0018209, 1.34E-03)
establishment of mitotic sister chromatid cohesion (GO:0034087, 1.74E-03)
regulation of cell-matrix adhesion (GO:0001952, 2.09E-03)
regulation of cell-substrate junction assembly (GO:0090109, 2.32E-03)
regulation of focal adhesion assembly (GO:0051893, 2.32E-03)
regulation of cell-substrate junction organization (GO:0150116, 3.33E-03)
positive regulation of termination of DNA-templated transcription (GO:0060566, 3.75E-03)
positive regulation of termination of RNA polymerase II transcription (GO:1904595, 3.75E-03)
regulation of JNK cascade (GO:0046328, 4.70E-03)
nuclear chromosome segregation (GO:0098813, 6.65E-03)
hepaticobiliary system development (GO:0061008, 7.01E-03)
mitotic sister chromatid segregation (GO:0000070, 7.44E-03)
chromosome segregation (GO:0007059, 7.71E-03)
positive regulation of protein binding (GO:0032092, 8.28E-03)
maintenance of sister chromatid cohesion (GO:0034086, 8.66E-03)
RNA localization (GO:0006403, 8.66E-03)
positive regulation of cell size (GO:0045793, 8.66E-03)
maintenance of mitotic sister chromatid cohesion (GO:0034088, 8.66E-03)
focal adhesion assembly (GO:0048041, 8.72E-03)
nucleic acid transport (GO:0050657, 8.91E-03)
RNA transport (GO:0050658, 8.91E-03)
establishment of RNA localization (GO:0051236, 9.86E-03)","peptidyl-serine modification (GO:0018209, 8.80E-04)
regulation of cell-matrix adhesion (GO:0001952, 1.48E-03)
regulation of focal adhesion assembly (GO:0051893, 1.76E-03)
regulation of cell-substrate junction assembly (GO:0090109, 1.76E-03)
regulation of cell-substrate junction organization (GO:0150116, 2.50E-03)
positive regulation of termination of RNA polymerase II transcription (GO:1904595, 3.36E-03)
regulation of JNK cascade (GO:0046328, 3.36E-03)
positive regulation of termination of DNA-templated transcription (GO:0060566, 3.36E-03)
RNA localization (GO:0006403, 6.51E-03)
positive regulation of protein binding (GO:0032092, 6.68E-03)
nucleic acid transport (GO:0050657, 6.90E-03)
RNA transport (GO:0050658, 6.90E-03)
focal adhesion assembly (GO:0048041, 6.99E-03)
establishment of RNA localization (GO:0051236, 7.73E-03)
positive regulation of cell size (GO:0045793, 7.73E-03)
regulation of small GTPase mediated signal transduction (GO:0051056, 9.56E-03)","positive regulation of termination of DNA-templated transcription (GO:0060566, 4.42E-03)
positive regulation of termination of RNA polymerase II transcription (GO:1904595, 4.42E-03)
regulation of cell-matrix adhesion (GO:0001952, 6.60E-03)
sensory system development (GO:0048880, 6.87E-03)
regulation of response to oxidative stress (GO:1902882, 7.27E-03)
positive regulation of cell size (GO:0045793, 8.70E-03)
peptidyl-serine modification (GO:0018209, 9.22E-03)","peptidyl-serine modification (GO:0018209, 1.73E-03)
establishment of mitotic sister chromatid cohesion (GO:0034087, 1.89E-03)
regulation of cell-matrix adhesion (GO:0001952, 2.64E-03)
regulation of focal adhesion assembly (GO:0051893, 2.82E-03)
regulation of cell-substrate junction assembly (GO:0090109, 2.82E-03)
regulation of cell-substrate junction organization (GO:0150116, 3.95E-03)
positive regulation of termination of DNA-templated transcription (GO:0060566, 4.06E-03)
positive regulation of termination of RNA polymerase II transcription (GO:1904595, 4.06E-03)
regulation of JNK cascade (GO:0046328, 5.56E-03)
hepaticobiliary system development (GO:0061008, 8.30E-03)
nuclear chromosome segregation (GO:0098813, 8.33E-03)
mitotic sister chromatid segregation (GO:0000070, 9.16E-03)
regulation of response to oxidative stress (GO:1902882, 9.25E-03)
positive regulation of protein binding (GO:0032092, 9.40E-03)
maintenance of sister chromatid cohesion (GO:0034086, 9.45E-03)
positive regulation of cell size (GO:0045793, 9.45E-03)
maintenance of mitotic sister chromatid cohesion (GO:0034088, 9.45E-03)
chromosome segregation (GO:0007059, 9.53E-03)
focal adhesion assembly (GO:0048041, 9.89E-03)","peptidyl-serine modification (GO:0018209, 1.67E-03)
establishment of mitotic sister chromatid cohesion (GO:0034087, 1.88E-03)
regulation of cell-matrix adhesion (GO:0001952, 2.62E-03)
regulation of cell-substrate junction assembly (GO:0090109, 2.79E-03)
regulation of focal adhesion assembly (GO:0051893, 2.79E-03)
regulation of cell-substrate junction organization (GO:0150116, 3.85E-03)
positive regulation of termination of RNA polymerase II transcription (GO:1904595, 3.94E-03)
positive regulation of termination of DNA-templated transcription (GO:0060566, 3.94E-03)
regulation of JNK cascade (GO:0046328, 5.45E-03)
hepaticobiliary system development (GO:0061008, 8.14E-03)
nuclear chromosome segregation (GO:0098813, 8.14E-03)
mitotic sister chromatid segregation (GO:0000070, 8.84E-03)
regulation of response to oxidative stress (GO:1902882, 9.11E-03)
positive regulation of protein binding (GO:0032092, 9.11E-03)
chromosome segregation (GO:0007059, 9.31E-03)
maintenance of sister chromatid cohesion (GO:0034086, 9.31E-03)
maintenance of mitotic sister chromatid cohesion (GO:0034088, 9.31E-03)
positive regulation of cell size (GO:0045793, 9.31E-03)
focal adhesion assembly (GO:0048041, 9.46E-03)","peptidyl-serine modification (GO:0018209, 1.69E-03)
establishment of mitotic sister chromatid cohesion (GO:0034087, 1.91E-03)
regulation of cell-matrix adhesion (GO:0001952, 2.62E-03)
regulation of cell-substrate junction assembly (GO:0090109, 2.81E-03)
regulation of focal adhesion assembly (GO:0051893, 2.81E-03)
regulation of cell-substrate junction organization (GO:0150116, 3.84E-03)
positive regulation of termination of DNA-templated transcription (GO:0060566, 3.96E-03)
positive regulation of termination of RNA polymerase II transcription (GO:1904595, 3.96E-03)
regulation of JNK cascade (GO:0046328, 5.44E-03)
nuclear chromosome segregation (GO:0098813, 8.00E-03)
hepaticobiliary system development (GO:0061008, 8.00E-03)
mitotic sister chromatid segregation (GO:0000070, 8.74E-03)
regulation of response to oxidative stress (GO:1902882, 9.01E-03)
positive regulation of protein binding (GO:0032092, 9.07E-03)
maintenance of sister chromatid cohesion (GO:0034086, 9.26E-03)
maintenance of mitotic sister chromatid cohesion (GO:0034088, 9.26E-03)
chromosome segregation (GO:0007059, 9.26E-03)
positive regulation of cell size (GO:0045793, 9.26E-03)
focal adhesion assembly (GO:0048041, 9.58E-03)
RNA localization (GO:0006403, 9.79E-03)"
set5(#Airn),"peptidyl-serine modification (GO:0018209, 1.80E-03)
establishment of mitotic sister chromatid cohesion (GO:0034087, 1.93E-03)
regulation of cell-matrix adhesion (GO:0001952, 2.75E-03)
regulation of cell-substrate junction assembly (GO:0090109, 2.92E-03)
regulation of focal adhesion assembly (GO:0051893, 2.92E-03)
regulation of cell-substrate junction organization (GO:0150116, 4.06E-03)
positive regulation of termination of DNA-templated transcription (GO:0060566, 4.10E-03)
positive regulation of termination of RNA polymerase II transcription (GO:1904595, 4.10E-03)
hepaticobiliary system development (GO:0061008, 8.69E-03)
nuclear chromosome segregation (GO:0098813, 8.79E-03)
mitotic sister chromatid segregation (GO:0000070, 9.46E-03)
regulation of response to oxidative stress (GO:1902882, 9.48E-03)
positive regulation of protein binding (GO:0032092, 9.67E-03)
maintenance of sister chromatid cohesion (GO:0034086, 9.72E-03)
positive regulation of cell size (GO:0045793, 9.72E-03)
maintenance of mitotic sister chromatid cohesion (GO:0034088, 9.72E-03)","peptidyl-serine modification (GO:0018209, 1.68E-03)
regulation of cell-matrix adhesion (GO:0001952, 2.49E-03)
regulation of focal adhesion assembly (GO:0051893, 2.61E-03)
regulation of cell-substrate junction assembly (GO:0090109, 2.61E-03)
regulation of cell-substrate junction organization (GO:0150116, 3.62E-03)
positive regulation of termination of RNA polymerase II transcription (GO:1904595, 3.94E-03)
positive regulation of termination of DNA-templated transcription (GO:0060566, 3.94E-03)
hepaticobiliary system development (GO:0061008, 7.86E-03)
regulation of response to oxidative stress (GO:1902882, 9.12E-03)
positive regulation of protein binding (GO:0032092, 9.15E-03)
maintenance of mitotic sister chromatid cohesion (GO:0034088, 9.47E-03)
maintenance of sister chromatid cohesion (GO:0034086, 9.47E-03)
focal adhesion assembly (GO:0048041, 9.63E-03)
regulation of mitotic cell cycle phase transition (GO:1901990, 9.63E-03)","peptidyl-serine modification (GO:0018209, 1.34E-03)
establishment of mitotic sister chromatid cohesion (GO:0034087, 1.74E-03)
regulation of cell-matrix adhesion (GO:0001952, 2.09E-03)
regulation of cell-substrate junction assembly (GO:0090109, 2.32E-03)
regulation of focal adhesion assembly (GO:0051893, 2.32E-03)
regulation of cell-substrate junction organization (GO:0150116, 3.33E-03)
positive regulation of termination of DNA-templated transcription (GO:0060566, 3.75E-03)
positive regulation of termination of RNA polymerase II transcription (GO:1904595, 3.75E-03)
nuclear chromosome segregation (GO:0098813, 6.65E-03)
hepaticobiliary system development (GO:0061008, 7.01E-03)
mitotic sister chromatid segregation (GO:0000070, 7.44E-03)
chromosome segregation (GO:0007059, 7.71E-03)
positive regulation of protein binding (GO:0032092, 8.28E-03)
maintenance of sister chromatid cohesion (GO:0034086, 8.66E-03)
RNA localization (GO:0006403, 8.66E-03)
positive regulation of cell size (GO:0045793, 8.66E-03)
maintenance of mitotic sister chromatid cohesion (GO:0034088, 8.66E-03)
regulation of mitotic cell cycle phase transition (GO:1901990, 8.66E-03)
focal adhesion assembly (GO:0048041, 8.72E-03)
nucleic acid transport (GO:0050657, 8.91E-03)
RNA transport (GO:0050658, 8.91E-03)
establishment of RNA localization (GO:0051236, 9.86E-03)","peptidyl-serine modification (GO:0018209, 8.80E-04)
regulation of cell-matrix adhesion (GO:0001952, 1.48E-03)
regulation of focal adhesion assembly (GO:0051893, 1.76E-03)
regulation of cell-substrate junction assembly (GO:0090109, 1.76E-03)
regulation of cell-substrate junction organization (GO:0150116, 2.50E-03)
positive regulation of termination of RNA polymerase II transcription (GO:1904595, 3.36E-03)
positive regulation of termination of DNA-templated transcription (GO:0060566, 3.36E-03)
RNA localization (GO:0006403, 6.51E-03)
positive regulation of protein binding (GO:0032092, 6.68E-03)
nucleic acid transport (GO:0050657, 6.90E-03)
RNA transport (GO:0050658, 6.90E-03)
focal adhesion assembly (GO:0048041, 6.99E-03)
establishment of RNA localization (GO:0051236, 7.73E-03)
positive regulation of cell size (GO:0045793, 7.73E-03)
regulation of small GTPase mediated signal transduction (GO:0051056, 9.56E-03)","positive regulation of termination of DNA-templated transcription (GO:0060566, 4.42E-03)
positive regulation of termination of RNA polymerase II transcription (GO:1904595, 4.42E-03)
regulation of cell-matrix adhesion (GO:0001952, 6.60E-03)
regulation of response to oxidative stress (GO:1902882, 7.27E-03)
positive regulation of cell size (GO:0045793, 8.70E-03)
peptidyl-serine modification (GO:0018209, 9.22E-03)","peptidyl-serine modification (GO:0018209, 1.73E-03)
establishment of mitotic sister chromatid cohesion (GO:0034087, 1.89E-03)
regulation of cell-matrix adhesion (GO:0001952, 2.64E-03)
regulation of focal adhesion assembly (GO:0051893, 2.82E-03)
regulation of cell-substrate junction assembly (GO:0090109, 2.82E-03)
regulation of cell-substrate junction organization (GO:0150116, 3.95E-03)
positive regulation of termination of DNA-templated transcription (GO:0060566, 4.06E-03)
positive regulation of termination of RNA polymerase II transcription (GO:1904595, 4.06E-03)
hepaticobiliary system development (GO:0061008, 8.30E-03)
nuclear chromosome segregation (GO:0098813, 8.33E-03)
mitotic sister chromatid segregation (GO:0000070, 9.16E-03)
regulation of response to oxidative stress (GO:1902882, 9.25E-03)
positive regulation of protein binding (GO:0032092, 9.40E-03)
maintenance of sister chromatid cohesion (GO:0034086, 9.45E-03)
positive regulation of cell size (GO:0045793, 9.45E-03)
maintenance of mitotic sister chromatid cohesion (GO:0034088, 9.45E-03)
chromosome segregation (GO:0007059, 9.53E-03)
focal adhesion assembly (GO:0048041, 9.89E-03)","peptidyl-serine modification (GO:0018209, 1.67E-03)
establishment of mitotic sister chromatid cohesion (GO:0034087, 1.88E-03)
regulation of cell-matrix adhesion (GO:0001952, 2.62E-03)
regulation of cell-substrate junction assembly (GO:0090109, 2.79E-03)
regulation of focal adhesion assembly (GO:0051893, 2.79E-03)
regulation of cell-substrate junction organization (GO:0150116, 3.85E-03)
positive regulation of termination of RNA polymerase II transcription (GO:1904595, 3.94E-03)
positive regulation of termination of DNA-templated transcription (GO:0060566, 3.94E-03)
hepaticobiliary system development (GO:0061008, 8.14E-03)
nuclear chromosome segregation (GO:0098813, 8.14E-03)
mitotic sister chromatid segregation (GO:0000070, 8.84E-03)
regulation of response to oxidative stress (GO:1902882, 9.11E-03)
positive regulation of protein binding (GO:0032092, 9.11E-03)
chromosome segregation (GO:0007059, 9.31E-03)
maintenance of sister chromatid cohesion (GO:0034086, 9.31E-03)
maintenance of mitotic sister chromatid cohesion (GO:0034088, 9.31E-03)
positive regulation of cell size (GO:0045793, 9.31E-03)
focal adhesion assembly (GO:0048041, 9.46E-03)
regulation of mitotic cell cycle phase transition (GO:1901990, 9.89E-03)","peptidyl-serine modification (GO:0018209, 1.69E-03)
establishment of mitotic sister chromatid cohesion (GO:0034087, 1.91E-03)
regulation of cell-matrix adhesion (GO:0001952, 2.62E-03)
regulation of cell-substrate junction assembly (GO:0090109, 2.81E-03)
regulation of focal adhesion assembly (GO:0051893, 2.81E-03)
regulation of cell-substrate junction organization (GO:0150116, 3.84E-03)
positive regulation of termination of DNA-templated transcription (GO:0060566, 3.96E-03)
positive regulation of termination of RNA polymerase II transcription (GO:1904595, 3.96E-03)
nuclear chromosome segregation (GO:0098813, 8.00E-03)
hepaticobiliary system development (GO:0061008, 8.00E-03)
mitotic sister chromatid segregation (GO:0000070, 8.74E-03)
regulation of response to oxidative stress (GO:1902882, 9.01E-03)
positive regulation of protein binding (GO:0032092, 9.07E-03)
maintenance of sister chromatid cohesion (GO:0034086, 9.26E-03)
maintenance of mitotic sister chromatid cohesion (GO:0034088, 9.26E-03)
chromosome segregation (GO:0007059, 9.26E-03)
positive regulation of cell size (GO:0045793, 9.26E-03)
focal adhesion assembly (GO:0048041, 9.58E-03)
RNA localization (GO:0006403, 9.79E-03)
regulation of mitotic cell cycle phase transition (GO:1901990, 9.95E-03)"
set6(#Gm12992),"peptidyl-serine modification (GO:0018209, 1.80E-03)
establishment of mitotic sister chromatid cohesion (GO:0034087, 1.93E-03)
regulation of cell-matrix adhesion (GO:0001952, 2.75E-03)
regulation of cell-substrate junction assembly (GO:0090109, 2.92E-03)
regulation of focal adhesion assembly (GO:0051893, 2.92E-03)
regulation of cell-substrate junction organization (GO:0150116, 4.06E-03)
positive regulation of termination of DNA-templated transcription (GO:0060566, 4.10E-03)
positive regulation of termination of RNA polymerase II transcription (GO:1904595, 4.10E-03)
regulation of JNK cascade (GO:0046328, 5.82E-03)
hepaticobiliary system development (GO:0061008, 8.69E-03)
nuclear chromosome segregation (GO:0098813, 8.79E-03)
mitotic sister chromatid segregation (GO:0000070, 9.46E-03)
regulation of response to oxidative stress (GO:1902882, 9.48E-03)
positive regulation of protein binding (GO:0032092, 9.67E-03)
maintenance of sister chromatid cohesion (GO:0034086, 9.72E-03)
positive regulation of cell size (GO:0045793, 9.72E-03)
maintenance of mitotic sister chromatid cohesion (GO:0034088, 9.72E-03)
cell-matrix adhesion (GO:0007160, 9.79E-03)","peptidyl-serine modification (GO:0018209, 1.68E-03)
regulation of cell-matrix adhesion (GO:0001952, 2.49E-03)
regulation of focal adhesion assembly (GO:0051893, 2.61E-03)
regulation of cell-substrate junction assembly (GO:0090109, 2.61E-03)
regulation of cell-substrate junction organization (GO:0150116, 3.62E-03)
positive regulation of termination of RNA polymerase II transcription (GO:1904595, 3.94E-03)
positive regulation of termination of DNA-templated transcription (GO:0060566, 3.94E-03)
regulation of JNK cascade (GO:0046328, 5.21E-03)
hepaticobiliary system development (GO:0061008, 7.86E-03)
regulation of response to oxidative stress (GO:1902882, 9.12E-03)
cell-matrix adhesion (GO:0007160, 9.12E-03)
positive regulation of protein binding (GO:0032092, 9.15E-03)
maintenance of mitotic sister chromatid cohesion (GO:0034088, 9.47E-03)
maintenance of sister chromatid cohesion (GO:0034086, 9.47E-03)
focal adhesion assembly (GO:0048041, 9.63E-03)
regulation of mitotic cell cycle phase transition (GO:1901990, 9.63E-03)","peptidyl-serine modification (GO:0018209, 1.34E-03)
establishment of mitotic sister chromatid cohesion (GO:0034087, 1.74E-03)
regulation of cell-matrix adhesion (GO:0001952, 2.09E-03)
regulation of cell-substrate junction assembly (GO:0090109, 2.32E-03)
regulation of focal adhesion assembly (GO:0051893, 2.32E-03)
regulation of cell-substrate junction organization (GO:0150116, 3.33E-03)
positive regulation of termination of DNA-templated transcription (GO:0060566, 3.75E-03)
positive regulation of termination of RNA polymerase II transcription (GO:1904595, 3.75E-03)
regulation of JNK cascade (GO:0046328, 4.70E-03)
nuclear chromosome segregation (GO:0098813, 6.65E-03)
hepaticobiliary system development (GO:0061008, 7.01E-03)
mitotic sister chromatid segregation (GO:0000070, 7.44E-03)
chromosome segregation (GO:0007059, 7.71E-03)
cell-matrix adhesion (GO:0007160, 7.91E-03)
positive regulation of protein binding (GO:0032092, 8.28E-03)
maintenance of sister chromatid cohesion (GO:0034086, 8.66E-03)
RNA localization (GO:0006403, 8.66E-03)
positive regulation of cell size (GO:0045793, 8.66E-03)
maintenance of mitotic sister chromatid cohesion (GO:0034088, 8.66E-03)
regulation of mitotic cell cycle phase transition (GO:1901990, 8.66E-03)
focal adhesion assembly (GO:0048041, 8.72E-03)
nucleic acid transport (GO:0050657, 8.91E-03)
RNA transport (GO:0050658, 8.91E-03)
establishment of RNA localization (GO:0051236, 9.86E-03)","peptidyl-serine modification (GO:0018209, 8.80E-04)
regulation of cell-matrix adhesion (GO:0001952, 1.48E-03)
regulation of focal adhesion assembly (GO:0051893, 1.76E-03)
regulation of cell-substrate junction assembly (GO:0090109, 1.76E-03)
regulation of cell-substrate junction organization (GO:0150116, 2.50E-03)
positive regulation of termination of RNA polymerase II transcription (GO:1904595, 3.36E-03)
regulation of JNK cascade (GO:0046328, 3.36E-03)
positive regulation of termination of DNA-templated transcription (GO:0060566, 3.36E-03)
cell-matrix adhesion (GO:0007160, 5.65E-03)
RNA localization (GO:0006403, 6.51E-03)
positive regulation of protein binding (GO:0032092, 6.68E-03)
nucleic acid transport (GO:0050657, 6.90E-03)
RNA transport (GO:0050658, 6.90E-03)
focal adhesion assembly (GO:0048041, 6.99E-03)
establishment of RNA localization (GO:0051236, 7.73E-03)
positive regulation of cell size (GO:0045793, 7.73E-03)
regulation of small GTPase mediated signal transduction (GO:0051056, 9.56E-03)","positive regulation of termination of DNA-templated transcription (GO:0060566, 4.42E-03)
positive regulation of termination of RNA polymerase II transcription (GO:1904595, 4.42E-03)
eye development (GO:0001654, 6.05E-03)
visual system development (GO:0150063, 6.43E-03)
regulation of cell-matrix adhesion (GO:0001952, 6.60E-03)
sensory system development (GO:0048880, 6.87E-03)
regulation of response to oxidative stress (GO:1902882, 7.27E-03)
positive regulation of cell size (GO:0045793, 8.70E-03)
peptidyl-serine modification (GO:0018209, 9.22E-03)","peptidyl-serine modification (GO:0018209, 1.73E-03)
establishment of mitotic sister chromatid cohesion (GO:0034087, 1.89E-03)
regulation of cell-matrix adhesion (GO:0001952, 2.64E-03)
regulation of focal adhesion assembly (GO:0051893, 2.82E-03)
regulation of cell-substrate junction assembly (GO:0090109, 2.82E-03)
regulation of cell-substrate junction organization (GO:0150116, 3.95E-03)
positive regulation of termination of DNA-templated transcription (GO:0060566, 4.06E-03)
positive regulation of termination of RNA polymerase II transcription (GO:1904595, 4.06E-03)
regulation of JNK cascade (GO:0046328, 5.56E-03)
hepaticobiliary system development (GO:0061008, 8.30E-03)
nuclear chromosome segregation (GO:0098813, 8.33E-03)
mitotic sister chromatid segregation (GO:0000070, 9.16E-03)
regulation of response to oxidative stress (GO:1902882, 9.25E-03)
positive regulation of protein binding (GO:0032092, 9.40E-03)
cell-matrix adhesion (GO:0007160, 9.45E-03)
maintenance of sister chromatid cohesion (GO:0034086, 9.45E-03)
positive regulation of cell size (GO:0045793, 9.45E-03)
maintenance of mitotic sister chromatid cohesion (GO:0034088, 9.45E-03)
chromosome segregation (GO:0007059, 9.53E-03)
focal adhesion assembly (GO:0048041, 9.89E-03)","peptidyl-serine modification (GO:0018209, 1.67E-03)
establishment of mitotic sister chromatid cohesion (GO:0034087, 1.88E-03)
regulation of cell-matrix adhesion (GO:0001952, 2.62E-03)
regulation of cell-substrate junction assembly (GO:0090109, 2.79E-03)
regulation of focal adhesion assembly (GO:0051893, 2.79E-03)
regulation of cell-substrate junction organization (GO:0150116, 3.85E-03)
positive regulation of termination of RNA polymerase II transcription (GO:1904595, 3.94E-03)
positive regulation of termination of DNA-templated transcription (GO:0060566, 3.94E-03)
regulation of JNK cascade (GO:0046328, 5.45E-03)
hepaticobiliary system development (GO:0061008, 8.14E-03)
nuclear chromosome segregation (GO:0098813, 8.14E-03)
mitotic sister chromatid segregation (GO:0000070, 8.84E-03)
regulation of response to oxidative stress (GO:1902882, 9.11E-03)
positive regulation of protein binding (GO:0032092, 9.11E-03)
cell-matrix adhesion (GO:0007160, 9.31E-03)
chromosome segregation (GO:0007059, 9.31E-03)
maintenance of sister chromatid cohesion (GO:0034086, 9.31E-03)
maintenance of mitotic sister chromatid cohesion (GO:0034088, 9.31E-03)
positive regulation of cell size (GO:0045793, 9.31E-03)
focal adhesion assembly (GO:0048041, 9.46E-03)
regulation of mitotic cell cycle phase transition (GO:1901990, 9.89E-03)","peptidyl-serine modification (GO:0018209, 1.69E-03)
establishment of mitotic sister chromatid cohesion (GO:0034087, 1.91E-03)
regulation of cell-matrix adhesion (GO:0001952, 2.62E-03)
regulation of cell-substrate junction assembly (GO:0090109, 2.81E-03)
regulation of focal adhesion assembly (GO:0051893, 2.81E-03)
regulation of cell-substrate junction organization (GO:0150116, 3.84E-03)
positive regulation of termination of DNA-templated transcription (GO:0060566, 3.96E-03)
positive regulation of termination of RNA polymerase II transcription (GO:1904595, 3.96E-03)
regulation of JNK cascade (GO:0046328, 5.44E-03)
nuclear chromosome segregation (GO:0098813, 8.00E-03)
hepaticobiliary system development (GO:0061008, 8.00E-03)
mitotic sister chromatid segregation (GO:0000070, 8.74E-03)
regulation of response to oxidative stress (GO:1902882, 9.01E-03)
positive regulation of protein binding (GO:0032092, 9.07E-03)
maintenance of sister chromatid cohesion (GO:0034086, 9.26E-03)
maintenance of mitotic sister chromatid cohesion (GO:0034088, 9.26E-03)
chromosome segregation (GO:0007059, 9.26E-03)
cell-matrix adhesion (GO:0007160, 9.26E-03)
positive regulation of cell size (GO:0045793, 9.26E-03)
focal adhesion assembly (GO:0048041, 9.58E-03)
RNA localization (GO:0006403, 9.79E-03)
regulation of mitotic cell cycle phase transition (GO:1901990, 9.95E-03)"
set7(#Gm16158),"mitotic sister chromatid cohesion (GO:0007064, 8.22E-06)
sister chromatid cohesion (GO:0007062, 2.81E-05)
establishment of sister chromatid cohesion (GO:0034085, 2.40E-04)
phosphorus metabolic process (GO:0006793, 2.75E-04)
rhythmic process (GO:0048511, 5.43E-04)
epithelial cell migration (GO:0010631, 7.21E-04)
epithelium migration (GO:0090132, 8.40E-04)
tissue migration (GO:0090130, 1.16E-03)
regulation of cell junction assembly (GO:1901888, 1.33E-03)
peptidyl-serine modification (GO:0018209, 1.80E-03)
establishment of mitotic sister chromatid cohesion (GO:0034087, 1.93E-03)
regulation of cell-matrix adhesion (GO:0001952, 2.75E-03)
regulation of cell-substrate junction assembly (GO:0090109, 2.92E-03)
regulation of focal adhesion assembly (GO:0051893, 2.92E-03)
regulation of cell-substrate junction organization (GO:0150116, 4.06E-03)
actomyosin structure organization (GO:0031032, 4.09E-03)
cohesin loading (GO:0071921, 4.10E-03)
positive regulation of termination of DNA-templated transcription (GO:0060566, 4.10E-03)
positive regulation of termination of RNA polymerase II transcription (GO:1904595, 4.10E-03)
peptidyl-serine phosphorylation (GO:0018105, 4.28E-03)
regulation of DNA metabolic process (GO:0051052, 5.26E-03)
regulation of JNK cascade (GO:0046328, 5.82E-03)
regulation of intracellular signal transduction (GO:1902531, 8.69E-03)
hepaticobiliary system development (GO:0061008, 8.69E-03)
nuclear chromosome segregation (GO:0098813, 8.79E-03)
mitotic sister chromatid segregation (GO:0000070, 9.46E-03)
regulation of response to oxidative stress (GO:1902882, 9.48E-03)
positive regulation of protein binding (GO:0032092, 9.67E-03)
maintenance of sister chromatid cohesion (GO:0034086, 9.72E-03)
positive regulation of cell size (GO:0045793, 9.72E-03)
positive regulation of connective tissue replacement (GO:1905205, 9.72E-03)
maintenance of mitotic sister chromatid cohesion (GO:0034088, 9.72E-03)
cell-matrix adhesion (GO:0007160, 9.79E-03)","mitotic sister chromatid cohesion (GO:0007064, 1.02E-04)
sister chromatid cohesion (GO:0007062, 2.22E-04)
phosphorus metabolic process (GO:0006793, 2.97E-04)
rhythmic process (GO:0048511, 4.49E-04)
epithelial cell migration (GO:0010631, 6.42E-04)
epithelium migration (GO:0090132, 7.72E-04)
tissue migration (GO:0090130, 1.13E-03)
regulation of cell junction assembly (GO:1901888, 1.33E-03)
peptidyl-serine modification (GO:0018209, 1.68E-03)
regulation of cell-matrix adhesion (GO:0001952, 2.49E-03)
regulation of focal adhesion assembly (GO:0051893, 2.61E-03)
regulation of cell-substrate junction assembly (GO:0090109, 2.61E-03)
actomyosin structure organization (GO:0031032, 3.50E-03)
regulation of cell-substrate junction organization (GO:0150116, 3.62E-03)
peptidyl-serine phosphorylation (GO:0018105, 3.73E-03)
cohesin loading (GO:0071921, 3.94E-03)
positive regulation of termination of RNA polymerase II transcription (GO:1904595, 3.94E-03)
positive regulation of termination of DNA-templated transcription (GO:0060566, 3.94E-03)
establishment of sister chromatid cohesion (GO:0034085, 4.84E-03)
regulation of JNK cascade (GO:0046328, 5.21E-03)
hepaticobiliary system development (GO:0061008, 7.86E-03)
regulation of response to oxidative stress (GO:1902882, 9.12E-03)
cell-matrix adhesion (GO:0007160, 9.12E-03)
positive regulation of protein binding (GO:0032092, 9.15E-03)
maintenance of mitotic sister chromatid cohesion (GO:0034088, 9.47E-03)
maintenance of sister chromatid cohesion (GO:0034086, 9.47E-03)
positive regulation of connective tissue replacement (GO:1905205, 9.56E-03)
focal adhesion assembly (GO:0048041, 9.63E-03)","mitotic sister chromatid cohesion (GO:0007064, 7.12E-06)
sister chromatid cohesion (GO:0007062, 2.15E-05)
establishment of sister chromatid cohesion (GO:0034085, 2.17E-04)
phosphorus metabolic process (GO:0006793, 2.22E-04)
rhythmic process (GO:0048511, 3.82E-04)
epithelial cell migration (GO:0010631, 5.52E-04)
epithelium migration (GO:0090132, 6.16E-04)
tissue migration (GO:0090130, 8.65E-04)
regulation of cell junction assembly (GO:1901888, 1.00E-03)
peptidyl-serine modification (GO:0018209, 1.34E-03)
establishment of mitotic sister chromatid cohesion (GO:0034087, 1.74E-03)
regulation of cell-matrix adhesion (GO:0001952, 2.09E-03)
regulation of cell-substrate junction assembly (GO:0090109, 2.32E-03)
regulation of focal adhesion assembly (GO:0051893, 2.32E-03)
actomyosin structure organization (GO:0031032, 3.16E-03)
regulation of cell-substrate junction organization (GO:0150116, 3.33E-03)
peptidyl-serine phosphorylation (GO:0018105, 3.33E-03)
regulation of DNA metabolic process (GO:0051052, 3.74E-03)
positive regulation of termination of DNA-templated transcription (GO:0060566, 3.75E-03)
cohesin loading (GO:0071921, 3.75E-03)
positive regulation of termination of RNA polymerase II transcription (GO:1904595, 3.75E-03)
regulation of intracellular signal transduction (GO:1902531, 4.65E-03)
regulation of JNK cascade (GO:0046328, 4.70E-03)
nuclear chromosome segregation (GO:0098813, 6.65E-03)
hepaticobiliary system development (GO:0061008, 7.01E-03)
mitotic sister chromatid segregation (GO:0000070, 7.44E-03)
chromosome segregation (GO:0007059, 7.71E-03)
cell-matrix adhesion (GO:0007160, 7.91E-03)
positive regulation of protein binding (GO:0032092, 8.28E-03)
maintenance of sister chromatid cohesion (GO:0034086, 8.66E-03)
RNA localization (GO:0006403, 8.66E-03)
positive regulation of cell size (GO:0045793, 8.66E-03)
maintenance of mitotic sister chromatid cohesion (GO:0034088, 8.66E-03)
focal adhesion assembly (GO:0048041, 8.72E-03)
positive regulation of connective tissue replacement (GO:1905205, 8.75E-03)
nucleic acid transport (GO:0050657, 8.91E-03)
RNA transport (GO:0050658, 8.91E-03)
establishment of RNA localization (GO:0051236, 9.86E-03)","phosphorus metabolic process (GO:0006793, 5.43E-05)
rhythmic process (GO:0048511, 2.31E-04)
epithelial cell migration (GO:0010631, 3.78E-04)
epithelium migration (GO:0090132, 4.38E-04)
tissue migration (GO:0090130, 6.37E-04)
regulation of cell junction assembly (GO:1901888, 6.61E-04)
mitotic sister chromatid cohesion (GO:0007064, 7.19E-04)
peptidyl-serine modification (GO:0018209, 8.80E-04)
sister chromatid cohesion (GO:0007062, 1.13E-03)
regulation of cell-matrix adhesion (GO:0001952, 1.48E-03)
regulation of intracellular signal transduction (GO:1902531, 1.68E-03)
regulation of focal adhesion assembly (GO:0051893, 1.76E-03)
regulation of cell-substrate junction assembly (GO:0090109, 1.76E-03)
actomyosin structure organization (GO:0031032, 2.10E-03)
peptidyl-serine phosphorylation (GO:0018105, 2.22E-03)
regulation of cell-substrate junction organization (GO:0150116, 2.50E-03)
cohesin loading (GO:0071921, 3.36E-03)
positive regulation of termination of RNA polymerase II transcription (GO:1904595, 3.36E-03)
regulation of JNK cascade (GO:0046328, 3.36E-03)
positive regulation of termination of DNA-templated transcription (GO:0060566, 3.36E-03)
establishment of sister chromatid cohesion (GO:0034085, 3.88E-03)
positive regulation of signal transduction (GO:0009967, 5.65E-03)
cell-matrix adhesion (GO:0007160, 5.65E-03)
RNA localization (GO:0006403, 6.51E-03)
positive regulation of protein binding (GO:0032092, 6.68E-03)
nucleic acid transport (GO:0050657, 6.90E-03)
RNA transport (GO:0050658, 6.90E-03)
focal adhesion assembly (GO:0048041, 6.99E-03)
establishment of RNA localization (GO:0051236, 7.73E-03)
positive regulation of cell size (GO:0045793, 7.73E-03)
positive regulation of connective tissue replacement (GO:1905205, 8.19E-03)
regulation of small GTPase mediated signal transduction (GO:0051056, 9.56E-03)
cellular response to peptide hormone stimulus (GO:0071375, 9.76E-03)","rhythmic process (GO:0048511, 1.92E-03)
phosphorus metabolic process (GO:0006793, 2.69E-03)
positive regulation of termination of DNA-templated transcription (GO:0060566, 4.42E-03)
positive regulation of termination of RNA polymerase II transcription (GO:1904595, 4.42E-03)
cohesin loading (GO:0071921, 4.42E-03)
eye development (GO:0001654, 6.05E-03)
visual system development (GO:0150063, 6.43E-03)
actomyosin structure organization (GO:0031032, 6.52E-03)
regulation of cell-matrix adhesion (GO:0001952, 6.60E-03)
sensory system development (GO:0048880, 6.87E-03)
regulation of response to oxidative stress (GO:1902882, 7.27E-03)
mitotic sister chromatid cohesion (GO:0007064, 8.05E-03)
sister chromatid cohesion (GO:0007062, 8.05E-03)
positive regulation of cell size (GO:0045793, 8.70E-03)
peptidyl-serine modification (GO:0018209, 9.22E-03)
epithelial cell migration (GO:0010631, 9.86E-03)","mitotic sister chromatid cohesion (GO:0007064, 8.36E-06)
sister chromatid cohesion (GO:0007062, 2.79E-05)
establishment of sister chromatid cohesion (GO:0034085, 2.36E-04)
phosphorus metabolic process (GO:0006793, 4.61E-04)
epithelial cell migration (GO:0010631, 7.08E-04)
epithelium migration (GO:0090132, 8.08E-04)
tissue migration (GO:0090130, 1.14E-03)
regulation of cell junction assembly (GO:1901888, 1.27E-03)
rhythmic process (GO:0048511, 1.66E-03)
peptidyl-serine modification (GO:0018209, 1.73E-03)
establishment of mitotic sister chromatid cohesion (GO:0034087, 1.89E-03)
regulation of cell-matrix adhesion (GO:0001952, 2.64E-03)
regulation of focal adhesion assembly (GO:0051893, 2.82E-03)
regulation of cell-substrate junction assembly (GO:0090109, 2.82E-03)
regulation of cell-substrate junction organization (GO:0150116, 3.95E-03)
actomyosin structure organization (GO:0031032, 3.95E-03)
positive regulation of termination of DNA-templated transcription (GO:0060566, 4.06E-03)
cohesin loading (GO:0071921, 4.06E-03)
positive regulation of termination of RNA polymerase II transcription (GO:1904595, 4.06E-03)
peptidyl-serine phosphorylation (GO:0018105, 4.13E-03)
regulation of DNA metabolic process (GO:0051052, 5.01E-03)
regulation of JNK cascade (GO:0046328, 5.56E-03)
regulation of intracellular signal transduction (GO:1902531, 7.99E-03)
hepaticobiliary system development (GO:0061008, 8.30E-03)
nuclear chromosome segregation (GO:0098813, 8.33E-03)
mitotic sister chromatid segregation (GO:0000070, 9.16E-03)
regulation of response to oxidative stress (GO:1902882, 9.25E-03)
positive regulation of protein binding (GO:0032092, 9.40E-03)
cell-matrix adhesion (GO:0007160, 9.45E-03)
maintenance of sister chromatid cohesion (GO:0034086, 9.45E-03)
positive regulation of cell size (GO:0045793, 9.45E-03)
positive regulation of connective tissue replacement (GO:1905205, 9.45E-03)
maintenance of mitotic sister chromatid cohesion (GO:0034088, 9.45E-03)
chromosome segregation (GO:0007059, 9.53E-03)
focal adhesion assembly (GO:0048041, 9.89E-03)","mitotic sister chromatid cohesion (GO:0007064, 7.76E-06)
sister chromatid cohesion (GO:0007062, 2.62E-05)
phosphorus metabolic process (GO:0006793, 2.12E-04)
establishment of sister chromatid cohesion (GO:0034085, 2.12E-04)
rhythmic process (GO:0048511, 4.84E-04)
epithelial cell migration (GO:0010631, 6.59E-04)
epithelium migration (GO:0090132, 7.84E-04)
tissue migration (GO:0090130, 1.08E-03)
regulation of cell junction assembly (GO:1901888, 1.22E-03)
peptidyl-serine modification (GO:0018209, 1.67E-03)
establishment of mitotic sister chromatid cohesion (GO:0034087, 1.88E-03)
regulation of cell-matrix adhesion (GO:0001952, 2.62E-03)
regulation of cell-substrate junction assembly (GO:0090109, 2.79E-03)
regulation of focal adhesion assembly (GO:0051893, 2.79E-03)
regulation of cell-substrate junction organization (GO:0150116, 3.85E-03)
actomyosin structure organization (GO:0031032, 3.85E-03)
peptidyl-serine phosphorylation (GO:0018105, 3.94E-03)
positive regulation of termination of RNA polymerase II transcription (GO:1904595, 3.94E-03)
positive regulation of termination of DNA-templated transcription (GO:0060566, 3.94E-03)
cohesin loading (GO:0071921, 3.94E-03)
regulation of DNA metabolic process (GO:0051052, 4.74E-03)
regulation of JNK cascade (GO:0046328, 5.45E-03)
regulation of intracellular signal transduction (GO:1902531, 7.40E-03)
hepaticobiliary system development (GO:0061008, 8.14E-03)
nuclear chromosome segregation (GO:0098813, 8.14E-03)
mitotic sister chromatid segregation (GO:0000070, 8.84E-03)
regulation of response to oxidative stress (GO:1902882, 9.11E-03)
positive regulation of protein binding (GO:0032092, 9.11E-03)
cell-matrix adhesion (GO:0007160, 9.31E-03)
chromosome segregation (GO:0007059, 9.31E-03)
positive regulation of connective tissue replacement (GO:1905205, 9.31E-03)
maintenance of sister chromatid cohesion (GO:0034086, 9.31E-03)
maintenance of mitotic sister chromatid cohesion (GO:0034088, 9.31E-03)
positive regulation of cell size (GO:0045793, 9.31E-03)
focal adhesion assembly (GO:0048041, 9.46E-03)","mitotic sister chromatid cohesion (GO:0007064, 9.14E-06)
sister chromatid cohesion (GO:0007062, 2.72E-05)
establishment of sister chromatid cohesion (GO:0034085, 2.12E-04)
phosphorus metabolic process (GO:0006793, 2.12E-04)
rhythmic process (GO:0048511, 4.83E-04)
epithelial cell migration (GO:0010631, 6.47E-04)
epithelium migration (GO:0090132, 7.81E-04)
tissue migration (GO:0090130, 1.07E-03)
regulation of cell junction assembly (GO:1901888, 1.26E-03)
peptidyl-serine modification (GO:0018209, 1.69E-03)
establishment of mitotic sister chromatid cohesion (GO:0034087, 1.91E-03)
regulation of cell-matrix adhesion (GO:0001952, 2.62E-03)
regulation of cell-substrate junction assembly (GO:0090109, 2.81E-03)
regulation of focal adhesion assembly (GO:0051893, 2.81E-03)
actomyosin structure organization (GO:0031032, 3.84E-03)
regulation of cell-substrate junction organization (GO:0150116, 3.84E-03)
cohesin loading (GO:0071921, 3.96E-03)
peptidyl-serine phosphorylation (GO:0018105, 3.96E-03)
positive regulation of termination of DNA-templated transcription (GO:0060566, 3.96E-03)
positive regulation of termination of RNA polymerase II transcription (GO:1904595, 3.96E-03)
regulation of DNA metabolic process (GO:0051052, 4.77E-03)
regulation of JNK cascade (GO:0046328, 5.44E-03)
regulation of intracellular signal transduction (GO:1902531, 7.32E-03)
nuclear chromosome segregation (GO:0098813, 8.00E-03)
hepaticobiliary system development (GO:0061008, 8.00E-03)
mitotic sister chromatid segregation (GO:0000070, 8.74E-03)
regulation of response to oxidative stress (GO:1902882, 9.01E-03)
positive regulation of protein binding (GO:0032092, 9.07E-03)
maintenance of sister chromatid cohesion (GO:0034086, 9.26E-03)
positive regulation of connective tissue replacement (GO:1905205, 9.26E-03)
maintenance of mitotic sister chromatid cohesion (GO:0034088, 9.26E-03)
chromosome segregation (GO:0007059, 9.26E-03)
cell-matrix adhesion (GO:0007160, 9.26E-03)
positive regulation of cell size (GO:0045793, 9.26E-03)
focal adhesion assembly (GO:0048041, 9.58E-03)
RNA localization (GO:0006403, 9.79E-03)"
set8(#Gm26561),"peptidyl-serine modification (GO:0018209, 1.80E-03)
establishment of mitotic sister chromatid cohesion (GO:0034087, 1.93E-03)
regulation of cell-matrix adhesion (GO:0001952, 2.75E-03)
regulation of cell-substrate junction assembly (GO:0090109, 2.92E-03)
regulation of focal adhesion assembly (GO:0051893, 2.92E-03)
regulation of cell-substrate junction organization (GO:0150116, 4.06E-03)
positive regulation of termination of DNA-templated transcription (GO:0060566, 4.10E-03)
positive regulation of termination of RNA polymerase II transcription (GO:1904595, 4.10E-03)
regulation of JNK cascade (GO:0046328, 5.82E-03)
hepaticobiliary system development (GO:0061008, 8.69E-03)
nuclear chromosome segregation (GO:0098813, 8.79E-03)
mitotic sister chromatid segregation (GO:0000070, 9.46E-03)
regulation of response to oxidative stress (GO:1902882, 9.48E-03)
positive regulation of protein binding (GO:0032092, 9.67E-03)
maintenance of sister chromatid cohesion (GO:0034086, 9.72E-03)
positive regulation of cell size (GO:0045793, 9.72E-03)
maintenance of mitotic sister chromatid cohesion (GO:0034088, 9.72E-03)","peptidyl-serine modification (GO:0018209, 1.68E-03)
regulation of cell-matrix adhesion (GO:0001952, 2.49E-03)
regulation of focal adhesion assembly (GO:0051893, 2.61E-03)
regulation of cell-substrate junction assembly (GO:0090109, 2.61E-03)
regulation of cell-substrate junction organization (GO:0150116, 3.62E-03)
positive regulation of termination of RNA polymerase II transcription (GO:1904595, 3.94E-03)
positive regulation of termination of DNA-templated transcription (GO:0060566, 3.94E-03)
regulation of JNK cascade (GO:0046328, 5.21E-03)
hepaticobiliary system development (GO:0061008, 7.86E-03)
regulation of response to oxidative stress (GO:1902882, 9.12E-03)
positive regulation of protein binding (GO:0032092, 9.15E-03)
maintenance of mitotic sister chromatid cohesion (GO:0034088, 9.47E-03)
maintenance of sister chromatid cohesion (GO:0034086, 9.47E-03)
focal adhesion assembly (GO:0048041, 9.63E-03)","peptidyl-serine modification (GO:0018209, 1.34E-03)
establishment of mitotic sister chromatid cohesion (GO:0034087, 1.74E-03)
regulation of cell-matrix adhesion (GO:0001952, 2.09E-03)
regulation of cell-substrate junction assembly (GO:0090109, 2.32E-03)
regulation of focal adhesion assembly (GO:0051893, 2.32E-03)
regulation of cell-substrate junction organization (GO:0150116, 3.33E-03)
positive regulation of termination of DNA-templated transcription (GO:0060566, 3.75E-03)
positive regulation of termination of RNA polymerase II transcription (GO:1904595, 3.75E-03)
regulation of JNK cascade (GO:0046328, 4.70E-03)
nuclear chromosome segregation (GO:0098813, 6.65E-03)
hepaticobiliary system development (GO:0061008, 7.01E-03)
mitotic sister chromatid segregation (GO:0000070, 7.44E-03)
chromosome segregation (GO:0007059, 7.71E-03)
positive regulation of protein binding (GO:0032092, 8.28E-03)
maintenance of sister chromatid cohesion (GO:0034086, 8.66E-03)
RNA localization (GO:0006403, 8.66E-03)
positive regulation of cell size (GO:0045793, 8.66E-03)
maintenance of mitotic sister chromatid cohesion (GO:0034088, 8.66E-03)
focal adhesion assembly (GO:0048041, 8.72E-03)
nucleic acid transport (GO:0050657, 8.91E-03)
RNA transport (GO:0050658, 8.91E-03)
establishment of RNA localization (GO:0051236, 9.86E-03)","peptidyl-serine modification (GO:0018209, 8.80E-04)
regulation of cell-matrix adhesion (GO:0001952, 1.48E-03)
regulation of focal adhesion assembly (GO:0051893, 1.76E-03)
regulation of cell-substrate junction assembly (GO:0090109, 1.76E-03)
regulation of cell-substrate junction organization (GO:0150116, 2.50E-03)
positive regulation of termination of RNA polymerase II transcription (GO:1904595, 3.36E-03)
regulation of JNK cascade (GO:0046328, 3.36E-03)
positive regulation of termination of DNA-templated transcription (GO:0060566, 3.36E-03)
RNA localization (GO:0006403, 6.51E-03)
positive regulation of protein binding (GO:0032092, 6.68E-03)
nucleic acid transport (GO:0050657, 6.90E-03)
RNA transport (GO:0050658, 6.90E-03)
focal adhesion assembly (GO:0048041, 6.99E-03)
establishment of RNA localization (GO:0051236, 7.73E-03)
positive regulation of cell size (GO:0045793, 7.73E-03)
regulation of small GTPase mediated signal transduction (GO:0051056, 9.56E-03)","positive regulation of termination of DNA-templated transcription (GO:0060566, 4.42E-03)
positive regulation of termination of RNA polymerase II transcription (GO:1904595, 4.42E-03)
regulation of cell-matrix adhesion (GO:0001952, 6.60E-03)
sensory system development (GO:0048880, 6.87E-03)
regulation of response to oxidative stress (GO:1902882, 7.27E-03)
positive regulation of cell size (GO:0045793, 8.70E-03)
peptidyl-serine modification (GO:0018209, 9.22E-03)","peptidyl-serine modification (GO:0018209, 1.73E-03)
establishment of mitotic sister chromatid cohesion (GO:0034087, 1.89E-03)
regulation of cell-matrix adhesion (GO:0001952, 2.64E-03)
regulation of focal adhesion assembly (GO:0051893, 2.82E-03)
regulation of cell-substrate junction assembly (GO:0090109, 2.82E-03)
regulation of cell-substrate junction organization (GO:0150116, 3.95E-03)
positive regulation of termination of DNA-templated transcription (GO:0060566, 4.06E-03)
positive regulation of termination of RNA polymerase II transcription (GO:1904595, 4.06E-03)
regulation of JNK cascade (GO:0046328, 5.56E-03)
hepaticobiliary system development (GO:0061008, 8.30E-03)
nuclear chromosome segregation (GO:0098813, 8.33E-03)
mitotic sister chromatid segregation (GO:0000070, 9.16E-03)
regulation of response to oxidative stress (GO:1902882, 9.25E-03)
positive regulation of protein binding (GO:0032092, 9.40E-03)
maintenance of sister chromatid cohesion (GO:0034086, 9.45E-03)
positive regulation of cell size (GO:0045793, 9.45E-03)
maintenance of mitotic sister chromatid cohesion (GO:0034088, 9.45E-03)
chromosome segregation (GO:0007059, 9.53E-03)
focal adhesion assembly (GO:0048041, 9.89E-03)","peptidyl-serine modification (GO:0018209, 1.67E-03)
establishment of mitotic sister chromatid cohesion (GO:0034087, 1.88E-03)
regulation of cell-matrix adhesion (GO:0001952, 2.62E-03)
regulation of cell-substrate junction assembly (GO:0090109, 2.79E-03)
regulation of focal adhesion assembly (GO:0051893, 2.79E-03)
regulation of cell-substrate junction organization (GO:0150116, 3.85E-03)
positive regulation of termination of RNA polymerase II transcription (GO:1904595, 3.94E-03)
positive regulation of termination of DNA-templated transcription (GO:0060566, 3.94E-03)
regulation of JNK cascade (GO:0046328, 5.45E-03)
hepaticobiliary system development (GO:0061008, 8.14E-03)
nuclear chromosome segregation (GO:0098813, 8.14E-03)
mitotic sister chromatid segregation (GO:0000070, 8.84E-03)
regulation of response to oxidative stress (GO:1902882, 9.11E-03)
positive regulation of protein binding (GO:0032092, 9.11E-03)
chromosome segregation (GO:0007059, 9.31E-03)
maintenance of sister chromatid cohesion (GO:0034086, 9.31E-03)
maintenance of mitotic sister chromatid cohesion (GO:0034088, 9.31E-03)
positive regulation of cell size (GO:0045793, 9.31E-03)
focal adhesion assembly (GO:0048041, 9.46E-03)","peptidyl-serine modification (GO:0018209, 1.69E-03)
establishment of mitotic sister chromatid cohesion (GO:0034087, 1.91E-03)
regulation of cell-matrix adhesion (GO:0001952, 2.62E-03)
regulation of cell-substrate junction assembly (GO:0090109, 2.81E-03)
regulation of focal adhesion assembly (GO:0051893, 2.81E-03)
regulation of cell-substrate junction organization (GO:0150116, 3.84E-03)
positive regulation of termination of DNA-templated transcription (GO:0060566, 3.96E-03)
positive regulation of termination of RNA polymerase II transcription (GO:1904595, 3.96E-03)
regulation of JNK cascade (GO:0046328, 5.44E-03)
nuclear chromosome segregation (GO:0098813, 8.00E-03)
hepaticobiliary system development (GO:0061008, 8.00E-03)
mitotic sister chromatid segregation (GO:0000070, 8.74E-03)
regulation of response to oxidative stress (GO:1902882, 9.01E-03)
positive regulation of protein binding (GO:0032092, 9.07E-03)
maintenance of sister chromatid cohesion (GO:0034086, 9.26E-03)
maintenance of mitotic sister chromatid cohesion (GO:0034088, 9.26E-03)
chromosome segregation (GO:0007059, 9.26E-03)
positive regulation of cell size (GO:0045793, 9.26E-03)
focal adhesion assembly (GO:0048041, 9.58E-03)
RNA localization (GO:0006403, 9.79E-03)"
set9(#Gm26668),"peptidyl-serine modification (GO:0018209, 1.80E-03)
establishment of mitotic sister chromatid cohesion (GO:0034087, 1.93E-03)
regulation of cell-matrix adhesion (GO:0001952, 2.75E-03)
regulation of cell-substrate junction assembly (GO:0090109, 2.92E-03)
regulation of focal adhesion assembly (GO:0051893, 2.92E-03)
regulation of cell-substrate junction organization (GO:0150116, 4.06E-03)
positive regulation of termination of DNA-templated transcription (GO:0060566, 4.10E-03)
positive regulation of termination of RNA polymerase II transcription (GO:1904595, 4.10E-03)
regulation of JNK cascade (GO:0046328, 5.82E-03)
hepaticobiliary system development (GO:0061008, 8.69E-03)
nuclear chromosome segregation (GO:0098813, 8.79E-03)
mitotic sister chromatid segregation (GO:0000070, 9.46E-03)
regulation of response to oxidative stress (GO:1902882, 9.48E-03)
positive regulation of protein binding (GO:0032092, 9.67E-03)
maintenance of sister chromatid cohesion (GO:0034086, 9.72E-03)
positive regulation of cell size (GO:0045793, 9.72E-03)
maintenance of mitotic sister chromatid cohesion (GO:0034088, 9.72E-03)","peptidyl-serine modification (GO:0018209, 1.68E-03)
regulation of cell-matrix adhesion (GO:0001952, 2.49E-03)
regulation of focal adhesion assembly (GO:0051893, 2.61E-03)
regulation of cell-substrate junction assembly (GO:0090109, 2.61E-03)
regulation of cell-substrate junction organization (GO:0150116, 3.62E-03)
positive regulation of termination of RNA polymerase II transcription (GO:1904595, 3.94E-03)
positive regulation of termination of DNA-templated transcription (GO:0060566, 3.94E-03)
regulation of JNK cascade (GO:0046328, 5.21E-03)
hepaticobiliary system development (GO:0061008, 7.86E-03)
regulation of response to oxidative stress (GO:1902882, 9.12E-03)
positive regulation of protein binding (GO:0032092, 9.15E-03)
maintenance of mitotic sister chromatid cohesion (GO:0034088, 9.47E-03)
maintenance of sister chromatid cohesion (GO:0034086, 9.47E-03)
focal adhesion assembly (GO:0048041, 9.63E-03)","peptidyl-serine modification (GO:0018209, 1.34E-03)
establishment of mitotic sister chromatid cohesion (GO:0034087, 1.74E-03)
regulation of cell-matrix adhesion (GO:0001952, 2.09E-03)
regulation of cell-substrate junction assembly (GO:0090109, 2.32E-03)
regulation of focal adhesion assembly (GO:0051893, 2.32E-03)
regulation of cell-substrate junction organization (GO:0150116, 3.33E-03)
positive regulation of termination of DNA-templated transcription (GO:0060566, 3.75E-03)
positive regulation of termination of RNA polymerase II transcription (GO:1904595, 3.75E-03)
regulation of JNK cascade (GO:0046328, 4.70E-03)
nuclear chromosome segregation (GO:0098813, 6.65E-03)
hepaticobiliary system development (GO:0061008, 7.01E-03)
mitotic sister chromatid segregation (GO:0000070, 7.44E-03)
chromosome segregation (GO:0007059, 7.71E-03)
positive regulation of protein binding (GO:0032092, 8.28E-03)
maintenance of sister chromatid cohesion (GO:0034086, 8.66E-03)
RNA localization (GO:0006403, 8.66E-03)
positive regulation of cell size (GO:0045793, 8.66E-03)
maintenance of mitotic sister chromatid cohesion (GO:0034088, 8.66E-03)
focal adhesion assembly (GO:0048041, 8.72E-03)
nucleic acid transport (GO:0050657, 8.91E-03)
RNA transport (GO:0050658, 8.91E-03)
establishment of RNA localization (GO:0051236, 9.86E-03)","peptidyl-serine modification (GO:0018209, 8.80E-04)
regulation of cell-matrix adhesion (GO:0001952, 1.48E-03)
regulation of focal adhesion assembly (GO:0051893, 1.76E-03)
regulation of cell-substrate junction assembly (GO:0090109, 1.76E-03)
regulation of cell-substrate junction organization (GO:0150116, 2.50E-03)
positive regulation of termination of RNA polymerase II transcription (GO:1904595, 3.36E-03)
regulation of JNK cascade (GO:0046328, 3.36E-03)
positive regulation of termination of DNA-templated transcription (GO:0060566, 3.36E-03)
RNA localization (GO:0006403, 6.51E-03)
positive regulation of protein binding (GO:0032092, 6.68E-03)
nucleic acid transport (GO:0050657, 6.90E-03)
RNA transport (GO:0050658, 6.90E-03)
focal adhesion assembly (GO:0048041, 6.99E-03)
establishment of RNA localization (GO:0051236, 7.73E-03)
positive regulation of cell size (GO:0045793, 7.73E-03)
regulation of small GTPase mediated signal transduction (GO:0051056, 9.56E-03)","positive regulation of termination of DNA-templated transcription (GO:0060566, 4.42E-03)
positive regulation of termination of RNA polymerase II transcription (GO:1904595, 4.42E-03)
regulation of cell-matrix adhesion (GO:0001952, 6.60E-03)
sensory system development (GO:0048880, 6.87E-03)
regulation of response to oxidative stress (GO:1902882, 7.27E-03)
positive regulation of cell size (GO:0045793, 8.70E-03)
peptidyl-serine modification (GO:0018209, 9.22E-03)","peptidyl-serine modification (GO:0018209, 1.73E-03)
establishment of mitotic sister chromatid cohesion (GO:0034087, 1.89E-03)
regulation of cell-matrix adhesion (GO:0001952, 2.64E-03)
regulation of focal adhesion assembly (GO:0051893, 2.82E-03)
regulation of cell-substrate junction assembly (GO:0090109, 2.82E-03)
regulation of cell-substrate junction organization (GO:0150116, 3.95E-03)
positive regulation of termination of DNA-templated transcription (GO:0060566, 4.06E-03)
positive regulation of termination of RNA polymerase II transcription (GO:1904595, 4.06E-03)
regulation of JNK cascade (GO:0046328, 5.56E-03)
hepaticobiliary system development (GO:0061008, 8.30E-03)
nuclear chromosome segregation (GO:0098813, 8.33E-03)
mitotic sister chromatid segregation (GO:0000070, 9.16E-03)
regulation of response to oxidative stress (GO:1902882, 9.25E-03)
positive regulation of protein binding (GO:0032092, 9.40E-03)
maintenance of sister chromatid cohesion (GO:0034086, 9.45E-03)
positive regulation of cell size (GO:0045793, 9.45E-03)
maintenance of mitotic sister chromatid cohesion (GO:0034088, 9.45E-03)
chromosome segregation (GO:0007059, 9.53E-03)
focal adhesion assembly (GO:0048041, 9.89E-03)","peptidyl-serine modification (GO:0018209, 1.67E-03)
establishment of mitotic sister chromatid cohesion (GO:0034087, 1.88E-03)
regulation of cell-matrix adhesion (GO:0001952, 2.62E-03)
regulation of cell-substrate junction assembly (GO:0090109, 2.79E-03)
regulation of focal adhesion assembly (GO:0051893, 2.79E-03)
regulation of cell-substrate junction organization (GO:0150116, 3.85E-03)
positive regulation of termination of RNA polymerase II transcription (GO:1904595, 3.94E-03)
positive regulation of termination of DNA-templated transcription (GO:0060566, 3.94E-03)
regulation of JNK cascade (GO:0046328, 5.45E-03)
hepaticobiliary system development (GO:0061008, 8.14E-03)
nuclear chromosome segregation (GO:0098813, 8.14E-03)
mitotic sister chromatid segregation (GO:0000070, 8.84E-03)
regulation of response to oxidative stress (GO:1902882, 9.11E-03)
positive regulation of protein binding (GO:0032092, 9.11E-03)
chromosome segregation (GO:0007059, 9.31E-03)
maintenance of sister chromatid cohesion (GO:0034086, 9.31E-03)
maintenance of mitotic sister chromatid cohesion (GO:0034088, 9.31E-03)
positive regulation of cell size (GO:0045793, 9.31E-03)
focal adhesion assembly (GO:0048041, 9.46E-03)","peptidyl-serine modification (GO:0018209, 1.69E-03)
establishment of mitotic sister chromatid cohesion (GO:0034087, 1.91E-03)
regulation of cell-matrix adhesion (GO:0001952, 2.62E-03)
regulation of cell-substrate junction assembly (GO:0090109, 2.81E-03)
regulation of focal adhesion assembly (GO:0051893, 2.81E-03)
regulation of cell-substrate junction organization (GO:0150116, 3.84E-03)
positive regulation of termination of DNA-templated transcription (GO:0060566, 3.96E-03)
positive regulation of termination of RNA polymerase II transcription (GO:1904595, 3.96E-03)
regulation of JNK cascade (GO:0046328, 5.44E-03)
nuclear chromosome segregation (GO:0098813, 8.00E-03)
hepaticobiliary system development (GO:0061008, 8.00E-03)
mitotic sister chromatid segregation (GO:0000070, 8.74E-03)
regulation of response to oxidative stress (GO:1902882, 9.01E-03)
positive regulation of protein binding (GO:0032092, 9.07E-03)
maintenance of sister chromatid cohesion (GO:0034086, 9.26E-03)
maintenance of mitotic sister chromatid cohesion (GO:0034088, 9.26E-03)
chromosome segregation (GO:0007059, 9.26E-03)
positive regulation of cell size (GO:0045793, 9.26E-03)
focal adhesion assembly (GO:0048041, 9.58E-03)
RNA localization (GO:0006403, 9.79E-03)"
set10(#Gm28375),"peptidyl-serine modification (GO:0018209, 1.80E-03)
establishment of mitotic sister chromatid cohesion (GO:0034087, 1.93E-03)
regulation of cell-matrix adhesion (GO:0001952, 2.75E-03)
regulation of cell-substrate junction assembly (GO:0090109, 2.92E-03)
regulation of focal adhesion assembly (GO:0051893, 2.92E-03)
regulation of cell-substrate junction organization (GO:0150116, 4.06E-03)
positive regulation of termination of DNA-templated transcription (GO:0060566, 4.10E-03)
positive regulation of termination of RNA polymerase II transcription (GO:1904595, 4.10E-03)
regulation of JNK cascade (GO:0046328, 5.82E-03)
hepaticobiliary system development (GO:0061008, 8.69E-03)
nuclear chromosome segregation (GO:0098813, 8.79E-03)
mitotic sister chromatid segregation (GO:0000070, 9.46E-03)
regulation of response to oxidative stress (GO:1902882, 9.48E-03)
positive regulation of protein binding (GO:0032092, 9.67E-03)
maintenance of sister chromatid cohesion (GO:0034086, 9.72E-03)
positive regulation of cell size (GO:0045793, 9.72E-03)
maintenance of mitotic sister chromatid cohesion (GO:0034088, 9.72E-03)","peptidyl-serine modification (GO:0018209, 1.68E-03)
regulation of cell-matrix adhesion (GO:0001952, 2.49E-03)
regulation of focal adhesion assembly (GO:0051893, 2.61E-03)
regulation of cell-substrate junction assembly (GO:0090109, 2.61E-03)
regulation of cell-substrate junction organization (GO:0150116, 3.62E-03)
positive regulation of termination of RNA polymerase II transcription (GO:1904595, 3.94E-03)
positive regulation of termination of DNA-templated transcription (GO:0060566, 3.94E-03)
regulation of JNK cascade (GO:0046328, 5.21E-03)
hepaticobiliary system development (GO:0061008, 7.86E-03)
regulation of response to oxidative stress (GO:1902882, 9.12E-03)
positive regulation of protein binding (GO:0032092, 9.15E-03)
maintenance of mitotic sister chromatid cohesion (GO:0034088, 9.47E-03)
maintenance of sister chromatid cohesion (GO:0034086, 9.47E-03)
focal adhesion assembly (GO:0048041, 9.63E-03)","peptidyl-serine modification (GO:0018209, 1.34E-03)
establishment of mitotic sister chromatid cohesion (GO:0034087, 1.74E-03)
regulation of cell-matrix adhesion (GO:0001952, 2.09E-03)
regulation of cell-substrate junction assembly (GO:0090109, 2.32E-03)
regulation of focal adhesion assembly (GO:0051893, 2.32E-03)
regulation of cell-substrate junction organization (GO:0150116, 3.33E-03)
positive regulation of termination of DNA-templated transcription (GO:0060566, 3.75E-03)
positive regulation of termination of RNA polymerase II transcription (GO:1904595, 3.75E-03)
regulation of JNK cascade (GO:0046328, 4.70E-03)
nuclear chromosome segregation (GO:0098813, 6.65E-03)
hepaticobiliary system development (GO:0061008, 7.01E-03)
mitotic sister chromatid segregation (GO:0000070, 7.44E-03)
chromosome segregation (GO:0007059, 7.71E-03)
positive regulation of protein binding (GO:0032092, 8.28E-03)
maintenance of sister chromatid cohesion (GO:0034086, 8.66E-03)
RNA localization (GO:0006403, 8.66E-03)
positive regulation of cell size (GO:0045793, 8.66E-03)
maintenance of mitotic sister chromatid cohesion (GO:0034088, 8.66E-03)
focal adhesion assembly (GO:0048041, 8.72E-03)
nucleic acid transport (GO:0050657, 8.91E-03)
RNA transport (GO:0050658, 8.91E-03)
establishment of RNA localization (GO:0051236, 9.86E-03)","peptidyl-serine modification (GO:0018209, 8.80E-04)
regulation of cell-matrix adhesion (GO:0001952, 1.48E-03)
regulation of focal adhesion assembly (GO:0051893, 1.76E-03)
regulation of cell-substrate junction assembly (GO:0090109, 1.76E-03)
regulation of cell-substrate junction organization (GO:0150116, 2.50E-03)
positive regulation of termination of RNA polymerase II transcription (GO:1904595, 3.36E-03)
regulation of JNK cascade (GO:0046328, 3.36E-03)
positive regulation of termination of DNA-templated transcription (GO:0060566, 3.36E-03)
RNA localization (GO:0006403, 6.51E-03)
positive regulation of protein binding (GO:0032092, 6.68E-03)
nucleic acid transport (GO:0050657, 6.90E-03)
RNA transport (GO:0050658, 6.90E-03)
focal adhesion assembly (GO:0048041, 6.99E-03)
establishment of RNA localization (GO:0051236, 7.73E-03)
positive regulation of cell size (GO:0045793, 7.73E-03)
regulation of small GTPase mediated signal transduction (GO:0051056, 9.56E-03)","positive regulation of termination of DNA-templated transcription (GO:0060566, 4.42E-03)
positive regulation of termination of RNA polymerase II transcription (GO:1904595, 4.42E-03)
regulation of cell-matrix adhesion (GO:0001952, 6.60E-03)
regulation of response to oxidative stress (GO:1902882, 7.27E-03)
positive regulation of cell size (GO:0045793, 8.70E-03)
peptidyl-serine modification (GO:0018209, 9.22E-03)","peptidyl-serine modification (GO:0018209, 1.73E-03)
establishment of mitotic sister chromatid cohesion (GO:0034087, 1.89E-03)
regulation of cell-matrix adhesion (GO:0001952, 2.64E-03)
regulation of focal adhesion assembly (GO:0051893, 2.82E-03)
regulation of cell-substrate junction assembly (GO:0090109, 2.82E-03)
regulation of cell-substrate junction organization (GO:0150116, 3.95E-03)
positive regulation of termination of DNA-templated transcription (GO:0060566, 4.06E-03)
positive regulation of termination of RNA polymerase II transcription (GO:1904595, 4.06E-03)
regulation of JNK cascade (GO:0046328, 5.56E-03)
hepaticobiliary system development (GO:0061008, 8.30E-03)
nuclear chromosome segregation (GO:0098813, 8.33E-03)
mitotic sister chromatid segregation (GO:0000070, 9.16E-03)
regulation of response to oxidative stress (GO:1902882, 9.25E-03)
positive regulation of protein binding (GO:0032092, 9.40E-03)
maintenance of sister chromatid cohesion (GO:0034086, 9.45E-03)
positive regulation of cell size (GO:0045793, 9.45E-03)
maintenance of mitotic sister chromatid cohesion (GO:0034088, 9.45E-03)
chromosome segregation (GO:0007059, 9.53E-03)
focal adhesion assembly (GO:0048041, 9.89E-03)","peptidyl-serine modification (GO:0018209, 1.67E-03)
establishment of mitotic sister chromatid cohesion (GO:0034087, 1.88E-03)
regulation of cell-matrix adhesion (GO:0001952, 2.62E-03)
regulation of cell-substrate junction assembly (GO:0090109, 2.79E-03)
regulation of focal adhesion assembly (GO:0051893, 2.79E-03)
regulation of cell-substrate junction organization (GO:0150116, 3.85E-03)
positive regulation of termination of RNA polymerase II transcription (GO:1904595, 3.94E-03)
positive regulation of termination of DNA-templated transcription (GO:0060566, 3.94E-03)
regulation of JNK cascade (GO:0046328, 5.45E-03)
hepaticobiliary system development (GO:0061008, 8.14E-03)
nuclear chromosome segregation (GO:0098813, 8.14E-03)
mitotic sister chromatid segregation (GO:0000070, 8.84E-03)
regulation of response to oxidative stress (GO:1902882, 9.11E-03)
positive regulation of protein binding (GO:0032092, 9.11E-03)
chromosome segregation (GO:0007059, 9.31E-03)
maintenance of sister chromatid cohesion (GO:0034086, 9.31E-03)
maintenance of mitotic sister chromatid cohesion (GO:0034088, 9.31E-03)
positive regulation of cell size (GO:0045793, 9.31E-03)
focal adhesion assembly (GO:0048041, 9.46E-03)","peptidyl-serine modification (GO:0018209, 1.69E-03)
establishment of mitotic sister chromatid cohesion (GO:0034087, 1.91E-03)
regulation of cell-matrix adhesion (GO:0001952, 2.62E-03)
regulation of cell-substrate junction assembly (GO:0090109, 2.81E-03)
regulation of focal adhesion assembly (GO:0051893, 2.81E-03)
regulation of cell-substrate junction organization (GO:0150116, 3.84E-03)
positive regulation of termination of DNA-templated transcription (GO:0060566, 3.96E-03)
positive regulation of termination of RNA polymerase II transcription (GO:1904595, 3.96E-03)
regulation of JNK cascade (GO:0046328, 5.44E-03)
nuclear chromosome segregation (GO:0098813, 8.00E-03)
hepaticobiliary system development (GO:0061008, 8.00E-03)
mitotic sister chromatid segregation (GO:0000070, 8.74E-03)
regulation of response to oxidative stress (GO:1902882, 9.01E-03)
positive regulation of protein binding (GO:0032092, 9.07E-03)
maintenance of sister chromatid cohesion (GO:0034086, 9.26E-03)
maintenance of mitotic sister chromatid cohesion (GO:0034088, 9.26E-03)
chromosome segregation (GO:0007059, 9.26E-03)
positive regulation of cell size (GO:0045793, 9.26E-03)
focal adhesion assembly (GO:0048041, 9.58E-03)
RNA localization (GO:0006403, 9.79E-03)"
